date,value
1996-02-22,1.6257661364607383
1996-02-23,1.6319364444253066
1996-02-26,1.6312931315724073
1996-02-27,1.6355413102429883
1996-02-28,1.6359965666328984
1996-02-29,1.639575180156029
1996-03-01,1.6381339693424248
1996-03-04,1.6403942841060764
1996-03-05,1.6437299477445566
1996-03-06,1.6427738025180272
1996-03-07,1.6404409548177634
1996-03-08,1.6550763407434148
1996-03-11,1.653336132504528
1996-03-12,1.652597096024982
1996-03-13,1.6540387307983784
1996-03-14,1.6552497486337543
1996-03-15,1.6557354360196326
1996-03-18,1.6630318423535708
1996-03-19,1.663713350967283
1996-03-20,1.6638282018682733
1996-03-21,1.6610943362807198
1996-03-22,1.662240162642849
1996-03-25,1.6624795147905065
1996-03-26,1.6627926170755614
1996-03-27,1.6668291601902878
1996-03-28,1.668462977806763
1996-03-29,1.6618354271360358
1996-04-01,1.6705164590274544
1996-04-02,1.6724309560651214
1996-04-03,1.672189147992501
1996-04-04,1.6713651396918618
1996-04-08,1.6695059457898371
1996-04-09,1.677591343656578
1996-04-10,1.6922582893817573
1996-04-11,1.693084031955333
1996-04-12,1.6888256696275663
1996-04-15,1.6835377686401063
1996-04-16,1.6852531824369692
1996-04-17,1.6888256696275663
1996-04-18,1.692054963007649
1996-04-19,1.6912732482856752
1996-04-22,1.6900385094991084
1996-04-23,1.6914985772673414
1996-04-24,1.6931507837896482
1996-04-25,1.6965445608084415
1996-04-26,1.697758553798708
1996-04-29,1.6968019299087225
1996-04-30,1.7003992231893144
1996-05-01,1.6978219748077092
1996-05-02,1.6884703898330846
1996-05-03,1.688170014312626
1996-05-06,1.6876444215519233
1996-05-07,1.689504808206514
1996-05-08,1.6881057181914427
1996-05-09,1.68867706601076
1996-05-10,1.6951038288631204
1996-05-13,1.7046117548876922
1996-05-14,1.7152616247066823
1996-05-15,1.715676097030765
1996-05-16,1.7197065890646943
1996-05-17,1.7219573840551494
1996-05-20,1.7245619340306702
1996-05-21,1.7230654837299528
1996-05-22,1.725601763591721
1996-05-23,1.7225313263174755
1996-05-24,1.7181096709008532
1996-05-28,1.7116592057843143
1996-05-29,1.7181008983839858
1996-05-30,1.716797271027567
1996-05-31,1.716078991283593
1996-06-03,1.7144552551960393
1996-06-04,1.7129597548900746
1996-06-05,1.7108777793480436
1996-06-06,1.708734829436382
1996-06-07,1.7075427410010102
1996-06-10,1.7098505400605055
1996-06-11,1.7132399298374783
1996-06-12,1.7115880318241812
1996-06-13,1.710437057997752
1996-06-14,1.7133539542042553
1996-06-17,1.717666199222326
1996-06-18,1.7216847777762587
1996-06-19,1.7190088931094023
1996-06-20,1.7211957914867522
1996-06-21,1.7164427160664515
1996-06-24,1.719473365512355
1996-06-25,1.7172256730869735
1996-06-26,1.7163248061208585
1996-06-27,1.7194923804881916
1996-06-28,1.7215560875004832
1996-07-01,1.7231000039596076
1996-07-02,1.7235385281840043
1996-07-03,1.7217830945553931
1996-07-05,1.7295122968764012
1996-07-08,1.7430327724571173
1996-07-09,1.7556862467982717
1996-07-10,1.7557105582472403
1996-07-11,1.7701432177112413
1996-07-12,1.778546524717618
1996-07-15,1.8097774693934912
1996-07-16,1.8293525028998885
1996-07-17,1.8283204291398163
1996-07-18,1.832316106671985
1996-07-19,1.8339320314836796
1996-07-22,1.8352947856596933
1996-07-23,1.855723410971973
1996-07-24,1.866515245653491
1996-07-25,1.8662976373143805
1996-07-26,1.8674550235835288
1996-07-29,1.8658501046687608
1996-07-30,1.8677831422946725
1996-07-31,1.8728375307329543
1996-08-01,1.876983945363888
1996-08-02,1.8958544803117965
1996-08-05,1.9009629615436323
1996-08-06,1.9044357235804283
1996-08-07,1.9063737010638613
1996-08-08,1.9060817796555456
1996-08-09,1.9037287076798124
1996-08-12,1.9103519072530133
1996-08-13,1.9023809701072971
1996-08-14,1.9033942759879356
1996-08-15,1.9026695769257755
1996-08-16,1.900532897417406
1996-08-19,1.9048262793352075
1996-08-20,1.9045622284214168
1996-08-21,1.904980394432888
1996-08-22,1.9036953747833725
1996-08-23,1.8995814889988831
1996-08-26,1.90139062252638
1996-08-27,1.8970163801932631
1996-08-28,1.894143854893649
1996-08-29,1.8998391348219288
1996-08-30,1.9071354353367944
1996-09-03,1.9076620423520023
1996-09-04,1.9073648827259493
1996-09-05,1.9061015263234045
1996-09-06,1.9038971139814076
1996-09-09,1.9058384679333724
1996-09-10,1.9150608677722023
1996-09-11,1.9186113006605603
1996-09-12,1.918836651373688
1996-09-13,1.91888632976827
1996-09-16,1.9189733867619652
1996-09-17,1.9174690933346232
1996-09-18,1.9227511561528496
1996-09-19,1.925313098308141
1996-09-20,1.925693741566612
1996-09-23,1.922943375996588
1996-09-24,1.922395529517806
1996-09-25,1.9243378474227977
1996-09-26,1.924973570017203
1996-09-27,1.9240453956059893
1996-09-30,1.920039265864487
1996-10-01,1.9129015857210268
1996-10-02,1.9179978669304472
1996-10-03,1.916698871241342
1996-10-04,1.9201363498820463
1996-10-07,1.923107086489263
1996-10-08,1.918787765018303
1996-10-09,1.916883727137914
1996-10-10,1.914222816195663
1996-10-11,1.9118987918337789
1996-10-14,1.9057702030965924
1996-10-15,1.9020664099805653
1996-10-16,1.900370752819794
1996-10-17,1.8966186223228136
1996-10-18,1.891465507307458
1996-10-21,1.8979860012862095
1996-10-22,1.9003064607967
1996-10-23,1.9014934254982987
1996-10-24,1.904377748291343
1996-10-25,1.920148494901131
1996-10-28,1.922021364120248
1996-10-29,1.9215154169810755
1996-10-30,1.9229374492290987
1996-10-31,1.922004899625325
1996-11-01,1.918348696014272
1996-11-04,1.9320744644748264
1996-11-05,1.9300121473986775
1996-11-06,1.93209239595497
1996-11-07,1.9415163453962685
1996-11-08,1.944713732486487
1996-11-11,1.9457972848324985
1996-11-12,1.9437497588343
1996-11-13,1.9444699821931544
1996-11-14,1.9612047704001068
1996-11-15,1.9626497435171768
1996-11-18,1.960297951000053
1996-11-19,1.95706772033708
1996-11-20,1.957296032547508
1996-11-21,1.956677456093209
1996-11-22,1.957363986309658
1996-11-25,1.9642895616637184
1996-11-26,1.963223881836064
1996-11-27,1.9638018107924469
1996-11-29,1.9619149811053405
1996-12-02,1.963308255251208
1996-12-03,1.9603874091211373
1996-12-04,1.9595424720290189
1996-12-05,1.959701463534553
1996-12-06,1.9609875629311635
1996-12-09,1.9629398261568785
1996-12-10,1.962352872263603
1996-12-11,1.9616936321716616
1996-12-12,1.967412517500612
1996-12-13,1.9732631125748863
1996-12-16,1.983927297701912
1996-12-17,1.9855434197440405
1996-12-18,1.9896868061522277
1996-12-19,1.9956613314732257
1996-12-20,1.99668760879664
1996-12-23,1.997177274481348
1996-12-24,1.9971364971939984
1996-12-26,1.9996695168134824
1996-12-27,1.999752105391557
1996-12-30,1.9984709930803684
1996-12-31,1.998879984121748
1997-01-02,2.0065503370231346
1997-01-03,2.008153623254992
1997-01-06,2.006864394646066
1997-01-07,2.010266223446471
1997-01-08,2.007972942400061
1997-01-09,2.009421007392084
1997-01-10,2.007027400495009
1997-01-13,2.006879540170006
1997-01-14,2.015621987513339
1997-01-15,2.0145557909703875
1997-01-16,2.0143547499564973
1997-01-17,2.0071015573028803
1997-01-20,2.001981517673812
1997-01-21,2.006315478297595
1997-01-22,2.0080547793532286
1997-01-23,2.0085066015999007
1997-01-24,2.012298014826792
1997-01-27,2.0172251792441096
1997-01-28,2.0220752521561645
1997-01-29,2.022694009233678
1997-01-30,2.030045661494369
1997-01-31,2.0323324838540446
1997-02-03,2.033209111494404
1997-02-04,2.0339483771446254
1997-02-05,2.036875100625834
1997-02-06,2.035325594880554
1997-02-07,2.030430647077208
1997-02-10,2.023157892012032
1997-02-11,2.020244297527238
1997-02-12,2.0163974322685307
1997-02-13,2.0294029269335985
1997-02-14,2.0279182727668723
1997-02-18,2.031319877182536
1997-02-19,2.0301763702050235
1997-02-20,2.036737186462298
1997-02-21,2.03960178520958
1997-02-24,2.0385668570606894
1997-02-25,2.0377828504185613
1997-02-26,2.0380216785483807
1997-02-27,2.048880051269016
1997-02-28,2.053849177283181
1997-03-03,2.051891791207085
1997-03-04,2.051638544718402
1997-03-05,2.052435740961702
1997-03-06,2.052066024585759
1997-03-07,2.0513519571368746
1997-03-10,2.0659024526602265
1997-03-11,2.066036113616735
1997-03-12,2.068469890648016
1997-03-13,2.0793001794905277
1997-03-14,2.0816785092309447
1997-03-17,2.0857418595196533
1997-03-18,2.086299501524357
1997-03-19,2.1044443019290755
1997-03-20,2.1101880151353254
1997-03-21,2.1138093446478106
1997-03-24,2.11225610207137
1997-03-25,2.1111716778828784
1997-03-26,2.1111314482306844
1997-03-27,2.1157461811522973
1997-03-31,2.144021966067428
1997-04-01,2.171377931051758
1997-04-02,2.183128268891303
1997-04-03,2.1808152419101283
1997-04-04,2.1754969547631533
1997-04-07,2.1788625438955607
1997-04-08,2.182614727794687
1997-04-09,2.18397874482146
1997-04-10,2.184054011530885
1997-04-11,2.199373531753364
1997-04-14,2.20358462846307
1997-04-15,2.2075340794727167
1997-04-16,2.2140126979806403
1997-04-17,2.2115532699539955
1997-04-18,2.20914690497806
1997-04-21,2.226009098173797
1997-04-22,2.2270726453369343
1997-04-23,2.230051896875297
1997-04-24,2.229349814564313
1997-04-25,2.233902549265512
1997-04-28,2.2344720826659854
1997-04-29,2.2339613438680868
1997-04-30,2.2540657409834512
1997-05-01,2.2602864974988948
1997-05-02,2.279296854442375
1997-05-05,2.3055802251646185
1997-05-06,2.3171255006535603
1997-05-07,2.317795244830929
1997-05-08,2.3159069550658904
1997-05-09,2.3132806891108157
1997-05-12,2.2953751682361583
1997-05-13,2.290710351414725
1997-05-14,2.287915884745824
1997-05-15,2.2836729654191994
1997-05-16,2.3007844534898125
1997-05-19,2.300160572507583
1997-05-20,2.30021787566203
1997-05-21,2.3006924456574147
1997-05-22,2.298109516270509
1997-05-23,2.304456782473079
1997-05-27,2.3072989357338693
1997-05-28,2.3067025721538634
1997-05-29,2.303666071546965
1997-05-30,2.303384361666528
1997-06-02,2.304169047867929
1997-06-03,2.3052204353171657
1997-06-04,2.305232503372806
1997-06-05,2.3065817265459887
1997-06-06,2.3087017526520173
1997-06-09,2.3157400038657934
1997-06-10,2.318245754178194
1997-06-11,2.3188637864346715
1997-06-12,2.324658589391079
1997-06-13,2.3329546803850985
1997-06-16,2.3353729759428146
1997-06-17,2.34360825296216
1997-06-18,2.3430659072483504
1997-06-19,2.342261636640927
1997-06-20,2.3397061984848047
1997-06-23,2.3419307687670043
1997-06-24,2.336919864728907
1997-06-25,2.3326409967933355
1997-06-26,2.3454880266502207
1997-06-27,2.344188739585192
1997-06-30,2.34530988996834
1997-07-01,2.342616660840572
1997-07-02,2.364352605266211
1997-07-03,2.3728967745869736
1997-07-07,2.37615702369412
1997-07-08,2.380440809617862
1997-07-09,2.372131098175088
1997-07-10,2.378257095693193
1997-07-11,2.377798434444665
1997-07-14,2.377566180111809
1997-07-15,2.382593329181436
1997-07-16,2.383540368492204
1997-07-17,2.3711541842042183
1997-07-18,2.36954642882485
1997-07-21,2.384046903346852
1997-07-22,2.38684815295596
1997-07-23,2.3919183370124544
1997-07-24,2.392922079460434
1997-07-25,2.3926365189705314
1997-07-28,2.38876555978611
1997-07-29,2.3818639625577447
1997-07-30,2.376148259989454
1997-07-31,2.3728210288929263
1997-08-01,2.3891927194569345
1997-08-04,2.3915471819797034
1997-08-05,2.3908766586022185
1997-08-06,2.3983331432112966
1997-08-07,2.398832397565766
1997-08-08,2.405168377524342
1997-08-11,2.418214142184816
1997-08-12,2.4260472930891117
1997-08-13,2.430325290393189
1997-08-14,2.426466976067857
1997-08-15,2.4417071418191374
1997-08-18,2.4439374364600783
1997-08-19,2.444474142268334
1997-08-20,2.463178130385251
1997-08-21,2.462169323424131
1997-08-22,2.4578675551756444
1997-08-25,2.4551957822534303
1997-08-26,2.451316027492213
1997-08-27,2.447758418668071
1997-08-28,2.460073931971759
1997-08-29,2.465431768172932
1997-09-02,2.4747040288442834
1997-09-03,2.47453289384211
1997-09-04,2.480840325130925
1997-09-05,2.480842389275435
1997-09-08,2.478910837702457
1997-09-09,2.4724018598131763
1997-09-10,2.4646061769062206
1997-09-11,2.456346960701851
1997-09-12,2.4549593972006014
1997-09-15,2.451123392054672
1997-09-16,2.4506676928219044
1997-09-17,2.4457035650554824
1997-09-18,2.440499027982999
1997-09-19,2.4335762508927274
1997-09-22,2.423780929843008
1997-09-23,2.41561112750214
1997-09-24,2.404693125716692
1997-09-25,2.401661551337349
1997-09-26,2.3921799693709285
1997-09-29,2.386862550233968
1997-09-30,2.3835115576110826
1997-10-01,2.386686524588681
1997-10-02,2.3845199239466712
1997-10-03,2.382268288485436
1997-10-06,2.3800122633386747
1997-10-07,2.381255961021928
1997-10-08,2.374366764246819
1997-10-09,2.37036908269937
1997-10-10,2.363268132630903
1997-10-13,2.353267284963566
1997-10-14,2.346876418391818
1997-10-15,2.339310241612534
1997-10-16,2.3401926379882045
1997-10-17,2.353121944186406
1997-10-20,2.3650882179508006
1997-10-21,2.3702604885118306
1997-10-22,2.3726875862092744
1997-10-23,2.374065960341317
1997-10-24,2.387473249907127
1997-10-27,2.5622513577597474
1997-10-28,2.5698264971446765
1997-10-29,2.5641764051657563
1997-10-30,2.5596173208481
1997-10-31,2.567436117396859
1997-11-03,2.580626187982204
1997-11-04,2.5861788757896864
1997-11-05,2.5917296011273754
1997-11-06,2.591714173298975
1997-11-07,2.598124684717339
1997-11-10,2.598976042908127
1997-11-11,2.5982818779755785
1997-11-12,2.612347587658705
1997-11-13,2.6081082979889
1997-11-14,2.604080210375296
1997-11-17,2.611279970879221
1997-11-18,2.607962638954457
1997-11-19,2.6063979726720974
1997-11-20,2.602891211061895
1997-11-21,2.597910878252548
1997-11-24,2.5928794422393286
1997-11-25,2.5903379023155395
1997-11-26,2.594096878316091
1997-11-28,2.5918016656965177
1997-12-01,2.584958915258692
1997-12-02,2.594707678112336
1997-12-03,2.5940426780560437
1997-12-04,2.5927559129632027
1997-12-05,2.593418304272858
1997-12-08,2.591898477120247
1997-12-09,2.589519914804544
1997-12-10,2.5910265094430125
1997-12-11,2.596500925230393
1997-12-12,2.6110703912446374
1997-12-15,2.608015799511806
1997-12-16,2.604155019207429
1997-12-17,2.625397201449255
1997-12-18,2.6274907491309816
1997-12-19,2.6349166032398887
1997-12-22,2.633029863394243
1997-12-23,2.634396795725728
1997-12-24,2.6385016381281057
1997-12-26,2.632834097727882
1997-12-29,2.628965255582173
1997-12-30,2.640788589753078
1997-12-31,2.652291833621491
1998-01-02,2.6582060573649247
1998-01-05,2.660182302094941
1998-01-06,2.659722465450364
1998-01-07,2.663890859077685
1998-01-08,2.669736444709262
1998-01-09,2.704307342223701
1998-01-12,2.711518929938994
1998-01-13,2.701305713468068
1998-01-14,2.6921625453829026
1998-01-15,2.69022915421697
1998-01-16,2.6865550550413544
1998-01-20,2.691231955965385
1998-01-21,2.685876054707469
1998-01-22,2.68136496263793
1998-01-23,2.6742601741489898
1998-01-26,2.6776329900462903
1998-01-27,2.675096672742064
1998-01-28,2.677369585618194
1998-01-29,2.6895470013784126
1998-01-30,2.691066446573247
1998-02-02,2.6997893067189964
1998-02-03,2.702381746594821
1998-02-04,2.6993524498688592
1998-02-05,2.6989192620646976
1998-02-06,2.6934160859899587
1998-02-09,2.6830961284828505
1998-02-10,2.677511089715645
1998-02-11,2.67266579565927
1998-02-12,2.672706913041184
1998-02-13,2.6711159140005445
1998-02-17,2.6732269281028778
1998-02-18,2.673896409740109
1998-02-19,2.6729186555505
1998-02-20,2.667048076144828
1998-02-23,2.657502256062872
1998-02-24,2.652626791304286
1998-02-25,2.659341020138424
1998-02-26,2.656539043589715
1998-02-27,2.6541292113429287
1998-03-02,2.6446260523144325
1998-03-03,2.632280018490936
1998-03-04,2.619790342438439
1998-03-05,2.611124220636955
1998-03-06,2.6017375725282705
1998-03-09,2.5904362688610867
1998-03-10,2.58426074249609
1998-03-11,2.5838995573812147
1998-03-12,2.583078086773342
1998-03-13,2.578850241770009
1998-03-16,2.579755033263288
1998-03-17,2.577256626933453
1998-03-18,2.581437186404425
1998-03-19,2.578413785246372
1998-03-20,2.5760106561977683
1998-03-23,2.5682015201707435
1998-03-24,2.609272262713336
1998-03-25,2.609735398749696
1998-03-26,2.604685184009265
1998-03-27,2.602494257122357
1998-03-30,2.6019744554917
1998-03-31,2.59594719031959
1998-04-01,2.593661608459545
1998-04-02,2.5896826034911
1998-04-03,2.5854308156096217
1998-04-06,2.57934360167581
1998-04-07,2.5841947541428887
1998-04-08,2.5835587158568445
1998-04-09,2.580541247703287
1998-04-13,2.6000315223336314
1998-04-14,2.5939633260923243
1998-04-15,2.596599500952655
1998-04-16,2.596138515262161
1998-04-17,2.5965378439997533
1998-04-20,2.594390957608551
1998-04-21,2.5840663097995047
1998-04-22,2.5825744102423727
1998-04-23,2.5768401978175186
1998-04-24,2.5729387870145946
1998-04-27,2.596023377021956
1998-04-28,2.596305594268145
1998-04-29,2.5901237341791354
1998-04-30,2.585237799629596
1998-05-01,2.5868824154243826
1998-05-04,2.5873845380657574
1998-05-05,2.584379058833437
1998-05-06,2.5871437143098355
1998-05-07,2.5894186422956764
1998-05-08,2.5815947533362458
1998-05-11,2.5998111337054834
1998-05-12,2.599413816129363
1998-05-13,2.6008844252105243
1998-05-14,2.602579499419171
1998-05-15,2.599496973131957
1998-05-18,2.5980573165917087
1998-05-19,2.5949924741573627
1998-05-20,2.5917901715223453
1998-05-21,2.5867165464759387
1998-05-22,2.5904272177827137
1998-05-26,2.5957263563719786
1998-05-27,2.5999878998078008
1998-05-28,2.603922583007847
1998-05-29,2.607679056391844
1998-06-01,2.608523895904725
1998-06-02,2.606392491359142
1998-06-03,2.6153133434682987
1998-06-04,2.615760145962697
1998-06-05,2.622418000991916
1998-06-08,2.627295802530653
1998-06-09,2.628098123044936
1998-06-10,2.63866837769105
1998-06-11,2.64616377283049
1998-06-12,2.652168553651638
1998-06-15,2.6707360491310435
1998-06-16,2.6696087599868226
1998-06-17,2.665546661476371
1998-06-18,2.658924653301173
1998-06-19,2.6523744505629447
1998-06-22,2.6671441207082918
1998-06-23,2.679184225788139
1998-06-24,2.6845418080266685
1998-06-25,2.6856827703711583
1998-06-26,2.685969648395272
1998-06-29,2.6849508318849646
1998-06-30,2.684531569637584
1998-07-01,2.688188717594997
1998-07-02,2.6896038238277917
1998-07-06,2.691968840506161
1998-07-07,2.6884170877204903
1998-07-08,2.6855468179346467
1998-07-09,2.679888179142849
1998-07-10,2.6688483652190613
1998-07-13,2.659537114381623
1998-07-14,2.648728023858937
1998-07-15,2.637882595992817
1998-07-16,2.629377375819503
1998-07-17,2.6207573593064475
1998-07-20,2.609770587471968
1998-07-21,2.604028546858066
1998-07-22,2.606895717368762
1998-07-23,2.6302961949296613
1998-07-24,2.6374345443625336
1998-07-27,2.636109997718311
1998-07-28,2.639174405912884
1998-07-29,2.6393992220542337
1998-07-30,2.6335652187888425
1998-07-31,2.6271506534931635
1998-08-03,2.641048479770919
1998-08-04,2.7149211990242064
1998-08-05,2.7342015892362803
1998-08-06,2.733162129129621
1998-08-07,2.734605943228802
1998-08-10,2.740730616189723
1998-08-11,2.745858053097738
1998-08-12,2.7435600813556293
1998-08-13,2.7426633424297955
1998-08-14,2.7403972422127856
1998-08-17,2.7317859018475263
1998-08-18,2.7334186333283426
1998-08-19,2.727559006920025
1998-08-20,2.7210355807736986
1998-08-21,2.721363898165149
1998-08-24,2.7174122044189906
1998-08-25,2.7085653197181667
1998-08-26,2.707764369233939
1998-08-27,2.745613776266291
1998-08-28,2.7854022531250098
1998-08-31,2.93855727943949
1998-09-01,2.9511327899512136
1998-09-02,2.9591214345837926
1998-09-03,2.952846124907589
1998-09-04,2.9465539933441165
1998-09-08,2.947721202492992
1998-09-09,2.9415380190835414
1998-09-10,2.94085985389542
1998-09-11,2.934600473919336
1998-09-14,2.937378507598696
1998-09-15,2.9450446689318075
1998-09-16,2.946692298921405
1998-09-17,2.9421517610927133
1998-09-18,2.946150629217162
1998-09-21,2.9446461943374853
1998-09-22,2.938757577158653
1998-09-23,2.956083676235369
1998-09-24,2.949288805572444
1998-09-25,2.938639497587457
1998-09-28,2.9306809554753874
1998-09-29,2.9203215646638725
1998-09-30,2.9232014856400665
1998-10-01,2.945095323265245
1998-10-02,2.953278352334189
1998-10-05,2.9681909267855926
1998-10-06,2.976087644020723
1998-10-07,2.9916305072703
1998-10-08,3.020965399391973
1998-10-09,3.0190811145407084
1998-10-12,3.028431424326171
1998-10-13,3.0250012679155
1998-10-14,3.024245815558767
1998-10-15,3.0464163351818487
1998-10-16,3.067830075689105
1998-10-19,3.0857926672783704
1998-10-20,3.0787559690768003
1998-10-21,3.072426039461651
1998-10-22,3.070274173094729
1998-10-23,3.0675297212411827
1998-10-26,3.06639783462695
1998-10-27,3.060535753644212
1998-10-28,3.0554676512815857
1998-10-29,3.067154731940037
1998-10-30,3.066913401457779
1998-11-02,3.070250923160842
1998-11-03,3.1058704801952337
1998-11-04,3.1119415245791355
1998-11-05,3.116310917210543
1998-11-06,3.118075701768234
1998-11-09,3.1148588530909973
1998-11-10,3.1095177064299664
1998-11-11,3.1028834257601474
1998-11-12,3.0941322849807857
1998-11-13,3.0865600548703376
1998-11-16,3.0793322267303616
1998-11-17,3.1034061186076163
1998-11-18,3.104013315642192
1998-11-19,3.103741192298783
1998-11-20,3.1052929341977547
1998-11-23,3.118379595389154
1998-11-24,3.133358008324067
1998-11-25,3.129724008755516
1998-11-27,3.126706442813991
1998-11-30,3.1245437040260606
1998-12-01,3.1163184951227723
1998-12-02,3.1135839112248958
1998-12-03,3.110472873140869
1998-12-04,3.1069767038539986
1998-12-07,3.108531371162735
1998-12-08,3.116558398606625
1998-12-09,3.116659573700228
1998-12-10,3.1159800022642026
1998-12-11,3.1134641444457465
1998-12-14,3.1461690541403007
1998-12-15,3.1415972490997164
1998-12-16,3.14503712877677
1998-12-17,3.143341349453804
1998-12-18,3.144951711099104
1998-12-21,3.168866679205348
1998-12-22,3.170373947543997
1998-12-23,3.1803460913990915
1998-12-24,3.176756636461358
1998-12-28,3.169885712795724
1998-12-29,3.169877408780146
1998-12-30,3.163847610684203
1998-12-31,3.1605493493769545
1999-01-04,3.149730237795482
1999-01-05,3.1444724565725006
1999-01-06,3.165658339929662
1999-01-07,3.1835102485436138
1999-01-08,3.203731660840756
1999-01-11,3.2056745252932437
1999-01-12,3.208734023832411
1999-01-13,3.2115633350881096
1999-01-14,3.222701000043447
1999-01-15,3.212125726695044
1999-01-19,3.2357223837513702
1999-01-20,3.236527153476185
1999-01-21,3.230380876344211
1999-01-22,3.226491830216971
1999-01-25,3.226434821038757
1999-01-26,3.248833154454041
1999-01-27,3.2496227707967327
1999-01-28,3.255813373545968
1999-01-29,3.260012007659202
1999-02-01,3.2669138058952245
1999-02-02,3.2669258319601524
1999-02-03,3.263270575278386
1999-02-04,3.250198171227932
1999-02-05,3.2587468975173723
1999-02-08,3.2541507645235246
1999-02-09,3.2494724835492588
1999-02-10,3.243707684854281
1999-02-11,3.2374668774577544
1999-02-12,3.232008286855165
1999-02-16,3.2268154667174915
1999-02-17,3.2348977565634134
1999-02-18,3.234852317416847
1999-02-19,3.23260500455097
1999-02-22,3.2309928785459743
1999-02-23,3.227818730193677
1999-02-24,3.2165422215968635
1999-02-25,3.20664545879796
1999-02-26,3.200073016700073
1999-03-01,3.1918274063650776
1999-03-02,3.189771043654806
1999-03-03,3.1861630375842145
1999-03-04,3.177651788317607
1999-03-05,3.17691949805556
1999-03-08,3.195354352193806
1999-03-09,3.2024118303318154
1999-03-10,3.203034892477633
1999-03-11,3.1996421080523985
1999-03-12,3.1961322791563043
1999-03-15,3.187591782615271
1999-03-16,3.1765266355274484
1999-03-17,3.176406685913242
1999-03-18,3.172584143961889
1999-03-19,3.167655778834744
1999-03-22,3.162177257753834
1999-03-23,3.179795938289624
1999-03-24,3.174522168739329
1999-03-25,3.1670530183921826
1999-03-26,3.158593558031153
1999-03-29,3.1619390168975983
1999-03-30,3.1519717229689967
1999-03-31,3.139255206374559
1999-04-01,3.1287876271826387
1999-04-05,3.1260785072709574
1999-04-06,3.117237511799128
1999-04-07,3.1168996002791887
1999-04-08,3.116293698193073
1999-04-09,3.1110088031159777
1999-04-12,3.110227515333324
1999-04-13,3.1072389028797742
1999-04-14,3.107439483986688
1999-04-15,3.104735715646943
1999-04-16,3.1022216409821253
1999-04-19,3.118159976395345
1999-04-20,3.1094878831171022
1999-04-21,3.105592669537835
1999-04-22,3.125022511399293
1999-04-23,3.1304790356970176
1999-04-26,3.134608389141982
1999-04-27,3.1316793360115214
1999-04-28,3.125274519111052
1999-04-29,3.11731455131639
1999-04-30,3.104895976282769
1999-05-03,3.0949605796750017
1999-05-04,3.0840048105947937
1999-05-05,3.0721569220218443
1999-05-06,3.0655890184088714
1999-05-07,3.05698908245471
1999-05-10,3.0454940287439043
1999-05-11,3.044430694698439
1999-05-12,3.0404984376980027
1999-05-13,3.031427976286976
1999-05-14,3.0258856366007287
1999-05-17,3.016974302468687
1999-05-18,3.0097283394973524
1999-05-19,3.0006705477246904
1999-05-20,2.990549079953306
1999-05-21,2.981471138240191
1999-05-24,2.97970445401526
1999-05-25,2.993490049030733
1999-05-26,2.989098353769155
1999-05-27,2.9898286563062717
1999-05-28,2.981193346668355
1999-06-01,2.969469349070467
1999-06-02,2.959077012823085
1999-06-03,2.948347556526098
1999-06-04,2.9493105934667487
1999-06-07,2.9522400105780986
1999-06-08,2.9508428608628505
1999-06-09,2.9511429691114954
1999-06-10,2.945028298195731
1999-06-11,2.9452652900094614
1999-06-14,2.9361874762899154
1999-06-15,2.9250891316437917
1999-06-16,2.9222063212263087
1999-06-17,2.91886724903349
1999-06-18,2.918766822482348
1999-06-21,2.916100342546437
1999-06-22,2.9090113732132354
1999-06-23,2.902528354828965
1999-06-24,2.8965705994784234
1999-06-25,2.8896931656181764
1999-06-28,2.8817241583738857
1999-06-29,2.877458658484629
1999-06-30,2.8710329616287646
1999-07-01,2.871627997578876
1999-07-02,2.867784077473398
1999-07-06,2.886191409897176
1999-07-07,2.8861649592530974
1999-07-08,2.885051488599645
1999-07-09,2.8848475734709376
1999-07-12,2.878551615762442
1999-07-13,2.870953153894304
1999-07-14,2.874909215721202
1999-07-15,2.873382058390993
1999-07-16,2.8765917277955286
1999-07-19,2.875818799837398
1999-07-20,2.877675535697332
1999-07-21,2.876379665124059
1999-07-22,2.8678710149109583
1999-07-23,2.8662311617790337
1999-07-26,2.8674166388092117
1999-07-27,2.868127631054328
1999-07-28,2.862343427150305
1999-07-29,2.85895794006538
1999-07-30,2.85219680475031
1999-08-02,2.8389921694155884
1999-08-03,2.8285096071208216
1999-08-04,2.8254179091687663
1999-08-05,2.816011768201364
1999-08-06,2.806644477572521
1999-08-09,2.803295227775089
1999-08-10,2.795865713986701
1999-08-11,2.806734622188683
1999-08-12,2.805123483856652
1999-08-13,2.799228821750189
1999-08-16,2.804243539446551
1999-08-17,2.8053834635126487
1999-08-18,2.796439193457001
1999-08-19,2.7857202577599907
1999-08-20,2.78045119480029
1999-08-23,2.7794837379318365
1999-08-24,2.7804423637741005
1999-08-25,2.782470584862764
1999-08-26,2.7778035967350485
1999-08-27,2.770641843285982
1999-08-30,2.7713698841345398
1999-08-31,2.7698846984488674
1999-09-01,2.779284348765568
1999-09-02,2.7934912238934646
1999-09-03,2.7912887200850287
1999-09-07,2.7923863948310204
1999-09-08,2.790643124285296
1999-09-09,2.7946231824740746
1999-09-10,2.7877007737474577
1999-09-13,2.7847598193963576
1999-09-14,2.778792307170489
1999-09-15,2.773735373391486
1999-09-16,2.7795147520509724
1999-09-17,2.7782251299196576
1999-09-20,2.773753915273956
1999-09-21,2.774267420995506
1999-09-22,2.7716958754800154
1999-09-23,2.7733992171188038
1999-09-24,2.774693040367793
1999-09-27,2.7712325228735724
1999-09-28,2.7655993356653004
1999-09-29,2.761385246704804
1999-09-30,2.755374021441068
1999-10-01,2.7489870128894047
1999-10-04,2.7442254110394617
1999-10-05,2.738027051513551
1999-10-06,2.738923016091328
1999-10-07,2.734020303446038
1999-10-08,2.7337498198931
1999-10-11,2.73152039128303
1999-10-12,2.725462760055974
1999-10-13,2.7323638423697285
1999-10-14,2.74038562189913
1999-10-15,2.7558972892921534
1999-10-18,2.7626512410516275
1999-10-19,2.7561436805281323
1999-10-20,2.756293178933612
1999-10-21,2.7483541198052803
1999-10-22,2.7435691091742687
1999-10-25,2.738505584191128
1999-10-26,2.7325407966044697
1999-10-27,2.7214882546534755
1999-10-28,2.708518491273588
1999-10-29,2.709894338641245
1999-11-01,2.714196448163305
1999-11-02,2.7135051995359887
1999-11-03,2.712422024954483
1999-11-04,2.710148585267309
1999-11-05,2.708513503505787
1999-11-08,2.7093934259200885
1999-11-09,2.708938155672941
1999-11-10,2.706774090163864
1999-11-11,2.708184130674725
1999-11-12,2.7098235924771035
1999-11-15,2.7121774463742594
1999-11-16,2.7157038486159637
1999-11-17,2.7208630348787515
1999-11-18,2.724836206323152
1999-11-19,2.7280978704830483
1999-11-22,2.7283650138143583
1999-11-23,2.734641281467457
1999-11-24,2.734920254172087
1999-11-26,2.73576128832384
1999-11-29,2.73383175885
1999-11-30,2.7267229990444606
1999-12-01,2.717355741164119
1999-12-02,2.710233607817644
1999-12-03,2.712435526223185
1999-12-06,2.7087271598301874
1999-12-07,2.7052759821843795
1999-12-08,2.7073059533549
1999-12-09,2.7027430907866887
1999-12-10,2.705483044992848
1999-12-13,2.707750375626425
1999-12-14,2.707338444474755
1999-12-15,2.706799117867392
1999-12-16,2.7054621181508685
1999-12-17,2.6997058754139664
1999-12-20,2.697646674712129
1999-12-21,2.6960720282688406
1999-12-22,2.6873009743934486
1999-12-23,2.6909048249914105
1999-12-27,2.6929462884301003
1999-12-28,2.6893648825700303
1999-12-29,2.682675067652334
1999-12-30,2.668650522142154
1999-12-31,2.6800570509219392
2000-01-03,2.6823390622309558
2000-01-04,2.697117095146756
2000-01-05,2.705438998606287
2000-01-06,2.7143868364616046
2000-01-07,2.718070947719246
2000-01-10,2.737717038075716
2000-01-11,2.7337302361272164
2000-01-12,2.7289814622280826
2000-01-13,2.7243420039390256
2000-01-14,2.7170512573139107
2000-01-18,2.712988768546862
2000-01-19,2.7088843666997
2000-01-20,2.711123150732624
2000-01-21,2.7091561722532638
2000-01-24,2.709043209136684
2000-01-25,2.708724458246955
2000-01-26,2.706951205860064
2000-01-27,2.7026400702868245
2000-01-28,2.707301479709701
2000-01-31,2.704121297768922
2000-02-01,2.7055461433333354
2000-02-02,2.7072491283718354
2000-02-03,2.735067178924865
2000-02-04,2.7468405804527807
2000-02-07,2.7544047176376187
2000-02-08,2.760240681782851
2000-02-09,2.760905671611232
2000-02-10,2.759974732201519
2000-02-11,2.7587508669325653
2000-02-14,2.75260657494007
2000-02-15,2.747618993627215
2000-02-16,2.7414969669463267
2000-02-17,2.734453650024113
2000-02-18,2.754295570236865
2000-02-22,2.7570557023791493
2000-02-23,2.7581657528743526
2000-02-24,2.77171717698205
2000-02-25,2.781000347017189
2000-02-28,2.781793758577839
2000-02-29,2.782136466428746
2000-03-01,2.790408712684927
2000-03-02,2.7930565313979825
2000-03-03,2.805321894657484
2000-03-06,2.804786318681222
2000-03-07,2.808562598276632
2000-03-08,2.805320913977295
2000-03-09,2.8002001945415897
2000-03-10,2.795747425946035
2000-03-13,2.7900548138475023
2000-03-14,2.798237231038549
2000-03-15,2.807385520537669
2000-03-16,2.825430905630038
2000-03-17,2.826544616537502
2000-03-20,2.823785376295458
2000-03-21,2.8251791673813424
2000-03-22,2.8203341454006923
2000-03-23,2.8183056676917406
2000-03-24,2.8150393054590777
2000-03-27,2.8123456683730867
2000-03-28,2.8036732520571284
2000-03-29,2.8077312472588885
2000-03-30,2.817443240225604
2000-03-31,2.81635291510239
2000-04-03,2.8262510188744345
2000-04-04,2.8337860024900667
2000-04-05,2.838580687138425
2000-04-06,2.838625559869112
2000-04-07,2.84721704697988
2000-04-10,2.8431901569867293
2000-04-11,2.8443820495098517
2000-04-12,2.867359857955608
2000-04-13,2.889580671781241
2000-04-14,2.952638545503884
2000-04-17,2.960182029561905
2000-04-18,2.9633008925846056
2000-04-19,2.960568650564122
2000-04-20,2.954291040049628
2000-04-24,2.947319733439876
2000-04-25,2.995509371380925
2000-04-26,2.997015356854797
2000-04-27,2.9964337406300263
2000-04-28,3.001170678808148
2000-05-01,3.005215088961523
2000-05-02,2.995079965215455
2000-05-03,3.010579028849143
2000-05-04,3.0121639319344973
2000-05-05,3.0035311201372417
2000-05-08,2.99535196622693
2000-05-09,2.9900009757151573
2000-05-10,2.994982334496631
2000-05-11,2.9895740803943545
2000-05-12,2.982443508716845
2000-05-15,2.98142100167418
2000-05-16,2.9849946606043605
2000-05-17,2.9810159767856685
2000-05-18,2.976897403340468
2000-05-19,2.9712934710096763
2000-05-22,2.966273768292768
2000-05-23,2.9992018665087974
2000-05-24,2.997949033439038
2000-05-25,3.002114339367295
2000-05-26,3.0017619830522357
2000-05-30,3.0062841764866133
2000-05-31,3.008579221887488
2000-06-01,3.0182207557416243
2000-06-02,3.0201619203026664
2000-06-05,3.020818454164741
2000-06-06,3.015817930702
2000-06-07,3.012962582490774
2000-06-08,3.0096698229710723
2000-06-09,3.0041023412364565
2000-06-12,2.9999120463444866
2000-06-13,2.995959207946185
2000-06-14,2.987963118655297
2000-06-15,2.9806878797705143
2000-06-16,2.9722304772953776
2000-06-19,2.989050338162629
2000-06-20,2.9894816858934825
2000-06-21,2.986977581016008
2000-06-22,2.9885102343901844
2000-06-23,2.988721915786717
2000-06-26,2.9858133563209104
2000-06-27,2.980476393345016
2000-06-28,2.987412269417101
2000-06-29,2.987481235628261
2000-06-30,2.982647861088029
2000-07-03,2.978550404580872
2000-07-05,2.96937205505481
2000-07-06,2.96156652783149
2000-07-07,2.9499567410651766
2000-07-10,2.9393519106236763
2000-07-11,2.9264352210368902
2000-07-12,2.905756198422639
2000-07-13,2.911039523950857
2000-07-14,2.917107379966048
2000-07-17,2.9163730702203767
2000-07-18,2.915850130099469
2000-07-19,2.9159590127240933
2000-07-20,2.9116076678130227
2000-07-21,2.907038096155144
2000-07-24,2.903924140309432
2000-07-25,2.903323936481212
2000-07-26,2.901395604964633
2000-07-27,2.9014492156106004
2000-07-28,2.901730345434696
2000-07-31,2.8981365506919645
2000-08-01,2.897719823432608
2000-08-02,2.896340716200204
2000-08-03,2.901699963434526
2000-08-04,2.902060963805793
2000-08-07,2.9015007579463634
2000-08-08,2.905690458097114
2000-08-09,2.9067532236418288
2000-08-10,2.9000169465195875
2000-08-11,2.907408599631537
2000-08-14,2.907060117102967
2000-08-15,2.9083819623737006
2000-08-16,2.90405546529962
2000-08-17,2.891812709411216
2000-08-18,2.88458563818807
2000-08-21,2.911181076901927
2000-08-22,2.9132582779163063
2000-08-23,2.9116310657993303
2000-08-24,2.904762672985917
2000-08-25,2.9082783816937856
2000-08-28,2.9099686314027884
2000-08-29,2.9139157482698432
2000-08-30,2.9099800572167838
2000-08-31,2.904351027900658
2000-09-01,2.9030570054770384
2000-09-05,2.898830236134707
2000-09-06,2.899542115848201
2000-09-07,2.919472284819149
2000-09-08,2.92211083988815
2000-09-11,2.921934987654181
2000-09-12,2.9210696736190247
2000-09-13,2.917705921745556
2000-09-14,2.9085960625239813
2000-09-15,2.9006210180436978
2000-09-18,2.904985864099854
2000-09-19,2.925309340721188
2000-09-20,2.9245942712216624
2000-09-21,2.9236629129825618
2000-09-22,2.9140668878892173
2000-09-25,2.899681897206488
2000-09-26,2.8926463502629
2000-09-27,2.8858967230017383
2000-09-28,2.8884556265550225
2000-09-29,2.884365653124289
2000-10-02,2.8778123358489878
2000-10-03,2.870170539952444
2000-10-04,2.8612979580926363
2000-10-05,2.8485408530866505
2000-10-06,2.8386623319365336
2000-10-09,2.832193808762512
2000-10-10,2.828870724043988
2000-10-11,2.82915421294114
2000-10-12,2.836848313079254
2000-10-13,2.832589693252588
2000-10-16,2.8322913236049057
2000-10-17,2.832162398596982
2000-10-18,2.830565998526752
2000-10-19,2.822685091967957
2000-10-20,2.8249430002641245
2000-10-23,2.82458138295992
2000-10-24,2.821204828402716
2000-10-25,2.809551184876623
2000-10-26,2.797797807857203
2000-10-27,2.7816411545427977
2000-10-30,2.7813991242456706
2000-10-31,2.78006888239064
2000-11-01,2.771541079128616
2000-11-02,2.763147653518115
2000-11-03,2.753537323333393
2000-11-06,2.7448883407760327
2000-11-07,2.736462870664987
2000-11-08,2.6900630859761803
2000-11-09,2.6825502035224056
2000-11-10,2.6816301916708225
2000-11-13,2.682565313891631
2000-11-14,2.674148800970067
2000-11-15,2.666423306333582
2000-11-16,2.6561592411916304
2000-11-17,2.6463845170224545
2000-11-20,2.6285567554133555
2000-11-21,2.6176128335900377
2000-11-22,2.6092496329801578
2000-11-24,2.605861041616837
2000-11-27,2.6034079817093625
2000-11-28,2.58782784005402
2000-11-29,2.584307402732726
2000-11-30,2.5773744128672904
2000-12-01,2.5658195182295604
2000-12-04,2.555101673039146
2000-12-05,2.552148393699336
2000-12-06,2.5472553012960755
2000-12-07,2.549161591561633
2000-12-08,2.5500454332360816
2000-12-11,2.550336889726453
2000-12-12,2.550603723413149
2000-12-13,2.551986352227791
2000-12-14,2.5541169951475022
2000-12-15,2.560270775105942
2000-12-18,2.5617128959006346
2000-12-19,2.5590194390819443
2000-12-20,2.557782129418316
2000-12-21,2.5521734946806998
2000-12-22,2.552171020111348
2000-12-26,2.548437899425397
2000-12-27,2.542488651285033
2000-12-28,2.537885647600416
2000-12-29,2.5258330148123536
2001-01-02,2.523830418098921
2001-01-03,2.5167024077399205
2001-01-04,2.5069621843600407
2001-01-05,2.4969922021827067
2001-01-08,2.4902108166761043
2001-01-09,2.480879743681733
2001-01-10,2.467627879889336
2001-01-11,2.463055070003314
2001-01-12,2.456569684382996
2001-01-16,2.4428103661569294
2001-01-17,2.4326012673116173
2001-01-18,2.421442712847736
2001-01-19,2.412875462720192
2001-01-22,2.412803516453876
2001-01-23,2.4123177023005358
2001-01-24,2.410387496924164
2001-01-25,2.4108140678186967
2001-01-26,2.4118407003988582
2001-01-29,2.4097040821204225
2001-01-30,2.4052740569552737
2001-01-31,2.406617834760697
2001-02-01,2.4050504845873446
2001-02-02,2.4042042665810746
2001-02-05,2.4022222393476915
2001-02-06,2.400317010495858
2001-02-07,2.399795507813669
2001-02-08,2.396420132239687
2001-02-09,2.39057649778236
2001-02-12,2.380287257049212
2001-02-13,2.368201048847726
2001-02-14,2.354676378500785
2001-02-15,2.3430268058546946
2001-02-16,2.3458708090960685
2001-02-20,2.3462597186279432
2001-02-21,2.3535529888481603
2001-02-22,2.353491914680377
2001-02-23,2.349486369803464
2001-02-26,2.339947768499433
2001-02-27,2.3331466302122164
2001-02-28,2.323338603060264
2001-03-01,2.311984649988206
2001-03-02,2.3058152683671382
2001-03-05,2.296243457633976
2001-03-06,2.287048620367314
2001-03-07,2.278583467265608
2001-03-08,2.270343869519097
2001-03-09,2.2626005486115432
2001-03-12,2.264852161899881
2001-03-13,2.267741630368244
2001-03-14,2.274753286798562
2001-03-15,2.277853701072585
2001-03-16,2.2808348442484867
2001-03-19,2.278175983974082
2001-03-20,2.2792310054495317
2001-03-21,2.2752452665048684
2001-03-22,2.2678615129033246
2001-03-23,2.259461156560915
2001-03-26,2.265800790059447
2001-03-27,2.268249650711308
2001-03-28,2.2668275861554643
2001-03-29,2.268185616590986
2001-03-30,2.264550655230763
2001-04-02,2.265461520543278
2001-04-03,2.2668532812505773
2001-04-04,2.2589811782096563
2001-04-05,2.254637399693265
2001-04-06,2.245808603773169
2001-04-09,2.2464025584856344
2001-04-10,2.2426275423464315
2001-04-11,2.241189671340922
2001-04-12,2.2417663397566163
2001-04-16,2.241117815941148
2001-04-17,2.2430280191307537
2001-04-18,2.2203475660977228
2001-04-19,2.2177187101583264
2001-04-20,2.2177396387597583
2001-04-23,2.2168586158955184
2001-04-24,2.21471391863445
2001-04-25,2.2051353427901548
2001-04-26,2.198755272541429
2001-04-27,2.190191470248421
2001-04-30,2.186236009110908
2001-05-01,2.194612411563095
2001-05-02,2.195298418848476
2001-05-03,2.192724745708214
2001-05-04,2.1915394022034698
2001-05-07,2.191907028094678
2001-05-08,2.1986005283507346
2001-05-09,2.202368576258177
2001-05-10,2.2042764255969707
2001-05-11,2.200610912892313
2001-05-14,2.197920171924701
2001-05-15,2.2059029242028605
2001-05-16,2.2130616011792625
2001-05-17,2.215167525376651
2001-05-18,2.215044680421862
2001-05-21,2.2173327350816074
2001-05-22,2.217544124996975
2001-05-23,2.218127710278494
2001-05-24,2.213180632281676
2001-05-25,2.2050129389093907
2001-05-29,2.19816851966061
2001-05-30,2.213752538948346
2001-05-31,2.2131125941741425
2001-06-01,2.21124407904179
2001-06-04,2.212761707916549
2001-06-05,2.2022509295823824
2001-06-06,2.197011488319464
2001-06-07,2.193782465552303
2001-06-08,2.189690355265681
2001-06-11,2.1870872431131234
2001-06-12,2.1833381751428624
2001-06-13,2.178204931348658
2001-06-14,2.175193430648604
2001-06-15,2.180755657467997
2001-06-18,2.1790072780824468
2001-06-19,2.1752752234782786
2001-06-20,2.17875809738091
2001-06-21,2.1795837756654928
2001-06-22,2.177555453787752
2001-06-25,2.176739737768598
2001-06-26,2.173987709804329
2001-06-27,2.168621974698053
2001-06-28,2.1701665600260664
2001-06-29,2.164232968557536
2001-07-02,2.155139070561088
2001-07-03,2.1438276888803505
2001-07-05,2.144664107374195
2001-07-06,2.1421541521809706
2001-07-09,2.139712495734392
2001-07-10,2.133153918602088
2001-07-11,2.1239353754902384
2001-07-12,2.1204331193487724
2001-07-13,2.1132543712612963
2001-07-16,2.103874108499316
2001-07-17,2.094976968016317
2001-07-18,2.079907128205778
2001-07-19,2.076476209013844
2001-07-20,2.0729907336452107
2001-07-23,2.053611566925568
2001-07-24,2.0477208631387604
2001-07-25,2.0470531510008403
2001-07-26,2.043996572822332
2001-07-27,2.0420415341576814
2001-07-30,2.0436999678125085
2001-07-31,2.047994434196356
2001-08-01,2.055026673970703
2001-08-02,2.059699076913791
2001-08-03,2.0645204296158184
2001-08-06,2.049360715008624
2001-08-07,2.047627236037757
2001-08-08,2.0415272474685566
2001-08-09,2.0501066127441705
2001-08-10,2.050888854531713
2001-08-13,2.05196862436508
2001-08-14,2.0490832350838994
2001-08-15,2.041847435371179
2001-08-16,2.0408642272886595
2001-08-17,2.032201160064225
2001-08-20,2.030643534445857
2001-08-21,2.030579553089612
2001-08-22,2.027809589952842
2001-08-23,2.0235831035007523
2001-08-24,2.010456249367281
2001-08-27,2.01044694565291
2001-08-28,1.997940058345248
2001-08-29,1.990519877067912
2001-08-30,1.9848022334790572
2001-08-31,1.9825473860140523
2001-09-04,1.9764221573492269
2001-09-05,1.9784295848809876
2001-09-06,1.9700064997053144
2001-09-07,1.977522209355321
2001-09-10,1.981587379086272
2001-09-17,1.9914059988013115
2001-09-18,1.9895188799973536
2001-09-19,1.988393467415404
2001-09-20,1.9908727350614892
2001-09-21,1.9999411710833717
2001-09-24,1.9895177877396972
2001-09-25,1.9802710789099047
2001-09-26,1.9745140708294764
2001-09-27,1.9712795971412775
2001-09-28,1.9636297765226645
2001-10-01,1.9595453139946335
2001-10-02,1.9694472362645137
2001-10-03,1.9635233408922783
2001-10-04,1.9633748058870848
2001-10-05,1.9639621688233195
2001-10-08,1.9647055782116785
2001-10-09,1.968146646379268
2001-10-10,1.961618977790964
2001-10-11,1.9627992588370144
2001-10-12,1.9660479590103392
2001-10-15,1.9639965907999752
2001-10-16,1.962881677998434
2001-10-17,1.9422855142535012
2001-10-18,1.9424057640795416
2001-10-19,1.9404712446593848
2001-10-22,1.938022491047374
2001-10-23,1.9383449772529049
2001-10-24,1.9455710082295936
2001-10-25,1.9406850795860395
2001-10-26,1.9356515340388252
2001-10-29,1.9195287661715903
2001-10-30,1.9161753331267144
2001-10-31,1.914038944161333
2001-11-01,1.9151608460256504
2001-11-02,1.9138882417965333
2001-11-05,1.9081890598069624
2001-11-06,1.9064157529840915
2001-11-07,1.9119949420220783
2001-11-08,1.910322757549452
2001-11-09,1.9098806771418904
2001-11-12,1.908038674005866
2001-11-13,1.88809290095664
2001-11-14,1.879944028500838
2001-11-15,1.877554011425282
2001-11-16,1.8756268104576856
2001-11-19,1.8753504865695665
2001-11-20,1.8762859810089176
2001-11-21,1.8714769529873616
2001-11-23,1.8613071665807293
2001-11-26,1.854430325520936
2001-11-27,1.8525178206503357
2001-11-28,1.842378453430259
2001-11-29,1.835673441349487
2001-11-30,1.831338871651627
2001-12-03,1.8260196899735328
2001-12-04,1.8175831316763915
2001-12-05,1.8129257493587887
2001-12-06,1.81358761151782
2001-12-07,1.813521622548188
2001-12-10,1.816043225559877
2001-12-11,1.818534102822336
2001-12-12,1.8182451065226
2001-12-13,1.8172434265455644
2001-12-14,1.8157864560101216
2001-12-17,1.8238991784550311
2001-12-18,1.8225514726510323
2001-12-19,1.832015103758686
2001-12-20,1.828688714595784
2001-12-21,1.8165060480068411
2001-12-24,1.8157339008243407
2001-12-26,1.82154669515032
2001-12-27,1.8245346050362996
2001-12-28,1.8256769425050128
2001-12-31,1.823301450089435
2002-01-02,1.823069250119307
2002-01-03,1.8232975276641357
2002-01-04,1.8245619800334585
2002-01-07,1.825453357901956
2002-01-08,1.8308366200455488
2002-01-09,1.8322485132068476
2002-01-10,1.8314000246403328
2002-01-11,1.8330842065495905
2002-01-14,1.830091906208149
2002-01-15,1.826013262073942
2002-01-16,1.824173160914207
2002-01-17,1.8220494012007595
2002-01-18,1.824648222319655
2002-01-22,1.8213155521694973
2002-01-23,1.819398900425448
2002-01-24,1.8201536698974496
2002-01-25,1.8273958083144957
2002-01-28,1.834985183972511
2002-01-29,1.812411498540041
2002-01-30,1.8056765912770631
2002-01-31,1.7988045267750623
2002-02-01,1.7924440399512538
2002-02-04,1.7799223466384213
2002-02-05,1.7804616684724317
2002-02-06,1.7844684083352724
2002-02-07,1.7856523231460708
2002-02-08,1.7825216873981424
2002-02-11,1.782932218752895
2002-02-12,1.7837580212560735
2002-02-13,1.7865747740531448
2002-02-14,1.787489150251938
2002-02-15,1.7833452151400009
2002-02-19,1.7827249250707686
2002-02-20,1.7818199393179748
2002-02-21,1.7813282469744556
2002-02-22,1.780909198734576
2002-02-25,1.784336045892409
2002-02-26,1.783689993543276
2002-02-27,1.7813825950997253
2002-02-28,1.7819159005939604
2002-03-01,1.7758311688531287
2002-03-04,1.7755596937421914
2002-03-05,1.7771569415136648
2002-03-06,1.7830470765446684
2002-03-07,1.7837828363536987
2002-03-08,1.77971654217856
2002-03-11,1.7821827019040664
2002-03-12,1.7837920997129049
2002-03-13,1.774930887323673
2002-03-14,1.7786570217074256
2002-03-15,1.777162176057801
2002-03-18,1.7729355849948287
2002-03-19,1.775872544262806
2002-03-20,1.7671860994436173
2002-03-21,1.7677813417434995
2002-03-22,1.7692283039645589
2002-03-25,1.769006090126184
2002-03-26,1.765742881307441
2002-03-27,1.766579747487911
2002-03-28,1.767258179638007
2002-04-01,1.7703461997398269
2002-04-02,1.7651670794039842
2002-04-03,1.7591627804619296
2002-04-04,1.7543311787353746
2002-04-05,1.7514640349153971
2002-04-08,1.7455511195610114
2002-04-09,1.7407727357048657
2002-04-10,1.7331705143455027
2002-04-11,1.7246860761503102
2002-04-12,1.7191392609950773
2002-04-15,1.7116457937932588
2002-04-16,1.7071974591588388
2002-04-17,1.701590971959707
2002-04-18,1.6991961390392452
2002-04-19,1.7075344974729574
2002-04-22,1.695246413939335
2002-04-23,1.6903102327711197
2002-04-24,1.680752176547312
2002-04-25,1.6743365639135417
2002-04-26,1.6686614991446995
2002-04-29,1.672760052574434
2002-04-30,1.6742622490486518
2002-05-01,1.674244168664662
2002-05-02,1.6736751019931766
2002-05-03,1.668969880909391
2002-05-06,1.6633375724564494
2002-05-07,1.658433761921241
2002-05-08,1.6527499414116908
2002-05-09,1.6468609258456244
2002-05-10,1.6400441134725203
2002-05-13,1.6308831548374108
2002-05-14,1.62623169148429
2002-05-15,1.6216027446300427
2002-05-16,1.6200447437377623
2002-05-17,1.6149346238510551
2002-05-20,1.6035565544298152
2002-05-21,1.601494238439298
2002-05-22,1.5999415838747493
2002-05-23,1.5989182680402263
2002-05-24,1.597235555202131
2002-05-28,1.5980018543354697
2002-05-29,1.597083129729157
2002-05-30,1.5970072280572158
2002-05-31,1.598612012810815
2002-06-03,1.5945318791647538
2002-06-04,1.5963260973586575
2002-06-05,1.5951211270072323
2002-06-06,1.5950400819627062
2002-06-07,1.597277293924269
2002-06-10,1.5946112023930883
2002-06-11,1.5937210649746576
2002-06-12,1.5922685019604097
2002-06-13,1.5836066954093526
2002-06-14,1.5804206462115582
2002-06-17,1.576211246588893
2002-06-18,1.5736856348266932
2002-06-19,1.5766490428630051
2002-06-20,1.575709535549309
2002-06-21,1.5750534596412886
2002-06-24,1.5768321164550052
2002-06-25,1.576059569778475
2002-06-26,1.576354105508904
2002-06-27,1.5740786992419242
2002-06-28,1.575483254194973
2002-07-01,1.5669581440885938
2002-07-02,1.5650355119307668
2002-07-03,1.5652389684969918
2002-07-05,1.5657782265435791
2002-07-08,1.5636706592285043
2002-07-09,1.560723051196332
2002-07-10,1.559045338357842
2002-07-11,1.5588138259479372
2002-07-12,1.5578112354864446
2002-07-15,1.557805090832323
2002-07-16,1.5590787412597669
2002-07-17,1.559361914347918
2002-07-18,1.560109775378121
2002-07-19,1.559898874810522
2002-07-22,1.5635256203160297
2002-07-23,1.5630448788063551
2002-07-24,1.5616931496923483
2002-07-25,1.5623025273272344
2002-07-26,1.5624784138851957
2002-07-29,1.5672232824230758
2002-07-30,1.5690670443272232
2002-07-31,1.5683046666135465
2002-08-01,1.5640919590705629
2002-08-02,1.5680823108730635
2002-08-05,1.5756014684563204
2002-08-06,1.5750073622661709
2002-08-07,1.5755139529432292
2002-08-08,1.5752955667714197
2002-08-09,1.5746526811527617
2002-08-12,1.573721797806157
2002-08-13,1.5696552746601429
2002-08-14,1.5656813892261296
2002-08-15,1.5668332204035076
2002-08-16,1.5718953110635407
2002-08-19,1.5682820086419125
2002-08-20,1.5640500579881789
2002-08-21,1.559460874865603
2002-08-22,1.5553506403178663
2002-08-23,1.552543931794541
2002-08-26,1.548102674448632
2002-08-27,1.541662368721879
2002-08-28,1.5336598319477597
2002-08-29,1.5314553046803083
2002-08-30,1.5267888070454196
2002-09-03,1.5175689417418536
2002-09-04,1.514578303684658
2002-09-05,1.513447911266797
2002-09-06,1.5083434465915166
2002-09-09,1.5073210973787488
2002-09-10,1.5068924150243626
2002-09-11,1.5086178199682985
2002-09-12,1.5042314056760913
2002-09-13,1.5041923854630863
2002-09-16,1.5088019034673887
2002-09-17,1.510899294136638
2002-09-18,1.5119823445296472
2002-09-19,1.5114436566664846
2002-09-20,1.5123110696722373
2002-09-23,1.5136861028840165
2002-09-24,1.5160043887474346
2002-09-25,1.5150420677853609
2002-09-26,1.519757839786254
2002-09-27,1.5168595548543429
2002-09-30,1.514846149719885
2002-10-01,1.5082675188451438
2002-10-02,1.5088890054597024
2002-10-03,1.5107345774253282
2002-10-04,1.5111631555710214
2002-10-07,1.5143884723472918
2002-10-08,1.511937497818444
2002-10-09,1.5174851776015983
2002-10-10,1.5171414043359432
2002-10-11,1.516421923703365
2002-10-14,1.5161461973912016
2002-10-15,1.5216082770476147
2002-10-16,1.5200412101854288
2002-10-17,1.5200643060320027
2002-10-18,1.5221441276627596
2002-10-21,1.525250788753062
2002-10-22,1.526321394979835
2002-10-23,1.522473413544308
2002-10-24,1.5227810743891537
2002-10-25,1.508022249055572
2002-10-28,1.5066816717210365
2002-10-29,1.5100130910834382
2002-10-30,1.517414974849553
2002-10-31,1.5215259334613114
2002-11-01,1.5152932588624426
2002-11-04,1.518845880921584
2002-11-05,1.518168459358869
2002-11-06,1.5190268029667582
2002-11-07,1.513382939529783
2002-11-08,1.5159669477900566
2002-11-11,1.512867905498528
2002-11-12,1.5128982648104947
2002-11-13,1.51259294186185
2002-11-14,1.5114264611410058
2002-11-15,1.5126731185351934
2002-11-18,1.5127644097995891
2002-11-19,1.511466428479412
2002-11-20,1.5084933438380743
2002-11-21,1.507710838741121
2002-11-22,1.5107601398498292
2002-11-25,1.511947830005786
2002-11-26,1.507681739593473
2002-11-27,1.5051964315493875
2002-11-29,1.5067542497782898
2002-12-02,1.5096035133480563
2002-12-03,1.5055370104692067
2002-12-04,1.5063246298917603
2002-12-05,1.5100487769894109
2002-12-06,1.510241542631172
2002-12-09,1.51560050054498
2002-12-10,1.519049625991517
2002-12-11,1.5148925047951254
2002-12-12,1.514616130583076
2002-12-13,1.5115158750424769
2002-12-16,1.5077225906344354
2002-12-17,1.5069646082985602
2002-12-18,1.507607485649182
2002-12-19,1.5103608518918286
2002-12-20,1.5108893225657851
2002-12-23,1.5134717406693352
2002-12-24,1.5167478772224197
2002-12-26,1.5241521065191672
2002-12-27,1.521592033405864
2002-12-30,1.524201350113726
2002-12-31,1.5274124047876168
2003-01-02,1.5214373627911
2003-01-03,1.5187513188554769
2003-01-06,1.5139240997741086
2003-01-07,1.511870766377298
2003-01-08,1.5090615099497051
2003-01-09,1.5080140088030094
2003-01-10,1.513399807209819
2003-01-13,1.5182917982763886
2003-01-14,1.5212664597178676
2003-01-15,1.5202304687778887
2003-01-16,1.5225388449210755
2003-01-17,1.5261043757587724
2003-01-21,1.523783369311255
2003-01-22,1.5237679224303524
2003-01-23,1.5232990570243627
2003-01-24,1.528774465224607
2003-01-27,1.5287306595365815
2003-01-28,1.5293318268675282
2003-01-29,1.529103476617916
2003-01-30,1.528561248687001
2003-01-31,1.526713350536061
2003-02-03,1.5253027065466966
2003-02-04,1.5236086297735163
2003-02-05,1.5278694922536844
2003-02-06,1.52760124739792
2003-02-07,1.5317701605923897
2003-02-10,1.5329519391691735
2003-02-11,1.5330293778051771
2003-02-12,1.5374496819443246
2003-02-13,1.5399421135842184
2003-02-14,1.5362608935998887
2003-02-18,1.5345080826589526
2003-02-19,1.5368048027463843
2003-02-20,1.5354211848341923
2003-02-21,1.5345340278160866
2003-02-24,1.530311129396724
2003-02-25,1.5298495508971095
2003-02-26,1.5300805041418142
2003-02-27,1.531495740274903
2003-02-28,1.5345652689401748
2003-03-03,1.542546423752636
2003-03-04,1.544402523641036
2003-03-05,1.5460116652325349
2003-03-06,1.5465724097590907
2003-03-07,1.5476709552067245
2003-03-10,1.5475511956454118
2003-03-11,1.5499873479830943
2003-03-12,1.5539394574331895
2003-03-13,1.544002185285419
2003-03-14,1.5426916789163925
2003-03-17,1.5428449853819843
2003-03-18,1.5417330583841269
2003-03-19,1.540045059424911
2003-03-20,1.544091200946429
2003-03-21,1.5442277579950716
2003-03-24,1.543552263256349
2003-03-25,1.5434995720009417
2003-03-26,1.5434650503777758
2003-03-27,1.547830888915384
2003-03-28,1.548285069807411
2003-03-31,1.5546703041564196
2003-04-01,1.556231046308293
2003-04-02,1.553658817463755
2003-04-03,1.556233050741788
2003-04-04,1.5587826152355482
2003-04-07,1.5628583047047255
2003-04-08,1.5655191912897488
2003-04-09,1.5663346634253772
2003-04-10,1.5713725305566273
2003-04-11,1.5749696421785049
2003-04-14,1.5707967429730054
2003-04-15,1.574959250677653
2003-04-16,1.5748185331927396
2003-04-17,1.570823110434568
2003-04-21,1.5736098361405468
2003-04-22,1.5680608500558453
2003-04-23,1.5667579692619715
2003-04-24,1.5668665078641617
2003-04-25,1.5652969346995096
2003-04-28,1.567973205933439
2003-04-29,1.5722428539554991
2003-04-30,1.5765101107739692
2003-05-01,1.58047379250377
2003-05-02,1.575935124512552
2003-05-05,1.573877153940556
2003-05-06,1.5731389298239529
2003-05-07,1.5750298368796536
2003-05-08,1.5740848243301775
2003-05-09,1.5719205934701228
2003-05-12,1.5732292524227156
2003-05-13,1.577230889559378
2003-05-14,1.5779363926396277
2003-05-15,1.590443490226739
2003-05-16,1.593256563500948
2003-05-19,1.5920350723300003
2003-05-20,1.5916642677899333
2003-05-21,1.606254087915445
2003-05-22,1.6040036487791414
2003-05-23,1.604030960554549
2003-05-27,1.596671407847156
2003-05-28,1.60277232971094
2003-05-29,1.602221620579764
2003-05-30,1.6030685073885529
2003-06-02,1.605017948977583
2003-06-03,1.6062642905499405
2003-06-04,1.6043601646726138
2003-06-05,1.6060682760695666
2003-06-06,1.6076033013310205
2003-06-09,1.6049493824189476
2003-06-10,1.6052648763908628
2003-06-11,1.6060637147763048
2003-06-12,1.6094333802197291
2003-06-13,1.6106633956119183
2003-06-16,1.6099175679119726
2003-06-17,1.6102773059980202
2003-06-18,1.6085607141411804
2003-06-19,1.6071342333033505
2003-06-20,1.6103412046464722
2003-06-23,1.6103344472028054
2003-06-24,1.612621495652904
2003-06-25,1.6128958727041394
2003-06-26,1.6136748718551357
2003-06-27,1.615184121831798
2003-06-30,1.617272144597966
2003-07-01,1.618011039973008
2003-07-02,1.6170378807972947
2003-07-03,1.6203696780041792
2003-07-07,1.6177396970714637
2003-07-08,1.6193086560219323
2003-07-09,1.6202083259322435
2003-07-10,1.6190882995693257
2003-07-11,1.616184337552969
2003-07-14,1.617242221612436
2003-07-15,1.62158052752537
2003-07-16,1.6266929165225557
2003-07-17,1.6260173595581673
2003-07-18,1.626602144169795
2003-07-21,1.625857295910406
2003-07-22,1.623424904791944
2003-07-23,1.6257118243543809
2003-07-24,1.6284936521077866
2003-07-25,1.6222901380761383
2003-07-28,1.6249205139506997
2003-07-29,1.6290530213487968
2003-07-30,1.633633559043215
2003-07-31,1.638111774368472
2003-08-01,1.6375769365653
2003-08-04,1.639966677834662
2003-08-05,1.6405655975055982
2003-08-06,1.642671023207375
2003-08-07,1.641741576894553
2003-08-08,1.6429090480424764
2003-08-11,1.64251090218811
2003-08-12,1.6404094029616991
2003-08-13,1.6404805295094371
2003-08-14,1.6420217920822826
2003-08-15,1.6446933312238088
2003-08-18,1.6464820076229398
2003-08-19,1.646409417044474
2003-08-20,1.6489502434587882
2003-08-21,1.651836470004062
2003-08-22,1.6533640025887355
2003-08-25,1.6537098721629395
2003-08-26,1.6539626181646885
2003-08-27,1.6546305612635046
2003-08-28,1.6548578569417518
2003-08-29,1.6566265796924835
2003-09-02,1.6564243903116291
2003-09-03,1.6548632740985396
2003-09-04,1.6511360899995473
2003-09-05,1.6472230511946016
2003-09-08,1.6467140782748886
2003-09-09,1.646393119355165
2003-09-10,1.6398923215009258
2003-09-11,1.645868361120858
2003-09-12,1.6466240918108728
2003-09-15,1.652126852596051
2003-09-16,1.645927877796738
2003-09-17,1.649958431671664
2003-09-18,1.651575130003244
2003-09-19,1.6559535465946855
2003-09-22,1.6569493202531596
2003-09-23,1.6578478029986607
2003-09-24,1.6521318894763315
2003-09-25,1.6528368827442372
2003-09-26,1.6554445437902383
2003-09-29,1.65559689960412
2003-09-30,1.65480063735336
2003-10-01,1.652350703730782
2003-10-02,1.6534848729570324
2003-10-03,1.6538406117779103
2003-10-06,1.6549901519580366
2003-10-07,1.6672748174030547
2003-10-08,1.6687398779383051
2003-10-09,1.6710725086491554
2003-10-10,1.676154615923762
2003-10-13,1.6745414483329486
2003-10-14,1.6745917960880894
2003-10-15,1.6823978019007195
2003-10-16,1.6843746686877457
2003-10-17,1.6807891240667048
2003-10-20,1.6806979029764626
2003-10-21,1.6803052540840564
2003-10-22,1.6798718473198608
2003-10-23,1.6811320239614074
2003-10-24,1.68168258064758
2003-10-27,1.6826491972057669
2003-10-28,1.6932174745188715
2003-10-29,1.6943893775824788
2003-10-30,1.6941797919348596
2003-10-31,1.6928584197998875
2003-11-03,1.691049287667166
2003-11-04,1.6917907333278055
2003-11-05,1.6964638745401512
2003-11-06,1.7020364308644498
2003-11-07,1.7071170797216009
2003-11-10,1.7059721135156527
2003-11-11,1.706323947488669
2003-11-12,1.7063441628325613
2003-11-13,1.7069213345792
2003-11-14,1.7109770981517516
2003-11-17,1.7108875903635594
2003-11-18,1.709745487438849
2003-11-19,1.710354378605529
2003-11-20,1.7090012214606485
2003-11-21,1.7108234763371502
2003-11-24,1.7028578375371082
2003-11-25,1.7078289959573367
2003-11-26,1.7076594420143678
2003-11-28,1.712763194345769
2003-12-01,1.7147133513312758
2003-12-02,1.717044498905523
2003-12-03,1.7187901430231725
2003-12-04,1.7205969970939168
2003-12-05,1.7215819282634537
2003-12-08,1.720800951185626
2003-12-09,1.7186965681478426
2003-12-10,1.7189431986949846
2003-12-11,1.7140927917931186
2003-12-12,1.7149062560921826
2003-12-15,1.7161063722428085
2003-12-16,1.717070983289107
2003-12-17,1.7171295148008128
2003-12-18,1.7150713150212082
2003-12-19,1.7163943497272651
2003-12-22,1.724573814060423
2003-12-23,1.7277119791097293
2003-12-24,1.7272993370664902
2003-12-26,1.7276012461892511
2003-12-29,1.7224326351293289
2003-12-30,1.7260965125946248
2003-12-31,1.728112195663663
2004-01-02,1.730695939956271
2004-01-05,1.728287742960016
2004-01-06,1.7324994919465513
2004-01-07,1.7371969649978012
2004-01-08,1.740648601611337
2004-01-09,1.7401408669326224
2004-01-12,1.745285228997164
2004-01-13,1.745324317833932
2004-01-14,1.744812823551366
2004-01-15,1.7476999435082805
2004-01-16,1.752317467491622
2004-01-20,1.7560631170380552
2004-01-21,1.7572993190468968
2004-01-22,1.757798217730511
2004-01-23,1.760176718866356
2004-01-26,1.7588244816849024
2004-01-27,1.7581326002803683
2004-01-28,1.755869068326679
2004-01-29,1.7595399359353514
2004-01-30,1.759890324045753
2004-02-02,1.7585830508066136
2004-02-03,1.7578711340879711
2004-02-04,1.7549514339090986
2004-02-05,1.7554639959362095
2004-02-06,1.753816896557219
2004-02-09,1.7566506238936723
2004-02-10,1.7587431724142757
2004-02-11,1.7608815035815988
2004-02-12,1.7619386755209745
2004-02-13,1.7616226539411244
2004-02-17,1.7602375226075526
2004-02-18,1.7591612700411776
2004-02-19,1.7598000227213593
2004-02-20,1.7599869477120609
2004-02-23,1.7586090375202588
2004-02-24,1.7590489814530996
2004-02-25,1.7576874575096997
2004-02-26,1.7570556455166335
2004-02-27,1.763430091080774
2004-03-01,1.7645587711713742
2004-03-02,1.7648621985821504
2004-03-03,1.7599418004478249
2004-03-04,1.7616813582221675
2004-03-05,1.7629739312897128
2004-03-08,1.7614196298281228
2004-03-09,1.758358345074827
2004-03-10,1.7569755579349704
2004-03-11,1.7609970748264523
2004-03-12,1.7620494349422506
2004-03-15,1.7616141948226334
2004-03-16,1.7609186058757047
2004-03-17,1.75701754500888
2004-03-18,1.758218682168828
2004-03-19,1.75876232175235
2004-03-22,1.7516339810039891
2004-03-23,1.7531533987050054
2004-03-24,1.7535848133927432
2004-03-25,1.7469872047956256
2004-03-26,1.7439895613978575
2004-03-29,1.7394165322343502
2004-03-30,1.7415191549645448
2004-03-31,1.7418690594883666
2004-04-01,1.7430805462988286
2004-04-02,1.74564221002728
2004-04-05,1.7458834970912966
2004-04-06,1.7445962202763945
2004-04-07,1.7452607356463503
2004-04-08,1.7451091596474932
2004-04-12,1.74442744393124
2004-04-13,1.7427337637928233
2004-04-14,1.7439547457688962
2004-04-15,1.7448736410439862
2004-04-16,1.7451919607968838
2004-04-19,1.7437402096510075
2004-04-20,1.740056430256606
2004-04-21,1.7416661113549214
2004-04-22,1.7368692033398336
2004-04-23,1.7368692033398336
2004-04-26,1.7412390228515977
2004-04-27,1.7449618556719435
2004-04-28,1.7343257743627245
2004-04-29,1.7350353965799286
2004-04-30,1.7320257637079743
2004-05-03,1.7323248741286714
2004-05-04,1.7291988029012173
2004-05-05,1.728846377775348
2004-05-06,1.7300663455116954
2004-05-07,1.726305332094189
2004-05-10,1.727304099577654
2004-05-11,1.725630783015944
2004-05-12,1.716902834328286
2004-05-13,1.7070757792078932
2004-05-14,1.703564667030152
2004-05-17,1.6992264066954927
2004-05-18,1.6924822234459664
2004-05-19,1.691044471618105
2004-05-20,1.6880573339574123
2004-05-21,1.686818727309641
2004-05-24,1.69062920957533
2004-05-25,1.6854504142447204
2004-05-26,1.6835825054944993
2004-05-27,1.677973534573458
2004-05-28,1.6787898308973712
2004-06-01,1.6737494436698348
2004-06-02,1.671419250539841
2004-06-03,1.6673758206605331
2004-06-04,1.6672212324278926
2004-06-07,1.662795993147491
2004-06-08,1.6651551569587484
2004-06-09,1.661540392758424
2004-06-10,1.6570487174196042
2004-06-14,1.6412244286690023
2004-06-15,1.612314911336565
2004-06-16,1.610951921694541
2004-06-17,1.6122850598079803
2004-06-18,1.6134672182908143
2004-06-21,1.616422592422397
2004-06-22,1.6155530594990128
2004-06-23,1.6135722495073634
2004-06-24,1.618026592934417
2004-06-25,1.6165468253570467
2004-06-28,1.6118406499745863
2004-06-29,1.6082999670248843
2004-06-30,1.6114084646655855
2004-07-01,1.6070525110821925
2004-07-02,1.6071467617928152
2004-07-06,1.605495552626543
2004-07-07,1.6077321253678076
2004-07-08,1.607857571977353
2004-07-09,1.599688710051724
2004-07-12,1.5991867023388642
2004-07-13,1.5994243699756316
2004-07-14,1.5967095471474178
2004-07-15,1.594701395329157
2004-07-16,1.5952221965793525
2004-07-19,1.598533769687268
2004-07-20,1.5911124157623255
2004-07-21,1.5850533086393552
2004-07-22,1.5761828244481175
2004-07-23,1.5759560319209975
2004-07-26,1.5766901043228438
2004-07-27,1.5760769847605978
2004-07-28,1.57296737287762
2004-07-29,1.570642942239212
2004-07-30,1.5656618511878144
2004-08-02,1.5512524986978835
2004-08-03,1.544575753871941
2004-08-04,1.5452666569753284
2004-08-05,1.5438802181459048
2004-08-06,1.5451346915369109
2004-08-09,1.5476674439792035
2004-08-10,1.5460686013511595
2004-08-11,1.5463730429028657
2004-08-12,1.5451802444125335
2004-08-13,1.548062813885645
2004-08-16,1.5462476094367752
2004-08-17,1.546948417477549
2004-08-18,1.5386283768758384
2004-08-19,1.5392848224691746
2004-08-20,1.5397589024305214
2004-08-23,1.5389942443093796
2004-08-24,1.5415265121208377
2004-08-25,1.5387856841423424
2004-08-26,1.5417565345428677
2004-08-27,1.5450866208520684
2004-08-30,1.5456398012352843
2004-08-31,1.544888989477588
2004-09-01,1.5468939736533631
2004-09-02,1.5454873891310497
2004-09-03,1.5483935157993456
2004-09-07,1.5551228047546664
2004-09-08,1.5572544684165874
2004-09-09,1.5569726375031805
2004-09-10,1.5568768420436268
2004-09-13,1.557603365048426
2004-09-14,1.557583289189288
2004-09-15,1.5577388594055157
2004-09-16,1.5569582975860707
2004-09-17,1.5591639302750335
2004-09-20,1.560079175050479
2004-09-21,1.5596012132579051
2004-09-22,1.55628669882452
2004-09-23,1.5565370197341015
2004-09-24,1.5569934703400286
2004-09-27,1.5519808525857703
2004-09-28,1.5478207294768875
2004-09-29,1.548483042633548
2004-09-30,1.551476620323876
2004-10-01,1.5459403939033989
2004-10-04,1.5471463893777473
2004-10-05,1.5457967532531474
2004-10-06,1.5455563788494295
2004-10-07,1.541990522465883
2004-10-08,1.543693238848444
2004-10-11,1.5452483955303815
2004-10-12,1.545486477210604
2004-10-13,1.5468662141423657
2004-10-14,1.5476578371065652
2004-10-15,1.5476991503970177
2004-10-18,1.5466521098270312
2004-10-19,1.5483795904769275
2004-10-20,1.5512754307210723
2004-10-21,1.5523254773913888
2004-10-22,1.5494688942153048
2004-10-25,1.5492647363938654
2004-10-26,1.5481458072488694
2004-10-27,1.5476800782436644
2004-10-28,1.5495716105101276
2004-10-29,1.549667934795968
2004-11-01,1.5500632624868138
2004-11-02,1.552373630926308
2004-11-03,1.5474692733131787
2004-11-04,1.5472802989949324
2004-11-05,1.5480069580228952
2004-11-08,1.5465991016611034
2004-11-09,1.545715996834024
2004-11-10,1.5479540031877128
2004-11-11,1.54807762627687
2004-11-12,1.5483051298936357
2004-11-15,1.5495201317879168
2004-11-16,1.5493527375519236
2004-11-17,1.5510872284060124
2004-11-18,1.555207312258961
2004-11-19,1.5546059973704325
2004-11-22,1.5540664192289768
2004-11-23,1.5532715239493906
2004-11-24,1.555360467381412
2004-11-26,1.5581977080664733
2004-11-29,1.5598633388482457
2004-11-30,1.558557178463151
2004-12-01,1.5573418356487625
2004-12-02,1.5591371818033668
2004-12-03,1.5618753122152875
2004-12-06,1.5622268018224814
2004-12-07,1.559925275172125
2004-12-08,1.5549579375302156
2004-12-09,1.5499653617075408
2004-12-10,1.542871204928966
2004-12-13,1.5418119417982423
2004-12-14,1.5431461853765436
2004-12-15,1.5493437020256096
2004-12-16,1.5501299533503587
2004-12-17,1.5475455307007149
2004-12-20,1.5429695646654324
2004-12-21,1.5377780510303154
2004-12-22,1.5378077991112464
2004-12-23,1.5393760628132205
2004-12-27,1.5390494752562864
2004-12-28,1.5388807775206894
2004-12-29,1.5381151739093302
2004-12-30,1.5336960813316567
2004-12-31,1.5371604051007333
2005-01-03,1.533331786874235
2005-01-04,1.534567401154571
2005-01-05,1.5443383438610772
2005-01-06,1.5449023528896355
2005-01-07,1.5436972244429124
2005-01-10,1.5393923019574507
2005-01-11,1.5279558417474444
2005-01-12,1.521639044568407
2005-01-13,1.5222879673054206
2005-01-14,1.5209805128671845
2005-01-18,1.5227267271745315
2005-01-19,1.5206921942746738
2005-01-20,1.5138445798065052
2005-01-21,1.51155837217778
2005-01-24,1.5083247245792069
2005-01-25,1.5113007835924133
2005-01-26,1.5106118796659704
2005-01-27,1.5115198442613782
2005-01-28,1.5125608198678453
2005-01-31,1.50710450439259
2005-02-01,1.5079392615008067
2005-02-02,1.5110716831559474
2005-02-03,1.5039765857273302
2005-02-04,1.503323017936206
2005-02-07,1.506184268870476
2005-02-08,1.5078022921329504
2005-02-09,1.501220878423298
2005-02-10,1.5012642363844568
2005-02-11,1.5010417513677818
2005-02-14,1.4989760977509243
2005-02-15,1.4929399111852495
2005-02-16,1.4955065369099338
2005-02-17,1.4894655533170589
2005-02-18,1.4844658993407112
2005-02-22,1.4796585877255393
2005-02-23,1.4815879432408043
2005-02-24,1.4778562135600484
2005-02-25,1.4745784024922817
2005-02-28,1.4737089221012036
2005-03-01,1.4749056755978225
2005-03-02,1.4727713039642227
2005-03-03,1.4724660562329708
2005-03-04,1.4700239912586033
2005-03-07,1.470663576707343
2005-03-08,1.4719968902664824
2005-03-09,1.470218976405927
2005-03-10,1.4704014199768234
2005-03-11,1.466004160414114
2005-03-14,1.4649498696938668
2005-03-15,1.4601461089180374
2005-03-16,1.4598590967531953
2005-03-17,1.4566719694037964
2005-03-18,1.456666254440874
2005-03-21,1.45825801547719
2005-03-22,1.4580213980300656
2005-03-23,1.4596158271148227
2005-03-24,1.4596834208858454
2005-03-28,1.46026136266569
2005-03-29,1.4600602969299084
2005-03-30,1.4570214249286912
2005-03-31,1.457516320562848
2005-04-01,1.458286269491744
2005-04-04,1.4581704087724972
2005-04-05,1.4575249752584352
2005-04-06,1.459852670072307
2005-04-07,1.4589257916460463
2005-04-08,1.4575953448107322
2005-04-11,1.4554283215169668
2005-04-12,1.454872453746472
2005-04-13,1.4528976877104876
2005-04-14,1.4545643366398424
2005-04-15,1.458583767324792
2005-04-18,1.4582896550419084
2005-04-19,1.4537853748547476
2005-04-20,1.448572690030367
2005-04-21,1.4424172080243438
2005-04-22,1.4394945786741955
2005-04-25,1.439983545459445
2005-04-26,1.4401267243636218
2005-04-27,1.4400586242199722
2005-04-28,1.441174317030977
2005-04-29,1.4404150430506977
2005-05-02,1.4404847984310387
2005-05-03,1.4409658445705575
2005-05-04,1.4337922545328403
2005-05-05,1.4359797001879713
2005-05-06,1.4353432539606004
2005-05-09,1.4185545972722666
2005-05-10,1.4112590285296225
2005-05-11,1.407566373836656
2005-05-12,1.405496176430871
2005-05-13,1.4031146226423008
2005-05-16,1.4031039241030048
2005-05-17,1.401886436753871
2005-05-18,1.3931603785019049
2005-05-19,1.3943419282511582
2005-05-20,1.394995333619215
2005-05-23,1.3962315120744446
2005-05-24,1.397898635054992
2005-05-25,1.3985429300996106
2005-05-26,1.3968548784928805
2005-05-27,1.3980926747385145
2005-05-31,1.4008637572121756
2005-06-01,1.3972282037561718
2005-06-02,1.3972272007851518
2005-06-03,1.3952731155092473
2005-06-06,1.3996938457013126
2005-06-07,1.3998896001946597
2005-06-08,1.3963908287603712
2005-06-09,1.3935074752811465
2005-06-10,1.3920701343580186
2005-06-13,1.3945386042444337
2005-06-14,1.3974749359278855
2005-06-15,1.3899612534758077
2005-06-16,1.3810758316153051
2005-06-17,1.3775458129844065
2005-06-20,1.3792416848581832
2005-06-21,1.380769166853178
2005-06-22,1.382102260892877
2005-06-23,1.3762704922596802
2005-06-24,1.3755294138507492
2005-06-27,1.3768471957835235
2005-06-28,1.3746659950775535
2005-06-29,1.370858385414894
2005-06-30,1.372403410147904
2005-07-01,1.3737064651483166
2005-07-05,1.3732746235109043
2005-07-06,1.374487008287632
2005-07-07,1.3763646850219569
2005-07-08,1.3727414922457095
2005-07-11,1.3737299611470652
2005-07-12,1.3756615778089285
2005-07-13,1.3777338462549715
2005-07-14,1.373756351790742
2005-07-15,1.3699624532464998
2005-07-18,1.3689433021858357
2005-07-19,1.3660590923840683
2005-07-20,1.367050941530497
2005-07-21,1.3669207505643304
2005-07-22,1.3679780128887884
2005-07-25,1.367480783343625
2005-07-26,1.365015864917895
2005-07-27,1.3571621191268584
2005-07-28,1.3555107148224603
2005-07-29,1.3647961059552818
2005-08-01,1.368761145103724
2005-08-02,1.369998731013348
2005-08-03,1.3730064120698198
2005-08-04,1.3702281148056314
2005-08-05,1.3693484203142263
2005-08-08,1.3693978418608157
2005-08-09,1.37033984647012
2005-08-10,1.36853370342375
2005-08-11,1.3666550117495988
2005-08-12,1.3641040391872463
2005-08-15,1.3608589991760147
2005-08-16,1.3553760667693246
2005-08-17,1.3578077425172754
2005-08-18,1.355986970457312
2005-08-19,1.355269148479108
2005-08-22,1.3533078878490568
2005-08-23,1.3537630580922153
2005-08-24,1.3528844447250996
2005-08-25,1.352178289223391
2005-08-26,1.352116098024875
2005-08-29,1.3518341026094278
2005-08-30,1.352704080700865
2005-08-31,1.3497910644433506
2005-09-01,1.3471150106584142
2005-09-02,1.3457925160051163
2005-09-06,1.34411808920341
2005-09-07,1.3461093478439838
2005-09-08,1.3476348506572828
2005-09-09,1.345702394679629
2005-09-12,1.34854033040216
2005-09-13,1.3487137082069782
2005-09-14,1.350111094255775
2005-09-15,1.3544452942155285
2005-09-16,1.3542975841063174
2005-09-19,1.3536992897147029
2005-09-20,1.352397878800311
2005-09-21,1.3511009152564215
2005-09-22,1.3506159068811605
2005-09-23,1.3496919805832397
2005-09-26,1.3522092790423572
2005-09-27,1.3546476305044908
2005-09-28,1.3572696889473097
2005-09-29,1.355027250047685
2005-09-30,1.3581878091609
2005-10-03,1.3627786719790893
2005-10-04,1.360982598068524
2005-10-05,1.3589961799566628
2005-10-06,1.3612706835587134
2005-10-07,1.362890010744378
2005-10-10,1.365153623734375
2005-10-11,1.365900075386497
2005-10-12,1.3664862343833113
2005-10-13,1.3673318682949045
2005-10-14,1.3667785267341075
2005-10-17,1.3678932379734354
2005-10-18,1.3681499133996908
2005-10-19,1.370524652724354
2005-10-20,1.368806910982029
2005-10-21,1.367499366884198
2005-10-24,1.3676325018507565
2005-10-25,1.3689685141733785
2005-10-26,1.368077857212589
2005-10-27,1.3613437483298123
2005-10-28,1.359903962664022
2005-10-31,1.359547842726488
2005-11-01,1.3605198104889786
2005-11-02,1.3578383136905827
2005-11-03,1.3536263490057612
2005-11-04,1.3547914896948503
2005-11-07,1.3381061754399008
2005-11-08,1.3328980265639288
2005-11-09,1.3258044120014545
2005-11-10,1.3098103610571732
2005-11-11,1.3035527847469444
2005-11-14,1.3075709828190274
2005-11-15,1.3089555578266976
2005-11-16,1.3096256385110625
2005-11-17,1.309251626785097
2005-11-18,1.3081417146784104
2005-11-21,1.3082135664804455
2005-11-22,1.3079780882230447
2005-11-23,1.3074627201029545
2005-11-25,1.3084700718272864
2005-11-28,1.3061712323761352
2005-11-29,1.3061067571235037
2005-11-30,1.3052295775027585
2005-12-01,1.3036623776635825
2005-12-02,1.3003307144896818
2005-12-05,1.2974560393095405
2005-12-06,1.301422974867165
2005-12-07,1.301553003831788
2005-12-08,1.3020675844397334
2005-12-09,1.30362453020466
2005-12-12,1.3045761111620704
2005-12-13,1.307202454703822
2005-12-14,1.3076013180538082
2005-12-15,1.308212494136555
2005-12-16,1.3076263049749788
2005-12-19,1.3073361516853577
2005-12-20,1.3070903433777954
2005-12-21,1.3048022159017687
2005-12-22,1.3039008743833294
2005-12-23,1.3074717448926212
2005-12-27,1.3049344338179516
2005-12-28,1.3046645039864075
2005-12-29,1.3009299545571584
2005-12-30,1.300313141250695
2006-01-03,1.296617278608797
2006-01-04,1.299578108880734
2006-01-05,1.3005695265211443
2006-01-06,1.2987409037294693
2006-01-09,1.298597223470408
2006-01-10,1.3008481694926832
2006-01-11,1.3027196447886178
2006-01-12,1.3005079072627077
2006-01-13,1.302086260183479
2006-01-17,1.301940240406857
2006-01-18,1.3016248308025171
2006-01-19,1.3014644468588463
2006-01-20,1.302698629368845
2006-01-23,1.302698282306419
2006-01-24,1.3038169914891349
2006-01-25,1.306013198081137
2006-01-26,1.3075722772178444
2006-01-27,1.307534163500938
2006-01-30,1.3060759380938562
2006-01-31,1.3040593407466674
2006-02-01,1.3074926875099095
2006-02-02,1.3030354045100987
2006-02-03,1.3027038391265209
2006-02-06,1.3024234045129113
2006-02-07,1.302182229215507
2006-02-08,1.3008656569550845
2006-02-09,1.3008425040671627
2006-02-10,1.2997719141439097
2006-02-13,1.2983988744877857
2006-02-14,1.2986649729393498
2006-02-15,1.2993950810720694
2006-02-16,1.2981967571155464
2006-02-17,1.2982037465272125
2006-02-21,1.2989734443285614
2006-02-22,1.2978105327711844
2006-02-23,1.3011643866397422
2006-02-24,1.303327248898571
2006-02-27,1.304816162858038
2006-02-28,1.302613258352985
2006-03-01,1.301609095407695
2006-03-02,1.3020605817976834
2006-03-03,1.302502875085648
2006-03-06,1.3012938739296098
2006-03-07,1.300557480645707
2006-03-08,1.2993076751127723
2006-03-09,1.2997615453431226
2006-03-10,1.2984124185155757
2006-03-13,1.299447240632874
2006-03-14,1.298870350296966
2006-03-15,1.2983611258561527
2006-03-16,1.2988655516345322
2006-03-17,1.2990441415048224
2006-03-20,1.308718414667353
2006-03-21,1.305935794846915
2006-03-22,1.3051914084265115
2006-03-23,1.305139738717684
2006-03-24,1.306462693559417
2006-03-27,1.3081276768924457
2006-03-28,1.3086033086411206
2006-03-29,1.3081165406841762
2006-03-30,1.3075978698743755
2006-03-31,1.3077396320673105
2006-04-03,1.3075769123614538
2006-04-04,1.3074320088766185
2006-04-05,1.3069256150376822
2006-04-06,1.306382279049492
2006-04-07,1.3058358917276578
2006-04-10,1.306316273524983
2006-04-11,1.3051233273316498
2006-04-12,1.3055587832726971
2006-04-13,1.303439034309685
2006-04-17,1.3032761814216394
2006-04-18,1.2979272372754715
2006-04-19,1.2997261074657325
2006-04-20,1.3022190899232893
2006-04-21,1.3019473772434405
2006-04-24,1.3000481433458777
2006-04-25,1.291897997723422
2006-04-26,1.2904965893591522
2006-04-27,1.2882037371797788
2006-04-28,1.2866222384402592
2006-05-01,1.2857042916925268
2006-05-02,1.2848360983276423
2006-05-03,1.2846820693722638
2006-05-04,1.2841732737633664
2006-05-05,1.2842363259730092
2006-05-08,1.284650623184242
2006-05-09,1.2896174377127745
2006-05-10,1.2897077334593428
2006-05-11,1.2919108740402077
2006-05-12,1.2964885794972747
2006-05-15,1.2980679031607496
2006-05-16,1.297264103389158
2006-05-17,1.2989266365501717
2006-05-18,1.29987691737048
2006-05-19,1.300602517354622
2006-05-22,1.3008353822984302
2006-05-23,1.3016696390482556
2006-05-24,1.30081111586446
2006-05-25,1.2990808665669842
2006-05-26,1.2999745666530536
2006-05-30,1.2973257340774618
2006-05-31,1.2974016651891347
2006-06-01,1.2947108513408052
2006-06-02,1.294939799525053
2006-06-05,1.2931551788725515
2006-06-06,1.2931921731710838
2006-06-07,1.2943475282081554
2006-06-08,1.294607928534228
2006-06-09,1.2977957403629925
2006-06-12,1.2969383920735784
2006-06-13,1.2991047541180347
2006-06-14,1.2991477164910654
2006-06-15,1.29874733243441
2006-06-16,1.2991443077186744
2006-06-19,1.2989341357546471
2006-06-20,1.297116263035537
2006-06-21,1.297721390148781
2006-06-22,1.297509606151374
2006-06-23,1.2971455207737017
2006-06-26,1.2978909555930498
2006-06-27,1.2953097165711929
2006-06-28,1.293358820926472
2006-06-29,1.288852520223572
2006-06-30,1.2904305504658646
2006-07-03,1.2946774109944172
2006-07-05,1.2942622898082714
2006-07-06,1.2922725682359684
2006-07-07,1.290900571111288
2006-07-10,1.2909627441264075
2006-07-11,1.2908550916719004
2006-07-12,1.2897509459729457
2006-07-13,1.290197055519965
2006-07-14,1.2934190007934732
2006-07-17,1.295592749518219
2006-07-18,1.2966332797421547
2006-07-19,1.2996811239706345
2006-07-20,1.2969754137316214
2006-07-21,1.298294015005554
2006-07-24,1.298711724839234
2006-07-25,1.2972904080608565
2006-07-26,1.298317497305252
2006-07-27,1.2995792145865417
2006-07-28,1.2981980451812505
2006-07-31,1.2999471252113457
2006-08-01,1.300282462959165
2006-08-02,1.300028477353367
2006-08-03,1.3011898300414746
2006-08-04,1.3054724108305968
2006-08-07,1.3053326488123411
2006-08-08,1.3049844886169248
2006-08-09,1.3057846989799708
2006-08-10,1.3055321467520655
2006-08-11,1.3035251231009937
2006-08-14,1.3003898958699007
2006-08-15,1.2975605000852006
2006-08-16,1.2962786291358046
2006-08-17,1.2969447140396502
2006-08-18,1.3036852864577684
2006-08-21,1.3046721042139744
2006-08-22,1.3048718462511706
2006-08-23,1.3034230001924785
2006-08-24,1.3037546876787054
2006-08-25,1.3025310146829567
2006-08-28,1.3019362424796304
2006-08-29,1.3030261018402949
2006-08-30,1.2990989873206076
2006-08-31,1.2960006155696346
2006-09-01,1.294073202511029
2006-09-05,1.2940466132430757
2006-09-06,1.288301043364585
2006-09-07,1.287901075948073
2006-09-08,1.2887298174812034
2006-09-11,1.2827519065161117
2006-09-12,1.2727697083365868
2006-09-13,1.2631420936554607
2006-09-14,1.2646824420985834
2006-09-15,1.2654736109250049
2006-09-18,1.267201410403786
2006-09-19,1.2566844494953515
2006-09-20,1.2521660581901726
2006-09-21,1.2504325571323631
2006-09-22,1.2505109610543104
2006-09-25,1.240460519302871
2006-09-26,1.228571154128571
2006-09-27,1.229467823344887
2006-09-28,1.2292800552446177
2006-09-29,1.2231792699499011
2006-10-02,1.2183199571588357
2006-10-03,1.2193651026603214
2006-10-04,1.2175857779850203
2006-10-05,1.219510925127846
2006-10-06,1.2180903772045395
2006-10-09,1.2191901886167755
2006-10-10,1.2171865657842258
2006-10-11,1.2195655412933268
2006-10-12,1.2158303317811598
2006-10-13,1.2178995796050334
2006-10-16,1.2218473255259896
2006-10-17,1.222132385150792
2006-10-18,1.2211981330720465
2006-10-19,1.2179593713232506
2006-10-20,1.2191401760117502
2006-10-23,1.217097439129394
2006-10-24,1.2132936966517942
2006-10-25,1.2125751177234896
2006-10-26,1.2105470784503094
2006-10-27,1.2091251297064074
2006-10-30,1.2090137039611832
2006-10-31,1.2080531104112031
2006-11-01,1.2093659271986317
2006-11-02,1.2088693888103332
2006-11-03,1.2081699063848366
2006-11-06,1.2063507331699834
2006-11-07,1.2061018160623729
2006-11-08,1.206150387767353
2006-11-09,1.2010604473206143
2006-11-10,1.202273519149728
2006-11-13,1.201403600727343
2006-11-14,1.1991983059163402
2006-11-15,1.2017404592367198
2006-11-16,1.2028356346390874
2006-11-17,1.204361610275586
2006-11-20,1.2036833944317182
2006-11-21,1.2044969462709685
2006-11-22,1.2071132009164176
2006-11-24,1.2079166904975385
2006-11-27,1.203442657576817
2006-11-28,1.19808081320049
2006-11-29,1.1966714093963802
2006-11-30,1.192818638514082
2006-12-01,1.1946441380245234
2006-12-04,1.188860268563076
2006-12-05,1.1873511608058154
2006-12-06,1.1717290075723314
2006-12-07,1.1718147627749955
2006-12-08,1.1712011881789433
2006-12-11,1.1693068681671752
2006-12-12,1.1696362193194083
2006-12-13,1.169495935513687
2006-12-14,1.168509819462984
2006-12-15,1.1691446625137445
2006-12-18,1.1708790054514608
2006-12-19,1.1716830884714566
2006-12-20,1.170747051546238
2006-12-21,1.1729682558202943
2006-12-22,1.173997524794926
2006-12-26,1.1721637235510292
2006-12-27,1.1714178055855908
2006-12-28,1.171399971309193
2006-12-29,1.1692741774796034
2007-01-03,1.170013949671148
2007-01-04,1.1695618689133027
2007-01-05,1.1671119012017617
2007-01-08,1.1676916852308303
2007-01-09,1.1669237381609818
2007-01-10,1.1662484455115438
2007-01-11,1.1644445000540296
2007-01-12,1.1665461788034523
2007-01-16,1.169426094686591
2007-01-17,1.1699806527560634
2007-01-18,1.1667690382273637
2007-01-19,1.1665512443670565
2007-01-22,1.1655060927705228
2007-01-23,1.164740210862658
2007-01-24,1.1611694952646203
2007-01-25,1.1633681297391318
2007-01-26,1.164901491589326
2007-01-29,1.165224598439878
2007-01-30,1.164392978987067
2007-01-31,1.1645134664957582
2007-02-01,1.1654754191405845
2007-02-02,1.16502250868765
2007-02-05,1.1650150430194623
2007-02-06,1.1705418442759852
2007-02-07,1.1741920321147037
2007-02-08,1.177486877214601
2007-02-09,1.176410661746477
2007-02-12,1.1770729545754566
2007-02-13,1.1756096416768584
2007-02-14,1.1754864771554516
2007-02-15,1.1745136825499505
2007-02-16,1.1748879632440137
2007-02-20,1.1811707015882933
2007-02-21,1.1828210147532097
2007-02-22,1.1824228007556024
2007-02-23,1.1863111914716216
2007-02-26,1.1857462323128276
2007-02-27,1.1943702929329427
2007-02-28,1.1968864943919495
2007-03-01,1.196068886995403
2007-03-02,1.1980873320802268
2007-03-05,1.200487415036016
2007-03-06,1.1981402937581298
2007-03-07,1.1988630711059307
2007-03-08,1.1996455245173254
2007-03-09,1.201899621275385
2007-03-12,1.2048359400094828
2007-03-13,1.200041217817008
2007-03-14,1.1993385443849052
2007-03-15,1.197862001557374
2007-03-16,1.1944632598259393
2007-03-19,1.1922301373894777
2007-03-20,1.1920778655566866
2007-03-21,1.1896060407758888
2007-03-22,1.19040414094551
2007-03-23,1.19095223743364
2007-03-26,1.1907429360356068
2007-03-27,1.189161108691469
2007-03-28,1.1878505861092954
2007-03-29,1.1896062850802955
2007-03-30,1.190722271601667
2007-04-02,1.191029848159504
2007-04-03,1.1895331056748852
2007-04-04,1.1919479670210382
2007-04-05,1.1912626220840354
2007-04-09,1.1948623636637754
2007-04-10,1.1969421150890958
2007-04-11,1.1956311582443586
2007-04-12,1.1965880745591524
2007-04-13,1.1951890148564943
2007-04-16,1.1941262658570635
2007-04-17,1.1953806573343952
2007-04-18,1.1966010463998666
2007-04-19,1.1970558955712165
2007-04-20,1.1970306489971143
2007-04-23,1.1967233164354218
2007-04-24,1.200138681575608
2007-04-25,1.1967824634567683
2007-04-26,1.197429528457845
2007-04-27,1.1993742878739546
2007-04-30,1.1992180425587375
2007-05-01,1.200938158146081
2007-05-02,1.2002088161464275
2007-05-03,1.200247883111136
2007-05-04,1.2009931040223625
2007-05-07,1.200590868125376
2007-05-08,1.204735386567872
2007-05-09,1.1977084784713756
2007-05-10,1.189811021352733
2007-05-11,1.187592901960974
2007-05-14,1.1869560646364967
2007-05-15,1.1875315605987735
2007-05-16,1.187717925507948
2007-05-17,1.1871612269525582
2007-05-18,1.1872765623301342
2007-05-21,1.1884080271143511
2007-05-22,1.188622351015014
2007-05-23,1.1863091969613246
2007-05-24,1.18615106303416
2007-05-25,1.185302204875171
2007-05-29,1.1839190472715249
2007-05-30,1.1821189264917775
2007-05-31,1.1867540877968412
2007-06-01,1.1878835414333313
2007-06-04,1.1902173147993635
2007-06-05,1.1919010355683497
2007-06-06,1.1917426560981594
2007-06-07,1.1958436520426334
2007-06-08,1.195765120141125
2007-06-11,1.1951681029853074
2007-06-12,1.1956030643845088
2007-06-13,1.19467522786868
2007-06-14,1.1947826423250227
2007-06-15,1.1928025422260515
2007-06-18,1.1931721955230357
2007-06-19,1.1951781473308751
2007-06-20,1.1872520648630431
2007-06-21,1.1859471780183417
2007-06-22,1.18990456698832
2007-06-25,1.1885798746546854
2007-06-26,1.1886156594375568
2007-06-27,1.188398866637664
2007-06-28,1.189683392296392
2007-06-29,1.1928911456882203
2007-07-02,1.1886517671454666
2007-07-03,1.1888497393674131
2007-07-05,1.1873515531363483
2007-07-06,1.1900761293561866
2007-07-09,1.1920730599423468
2007-07-10,1.189898467558926
2007-07-11,1.190269606951191
2007-07-12,1.188592909134224
2007-07-13,1.1902011526245222
2007-07-16,1.1914146732834383
2007-07-17,1.1971268315616663
2007-07-18,1.196828360558458
2007-07-19,1.1958330812337543
2007-07-20,1.1923193752403636
2007-07-23,1.193006587253148
2007-07-24,1.1970553678782692
2007-07-25,1.2020987831065464
2007-07-26,1.2081341751895152
2007-07-27,1.2140381524507782
2007-07-30,1.2157296973156697
2007-07-31,1.215375048158476
2007-08-01,1.216231775738082
2007-08-02,1.2150254302504593
2007-08-03,1.214905226276125
2007-08-06,1.2164241602528632
2007-08-07,1.21606972741504
2007-08-08,1.218876267527695
2007-08-09,1.2213238994449995
2007-08-10,1.222408019909511
2007-08-13,1.225371401197166
2007-08-14,1.2341755737218365
2007-08-15,1.2380009129730845
2007-08-16,1.2388948884893043
2007-08-17,1.2392640197454805
2007-08-20,1.2378578325851803
2007-08-21,1.238319128983746
2007-08-22,1.2417915596527132
2007-08-23,1.2416606563518122
2007-08-24,1.244925857730911
2007-08-27,1.244914085767234
2007-08-28,1.248564830135152
2007-08-29,1.247635027920447
2007-08-30,1.2463124574525477
2007-08-31,1.2470313960356405
2007-09-04,1.2476624591896583
2007-09-05,1.2451121978601316
2007-09-06,1.2492803525767815
2007-09-07,1.247848529388084
2007-09-10,1.248336802834325
2007-09-11,1.2479278638407874
2007-09-12,1.2470969667897938
2007-09-13,1.246961194276005
2007-09-14,1.2488704684518188
2007-09-17,1.2482361035723737
2007-09-18,1.2497005861192751
2007-09-19,1.2536070182426102
2007-09-20,1.2553671378336644
2007-09-21,1.2590734430299335
2007-09-24,1.257328867524493
2007-09-25,1.258899086260677
2007-09-26,1.2584782655197866
2007-09-27,1.2577876950878413
2007-09-28,1.2574723811933295
2007-10-01,1.2560752504403303
2007-10-02,1.2565950275485152
2007-10-03,1.256084391833607
2007-10-04,1.2548709275796264
2007-10-05,1.2520308448415507
2007-10-08,1.2565864847627564
2007-10-09,1.2570557408054477
2007-10-10,1.2566992718609873
2007-10-11,1.2541973805871511
2007-10-12,1.2537818920966393
2007-10-15,1.2526020775555975
2007-10-16,1.2529638606454272
2007-10-17,1.2521964038207571
2007-10-18,1.2521960108609735
2007-10-19,1.256628761802756
2007-10-22,1.2622415730619971
2007-10-23,1.2613491717101386
2007-10-24,1.259568147604369
2007-10-25,1.2595626041398071
2007-10-26,1.2579024792664608
2007-10-29,1.2584353313936198
2007-10-30,1.2600793440916018
2007-10-31,1.259614782733144
2007-11-01,1.2630328105577318
2007-11-02,1.261139833593563
2007-11-05,1.2672695826593354
2007-11-06,1.26670921596831
2007-11-07,1.2718553592218054
2007-11-08,1.2732685371219614
2007-11-09,1.282731669221766
2007-11-12,1.28905387130887
2007-11-13,1.293037544656516
2007-11-14,1.2940479128343012
2007-11-15,1.290990493537507
2007-11-16,1.2885235158999726
2007-11-19,1.2889595478230942
2007-11-20,1.2915898765680558
2007-11-21,1.294263268610865
2007-11-23,1.298088857378102
2007-11-26,1.2990784427897872
2007-11-27,1.296511191373243
2007-11-28,1.3011453742348391
2007-11-29,1.3026593208958954
2007-11-30,1.303985508727321
2007-12-03,1.3053397026096163
2007-12-04,1.3061966737188528
2007-12-05,1.3017134696484671
2007-12-06,1.3004571423540476
2007-12-07,1.3055904858727712
2007-12-10,1.3063563487475724
2007-12-11,1.305579026078624
2007-12-12,1.3096237451728387
2007-12-13,1.3096511072759047
2007-12-14,1.3078537080775168
2007-12-17,1.308944695441024
2007-12-18,1.309758974673972
2007-12-19,1.3100818072280085
2007-12-20,1.3076354196610138
2007-12-21,1.310276773296807
2007-12-24,1.3161386799595285
2007-12-26,1.3151115944281422
2007-12-27,1.3128649538679729
2007-12-28,1.3114496639924895
2007-12-31,1.3108215941321282
2008-01-02,1.31830666468111
2008-01-03,1.3199055341022072
2008-01-04,1.3311803498591432
2008-01-07,1.3330504776563892
2008-01-08,1.3419890266045988
2008-01-09,1.3437884153416533
2008-01-10,1.3445456465004963
2008-01-11,1.345705022802111
2008-01-14,1.3430755871028577
2008-01-15,1.3454925258692825
2008-01-16,1.3500268152157715
2008-01-17,1.3612479798019983
2008-01-18,1.362695359054773
2008-01-22,1.3635023456610949
2008-01-23,1.3657579524046568
2008-01-24,1.3655862640644896
2008-01-25,1.361685338648305
2008-01-28,1.3630089225074045
2008-01-29,1.365993437398741
2008-01-30,1.3673186659539125
2008-01-31,1.3680778828913032
2008-02-01,1.3700701729537446
2008-02-04,1.3697703976428468
2008-02-05,1.3746434141881814
2008-02-06,1.3752458089275763
2008-02-07,1.3758192231636517
2008-02-08,1.3768400524166242
2008-02-11,1.3765541571980473
2008-02-12,1.3763675272165383
2008-02-13,1.376398782514985
2008-02-14,1.3730724969237675
2008-02-15,1.3701734297668626
2008-02-19,1.367301505295473
2008-02-20,1.3719582435507476
2008-02-21,1.3685306067118013
2008-02-22,1.3655558329134274
2008-02-25,1.3655976596512085
2008-02-26,1.3681387962063276
2008-02-27,1.368797924319528
2008-02-28,1.367581552598936
2008-02-29,1.3733079387608051
2008-03-03,1.3763218957772532
2008-03-04,1.3772277484459936
2008-03-05,1.376956288173128
2008-03-06,1.3770649759488474
2008-03-07,1.3798809401839942
2008-03-10,1.386708011256107
2008-03-11,1.388355526159279
2008-03-12,1.3886533615844292
2008-03-13,1.3865424534356052
2008-03-14,1.3850003873229435
2008-03-17,1.3872269516835
2008-03-18,1.3912620913322629
2008-03-19,1.3924579833970048
2008-03-20,1.398882652653597
2008-03-24,1.4045502437114024
2008-03-25,1.4054684177647705
2008-03-26,1.405100347617201
2008-03-27,1.4091130643749885
2008-03-28,1.4103095554970049
2008-03-31,1.4108343411120703
2008-04-01,1.413099847340164
2008-04-02,1.4171757439365258
2008-04-03,1.4180098171480064
2008-04-04,1.4170695995619813
2008-04-07,1.4165211513654965
2008-04-08,1.41859996772954
2008-04-09,1.416740102651974
2008-04-10,1.41755778333122
2008-04-11,1.418014008882836
2008-04-14,1.419934961213433
2008-04-15,1.418992001956394
2008-04-16,1.4197527195556097
2008-04-17,1.4213301033784402
2008-04-18,1.4232226435714597
2008-04-21,1.4276662894191374
2008-04-22,1.427935772580462
2008-04-23,1.4262748876496814
2008-04-24,1.4245809211052234
2008-04-25,1.4222416073436208
2008-04-28,1.4230404085546513
2008-04-29,1.4243669612665992
2008-04-30,1.4271242518805876
2008-05-01,1.42130987431251
2008-05-02,1.4197555762021823
2008-05-05,1.41245696569884
2008-05-06,1.4125982696436037
2008-05-07,1.407402229867896
2008-05-08,1.4070853012791928
2008-05-09,1.4071283544027888
2008-05-12,1.4104428062853005
2008-05-13,1.4119317836853291
2008-05-14,1.4090264804302626
2008-05-15,1.409667657881544
2008-05-16,1.4095539556913963
2008-05-19,1.4115639669194693
2008-05-20,1.4098655202014023
2008-05-21,1.412348298839623
2008-05-22,1.4108419991576715
2008-05-23,1.416367824556508
2008-05-27,1.415455651588131
2008-05-28,1.41442727601683
2008-05-29,1.4136790269221235
2008-05-30,1.413515354490692
2008-06-02,1.4100195207612225
2008-06-03,1.414518236126274
2008-06-04,1.414931273047885
2008-06-05,1.4151250605919203
2008-06-06,1.4150067138147115
2008-06-09,1.4153790142062042
2008-06-10,1.416806138568906
2008-06-11,1.4215690984817857
2008-06-12,1.4226145271888324
2008-06-13,1.4226622589485165
2008-06-16,1.421681172297186
2008-06-17,1.4200666772174293
2008-06-18,1.4278531118589517
2008-06-19,1.4286795745528298
2008-06-20,1.4290000911444185
2008-06-23,1.4290314948192004
2008-06-24,1.4278713445237683
2008-06-25,1.4275591763777138
2008-06-26,1.4342583557205226
2008-06-27,1.442930848453716
2008-06-30,1.4443969124683629
2008-07-01,1.4437532137217102
2008-07-02,1.4418126098186668
2008-07-03,1.4422836868721125
2008-07-07,1.443695077607463
2008-07-08,1.4481828391277298
2008-07-09,1.4472323870353032
2008-07-10,1.4455906076540237
2008-07-11,1.4423400569216422
2008-07-14,1.4424578192594633
2008-07-15,1.4410311054003342
2008-07-16,1.4487774591976028
2008-07-17,1.4515648781695465
2008-07-18,1.4506905809834143
2008-07-21,1.4486279591205362
2008-07-22,1.445957361271044
2008-07-23,1.4437066281577595
2008-07-24,1.4465807890069928
2008-07-25,1.4461041544018751
2008-07-28,1.451414613831961
2008-07-29,1.450100120535644
2008-07-30,1.4505795747781278
2008-07-31,1.4509033699350284
2008-08-01,1.454124258917784
2008-08-04,1.4499241119164363
2008-08-05,1.448427280454564
2008-08-06,1.4486055362171606
2008-08-07,1.4472496762986935
2008-08-08,1.449337835536446
2008-08-11,1.4493191702775918
2008-08-12,1.450114596457491
2008-08-13,1.448629367056837
2008-08-14,1.4485364175528717
2008-08-15,1.447754685607086
2008-08-18,1.4473310895250249
2008-08-19,1.4434737330629783
2008-08-20,1.4479793760781807
2008-08-21,1.4476251029902354
2008-08-22,1.4491385154104004
2008-08-25,1.4488944500400265
2008-08-26,1.4484931501841394
2008-08-27,1.4485486116050297
2008-08-28,1.4453997118885509
2008-08-29,1.4447428057128358
2008-09-02,1.444143479834983
2008-09-03,1.443661239995495
2008-09-04,1.4514181180543428
2008-09-05,1.4524535031082522
2008-09-08,1.4539009988595786
2008-09-09,1.4561842285252695
2008-09-10,1.455605679937026
2008-09-11,1.4570708361242726
2008-09-12,1.4575614835911133
2008-09-15,1.458185488533803
2008-09-16,1.457430529939946
2008-09-17,1.4695323084993028
2008-09-18,1.46899646559053
2008-09-19,1.4778777718657754
2008-09-22,1.4775958535449631
2008-09-23,1.477055220200289
2008-09-24,1.4832790728940373
2008-09-25,1.483281289710966
2008-09-26,1.4819935739984187
2008-09-29,1.495103721346074
2008-09-30,1.4952090366067352
2008-10-01,1.497927832384914
2008-10-02,1.5029388815804197
2008-10-03,1.5090231583816829
2008-10-06,1.5296152235185227
2008-10-07,1.5727075981028558
2008-10-08,1.598037794965132
2008-10-09,1.6394452656343117
2008-10-10,1.6560578073250225
2008-10-13,1.664051294808504
2008-10-14,1.671285973993612
2008-10-15,1.6763285916997264
2008-10-16,1.6725183099578786
2008-10-17,1.6760836649677937
2008-10-20,1.6786025860795606
2008-10-21,1.67693273024007
2008-10-22,1.68767027923471
2008-10-23,1.6894851743384631
2008-10-24,1.6977120044484195
2008-10-27,1.7060015549942682
2008-10-28,1.7115720620138712
2008-10-29,1.7137776855922318
2008-10-30,1.722921965485152
2008-10-31,1.730066971197886
2008-11-03,1.731585825655031
2008-11-04,1.7358617009525246
2008-11-05,1.7357305164998644
2008-11-06,1.7455970259420055
2008-11-07,1.7441433183587087
2008-11-10,1.7514891466621525
2008-11-11,1.7537862733894345
2008-11-12,1.762132043601759
2008-11-13,1.762851052695658
2008-11-14,1.7624993676097394
2008-11-17,1.7631496759282663
2008-11-18,1.760411138576637
2008-11-19,1.7829627336331977
2008-11-20,1.8053983454026716
2008-11-21,1.803468763066483
2008-11-24,1.807492056405502
2008-11-25,1.815685425789104
2008-11-26,1.8296990986531707
2008-11-28,1.8332941024211449
2008-12-01,1.838150802077156
2008-12-02,1.8386738935641307
2008-12-03,1.8402680425958853
2008-12-04,1.8380663432657645
2008-12-05,1.8349105106746104
2008-12-08,1.8396591945462863
2008-12-09,1.8389007257854908
2008-12-10,1.8393386760568344
2008-12-11,1.8377053298603905
2008-12-12,1.8374378657457997
2008-12-15,1.837463192061604
2008-12-16,1.8406589070737804
2008-12-17,1.8406858486049036
2008-12-18,1.8373968818726103
2008-12-19,1.8336401682845385
2008-12-22,1.8297911815820516
2008-12-23,1.8342119392028344
2008-12-24,1.8406202767436195
2008-12-26,1.8393662157418071
2008-12-29,1.8378598874258083
2008-12-30,1.828765609725456
2008-12-31,1.8275439848201311
2009-01-02,1.8344505238104996
2009-01-05,1.837566972038081
2009-01-06,1.8367148015915185
2009-01-07,1.8332790431557104
2009-01-08,1.8304680324249123
2009-01-09,1.8269226170869508
2009-01-12,1.8362831610378347
2009-01-13,1.8365212544903893
2009-01-14,1.839414976900226
2009-01-15,1.837103003883639
2009-01-16,1.8331907262779528
2009-01-20,1.831150898578176
2009-01-21,1.8287441274049063
2009-01-22,1.831692092459845
2009-01-23,1.8312000458997897
2009-01-26,1.825395650166713
2009-01-27,1.82439323391424
2009-01-28,1.8164552243200005
2009-01-29,1.8163599807236863
2009-01-30,1.816056091572146
2009-02-02,1.813683628255594
2009-02-03,1.8146039483501184
2009-02-04,1.8129946356727724
2009-02-05,1.8090848774364887
2009-02-06,1.808601611689224
2009-02-09,1.8082907227483072
2009-02-10,1.8076320241940325
2009-02-11,1.8091594374375288
2009-02-12,1.807200739115281
2009-02-13,1.803665656542176
2009-02-17,1.7987757496703087
2009-02-18,1.7994619454725886
2009-02-19,1.7978292884998597
2009-02-20,1.7939725876477144
2009-02-23,1.7929000785386031
2009-02-24,1.7970103157383093
2009-02-25,1.8004235125501744
2009-02-26,1.7997537752774702
2009-02-27,1.7979074906042667
2009-03-02,1.8013607276633825
2009-03-03,1.8026404679016883
2009-03-04,1.8024207247198485
2009-03-05,1.8021606276665036
2009-03-06,1.805155440020885
2009-03-09,1.804082364282592
2009-03-10,1.8016880851101524
2009-03-11,1.8063508285546688
2009-03-12,1.8106653789177625
2009-03-13,1.817505887255636
2009-03-16,1.8183716007470057
2009-03-17,1.8195046739031573
2009-03-18,1.8212937203205743
2009-03-19,1.818649365869342
2009-03-20,1.812734519581776
2009-03-23,1.8126404540497296
2009-03-24,1.810527505980973
2009-03-25,1.810078175571072
2009-03-26,1.806830506525412
2009-03-27,1.8088936279921612
2009-03-30,1.80730769023528
2009-03-31,1.803221866864966
2009-04-01,1.8061509969859095
2009-04-02,1.802936895859312
2009-04-03,1.806792561396375
2009-04-06,1.8052551412487523
2009-04-07,1.8032255898878005
2009-04-08,1.798963867228392
2009-04-09,1.7965631153423007
2009-04-13,1.795062958247377
2009-04-14,1.8014816646105407
2009-04-15,1.802589056993234
2009-04-16,1.8014767674088172
2009-04-17,1.8042480166363453
2009-04-20,1.7927438433190197
2009-04-21,1.7897724252431575
2009-04-22,1.7847006724247558
2009-04-23,1.778660506008008
2009-04-24,1.7785289808883775
2009-04-27,1.7755947305088686
2009-04-28,1.771766646808202
2009-04-29,1.7689666286244827
2009-04-30,1.7709546527371725
2009-05-01,1.7732701117747005
2009-05-04,1.759908197418055
2009-05-05,1.7597342127663207
2009-05-06,1.7625411458062852
2009-05-07,1.762195463000076
2009-05-08,1.761066824160746
2009-05-11,1.7603533615825506
2009-05-12,1.762148313771119
2009-05-13,1.7562313825200937
2009-05-14,1.7555264095106349
2009-05-15,1.75414185785928
2009-05-18,1.7515961505924134
2009-05-19,1.7545439874320394
2009-05-20,1.756966352998829
2009-05-21,1.7509272008737364
2009-05-22,1.748470682924301
2009-05-26,1.7423628453732676
2009-05-27,1.7387807470351213
2009-05-28,1.736432081102952
2009-05-29,1.7373771746568163
2009-06-01,1.733507269797787
2009-06-02,1.7342505555923733
2009-06-03,1.7382012087282452
2009-06-04,1.742225854474348
2009-06-05,1.7461588804892478
2009-06-08,1.7493717883003936
2009-06-09,1.7492619512017764
2009-06-10,1.749035554464846
2009-06-11,1.7544753786963494
2009-06-12,1.7581928314518012
2009-06-15,1.7466034675021511
2009-06-16,1.747305125693511
2009-06-17,1.7458889273677685
2009-06-18,1.7504396381973344
2009-06-19,1.7496152516814178
2009-06-22,1.7417790189638256
2009-06-23,1.7401242664634744
2009-06-24,1.7471157455943045
2009-06-25,1.743576270118813
2009-06-26,1.7407556317178718
2009-06-29,1.7398937353226005
2009-06-30,1.7426948834127465
2009-07-01,1.7422111697332627
2009-07-02,1.7359618472504654
2009-07-06,1.737206709830524
2009-07-07,1.7367425347739978
2009-07-08,1.7371647724426822
2009-07-09,1.743785488633131
2009-07-10,1.7436027451697964
2009-07-13,1.737619501241856
2009-07-14,1.7361130593061929
2009-07-15,1.7256541739486966
2009-07-16,1.7239735041502622
2009-07-17,1.724244346261833
2009-07-20,1.7224819081570335
2009-07-21,1.7184899423509288
2009-07-22,1.7179427552870163
2009-07-23,1.7098027564256189
2009-07-24,1.7092861851968746
2009-07-27,1.707838324370342
2009-07-28,1.7096293997864964
2009-07-29,1.7095944741857223
2009-07-30,1.7083186938106414
2009-07-31,1.7092690922813838
2009-08-03,1.698666765150348
2009-08-04,1.697650783191964
2009-08-05,1.6970014816308807
2009-08-06,1.6958291065917186
2009-08-07,1.6927338713734852
2009-08-10,1.690208708952097
2009-08-11,1.684522970935567
2009-08-12,1.6794386821250695
2009-08-13,1.6879984090067144
2009-08-14,1.689946840499936
2009-08-17,1.6835937186159529
2009-08-18,1.6828683634625674
2009-08-19,1.6817968953707851
2009-08-20,1.6792922541870954
2009-08-21,1.6721344457301746
2009-08-24,1.6723360772540148
2009-08-25,1.6725381488961737
2009-08-26,1.672784782413706
2009-08-27,1.680909239966495
2009-08-28,1.686045270600335
2009-08-31,1.684565695612937
2009-09-01,1.6761271244161908
2009-09-02,1.674812201620442
2009-09-03,1.6732389164252106
2009-09-04,1.6713250859026836
2009-09-08,1.6723127856880478
2009-09-09,1.6704693066270278
2009-09-10,1.6694146902717582
2009-09-11,1.6687976130826168
2009-09-14,1.671900936930157
2009-09-15,1.6730634883610465
2009-09-16,1.6683003457351688
2009-09-17,1.6684331424388077
2009-09-18,1.6696520946259734
2009-09-21,1.6702543491782835
2009-09-22,1.672496150183297
2009-09-23,1.6698356856587608
2009-09-24,1.6681454943828602
2009-09-25,1.6700826662411636
2009-09-28,1.668783445965566
2009-09-29,1.668191148080152
2009-09-30,1.6707827599039988
2009-10-01,1.6615974055504956
2009-10-02,1.6626203446072672
2009-10-05,1.6594593386782486
2009-10-06,1.6639469938277756
2009-10-07,1.6658338585601764
2009-10-08,1.6667911109710218
2009-10-09,1.66826773007054
2009-10-12,1.6696877000030266
2009-10-13,1.6725759041799295
2009-10-14,1.6674801416464728
2009-10-15,1.669543719605498
2009-10-16,1.6739937295523537
2009-10-19,1.6740866716994396
2009-10-20,1.6714217432047267
2009-10-21,1.6709649391639494
2009-10-22,1.6692154962909758
2009-10-23,1.6638493831868837
2009-10-26,1.6668086552986217
2009-10-27,1.6643584944379362
2009-10-28,1.6597857554112114
2009-10-29,1.6578333640792344
2009-10-30,1.6532564694689196
2009-11-02,1.6523771900441124
2009-11-03,1.6514360900500065
2009-11-04,1.6508705548259857
2009-11-05,1.6447095929057185
2009-11-06,1.6450770567236703
2009-11-09,1.6461150118528232
2009-11-10,1.6501893649723471
2009-11-11,1.650595795130276
2009-11-12,1.6502136135927057
2009-11-13,1.6498501339864975
2009-11-16,1.6453255232814137
2009-11-17,1.6447455248613518
2009-11-18,1.64935099572196
2009-11-19,1.6416406379705082
2009-11-20,1.6370837195020818
2009-11-23,1.6374806947348175
2009-11-24,1.6421110038131406
2009-11-25,1.6447444830418916
2009-11-27,1.6376484871336143
2009-11-30,1.6370517706975944
2009-12-01,1.6364894904203258
2009-12-02,1.639357797214296
2009-12-03,1.639639122529396
2009-12-04,1.640199589005377
2009-12-07,1.6386819935975556
2009-12-08,1.6384158673014777
2009-12-09,1.6404209962094505
2009-12-10,1.644732842622611
2009-12-11,1.6458493783969377
2009-12-14,1.6480107034359563
2009-12-15,1.6502946425128513
2009-12-16,1.6490123400052434
2009-12-17,1.6528979348852015
2009-12-18,1.6536226711420432
2009-12-21,1.6532645234850816
2009-12-22,1.651939869689108
2009-12-23,1.6578762824758868
2009-12-24,1.659299895794935
2009-12-28,1.6593676469257148
2009-12-29,1.6600981312097105
2009-12-30,1.6618583902689554
2009-12-31,1.655067749123177
2010-01-04,1.65114679396348
2010-01-05,1.6493598604905022
2010-01-06,1.64953782275045
2010-01-07,1.6497873788974111
2010-01-08,1.651425594280773
2010-01-11,1.65403052514075
2010-01-12,1.652563561969742
2010-01-13,1.6531697119525393
2010-01-14,1.6532344278951452
2010-01-15,1.6474652696376146
2010-01-19,1.6409182250742949
2010-01-20,1.6380898980125709
2010-01-21,1.633411375290709
2010-01-22,1.6355100957152782
2010-01-25,1.636868117757219
2010-01-26,1.635677268692041
2010-01-27,1.6343552126246028
2010-01-28,1.6298197573323736
2010-01-29,1.626209827116771
2010-02-01,1.623946256690407
2010-02-02,1.623389946668693
2010-02-03,1.6237460534601136
2010-02-04,1.613731110100828
2010-02-05,1.6123800327307274
2010-02-08,1.609951931226219
2010-02-09,1.6077811235622146
2010-02-10,1.609006000286467
2010-02-11,1.6087917514622052
2010-02-12,1.6112348726078778
2010-02-16,1.6071351883631193
2010-02-17,1.6042163178409097
2010-02-18,1.605639103685471
2010-02-19,1.6064832983596662
2010-02-22,1.611557776469965
2010-02-23,1.6111791393187227
2010-02-24,1.6144594160111605
2010-02-25,1.6143979538370377
2010-02-26,1.613925683966805
2010-03-01,1.6124269111880256
2010-03-02,1.6132839156399963
2010-03-03,1.6139671195132206
2010-03-04,1.6122524580176076
2010-03-05,1.6061399335985151
2010-03-08,1.6055290487297562
2010-03-09,1.6100664886135252
2010-03-10,1.6145306473548382
2010-03-11,1.619197527140748
2010-03-12,1.6245769403183257
2010-03-15,1.628804209490339
2010-03-16,1.6314023523039352
2010-03-17,1.6337511063449326
2010-03-18,1.6385815724536883
2010-03-19,1.639565454635967
2010-03-22,1.637481990901785
2010-03-23,1.6347007255416692
2010-03-24,1.6321579800970862
2010-03-25,1.638921928310211
2010-03-26,1.6421816877015634
2010-03-29,1.6447365914275989
2010-03-30,1.6499141155774275
2010-03-31,1.651024873828407
2010-04-01,1.6548356046555313
2010-04-05,1.6526612389019313
2010-04-06,1.6550263384521935
2010-04-07,1.656435519373344
2010-04-08,1.6578169757419283
2010-04-09,1.660789949555222
2010-04-12,1.6590446817244675
2010-04-13,1.6606637157742443
2010-04-14,1.6535719599820924
2010-04-15,1.6542341918995347
2010-04-16,1.649013789421059
2010-04-19,1.6474677287093669
2010-04-20,1.6504363330894405
2010-04-21,1.6535727955057462
2010-04-22,1.6545074247690854
2010-04-23,1.653887453257228
2010-04-26,1.6570459579558303
2010-04-27,1.6546340789846672
2010-04-28,1.6544902752153428
2010-04-29,1.6554788152281832
2010-04-30,1.6533195139496302
2010-05-03,1.6511847394701158
2010-05-04,1.6511318848840495
2010-05-05,1.652289816250155
2010-05-06,1.6528957161659958
2010-05-07,1.657331746008681
2010-05-10,1.6517178493135032
2010-05-11,1.6525056856888785
2010-05-12,1.6481142286488046
2010-05-13,1.6469088181781333
2010-05-14,1.6450959707328026
2010-05-17,1.643728073775985
2010-05-18,1.643118744107774
2010-05-19,1.6460514167315237
2010-05-20,1.6509117903107833
2010-05-21,1.6508623614599265
2010-05-24,1.652171935836647
2010-05-25,1.6526622111848188
2010-05-26,1.6496134434766332
2010-05-27,1.6433818335249406
2010-05-28,1.6465266014036084
2010-06-01,1.6457108855898752
2010-06-02,1.6470532252099457
2010-06-03,1.647044844855985
2010-06-04,1.6401304381282398
2010-06-07,1.6419641104413478
2010-06-08,1.6486408302687134
2010-06-09,1.6486747728185862
2010-06-10,1.6468416831687902
2010-06-11,1.6470166788150915
2010-06-14,1.645534427449999
2010-06-15,1.6450791690258932
2010-06-16,1.6447086602829986
2010-06-17,1.6435956319382938
2010-06-18,1.6450499864274772
2010-06-21,1.6459422269090096
2010-06-22,1.6422190135213943
2010-06-23,1.6432167071033243
2010-06-24,1.6415478517113942
2010-06-25,1.6421735922617662
2010-06-28,1.639821740371119
2010-06-29,1.6366252822985548
2010-06-30,1.6364171520932058
2010-07-01,1.642524691199033
2010-07-02,1.6440715492055646
2010-07-06,1.6429338932057305
2010-07-07,1.6407075897161385
2010-07-08,1.6424087440800532
2010-07-09,1.6438184468686503
2010-07-12,1.643451560660374
2010-07-13,1.6430337155751868
2010-07-14,1.645529390704426
2010-07-15,1.6472080494122103
2010-07-16,1.6420598072370611
2010-07-19,1.6403384843039788
2010-07-20,1.647204738661602
2010-07-21,1.645602392636875
2010-07-22,1.6409351066932552
2010-07-23,1.6410679973820566
2010-07-26,1.6492598094374364
2010-07-27,1.6508956548304257
2010-07-28,1.6506495332023108
2010-07-29,1.650528777521274
2010-07-30,1.6512149720095255
2010-08-02,1.6520312196207758
2010-08-03,1.6518664354156465
2010-08-04,1.6525903823708974
2010-08-05,1.6549652314294203
2010-08-06,1.655954863065765
2010-08-09,1.6559337435835906
2010-08-10,1.653884130246399
2010-08-11,1.6495829421595876
2010-08-12,1.6492838170387392
2010-08-13,1.6475903641556136
2010-08-16,1.6449255809046583
2010-08-17,1.6471515963386023
2010-08-18,1.6464605406853812
2010-08-19,1.64385022130836
2010-08-20,1.6439316222651763
2010-08-23,1.6411702726189938
2010-08-24,1.6397960803133682
2010-08-25,1.638420728581883
2010-08-26,1.6398355116074232
2010-08-27,1.6396185063909985
2010-08-30,1.6390720092980215
2010-08-31,1.6421984332938016
2010-09-01,1.6384866803208022
2010-09-02,1.640192797663556
2010-09-03,1.6397324631149237
2010-09-07,1.63873366989921
2010-09-08,1.6402839390948467
2010-09-09,1.6444822332130742
2010-09-10,1.6462193615893612
2010-09-13,1.6427492900702418
2010-09-14,1.6443965076475155
2010-09-15,1.642608467759527
2010-09-16,1.6427759933784585
2010-09-17,1.646383840823242
2010-09-20,1.6390916605419874
2010-09-21,1.6381662604794551
2010-09-22,1.6381827544710006
2010-09-23,1.6350803653860535
2010-09-24,1.629779163705259
2010-09-27,1.6260650240327592
2010-09-28,1.6307260440224784
2010-09-29,1.636625188856404
2010-09-30,1.638112918245172
2010-10-01,1.6404900170143475
2010-10-04,1.6387824313734718
2010-10-05,1.6379610241613558
2010-10-06,1.6383770645620324
2010-10-07,1.6420105584266305
2010-10-08,1.6428811644037966
2010-10-11,1.6452032108540506
2010-10-12,1.6481443848784456
2010-10-13,1.6503197899760904
2010-10-14,1.654681089298489
2010-10-15,1.6569395802129914
2010-10-18,1.6564780385562976
2010-10-19,1.6505147864661829
2010-10-20,1.6471645121198235
2010-10-21,1.6433908053863089
2010-10-22,1.6412287297069907
2010-10-25,1.6398174345271292
2010-10-26,1.6485238098671469
2010-10-27,1.652819386128744
2010-10-28,1.6554387702329818
2010-10-29,1.6573285789300063
2010-11-01,1.6603487918023343
2010-11-02,1.6600996659545686
2010-11-03,1.6598606881525737
2010-11-04,1.644846993858376
2010-11-05,1.6400618580591668
2010-11-08,1.6374150342779528
2010-11-09,1.6361726579967488
2010-11-10,1.637336723061759
2010-11-11,1.6365950746231874
2010-11-12,1.6353953632196585
2010-11-15,1.635596203649177
2010-11-16,1.629864909305879
2010-11-17,1.627874361230714
2010-11-18,1.622787982582318
2010-11-19,1.6239590969856912
2010-11-22,1.6287897790308423
2010-11-23,1.6245509421012876
2010-11-24,1.6231681256345467
2010-11-26,1.6201168011802425
2010-11-29,1.6176931296635142
2010-11-30,1.6126609133644347
2010-12-01,1.6072016267350313
2010-12-02,1.608858962513261
2010-12-03,1.6081779099734328
2010-12-06,1.606259997834432
2010-12-07,1.6047853029846886
2010-12-08,1.6061686071054604
2010-12-09,1.6087875191189558
2010-12-10,1.6099138367654602
2010-12-13,1.6117262632346228
2010-12-14,1.6133668728833237
2010-12-15,1.6126143589205733
2010-12-16,1.6131121983436874
2010-12-17,1.6186190394836912
2010-12-20,1.6224070091110223
2010-12-21,1.62461740323408
2010-12-22,1.633701976095412
2010-12-23,1.637817735345269
2010-12-27,1.6435481080579326
2010-12-28,1.646973587836969
2010-12-29,1.6490685634859004
2010-12-30,1.6469266031240126
2010-12-31,1.6447074176274987
2011-01-03,1.6421973366385452
2011-01-04,1.6389489116771605
2011-01-05,1.6391127540897217
2011-01-06,1.639124923343278
2011-01-07,1.638486494095308
2011-01-10,1.6363900461532943
2011-01-11,1.633009493163567
2011-01-12,1.629656318330044
2011-01-13,1.6292000605149408
2011-01-14,1.6296234234778808
2011-01-18,1.6442162860873428
2011-01-19,1.640245698417468
2011-01-20,1.6389960431415678
2011-01-21,1.6396046060636214
2011-01-24,1.6368153290231846
2011-01-25,1.6372448729784883
2011-01-26,1.6355882404666715
2011-01-27,1.6329053984187016
2011-01-28,1.623069809684818
2011-01-31,1.6203741613045035
2011-02-01,1.618261951967416
2011-02-02,1.617640977694459
2011-02-03,1.6194211959211096
2011-02-04,1.6246620432112258
2011-02-07,1.6266126229636904
2011-02-08,1.6295326480269827
2011-02-09,1.6337814344642403
2011-02-10,1.638021132199698
2011-02-11,1.6415095765577654
2011-02-14,1.6480354595048714
2011-02-15,1.6527489459813791
2011-02-16,1.6547674048460348
2011-02-17,1.6566810570502002
2011-02-18,1.658732996313298
2011-02-22,1.646327540768314
2011-02-23,1.6472680257991985
2011-02-24,1.649966917469481
2011-02-25,1.6497094792203124
2011-02-28,1.649984909277817
2011-03-01,1.6467489121251468
2011-03-02,1.6465892046985222
2011-03-03,1.6434841768141666
2011-03-04,1.6401840638241576
2011-03-07,1.6349410508727154
2011-03-08,1.6366743247772388
2011-03-09,1.636919306520494
2011-03-10,1.6346033235897204
2011-03-11,1.634468175945989
2011-03-14,1.633935734324597
2011-03-15,1.6352657229149952
2011-03-16,1.6338081125169364
2011-03-17,1.6330904633566932
2011-03-18,1.6318843381946766
2011-03-21,1.632225078551958
2011-03-22,1.6310110461004974
2011-03-23,1.627725265901706
2011-03-24,1.6231852616095743
2011-03-25,1.6195365603827798
2011-03-28,1.617962349229794
2011-03-29,1.619330483709678
2011-03-30,1.6243627838610366
2011-03-31,1.6293984828102552
2011-04-01,1.6340540559490029
2011-04-04,1.63859735065858
2011-04-05,1.6419594916874516
2011-04-06,1.6432304341229884
2011-04-07,1.641988424257276
2011-04-08,1.6367699256296353
2011-04-11,1.6329822061097856
2011-04-12,1.6320086079266656
2011-04-13,1.6320087912878691
2011-04-14,1.6365865017546677
2011-04-15,1.637244798710147
2011-04-18,1.631433766567162
2011-04-19,1.6309456059433576
2011-04-20,1.6292530531882323
2011-04-21,1.630164102489973
2011-04-25,1.62974640998967
2011-04-26,1.63012345706303
2011-04-27,1.626182353953374
2011-04-28,1.6222580595770273
2011-04-29,1.6370731616232248
2011-05-02,1.6375026873224912
2011-05-03,1.636861849801103
2011-05-04,1.637991425097264
2011-05-05,1.6399158312782636
2011-05-06,1.637893792180438
2011-05-09,1.6459712526788028
2011-05-10,1.644997856149777
2011-05-11,1.6417558243167971
2011-05-12,1.638712969103578
2011-05-13,1.6364510059522324
2011-05-16,1.6373411430075036
2011-05-17,1.63978236390691
2011-05-18,1.6406943240005156
2011-05-19,1.640692152056114
2011-05-20,1.642444258705786
2011-05-23,1.631408912022254
2011-05-24,1.6284215507995057
2011-05-25,1.6222818223876851
2011-05-26,1.6173519045201057
2011-05-27,1.6191967990132143
2011-05-31,1.6166326838253444
2011-06-01,1.6135897363964096
2011-06-02,1.6173953924491118
2011-06-03,1.6154713540256804
2011-06-06,1.6138598903618258
2011-06-07,1.6119606760347016
2011-06-08,1.61172646689356
2011-06-09,1.6099637569149627
2011-06-10,1.6080746554337964
2011-06-13,1.6081919895467107
2011-06-14,1.6057736195841663
2011-06-15,1.6009554177161764
2011-06-16,1.6032871955822194
2011-06-17,1.6025349937320117
2011-06-20,1.6017895108807672
2011-06-21,1.599704963623459
2011-06-22,1.595886804712861
2011-06-23,1.5906118500290838
2011-06-24,1.5814497780881611
2011-06-27,1.5781393988130117
2011-06-28,1.5853479019012708
2011-06-29,1.5869871030458933
2011-06-30,1.5858923233979432
2011-07-01,1.5872226516969776
2011-07-05,1.5896063645628828
2011-07-06,1.590806830987109
2011-07-07,1.5913301772678938
2011-07-08,1.5907027743701343
2011-07-11,1.5860186269394858
2011-07-12,1.583220136396109
2011-07-13,1.586359163237505
2011-07-14,1.586742956567963
2011-07-15,1.5849956410104948
2011-07-18,1.5839410089455557
2011-07-19,1.580021686325575
2011-07-20,1.5760200472840824
2011-07-21,1.5685371373594872
2011-07-22,1.5696811698387163
2011-07-25,1.5725929511856385
2011-07-26,1.575185456607887
2011-07-27,1.57563979094675
2011-07-28,1.5758005231472387
2011-07-29,1.5789484881749458
2011-08-01,1.5805177365428544
2011-08-02,1.5782318323705866
2011-08-03,1.581514837532756
2011-08-04,1.5871162029783137
2011-08-05,1.5890592999291804
2011-08-08,1.616948984192921
2011-08-09,1.6169341091566996
2011-08-10,1.6224945405027449
2011-08-11,1.6229065981243296
2011-08-12,1.6239561972469132
2011-08-15,1.6274923917471145
2011-08-16,1.6284841842918756
2011-08-17,1.6229788976222597
2011-08-18,1.6267616601310029
2011-08-19,1.6267799618174528
2011-08-22,1.6228955600927333
2011-08-23,1.6179248197377682
2011-08-24,1.612172160344227
2011-08-25,1.6207686580373426
2011-08-26,1.620658995543421
2011-08-29,1.6210998651203856
2011-08-30,1.6227399303149304
2011-08-31,1.6224179464103965
2011-09-01,1.6208175037130168
2011-09-02,1.6204687609811843
2011-09-06,1.621011711536872
2011-09-07,1.625036536246739
2011-09-08,1.6248364786774911
2011-09-09,1.619559336518526
2011-09-12,1.6193667791742183
2011-09-13,1.619162688425316
2011-09-14,1.6186785808657775
2011-09-15,1.6180934292213858
2011-09-16,1.6172574720823665
2011-09-19,1.6178897457902863
2011-09-20,1.617517445357747
2011-09-21,1.6211405730051784
2011-09-22,1.6274819106207163
2011-09-23,1.6290141839767422
2011-09-26,1.6292565596415824
2011-09-27,1.6319941517126977
2011-09-28,1.6279781027854796
2011-09-29,1.627670088166521
2011-09-30,1.6288935678177408
2011-10-03,1.6362573898822852
2011-10-04,1.634166969831825
2011-10-05,1.6322793117239065
2011-10-06,1.633947526132412
2011-10-07,1.633432013118462
2011-10-10,1.637534387719009
2011-10-11,1.6375578550294805
2011-10-12,1.6393857329476476
2011-10-13,1.6404928118507895
2011-10-14,1.64344867912431
2011-10-17,1.6431678074410332
2011-10-18,1.6413585581098769
2011-10-19,1.642315403604256
2011-10-20,1.6441424292114355
2011-10-21,1.6454597217589717
2011-10-24,1.6473610214897572
2011-10-25,1.6561912598784272
2011-10-26,1.6557646721689758
2011-10-27,1.651130446218174
2011-10-28,1.6513293276786294
2011-10-31,1.6534026559402524
2011-11-01,1.6551315384458676
2011-11-02,1.6553014109631026
2011-11-03,1.6604019132158747
2011-11-04,1.6607033535355025
2011-11-07,1.6599556055581346
2011-11-08,1.6588739416243696
2011-11-09,1.653587520772061
2011-11-10,1.6527060871819246
2011-11-11,1.651752735548101
2011-11-14,1.6509454560448182
2011-11-15,1.6472477782080597
2011-11-16,1.649332927453665
2011-11-17,1.6486202924607878
2011-11-18,1.6483718411571715
2011-11-21,1.6470265401448203
2011-11-22,1.648678823235345
2011-11-23,1.6466815215091708
2011-11-25,1.6468109141994187
2011-11-28,1.644355252811319
2011-11-29,1.6467826132312229
2011-11-30,1.6446692805162144
2011-12-01,1.6502139993604312
2011-12-02,1.6527513824569795
2011-12-05,1.655486512462249
2011-12-06,1.656529090373713
2011-12-07,1.6608887125049685
2011-12-08,1.6503002890240202
2011-12-09,1.6473809121563563
2011-12-12,1.646651328290408
2011-12-13,1.6449291681280256
2011-12-14,1.6464424057141485
2011-12-15,1.6457505358619544
2011-12-16,1.6436296406303357
2011-12-19,1.6441561119681876
2011-12-20,1.6436176003996723
2011-12-21,1.6447102788777903
2011-12-22,1.6441920505272094
2011-12-23,1.645042048036819
2011-12-27,1.6467969786194896
2011-12-28,1.6441936142117008
2011-12-29,1.6441503627895202
2011-12-30,1.6440288053787768
2012-01-03,1.6368309111550632
2012-01-04,1.6357850044328308
2012-01-05,1.6376025991041572
2012-01-06,1.6393693510294856
2012-01-09,1.646857012056848
2012-01-10,1.648084607309113
2012-01-11,1.6522901766008686
2012-01-12,1.658017878984301
2012-01-13,1.660573645096148
2012-01-17,1.665922727040791
2012-01-18,1.6663292243061714
2012-01-19,1.6681430741291057
2012-01-20,1.667947989875415
2012-01-23,1.6704081227995398
2012-01-24,1.673234671828578
2012-01-25,1.6784433591301928
2012-01-26,1.6853310561981152
2012-01-27,1.6885090715817268
2012-01-30,1.689079062483318
2012-01-31,1.6946941584932629
2012-02-01,1.6934134942513843
2012-02-02,1.6952545663019367
2012-02-03,1.6919681288246755
2012-02-06,1.6944468816122744
2012-02-07,1.6941060404295163
2012-02-08,1.6979995771854135
2012-02-09,1.7035901956038997
2012-02-10,1.7045823638463136
2012-02-13,1.7036613035563948
2012-02-14,1.7023954239122767
2012-02-15,1.7031459742232475
2012-02-16,1.700967624294857
2012-02-17,1.702287347394151
2012-02-21,1.7097550749952788
2012-02-22,1.7113574873848034
2012-02-23,1.7125050986054973
2012-02-24,1.713931395376121
2012-02-27,1.717329555000095
2012-02-28,1.719743234564061
2012-02-29,1.7170726348232772
2012-03-01,1.7175711428747562
2012-03-02,1.717600159677906
2012-03-05,1.7201826584316326
2012-03-06,1.7205867872323937
2012-03-07,1.7206508731981922
2012-03-08,1.7187324461173674
2012-03-09,1.7149340613160424
2012-03-12,1.7163602000092055
2012-03-13,1.7090682339821333
2012-03-14,1.709730188626165
2012-03-15,1.7107659284454797
2012-03-16,1.7113263915860395
2012-03-19,1.713103700366842
2012-03-20,1.7202444694708996
2012-03-21,1.7220795469743908
2012-03-22,1.721098160676302
2012-03-23,1.719012278624516
2012-03-26,1.718819117564078
2012-03-27,1.71811068363345
2012-03-28,1.7168389216642317
2012-03-29,1.7194605325654826
2012-03-30,1.720120380359769
2012-04-02,1.7265571471475885
2012-04-03,1.7292099665913725
2012-04-04,1.7220180060253734
2012-04-05,1.7224626570700636
2012-04-09,1.7221982567057412
2012-04-10,1.7237938201409608
2012-04-11,1.7246103466427938
2012-04-12,1.7252522235181411
2012-04-13,1.72525327454652
2012-04-16,1.7258698002399095
2012-04-17,1.7260287901267295
2012-04-18,1.7287635485203152
2012-04-19,1.7293022556782445
2012-04-20,1.728926663652303
2012-04-23,1.7227440145513024
2012-04-24,1.7237608495718515
2012-04-25,1.7245595925616442
2012-04-26,1.7249354195348554
2012-04-27,1.7257149047271918
2012-04-30,1.723479262952004
2012-05-01,1.7254073280187083
2012-05-02,1.734218536927434
2012-05-03,1.732398441549836
2012-05-04,1.7307886541809852
2012-05-07,1.7311245721132913
2012-05-08,1.7297141623429328
2012-05-09,1.7312894247780124
2012-05-10,1.72976579610905
2012-05-11,1.7267522823440205
2012-05-14,1.724680726578895
2012-05-15,1.7254217308334958
2012-05-16,1.7251825872457007
2012-05-17,1.7279115616985925
2012-05-18,1.728448617818522
2012-05-21,1.7263810049157848
2012-05-22,1.725100502020406
2012-05-23,1.7267507806205438
2012-05-24,1.7284990872052155
2012-05-25,1.734913227169656
2012-05-29,1.7356174693392892
2012-05-30,1.7340711476471224
2012-05-31,1.7338167411562952
2012-06-01,1.7294533844232611
2012-06-04,1.733202803047463
2012-06-05,1.7318625574396649
2012-06-06,1.733312662594518
2012-06-07,1.7332288755261789
2012-06-08,1.7329818800223995
2012-06-11,1.7308173710819226
2012-06-12,1.7293112439790137
2012-06-13,1.728261320984394
2012-06-14,1.7238679177355858
2012-06-15,1.719125933842272
2012-06-18,1.718208899605412
2012-06-19,1.7221545795222135
2012-06-20,1.722109038700133
2012-06-21,1.7191471000147447
2012-06-22,1.7177904067007508
2012-06-25,1.726252692826291
2012-06-26,1.7261236216955114
2012-06-27,1.7257474839202969
2012-06-28,1.7277839756005304
2012-06-29,1.7218084412250867
2012-07-02,1.7203718115598257
2012-07-03,1.723928683228494
2012-07-05,1.7213216702220544
2012-07-06,1.7177404520193993
2012-07-09,1.7209583106471986
2012-07-10,1.7221289163569309
2012-07-11,1.7226180810400256
2012-07-12,1.7199234078287484
2012-07-13,1.71865670251082
2012-07-16,1.7184469647378011
2012-07-17,1.7197707449654804
2012-07-18,1.7162310827107878
2012-07-19,1.7212966472760758
2012-07-20,1.7206015950606854
2012-07-23,1.7199044573448974
2012-07-24,1.7215804937417964
2012-07-25,1.723174811911971
2012-07-26,1.7216247255856345
2012-07-27,1.7226907616181837
2012-07-30,1.7259240878220397
2012-07-31,1.7252275283644734
2012-08-01,1.7219996232402337
2012-08-02,1.7222293308406926
2012-08-03,1.7192123700123532
2012-08-06,1.7205772800418049
2012-08-07,1.7212620339178506
2012-08-08,1.722711745240405
2012-08-09,1.7235932853227491
2012-08-10,1.728727043643186
2012-08-13,1.7333755262042767
2012-08-14,1.7386339611649428
2012-08-15,1.7414344287040469
2012-08-16,1.7425397015092974
2012-08-17,1.7438011985577455
2012-08-20,1.7477043884391914
2012-08-21,1.7501396933854
2012-08-22,1.7533237050782673
2012-08-23,1.75021776220384
2012-08-24,1.7473993895917663
2012-08-27,1.7468586228225012
2012-08-28,1.751423605278987
2012-08-29,1.7560605383568262
2012-08-30,1.751721739441616
2012-08-31,1.752527966384864
2012-09-04,1.7519269132379895
2012-09-05,1.7549161321196571
2012-09-06,1.7462587055743903
2012-09-07,1.7473721395704265
2012-09-10,1.7477612099156092
2012-09-11,1.7492382597229834
2012-09-12,1.7509071559782272
2012-09-13,1.7470319876707896
2012-09-14,1.7472517007161854
2012-09-17,1.7481284201570872
2012-09-18,1.7489880495415715
2012-09-19,1.751689987153616
2012-09-20,1.7614972458026876
2012-09-21,1.7644745205802883
2012-09-24,1.7646125365324068
2012-09-25,1.760426203198962
2012-09-26,1.7614138537867985
2012-09-27,1.7612193292166762
2012-09-28,1.7613974414367577
2012-10-01,1.7603519763150957
2012-10-02,1.7634947944928523
2012-10-03,1.768048201630121
2012-10-04,1.7718570485762462
2012-10-05,1.7776237331138471
2012-10-08,1.778611234755751
2012-10-09,1.776026414964316
2012-10-10,1.776915958381138
2012-10-11,1.7790441770081122
2012-10-12,1.7779793072718326
2012-10-15,1.7768211548731692
2012-10-16,1.7786949668006793
2012-10-17,1.7803671408916235
2012-10-18,1.7794180922245784
2012-10-19,1.7769134321024511
2012-10-22,1.7786059506224032
2012-10-23,1.7772947062375104
2012-10-24,1.7768040743312286
2012-10-25,1.7752734781911794
2012-10-26,1.7748351519759404
2012-10-31,1.7722276642483803
2012-11-01,1.7699863580023067
2012-11-02,1.7789369289378172
2012-11-05,1.7804999731860334
2012-11-06,1.7802789412674318
2012-11-07,1.768932345421811
2012-11-08,1.7652091855149163
2012-11-09,1.7662117030374602
2012-11-12,1.759975716630883
2012-11-13,1.7618523772144057
2012-11-14,1.761196394400191
2012-11-15,1.7615082034389564
2012-11-16,1.7616127030615705
2012-11-19,1.7589598111683271
2012-11-20,1.7522480458036755
2012-11-21,1.7544571844703274
2012-11-23,1.7516146734093985
2012-11-26,1.7501808761644928
2012-11-27,1.746990463424313
2012-11-28,1.7380390348332395
2012-11-29,1.720527194654194
2012-11-30,1.7118510717213684
2012-12-03,1.6903593798446408
2012-12-04,1.6817276820429288
2012-12-05,1.6752695479628743
2012-12-06,1.673221975680839
2012-12-07,1.6695635796407078
2012-12-10,1.6723423683331633
2012-12-11,1.672484214745931
2012-12-12,1.6720587720041409
2012-12-13,1.6720690561048883
2012-12-14,1.663360160046504
2012-12-17,1.6586542429117612
2012-12-18,1.6502410354426686
2012-12-19,1.6431521935539886
2012-12-20,1.639666221317826
2012-12-21,1.6340192071823796
2012-12-24,1.629878240593886
2012-12-26,1.6224319068502209
2012-12-27,1.61987150629678
2012-12-28,1.6158627985674114
2012-12-31,1.6135664241044083
2013-01-02,1.6093617266013764
2013-01-03,1.610099729164324
2013-01-04,1.612563956540641
2013-01-07,1.6125104727390454
2013-01-08,1.6047696741346364
2013-01-09,1.6059353891902186
2013-01-10,1.605792170914113
2013-01-11,1.607761927922018
2013-01-14,1.6118244240173425
2013-01-15,1.6055462540008647
2013-01-16,1.590474446541562
2013-01-17,1.5921971774021275
2013-01-18,1.5921938262407584
2013-01-22,1.5900040018831645
2013-01-23,1.584907658310242
2013-01-24,1.582676714105093
2013-01-25,1.5756871994610768
2013-01-28,1.5775166683288988
2013-01-29,1.583871703783338
2013-01-30,1.5860882853302198
2013-01-31,1.5868694742752727
2013-02-01,1.583753462323752
2013-02-04,1.5856183040685523
2013-02-05,1.5850084759941805
2013-02-06,1.585642693657571
2013-02-07,1.5919770530806292
2013-02-08,1.5928109758853388
2013-02-11,1.593382534697004
2013-02-12,1.5959213008503914
2013-02-13,1.6004178145783463
2013-02-14,1.605092945821868
2013-02-15,1.6076874632462566
2013-02-19,1.6085976189535116
2013-02-20,1.6042921350464547
2013-02-21,1.6087116612809906
2013-02-22,1.6080956143758016
2013-02-25,1.6103764597345205
2013-02-26,1.608877438565805
2013-02-27,1.6033090853175234
2013-02-28,1.6056903608087223
2013-03-01,1.6051094322006432
2013-03-04,1.609705222803622
2013-03-05,1.6049682150318252
2013-03-06,1.6057281485450718
2013-03-07,1.6059005521295322
2013-03-08,1.6078504362509314
2013-03-11,1.608512457847429
2013-03-12,1.6115276040882112
2013-03-13,1.6162545038094087
2013-03-14,1.6142469324109665
2013-03-15,1.618092801488779
2013-03-18,1.618489012705152
2013-03-19,1.6171522514211143
2013-03-20,1.630229791332041
2013-03-21,1.6290340766286069
2013-03-22,1.6264314434870533
2013-03-25,1.626584323756682
2013-03-26,1.6284345407623124
2013-03-27,1.630762291380425
2013-03-28,1.6353561543650044
2013-04-01,1.6367992721884566
2013-04-02,1.6365132096130135
2013-04-03,1.637449878155156
2013-04-04,1.6372822106722231
2013-04-05,1.6357595000835412
2013-04-08,1.6360194277082547
2013-04-09,1.6374134878592117
2013-04-10,1.6303745566184464
2013-04-11,1.628478677676349
2013-04-12,1.625741992084699
2013-04-15,1.623405084454573
2013-04-16,1.6219054222251807
2013-04-17,1.620222947212849
2013-04-18,1.6242725774413471
2013-04-19,1.624644781133147
2013-04-22,1.6262969009352537
2013-04-23,1.6247842991194026
2013-04-24,1.620330902782036
2013-04-25,1.617882019690715
2013-04-26,1.618334521057308
2013-04-29,1.616822513968478
2013-04-30,1.6218466489709336
2013-05-01,1.6137305918014304
2013-05-02,1.6116604217590518
2013-05-03,1.610499777377537
2013-05-06,1.606997602362236
2013-05-07,1.6049863531035202
2013-05-08,1.6057727896118954
2013-05-09,1.6042249296816522
2013-05-10,1.6056488454131186
2013-05-13,1.6121176726669662
2013-05-14,1.6089680006351057
2013-05-15,1.607918485643061
2013-05-16,1.6087723881353946
2013-05-17,1.6080312746496033
2013-05-20,1.6066928011215746
2013-05-21,1.6104019586135845
2013-05-22,1.602777864165667
2013-05-23,1.6046621153146416
2013-05-24,1.6052050409811538
2013-05-28,1.601876902030768
2013-05-29,1.598470685865491
2013-05-30,1.599557485840028
2013-05-31,1.5964999724524516
2013-06-03,1.5960379520929573
2013-06-04,1.59510981676564
2013-06-05,1.594854272289086
2013-06-06,1.5949611220059072
2013-06-07,1.594288831388074
2013-06-10,1.605210984402388
2013-06-11,1.601082402439115
2013-06-12,1.5980972527046675
2013-06-13,1.5965038339004147
2013-06-14,1.5969411214467806
2013-06-17,1.5973409329835175
2013-06-18,1.5951144194763485
2013-06-19,1.5968573865426503
2013-06-20,1.600982074714507
2013-06-21,1.600788072790562
2013-06-24,1.6163819559118158
2013-06-25,1.6158140735500237
2013-06-26,1.6147496991054766
2013-06-27,1.6141986625562397
2013-06-28,1.6149343233271936
2013-07-01,1.615624567341151
2013-07-02,1.6166753351032468
2013-07-03,1.6220514752836703
2013-07-05,1.6177121399961991
2013-07-08,1.6168301250144812
2013-07-09,1.618166693917203
2013-07-10,1.618991307366458
2013-07-11,1.6155116564484588
2013-07-12,1.622814448972698
2013-07-15,1.6262073510897113
2013-07-16,1.627031947962933
2013-07-17,1.629403388694537
2013-07-18,1.6326161699584507
2013-07-19,1.6342732766255226
2013-07-22,1.6414140628553249
2013-07-23,1.641500730460714
2013-07-24,1.6395730981937089
2013-07-25,1.637860721853165
2013-07-26,1.636229380714843
2013-07-29,1.6338856034137677
2013-07-30,1.631290456725709
2013-07-31,1.6299470827925326
2013-08-01,1.6257323992633212
2013-08-02,1.6246516694960054
2013-08-05,1.635666985205304
2013-08-06,1.6342445577099958
2013-08-07,1.633332958654072
2013-08-08,1.6301814578829248
2013-08-09,1.6286272846555525
2013-08-12,1.6340689636677432
2013-08-13,1.633773170191965
2013-08-14,1.6325236400791436
2013-08-15,1.6305243912756795
2013-08-16,1.6327754074206828
2013-08-19,1.631730848068842
2013-08-20,1.6316903298626686
2013-08-21,1.62885773017824
2013-08-22,1.640266055611668
2013-08-23,1.6405553967766835
2013-08-26,1.6416053128888533
2013-08-27,1.6363508656232593
2013-08-28,1.6358502571807363
2013-08-29,1.6348234888602509
2013-08-30,1.6366434379930743
2013-09-03,1.634646124060313
2013-09-04,1.6415776387269936
2013-09-05,1.6433150917294292
2013-09-06,1.6434342368460142
2013-09-09,1.631809376301762
2013-09-10,1.631505324702121
2013-09-11,1.631115527729922
2013-09-12,1.63505452561985
2013-09-13,1.6341001579301089
2013-09-16,1.631246670420757
2013-09-17,1.6281068116504636
2013-09-18,1.6292793333161828
2013-09-19,1.6295374031355276
2013-09-20,1.6258202784219464
2013-09-23,1.631117118174445
2013-09-24,1.6295539633401677
2013-09-25,1.6285893453740226
2013-09-26,1.6287596449868385
2013-09-27,1.628265412804572
2013-09-30,1.6274360891456745
2013-10-01,1.6299022154555425
2013-10-02,1.6303556832848043
2013-10-03,1.6296369605037346
2013-10-04,1.6292593854371868
2013-10-07,1.6343153360816745
2013-10-08,1.6360297542233195
2013-10-09,1.6376135576984745
2013-10-10,1.637820763740685
2013-10-11,1.647669797994154
2013-10-14,1.6495513453040287
2013-10-15,1.6481439332035193
2013-10-16,1.6454109215114068
2013-10-17,1.6402916046958054
2013-10-18,1.6351560244501195
2013-10-21,1.6400820129539442
2013-10-22,1.644640885466753
2013-10-23,1.6436106382523847
2013-10-24,1.6435929931207864
2013-10-25,1.6455804866392536
2013-10-28,1.6514047690471922
2013-10-29,1.650981167897961
2013-10-30,1.6505415668291028
2013-10-31,1.6482885029987155
2013-11-01,1.6466169953968366
2013-11-04,1.641962544716352
2013-11-05,1.6476621688592108
2013-11-06,1.6467762642274268
2013-11-07,1.6400611572541923
2013-11-08,1.6350308993422582
2013-11-11,1.629035272256775
2013-11-12,1.633470967227628
2013-11-13,1.6328978053320995
2013-11-14,1.6342245875959474
2013-11-15,1.635355883254625
2013-11-18,1.6343764492375557
2013-11-19,1.6290293201271566
2013-11-20,1.6417290072995687
2013-11-21,1.6415457406637155
2013-11-22,1.6404972105082314
2013-11-25,1.6396056415262372
2013-11-26,1.6409322209384671
2013-11-27,1.6413650140262463
2013-11-29,1.6401888589534008
2013-12-02,1.635735271980859
2013-12-03,1.6316361486699829
2013-12-04,1.6359448422099527
2013-12-05,1.6345785970495998
2013-12-06,1.633591268645069
2013-12-09,1.6320109909783027
2013-12-10,1.634823844878351
2013-12-11,1.633090207008014
2013-12-12,1.635994994504798
2013-12-13,1.636381717184605
2013-12-16,1.6364844770338889
2013-12-17,1.6364680850219495
2013-12-18,1.6306881305515672
2013-12-19,1.6302458678276772
2013-12-20,1.6297757865420957
2013-12-23,1.6296936527914438
2013-12-24,1.6302767919364916
2013-12-26,1.6304034049966856
2013-12-27,1.636754826864214
2013-12-30,1.6370096330962307
2013-12-31,1.6409334822380457
2014-01-02,1.6355137603805758
2014-01-03,1.632820341532926
2014-01-06,1.632734656981896
2014-01-07,1.631186339506287
2014-01-08,1.6334867414590686
2014-01-09,1.635729533370494
2014-01-10,1.6334183884486884
2014-01-13,1.6363906100864265
2014-01-14,1.637041682851786
2014-01-15,1.637461035007146
2014-01-16,1.6378992005190105
2014-01-17,1.6356428298507328
2014-01-21,1.6477777974900054
2014-01-22,1.6503790256729294
2014-01-23,1.6495696358357774
2014-01-24,1.6546657023605305
2014-01-27,1.658490069305057
2014-01-28,1.6585193301923002
2014-01-29,1.6613265432836355
2014-01-30,1.6612951367725692
2014-01-31,1.660946573045455
2014-02-03,1.6647900634782786
2014-02-04,1.6647066048198589
2014-02-05,1.6660629492566483
2014-02-06,1.6638388063859235
2014-02-07,1.6624280849323971
2014-02-10,1.6709627669682494
2014-02-11,1.6741161530559427
2014-02-12,1.6748256117757545
2014-02-13,1.6767376256267348
2014-02-14,1.675859434569064
2014-02-18,1.6746336654744696
2014-02-19,1.669442303884754
2014-02-20,1.66402746028105
2014-02-21,1.6595240613883746
2014-02-24,1.668691365228067
2014-02-25,1.672463885730776
2014-02-26,1.6758771505074104
2014-02-27,1.6713107458235663
2014-02-28,1.668007565026847
2014-03-03,1.659879768897442
2014-03-04,1.652278147707213
2014-03-05,1.655830337583394
2014-03-06,1.6554466947559787
2014-03-07,1.6566844920429449
2014-03-10,1.6621203386743373
2014-03-11,1.659895667610459
2014-03-12,1.6620947646219024
2014-03-13,1.6666847171415309
2014-03-14,1.669124421330908
2014-03-17,1.6662656842935442
2014-03-18,1.6636515895293769
2014-03-19,1.6626935360092214
2014-03-20,1.663941364433255
2014-03-21,1.6654601730887342
2014-03-24,1.6675122695026938
2014-03-25,1.666926326035071
2014-03-26,1.6686520394610949
2014-03-27,1.6789152697071763
2014-03-28,1.679317502012426
2014-03-31,1.678625312994197
2014-04-01,1.682047328308985
2014-04-02,1.682806100392046
2014-04-03,1.6856397521761968
2014-04-04,1.683137558115522
2014-04-07,1.6950238770707386
2014-04-08,1.696511339320447
2014-04-09,1.6944880116359744
2014-04-10,1.693470449018094
2014-04-11,1.6927969623768389
2014-04-14,1.7005271816671976
2014-04-15,1.7009901147938429
2014-04-16,1.7011690184530304
2014-04-17,1.6998413950778275
2014-04-21,1.7029769276744486
2014-04-22,1.7007431702903355
2014-04-23,1.696832296324319
2014-04-24,1.693818034739489
2014-04-25,1.688582070322769
2014-04-28,1.687663584562589
2014-04-29,1.6835703703398583
2014-04-30,1.6796885673025184
2014-05-01,1.6738251442921763
2014-05-02,1.6687125138099437
2014-05-05,1.6661817029362371
2014-05-06,1.654528628438394
2014-05-07,1.6512901448414783
2014-05-08,1.647044871301045
2014-05-09,1.6448816543230125
2014-05-12,1.6442467594028007
2014-05-13,1.644350482412972
2014-05-14,1.6413691695313517
2014-05-15,1.6379371062981305
2014-05-16,1.635059151124525
2014-05-19,1.6313789420291789
2014-05-20,1.6278773800168655
2014-05-21,1.6232589878983017
2014-05-22,1.6214775466742952
2014-05-23,1.6213012580729722
2014-05-27,1.6175362509074176
2014-05-28,1.6155686841901584
2014-05-29,1.614432896550006
2014-05-30,1.6129065818115873
2014-06-02,1.6090286756114185
2014-06-03,1.6026843957838992
2014-06-04,1.6103510861517871
2014-06-05,1.6066125783509522
2014-06-06,1.610832346889865
2014-06-09,1.6106974816214292
2014-06-10,1.610237297766694
2014-06-11,1.6079974332986555
2014-06-12,1.6034527345487046
2014-06-13,1.602669728280152
2014-06-16,1.6005310676088749
2014-06-17,1.605107796466008
2014-06-18,1.6050816367573078
2014-06-19,1.6063592428050624
2014-06-20,1.6113004303741822
2014-06-23,1.6174897078905754
2014-06-24,1.6146117102607478
2014-06-25,1.6134595531306295
2014-06-26,1.6139160971180833
2014-06-27,1.614392914695542
2014-06-30,1.6126796360092834
2014-07-01,1.5987937792576552
2014-07-02,1.607221237661933
2014-07-03,1.6076657708466535
2014-07-07,1.602696268268903
2014-07-08,1.6035793687465842
2014-07-09,1.603752892557643
2014-07-10,1.6042221060626192
2014-07-11,1.6043129145597046
2014-07-14,1.6025047315139058
2014-07-15,1.596446232670982
2014-07-16,1.5937731686601215
2014-07-17,1.5939604159893068
2014-07-18,1.5952250663455203
2014-07-21,1.5954709834920744
2014-07-22,1.595278432143867
2014-07-23,1.5978347670404518
2014-07-24,1.59752475634764
2014-07-25,1.605477262536419
2014-07-28,1.6048117871719014
2014-07-29,1.602206265759506
2014-07-30,1.5980909808790695
2014-07-31,1.599304151842316
2014-08-01,1.6011430761764516
2014-08-04,1.6003436647446263
2014-08-05,1.600047631846464
2014-08-06,1.5982861259518484
2014-08-07,1.5955817692213503
2014-08-08,1.5907035757823509
2014-08-11,1.591182606030295
2014-08-12,1.5971793384919284
2014-08-13,1.596487056683885
2014-08-14,1.5980020452893535
2014-08-15,1.598086489834154
2014-08-18,1.5961735054929058
2014-08-19,1.598646233818387
2014-08-20,1.600223904124709
2014-08-21,1.597297368202212
2014-08-22,1.5958288060140624
2014-08-25,1.5957087410657884
2014-08-26,1.5990880021750404
2014-08-27,1.6042368021116733
2014-08-28,1.604770992450777
2014-08-29,1.6061401362260856
2014-09-02,1.6077590667397772
2014-09-03,1.607081873371359
2014-09-04,1.6059743952217211
2014-09-05,1.6157760831253034
2014-09-08,1.6175187029958833
2014-09-09,1.6093515275939183
2014-09-10,1.6079280113881895
2014-09-11,1.6134698233238367
2014-09-12,1.611999632903174
2014-09-15,1.6117262614463843
2014-09-16,1.6095417807357713
2014-09-17,1.6066529047793707
2014-09-18,1.6064837441206177
2014-09-19,1.6080403685937965
2014-09-22,1.6107006309850536
2014-09-23,1.6109600023334942
2014-09-24,1.6098771540779009
2014-09-25,1.611375177252374
2014-09-26,1.6102232703979238
2014-09-29,1.6091571056504752
2014-09-30,1.608176441524663
2014-10-01,1.6150049357060223
2014-10-02,1.61564963505821
2014-10-03,1.6117078860148162
2014-10-06,1.6082501410356167
2014-10-07,1.5982193683371084
2014-10-08,1.596436191858
2014-10-09,1.609938420320374
2014-10-10,1.6133629207819966
2014-10-13,1.621445112916832
2014-10-14,1.6256375249264927
2014-10-15,1.6279197006672652
2014-10-16,1.629492863982914
2014-10-17,1.6304154385196474
2014-10-20,1.6331195453044671
2014-10-21,1.6387912222266918
2014-10-22,1.6449033714647032
2014-10-23,1.6459410766417155
2014-10-24,1.6481405894013177
2014-10-27,1.6483689612400323
2014-10-28,1.6486194076721667
2014-10-29,1.643071409179601
2014-10-30,1.6382581103231473
2014-10-31,1.650295251092922
2014-11-03,1.6493311571302929
2014-11-04,1.6463865895637324
2014-11-05,1.6420047686006245
2014-11-06,1.6380789842386223
2014-11-07,1.64861874943511
2014-11-10,1.6494991092477418
2014-11-11,1.6531025538282376
2014-11-12,1.663038827657236
2014-11-13,1.6690485042894758
2014-11-14,1.670197309968639
2014-11-17,1.6680566176516751
2014-11-18,1.6637003263151022
2014-11-19,1.6638964686465714
2014-11-20,1.662616965566269
2014-11-21,1.6659044671945418
2014-11-24,1.6675500543331103
2014-11-25,1.6683096510591735
2014-11-26,1.6657205888692077
2014-11-28,1.661651450518758
2014-12-01,1.6576475854661596
2014-12-02,1.6516468862596505
2014-12-03,1.6525571957092031
2014-12-04,1.6496114982309025
2014-12-05,1.6510333882351025
2014-12-08,1.6428802440399248
2014-12-09,1.6464430738014384
2014-12-10,1.6492279989453154
2014-12-11,1.6498317466803434
2014-12-12,1.6503968191094456
2014-12-15,1.6509403092768518
2014-12-16,1.6491418688600012
2014-12-17,1.6452230492401732
2014-12-18,1.648408701511876
2014-12-19,1.6515352546792583
2014-12-22,1.6547969680086938
2014-12-23,1.6560185039967097
2014-12-24,1.653781900030706
2014-12-26,1.6677543076890882
2014-12-29,1.6700601861490485
2014-12-30,1.664971998019688
2014-12-31,1.6621712542056617
2015-01-02,1.663233429055885
2015-01-05,1.666214725830539
2015-01-06,1.672942375800596
2015-01-07,1.6734119983001094
2015-01-08,1.6769871996935173
2015-01-09,1.675860557168446
2015-01-12,1.674088451061336
2015-01-13,1.6743024788923715
2015-01-14,1.6672323671185385
2015-01-15,1.6790627432742689
2015-01-16,1.678190876794458
2015-01-20,1.6788211072980312
2015-01-21,1.677152611536698
2015-01-22,1.6807747949802958
2015-01-23,1.6836435518410902
2015-01-26,1.68580800207641
2015-01-27,1.6844628850134005
2015-01-28,1.6836482304566456
2015-01-29,1.682325365596467
2015-01-30,1.679770380963867
2015-02-02,1.6747067074331332
2015-02-03,1.6768201132859182
2015-02-04,1.6728880135479325
2015-02-05,1.6735054516537178
2015-02-06,1.672313103106416
2015-02-09,1.6694281960184467
2015-02-10,1.6656897750501585
2015-02-11,1.6608664673865332
2015-02-12,1.658073967285431
2015-02-13,1.657901740078238
2015-02-17,1.6528267110608057
2015-02-18,1.6460452203550884
2015-02-19,1.642151861786476
2015-02-20,1.6379824143331911
2015-02-23,1.635377705712149
2015-02-24,1.6350352759368798
2015-02-25,1.6386499257308331
2015-02-26,1.640985145215587
2015-02-27,1.6401923136772882
2015-03-02,1.6366633300834343
2015-03-03,1.6343908091108208
2015-03-04,1.6318463201287754
2015-03-05,1.630014084898686
2015-03-06,1.6292927508283446
2015-03-09,1.6260168685764924
2015-03-10,1.6260168685764924
2015-03-11,1.620307202282316
2015-03-12,1.626724495509276
2015-03-13,1.6265603736074283
2015-03-16,1.6268350158787548
2015-03-17,1.626215887540522
2015-03-18,1.626090486182173
2015-03-19,1.6264326792722872
2015-03-20,1.6248006916207112
2015-03-23,1.6333507449333258
2015-03-24,1.6316993781058926
2015-03-25,1.6293468415284698
2015-03-26,1.631437536688847
2015-03-27,1.626525933174887
2015-03-30,1.6186023027706389
2015-03-31,1.613346691605358
2015-04-01,1.6089231165312916
2015-04-02,1.6036540544895073
2015-04-06,1.5989529741972697
2015-04-07,1.5952417414656286
2015-04-08,1.5901561750948008
2015-04-09,1.5868950685399583
2015-04-10,1.585902911509924
2015-04-13,1.583600139807684
2015-04-14,1.5799334362634905
2015-04-15,1.590971728337092
2015-04-16,1.5957035892025666
2015-04-17,1.5801488544731868
2015-04-20,1.5801022907447575
2015-04-21,1.5786436759579252
2015-04-22,1.5802003522548649
2015-04-23,1.5792245470543096
2015-04-24,1.5824244062236648
2015-04-27,1.5814465078903828
2015-04-28,1.5844920637228284
2015-04-29,1.5839026929232378
2015-04-30,1.5854020142276382
2015-05-01,1.5913505043774676
2015-05-04,1.5917797071415982
2015-05-05,1.591175388366622
2015-05-06,1.592430891539252
2015-05-07,1.5924921748499026
2015-05-08,1.5917262245150894
2015-05-11,1.5905175077790792
2015-05-12,1.5922150185483757
2015-05-13,1.5939547731009824
2015-05-14,1.586605871185634
2015-05-15,1.5865339264108405
2015-05-18,1.5847459095392644
2015-05-19,1.583227298536915
2015-05-20,1.5807630758524758
2015-05-21,1.582927937623565
2015-05-22,1.5810718220801532
2015-05-26,1.572974127762094
2015-05-27,1.5673174966794805
2015-05-28,1.5610458149243251
2015-05-29,1.5535791535313836
2015-06-01,1.5497393011570613
2015-06-02,1.5504829533000903
2015-06-03,1.552517477652751
2015-06-04,1.551860515455036
2015-06-05,1.5514387851494849
2015-06-08,1.5503268787018902
2015-06-09,1.5495606116441638
2015-06-10,1.5505605935323452
2015-06-11,1.5514358099827283
2015-06-12,1.552519517149992
2015-06-15,1.5517514828821606
2015-06-16,1.5480008651263106
2015-06-17,1.5465791335686343
2015-06-18,1.5349590405367342
2015-06-19,1.5334272023354094
2015-06-22,1.532295559128596
2015-06-23,1.5343385656259616
2015-06-24,1.5288845683121752
2015-06-25,1.529768907568633
2015-06-26,1.5307103328739984
2015-06-29,1.5343214183811271
2015-06-30,1.536100947113328
2015-07-01,1.5374467196934496
2015-07-02,1.5390171037476887
2015-07-06,1.5385722107355109
2015-07-07,1.5438628378654458
2015-07-08,1.5416068981591289
2015-07-09,1.5403996338084007
2015-07-10,1.5394313491317344
2015-07-13,1.540298882200536
2015-07-14,1.541729385304526
2015-07-15,1.551148617726989
2015-07-16,1.551843550842529
2015-07-17,1.5514155777809435
2015-07-20,1.5502730424616018
2015-07-21,1.5500485602198184
2015-07-22,1.5529826399591429
2015-07-23,1.556723448818115
2015-07-24,1.5600355598238689
2015-07-27,1.5639805097068538
2015-07-28,1.5631971143457355
2015-07-29,1.5622731799192242
2015-07-30,1.561010623489439
2015-07-31,1.5608983355430373
2015-08-03,1.559391216238086
2015-08-04,1.5607893991943247
2015-08-05,1.5607346103979158
2015-08-06,1.5622448264614663
2015-08-07,1.5623941986134633
2015-08-10,1.5613121917402968
2015-08-11,1.5605025085179138
2015-08-12,1.5631101428151288
2015-08-13,1.5633930092115678
2015-08-14,1.5627430716554225
2015-08-17,1.5629436940258203
2015-08-18,1.5633677062139109
2015-08-19,1.5610659927762929
2015-08-20,1.5664990391095672
2015-08-21,1.5981354781296215
2015-08-24,1.640348864932632
2015-08-25,1.659251285360224
2015-08-26,1.6568459811734366
2015-08-27,1.6667094836096314
2015-08-28,1.6718592107010413
2015-08-31,1.6767442754308508
2015-09-01,1.682620527093758
2015-09-02,1.6817249739538749
2015-09-03,1.6813655756156434
2015-09-04,1.680829400290735
2015-09-08,1.6806544787410285
2015-09-09,1.683857350767383
2015-09-10,1.6824847780514074
2015-09-11,1.6860246382282422
2015-09-14,1.6830769241435828
2015-09-15,1.6813993581808502
2015-09-16,1.6838874604868503
2015-09-17,1.6871382893461215
2015-09-18,1.6854759272731152
2015-09-21,1.6824986211237314
2015-09-22,1.6814784160443403
2015-09-23,1.6844111455118964
2015-09-24,1.6843564888333395
2015-09-25,1.6797373194503973
2015-09-28,1.6914469133929988
2015-09-29,1.6830101627606655
2015-09-30,1.67762850251789
2015-10-01,1.654607236498547
2015-10-02,1.6560478132071317
2015-10-05,1.6575186659106185
2015-10-06,1.6583650925229227
2015-10-07,1.659444198755732
2015-10-08,1.6581765569974534
2015-10-09,1.6603657823542053
2015-10-12,1.6615468715473174
2015-10-13,1.6512819021792486
2015-10-14,1.6430013918535162
2015-10-15,1.6386288605455837
2015-10-16,1.6391523235019891
2015-10-19,1.6370582725912073
2015-10-20,1.6442981841579465
2015-10-21,1.641526035923696
2015-10-22,1.6368670768639897
2015-10-23,1.6384798924907389
2015-10-26,1.6390782741679633
2015-10-27,1.6394190239525248
2015-10-28,1.637492873422152
2015-10-29,1.632850361677994
2015-10-30,1.6421367726441336
2015-11-02,1.6363155363393873
2015-11-03,1.63570285752245
2015-11-04,1.638875395195036
2015-11-05,1.6427700637641591
2015-11-06,1.642953521988153
2015-11-09,1.6365762505774344
2015-11-10,1.6339899336327766
2015-11-11,1.6364526281861156
2015-11-12,1.6374008339770116
2015-11-13,1.6379412602433916
2015-11-16,1.6303020484315622
2015-11-17,1.625989377376747
2015-11-18,1.6260402660905338
2015-11-19,1.6253203385713308
2015-11-20,1.6265489458478442
2015-11-23,1.6271332416601278
2015-11-24,1.6260956369503277
2015-11-25,1.6217554225348052
2015-11-27,1.622937657279748
2015-11-30,1.622752090178248
2015-12-01,1.6191011373391504
2015-12-02,1.6173776431420197
2015-12-03,1.613430686078303
2015-12-04,1.6099487370419183
2015-12-07,1.6094099052235724
2015-12-08,1.6133200682700974
2015-12-09,1.6134395241773676
2015-12-10,1.6145475345148697
2015-12-11,1.6170068278611889
2015-12-14,1.6180352854976894
2015-12-15,1.6184253872378307
2015-12-16,1.619973143800277
2015-12-17,1.6170511232640394
2015-12-18,1.6284793935478656
2015-12-21,1.6303586805445172
2015-12-22,1.6250748776467945
2015-12-23,1.6238119555643908
2015-12-24,1.6254387282070275
2015-12-28,1.620062915000576
2015-12-29,1.617520799608323
2015-12-30,1.6152935329037523
2015-12-31,1.615132355917744
2016-01-04,1.6272420511803591
2016-01-05,1.6295473340286686
2016-01-06,1.63340828235923
2016-01-07,1.6415752450625107
2016-01-08,1.6554108366976823
2016-01-11,1.6640919267024683
2016-01-12,1.6653214089496278
2016-01-13,1.6690995182849917
2016-01-14,1.667535260107689
2016-01-15,1.6703430980081415
2016-01-19,1.6709355021856578
2016-01-20,1.6701875476345194
2016-01-21,1.6676202206805844
2016-01-22,1.666925371322392
2016-01-25,1.67646007917975
2016-01-26,1.6770601874852544
2016-01-27,1.665766624713307
2016-01-28,1.6618821239005996
2016-01-29,1.6630907620866553
2016-02-01,1.6623249766679622
2016-02-02,1.6756834441972557
2016-02-03,1.676302906696419
2016-02-04,1.6757334292340822
2016-02-05,1.682347947153292
2016-02-08,1.6872792754399804
2016-02-09,1.6901729601137296
2016-02-10,1.690319295025935
2016-02-11,1.6934893005795046
2016-02-12,1.700371007390682
2016-02-16,1.703858472924355
2016-02-17,1.7116485197028102
2016-02-18,1.7123633021270772
2016-02-19,1.711253635707326
2016-02-22,1.7129732068021797
2016-02-23,1.7122487651442062
2016-02-24,1.7119534443333764
2016-02-25,1.7119222787095454
2016-02-26,1.7123406440125577
2016-02-29,1.7088944068921466
2016-03-01,1.70252748689477
2016-03-02,1.7008056387536772
2016-03-03,1.7013164657047937
2016-03-04,1.698944233945887
2016-03-07,1.6948268815732752
2016-03-08,1.691986962355204
2016-03-09,1.6895044972229318
2016-03-10,1.6931151234774664
2016-03-11,1.691151900019682
2016-03-14,1.6892501538764908
2016-03-15,1.6857451890707529
2016-03-16,1.68146829128796
2016-03-17,1.6786368717256552
2016-03-18,1.6750631538406495
2016-03-21,1.672581440029553
2016-03-22,1.672881577064864
2016-03-23,1.6691730714870978
2016-03-24,1.6703866491051582
2016-03-28,1.6689172615214714
2016-03-29,1.6745743521557677
2016-03-30,1.6764911879969602
2016-03-31,1.6740644639859292
2016-04-01,1.6712115581318876
2016-04-04,1.6642691027943295
2016-04-05,1.6656165596345216
2016-04-06,1.664311453767403
2016-04-07,1.662589401739792
2016-04-08,1.663594043606546
2016-04-11,1.6653704276532453
2016-04-12,1.6633227248949274
2016-04-13,1.656043670700208
2016-04-14,1.6538780862672997
2016-04-15,1.6536296878137169
2016-04-18,1.6522118536710757
2016-04-19,1.648931554263836
2016-04-20,1.6454348908294711
2016-04-21,1.6462224442333415
2016-04-22,1.6451949864787347
2016-04-25,1.6447668903892307
2016-04-26,1.645102994507449
2016-04-27,1.6461904273680774
2016-04-28,1.64680396913885
2016-04-29,1.6476359244559466
2016-05-02,1.6478229800299131
2016-05-03,1.6448723900523283
2016-05-04,1.6525301794058411
2016-05-05,1.651718418739619
2016-05-06,1.6504824061774506
2016-05-09,1.6469226995126904
2016-05-10,1.6392153584535616
2016-05-11,1.6345557203051095
2016-05-12,1.6335582427823705
2016-05-13,1.6313264145413793
2016-05-16,1.629813392141571
2016-05-17,1.6325491966111925
2016-05-18,1.632263798066761
2016-05-19,1.629683901653708
2016-05-20,1.6271609115242007
2016-05-23,1.6259422067743698
2016-05-24,1.6228628532880738
2016-05-25,1.6237741573053237
2016-05-26,1.6340714068502618
2016-05-27,1.6376721309841082
2016-05-31,1.6397682264142777
2016-06-01,1.6408569112200737
2016-06-02,1.638858293085146
2016-06-03,1.6343755657264964
2016-06-06,1.6359476492993072
2016-06-07,1.63696119041817
2016-06-08,1.639171486041069
2016-06-09,1.6412498110877085
2016-06-10,1.6383180455157038
2016-06-13,1.636862410652619
2016-06-14,1.645015254235895
2016-06-15,1.6468771321679807
2016-06-16,1.647058346918987
2016-06-17,1.6474478833506756
2016-06-20,1.6467403302649877
2016-06-21,1.645897865873286
2016-06-22,1.6478507334974783
2016-06-23,1.634321860198773
2016-06-24,1.6438575647992215
2016-06-27,1.659443553499106
2016-06-28,1.660975020877828
2016-06-29,1.6594535076365158
2016-06-30,1.6655611417849303
2016-07-01,1.6701862138479495
2016-07-05,1.6683551837698762
2016-07-06,1.6718027780309557
2016-07-07,1.6762771494275976
2016-07-08,1.6670250179441803
2016-07-11,1.6729288353783316
2016-07-12,1.6724080585684684
2016-07-13,1.671747204057575
2016-07-14,1.6718608671735755
2016-07-15,1.6698307186129884
2016-07-18,1.6661015283966636
2016-07-19,1.6671470328377287
2016-07-20,1.6693107623773649
2016-07-21,1.672661528603076
2016-07-22,1.672427148149526
2016-07-25,1.6811032475346004
2016-07-26,1.681195704408879
2016-07-27,1.677612749727648
2016-07-28,1.6754559559152975
2016-07-29,1.6757489990437884
2016-08-01,1.6766619786731254
2016-08-02,1.6757497062938636
2016-08-03,1.6749642351082206
2016-08-04,1.6755454624888966
2016-08-05,1.6685294395694632
2016-08-08,1.6729670207374767
2016-08-09,1.6749959342428624
2016-08-10,1.6779097982217366
2016-08-11,1.6754493854355623
2016-08-12,1.684334568132136
2016-08-15,1.6863237975375482
2016-08-16,1.688176816777811
2016-08-17,1.6885742172500482
2016-08-18,1.6903482014949054
2016-08-19,1.6917568429230636
2016-08-22,1.7064163242181554
2016-08-23,1.708298225945121
2016-08-24,1.7052841786891295
2016-08-25,1.70405946946818
2016-08-26,1.7038578235951929
2016-08-29,1.7047544854636998
2016-08-30,1.7088014998833028
2016-08-31,1.7098876814258062
2016-09-01,1.7124221268195796
2016-09-02,1.715728102479556
2016-09-06,1.716486520391388
2016-09-07,1.7193716605581322
2016-09-08,1.7226222125687158
2016-09-09,1.7173465841776925
2016-09-12,1.7180882675165974
2016-09-13,1.7206398414051625
2016-09-14,1.7224307363147433
2016-09-15,1.7225938566948968
2016-09-16,1.721256077183844
2016-09-19,1.7220269837053876
2016-09-20,1.7230039659915457
2016-09-21,1.7156455490716465
2016-09-22,1.7130652351890965
2016-09-23,1.7129217538234631
2016-09-26,1.713276567215974
2016-09-27,1.7139310550124822
2016-09-28,1.7143915058809451
2016-09-29,1.7062911021773834
2016-09-30,1.7005655944921023
2016-10-03,1.69494061684584
2016-10-04,1.6880717083588797
2016-10-05,1.6861625127092978
2016-10-06,1.6836913115787593
2016-10-07,1.6833180115234565
2016-10-10,1.6821520978738789
2016-10-11,1.6713046697877345
2016-10-12,1.668730473521039
2016-10-13,1.6670182564272675
2016-10-14,1.671895024701078
2016-10-17,1.6712091831111415
2016-10-18,1.6696144455990911
2016-10-19,1.6675853536159202
2016-10-20,1.670391196498806
2016-10-21,1.6782088407842264
2016-10-24,1.6766613493852467
2016-10-25,1.6763289609163707
2016-10-26,1.673891874750341
2016-10-27,1.6822092271620055
2016-10-28,1.6825464395614331
2016-10-31,1.6815060546172793
2016-11-01,1.6801686028811642
2016-11-02,1.676348118548456
2016-11-03,1.6844536084972577
2016-11-04,1.6855220815436742
2016-11-07,1.6854240106329392
2016-11-08,1.6862645125746178
2016-11-09,1.6880799413889105
2016-11-10,1.690312510738565
2016-11-11,1.6898158946128234
2016-11-14,1.6917244479271532
2016-11-15,1.7007199393090426
2016-11-16,1.7025309719391248
2016-11-17,1.702237012257509
2016-11-18,1.7020262513430755
2016-11-21,1.69858537474615
2016-11-22,1.6963108139831011
2016-11-23,1.6926373549287843
2016-11-25,1.694493108177293
2016-11-28,1.6900122464178668
2016-11-29,1.6873108298680843
2016-11-30,1.6897448778028703
2016-12-01,1.6922081180074753
2016-12-02,1.6917501831432329
2016-12-05,1.6904656712831692
2016-12-06,1.6925711942655854
2016-12-07,1.6987567887552375
2016-12-08,1.702922143792016
2016-12-09,1.7019072235491783
2016-12-12,1.7084127594256853
2016-12-13,1.709252542267645
2016-12-14,1.7105500615917075
2016-12-15,1.7096058959333076
2016-12-16,1.7075652962162529
2016-12-19,1.7095940727809669
2016-12-20,1.7058076804154212
2016-12-21,1.7084211450114224
2016-12-22,1.708719438599851
2016-12-23,1.7095991570864046
2016-12-27,1.7091646587149272
2016-12-28,1.7121619661977172
2016-12-29,1.711871369001256
2016-12-30,1.709396579484228
2017-01-03,1.7073522879933984
2017-01-04,1.7062233625430088
2017-01-05,1.709745394743533
2017-01-06,1.7101570664383454
2017-01-09,1.710083251544109
2017-01-10,1.7100898494092192
2017-01-11,1.709346011450306
2017-01-12,1.7055867882637623
2017-01-13,1.7086315287446685
2017-01-17,1.7040849863777785
2017-01-18,1.7039327798742876
2017-01-19,1.70209116287311
2017-01-20,1.698582140976145
2017-01-23,1.6900737197900253
2017-01-24,1.6835964627796338
2017-01-25,1.681914786782901
2017-01-26,1.6822058243046278
2017-01-27,1.6815724473661997
2017-01-30,1.6790648563112052
2017-01-31,1.6771785864876745
2017-02-01,1.676337642213527
2017-02-02,1.673162636714441
2017-02-03,1.6694065146006003
2017-02-06,1.6707388016089595
2017-02-07,1.669453287389839
2017-02-08,1.674417979422452
2017-02-09,1.6730576646422384
2017-02-10,1.6702208394712466
2017-02-13,1.671662239753712
2017-02-14,1.672901123283124
2017-02-15,1.6747162837108918
2017-02-16,1.6762480914485791
2017-02-17,1.6772440166489444
2017-02-21,1.678285776480298
2017-02-22,1.6822379966597178
2017-02-23,1.6819550853040677
2017-02-24,1.680039206672766
2017-02-27,1.680024436382915
2017-02-28,1.678737549595294
2017-03-01,1.6737374013146151
2017-03-02,1.6712765318830165
2017-03-03,1.6680536079021235
2017-03-06,1.6603136764606936
2017-03-07,1.65471062184545
2017-03-08,1.651129763195649
2017-03-09,1.6505614179586623
2017-03-10,1.648373278280931
2017-03-13,1.643633609448392
2017-03-14,1.6387686828701564
2017-03-15,1.632371790157698
2017-03-16,1.63208017367988
2017-03-17,1.632149416328824
2017-03-20,1.6304289629866244
2017-03-21,1.6245763688817851
2017-03-22,1.6247401771298855
2017-03-23,1.6241593502845564
2017-03-24,1.626916228114481
2017-03-27,1.6281072573898552
2017-03-28,1.6248330129522213
2017-03-29,1.6203791055078605
2017-03-30,1.6187952645534265
2017-03-31,1.6186338275829375
2017-04-03,1.615025181709667
2017-04-04,1.612060663964549
2017-04-05,1.6080824222249852
2017-04-06,1.6055796131691862
2017-04-07,1.6047598497212354
2017-04-10,1.6141715579706526
2017-04-11,1.6169154232865657
2017-04-12,1.6165158592239155
2017-04-13,1.6166932750636478
2017-04-17,1.6164067955840822
2017-04-18,1.6162162766461634
2017-04-19,1.6161005605586711
2017-04-20,1.6118662319452175
2017-04-21,1.6054671891964991
2017-04-24,1.6061420854339052
2017-04-25,1.6059746780754556
2017-04-26,1.6030036165840766
2017-04-27,1.5996430999465832
2017-04-28,1.5945927123139014
2017-05-01,1.5894917811639868
2017-05-02,1.585112482432849
2017-05-03,1.581828903182801
2017-05-04,1.576813983454046
2017-05-05,1.575874304576924
2017-05-08,1.5792573584528609
2017-05-09,1.5806551357846184
2017-05-10,1.5831143703817327
2017-05-11,1.5815028006560568
2017-05-12,1.5810944779593918
2017-05-15,1.5799530622531943
2017-05-16,1.579867498361054
2017-05-17,1.5619514155590868
2017-05-18,1.5630369967982756
2017-05-19,1.5633241815145766
2017-05-22,1.5623470299036284
2017-05-23,1.5625398507590416
2017-05-24,1.5647224932377348
2017-05-25,1.564641915312476
2017-05-26,1.5645812866900486
2017-05-30,1.5698337638381323
2017-05-31,1.570418138211087
2017-06-01,1.5666242520047484
2017-06-02,1.5754497006249757
2017-06-05,1.576809757187608
2017-06-06,1.5748584232124174
2017-06-07,1.57621483261428
2017-06-08,1.5774432044566549
2017-06-09,1.5757179579447291
2017-06-12,1.5799921798689514
2017-06-13,1.5789268568135706
2017-06-14,1.575730258044407
2017-06-15,1.5724566146503731
2017-06-16,1.5708006278545157
2017-06-19,1.5653411776510613
2017-06-20,1.5695720621948837
2017-06-21,1.5697670496851064
2017-06-22,1.570548703084599
2017-06-23,1.568272231201284
2017-06-26,1.5689554461549164
2017-06-27,1.5639556549448574
2017-06-28,1.5625344495718816
2017-06-29,1.5594889262118432
2017-06-30,1.5535268763002408
2017-07-03,1.5554454377040725
2017-07-05,1.5535113939431209
2017-07-06,1.551088168991403
2017-07-07,1.5510209976171556
2017-07-10,1.5463707707945007
2017-07-11,1.5399373699189003
2017-07-12,1.5440595258565404
2017-07-13,1.5454829854307437
2017-07-14,1.5454611140696788
2017-07-17,1.5487101516363733
2017-07-18,1.5489499182975914
2017-07-19,1.5489179233690398
2017-07-20,1.5566961398563095
2017-07-21,1.5580214846616118
2017-07-24,1.5576839353552063
2017-07-25,1.5654301776103698
2017-07-26,1.5656118231560088
2017-07-27,1.5636534101089017
2017-07-28,1.5628999490606588
2017-07-31,1.5622912536296938
2017-08-01,1.565132842915621
2017-08-02,1.565959373630314
2017-08-03,1.566042054316782
2017-08-04,1.566632645834648
2017-08-07,1.56881846381712
2017-08-08,1.573803513306664
2017-08-09,1.5740390237964532
2017-08-10,1.570875986357652
2017-08-11,1.5696986080262425
2017-08-14,1.5694239860671657
2017-08-15,1.568146215697686
2017-08-16,1.5688628839814525
2017-08-17,1.5664799205791446
2017-08-18,1.565345566816364
2017-08-21,1.561531197818152
2017-08-22,1.5584955164568617
2017-08-23,1.5619891158273518
2017-08-24,1.5670385964536453
2017-08-25,1.570291457544927
2017-08-28,1.5719820261529784
2017-08-29,1.576766138851839
2017-08-30,1.575166497147229
2017-08-31,1.573008974071173
2017-09-01,1.5706875335247708
2017-09-05,1.5675741120065445
2017-09-06,1.564219484881111
2017-09-07,1.5625862267600032
2017-09-08,1.5619689428469756
2017-09-11,1.5579236344418237
2017-09-12,1.5571075497514513
2017-09-13,1.5573436940011678
2017-09-14,1.5558687309827686
2017-09-15,1.554417128031934
2017-09-18,1.5538438751885315
2017-09-19,1.551438581909884
2017-09-20,1.5578944825790688
2017-09-21,1.5585725688225285
2017-09-22,1.5538550920761172
2017-09-25,1.5539984669312996
2017-09-26,1.5557883746203298
2017-09-27,1.5539113508289697
2017-09-28,1.5530023508397006
2017-09-29,1.5497961163843708
2017-10-02,1.5483638561016844
2017-10-03,1.549618455820473
2017-10-04,1.5584328429733154
2017-10-05,1.558717292391669
2017-10-06,1.5597866263801805
2017-10-09,1.5603784574539206
2017-10-10,1.5613073814570992
2017-10-11,1.564826414479024
2017-10-12,1.5687042026720175
2017-10-13,1.5720941879716177
2017-10-16,1.5840249522255818
2017-10-17,1.58678364261519
2017-10-18,1.5858137866226267
2017-10-19,1.585110869501145
2017-10-20,1.5833151644713266
2017-10-23,1.585289817210203
2017-10-24,1.5813389524304629
2017-10-25,1.5757916264095344
2017-10-26,1.5822301273004131
2017-10-27,1.583541763097276
2017-10-30,1.5834158879628564
2017-10-31,1.5809445862842195
2017-11-01,1.580605398705421
2017-11-02,1.578835679305339
2017-11-03,1.5791302065396835
2017-11-06,1.582618018098353
2017-11-07,1.5834368617681664
2017-11-08,1.5843696971507155
2017-11-09,1.5838394749868263
2017-11-10,1.5840716942317763
2017-11-13,1.584274662989455
2017-11-14,1.5853679794016295
2017-11-15,1.581540193383922
2017-11-16,1.5817555044212457
2017-11-17,1.581996411492376
2017-11-20,1.5816390935764584
2017-11-21,1.581842225956759
2017-11-22,1.5808913050519098
2017-11-24,1.5812739566175027
2017-11-27,1.5883268859867965
2017-11-28,1.583637287173859
2017-11-29,1.5842218408285376
2017-11-30,1.5867905471351271
2017-12-01,1.5871000006468088
2017-12-04,1.5878095320847294
2017-12-05,1.5855304330880005
2017-12-06,1.5850979045525246
2017-12-07,1.5863963171763475
2017-12-08,1.5840365510426917
2017-12-11,1.582584158028793
2017-12-12,1.5824965396524766
2017-12-13,1.5822310735435992
2017-12-14,1.5816035590691466
2017-12-15,1.5767038467531802
2017-12-18,1.5765770773389034
2017-12-19,1.5755399467478373
2017-12-20,1.5751428223989126
2017-12-21,1.581851586652519
2017-12-22,1.5852656319982623
2017-12-26,1.584649214045785
2017-12-27,1.5865306119536426
2017-12-28,1.591549203898898
2017-12-29,1.5890788505431888
2018-01-02,1.5869664462158666
2018-01-03,1.5844544393780535
2018-01-04,1.590342628675981
2018-01-05,1.5886131640211272
2018-01-08,1.5881483451075746
2018-01-09,1.5868096755952517
2018-01-10,1.586795632102715
2018-01-11,1.585914544762384
2018-01-12,1.588129234467187
2018-01-16,1.589709354959979
2018-01-17,1.5876062880173285
2018-01-18,1.5848857907296314
2018-01-19,1.5810077377923335
2018-01-22,1.5796058290997883
2018-01-23,1.57959545376612
2018-01-24,1.5802952794551657
2018-01-25,1.5798553394732893
2018-01-26,1.5790619838637303
2018-01-29,1.5797350299244206
2018-01-30,1.580468716036387
2018-01-31,1.575476339256235
2018-02-01,1.5825743211134504
2018-02-02,1.5885145325683416
2018-02-05,1.6379760618272183
2018-02-06,1.6491803798570428
2018-02-07,1.6521857414350327
2018-02-08,1.6835170347488158
2018-02-09,1.6848897143305828
2018-02-12,1.683465480276148
2018-02-13,1.6850025741161014
2018-02-14,1.6907360179431292
2018-02-15,1.6942321697093372
2018-02-16,1.6972167649260954
2018-02-20,1.6943970405305475
2018-02-21,1.69227311946298
2018-02-22,1.6951284574042345
2018-02-23,1.6976481940404329
2018-02-26,1.7064075367541691
2018-02-27,1.7067118900430784
2018-02-28,1.7057971173089523
2018-03-01,1.7059815405799874
2018-03-02,1.703056855514271
2018-03-05,1.7147165094896843
2018-03-06,1.7144746466544554
2018-03-07,1.717415078715169
2018-03-08,1.714395622095853
2018-03-09,1.7138724115471735
2018-03-12,1.7101101018795897
2018-03-13,1.7058283189112335
2018-03-14,1.711567058007846
2018-03-15,1.7152890137595471
2018-03-16,1.71502351315014
2018-03-19,1.7118335861043847
2018-03-20,1.7088564916890157
2018-03-21,1.710839652958191
2018-03-22,1.7197128062108036
2018-03-23,1.744778637689213
2018-03-26,1.745167475578279
2018-03-27,1.744099495852061
2018-03-28,1.7458998386909326
2018-03-29,1.746587842136601
2018-04-02,1.7521419116617396
2018-04-03,1.7519127268207844
2018-04-04,1.7517304756628038
2018-04-05,1.7534098437013812
2018-04-06,1.7508085284751245
2018-04-09,1.750312858223294
2018-04-10,1.7491134211204924
2018-04-11,1.749410677327928
2018-04-12,1.7461210006187422
2018-04-13,1.745704716178335
2018-04-16,1.7422710625116202
2018-04-17,1.7314068301459578
2018-04-18,1.72935099470891
2018-04-19,1.724799111347627
2018-04-20,1.7254435760599007
2018-04-23,1.733479750422399
2018-04-24,1.7360864975418526
2018-04-25,1.7348875052654156
2018-04-26,1.7301642050878558
2018-04-27,1.726809361316358
2018-04-30,1.7280696175230534
2018-05-01,1.7285513534060823
2018-05-02,1.7339740750592376
2018-05-03,1.7353744231334205
2018-05-04,1.7342743510504086
2018-05-07,1.736797161549276
2018-05-08,1.737944186052128
2018-05-09,1.735604210695391
2018-05-10,1.735821007665448
2018-05-11,1.7413907581103716
2018-05-14,1.7415411860864816
2018-05-15,1.7404482889920865
2018-05-16,1.7400539651891695
2018-05-17,1.7389916458526828
2018-05-18,1.739130925127422
2018-05-21,1.7396635759732542
2018-05-22,1.7394585411254495
2018-05-23,1.7373039976293163
2018-05-24,1.7409349783621682
2018-05-25,1.7417532654530703
2018-05-29,1.73955985173155
2018-05-30,1.7350050540279185
2018-05-31,1.736469958989538
2018-06-01,1.7371809399731322
2018-06-04,1.738809867468322
2018-06-05,1.7364491297072695
2018-06-06,1.7402674253288355
2018-06-07,1.7405262092958238
2018-06-08,1.7392273723675804
2018-06-11,1.7398069075146745
2018-06-12,1.73816937310299
2018-06-13,1.7385015120099798
2018-06-14,1.750390572395313
2018-06-15,1.7509107246756466
2018-06-18,1.7511558380175518
2018-06-19,1.7527662764914318
2018-06-20,1.751193693399338
2018-06-21,1.7475717997610916
2018-06-22,1.741341898994379
2018-06-25,1.7560131717583245
2018-06-26,1.7587624873263854
2018-06-27,1.761699314077264
2018-06-28,1.7615649001823197
2018-06-29,1.7622291061515776
2018-07-02,1.761360021883404
2018-07-03,1.760315363162798
2018-07-05,1.7627488711432455
2018-07-06,1.7639753671699792
2018-07-09,1.7687203285531334
2018-07-10,1.7715473825104942
2018-07-11,1.7715533915110586
2018-07-12,1.7705748667997234
2018-07-13,1.771615392773179
2018-07-16,1.7765130684724844
2018-07-17,1.7754774799312076
2018-07-18,1.774223229131976
2018-07-19,1.7701797727716253
2018-07-20,1.7701110673827878
2018-07-23,1.7682708168171086
2018-07-24,1.7642924319271198
2018-07-25,1.7693089665119426
2018-07-26,1.7694688944252484
2018-07-27,1.770372889032428
2018-07-30,1.7720931524301142
2018-07-31,1.772206723920592
2018-08-01,1.7746661533129782
2018-08-02,1.7748666847252792
2018-08-03,1.7748931236939078
2018-08-06,1.773757883614527
2018-08-07,1.7777340259406442
2018-08-08,1.7757656374495454
2018-08-09,1.772101212091632
2018-08-10,1.7577609743346272
2018-08-13,1.7621849815397137
2018-08-14,1.760578180598305
2018-08-15,1.7587384983753367
2018-08-16,1.7533440500350514
2018-08-17,1.7523832842066307
2018-08-20,1.7554964102074893
2018-08-21,1.7546306493914017
2018-08-22,1.7550536034529445
2018-08-23,1.7549665777065362
2018-08-24,1.7549109860659484
2018-08-27,1.7534452443017936
2018-08-28,1.7539152677717809
2018-08-29,1.7543133160414164
2018-08-30,1.7528612782420148
2018-08-31,1.7520670217445833
2018-09-04,1.7530820886885927
2018-09-05,1.7547122944548097
2018-09-06,1.7565994730681225
2018-09-07,1.7570017429581568
2018-09-10,1.75386999756357
2018-09-11,1.751990406386917
2018-09-12,1.7455375255
2018-09-13,1.7407923749583805
2018-09-14,1.741937450366344
2018-09-17,1.7417645644127098
2018-09-18,1.7403865819399298
2018-09-19,1.7492250325091103
2018-09-20,1.7500554853008463
2018-09-21,1.749356386266459
2018-09-24,1.7488178367080358
2018-09-25,1.748677966113516
2018-09-26,1.742373093303098
2018-09-27,1.7434165777311346
2018-09-28,1.743426441270714
2018-10-01,1.7383753020014472
2018-10-02,1.7410899095204526
2018-10-03,1.7387824036383588
2018-10-04,1.733535548157963
2018-10-05,1.7452514542192037
2018-10-08,1.747238617862914
2018-10-09,1.7448671792181762
2018-10-10,1.7628217401504218
2018-10-11,1.779244087483161
2018-10-12,1.782704253251738
2018-10-15,1.776905398250978
2018-10-16,1.774337073392773
2018-10-17,1.7703430588626234
2018-10-18,1.7655130457736323
2018-10-19,1.760710920265108
2018-10-22,1.756651517673623
2018-10-23,1.755858645128381
2018-10-24,1.7737450956131178
2018-10-25,1.7689421989478198
2018-10-26,1.7753430373259378
2018-10-29,1.7770791556496326
2018-10-30,1.7740636449938
2018-10-31,1.7750048771930085
2018-11-01,1.782321747541857
2018-11-02,1.78445021858193
2018-11-05,1.7831845892876517
2018-11-06,1.7842178246112468
2018-11-07,1.7865077695464937
2018-11-08,1.7921729113449745
2018-11-09,1.7926787999917129
2018-11-12,1.802285731358037
2018-11-13,1.807945645981672
2018-11-14,1.81678943983596
2018-11-15,1.8147082836669388
2018-11-16,1.8154905276846791
2018-11-19,1.8197047546907932
2018-11-20,1.829353448883957
2018-11-21,1.8333406628674516
2018-11-23,1.833712368782485
2018-11-26,1.8487658365968749
2018-11-27,1.8517893176595104
2018-11-28,1.865071297919587
2018-11-29,1.870583889591929
2018-11-30,1.8729795612207247
2018-12-03,1.87708693042918
2018-12-04,1.8815302947903385
2018-12-06,1.883026858900124
2018-12-07,1.8955171593039133
2018-12-10,1.9020550719138944
2018-12-11,1.9081723662770456
2018-12-12,1.907105376263324
2018-12-13,1.903593743185107
2018-12-14,1.9044746539220447
2018-12-17,1.9112215653071287
2018-12-18,1.9206926867597545
2018-12-19,1.933377963925528
2018-12-20,1.942043065119255
2018-12-21,1.9641468784449152
2018-12-24,1.9941962843114387
2018-12-26,1.9907373098684709
2018-12-27,1.9946846993384413
2018-12-28,1.9942168232398585
2018-12-31,1.9946886530897183
2019-01-02,1.991610582833735
2019-01-03,1.988162152467934
2019-01-04,1.9849183536152653
2019-01-07,1.9854247785827808
2019-01-08,1.9929088912329451
2019-01-09,1.9986923721139285
2019-01-10,2.0002001913702374
2019-01-11,1.9984346993874549
2019-01-14,1.9953433052274756
2019-01-15,1.9929019156857488
2019-01-16,1.992324207500348
2019-01-17,1.9828005927946049
2019-01-18,1.981626721548644
2019-01-22,1.97879885405178
2019-01-23,1.9815046361660424
2019-01-24,1.9811792902714171
2019-01-25,1.9794372120541448
2019-01-28,1.9748686570380536
2019-01-29,1.970652788599378
2019-01-30,1.9691178445237851
2019-01-31,1.969683273494732
2019-02-01,1.974456583831645
2019-02-04,1.97534131803149
2019-02-05,1.9768289832438664
2019-02-06,1.9773720933320875
2019-02-07,1.9749730700117505
2019-02-08,1.9738513189401627
2019-02-11,1.973492973534752
2019-02-12,1.9712020239806975
2019-02-13,1.9694300787023875
2019-02-14,1.966398959220472
2019-02-15,1.9637429452078383
2019-02-19,1.9623250549383464
2019-02-20,1.9585031742166217
2019-02-21,1.9543991012676083
2019-02-22,1.9616918393813252
2019-02-25,1.964212492896026
2019-02-26,1.9699562444279712
2019-02-27,1.9717458029379773
2019-02-28,1.969957788553914
2019-03-01,1.9655818854081857
2019-03-04,1.9654935642999931
2019-03-05,1.9653045743931343
2019-03-06,1.9671313541672364
2019-03-07,1.9769343572697209
2019-03-08,1.9778548104748928
2019-03-11,1.977047871067812
2019-03-12,1.976259833575467
2019-03-13,1.976654650858538
2019-03-14,1.98596440980472
2019-03-15,1.9869087834056287
2019-03-18,1.98518429294534
2019-03-19,1.989927189918152
2019-03-20,1.9894314187230335
2019-03-21,1.9864449171889955
2019-03-22,1.9850734599322
2019-03-25,1.9885793513184065
2019-03-26,1.9874201986038489
2019-03-27,1.9877345636273644
2019-03-28,1.984432907309753
2019-03-29,1.9847641398281488
2019-04-01,1.9850159375517844
2019-04-02,1.9870807826520551
2019-04-03,1.984320833657299
2019-04-04,1.9937829316334836
2019-04-05,1.9944539202400176
2019-04-08,1.9918137219435643
2019-04-09,1.9859056289972143
2019-04-10,1.9811277223177768
2019-04-11,1.979135635607604
2019-04-12,1.972613356265806
2019-04-15,1.9672161778198491
2019-04-16,1.963206012397053
2019-04-17,1.9581444328819773
2019-04-18,1.9565531001901515
2019-04-22,1.9540500624053003
2019-04-23,1.948047431721171
2019-04-24,1.9467369682877165
2019-04-25,1.9435741363850332
2019-04-26,1.956574679250207
2019-04-29,1.957365543383424
2019-04-30,1.958295049554291
2019-05-01,1.9556095055398195
2019-05-02,1.9538780695860725
2019-05-03,1.9506756903004276
2019-05-06,1.9537623257670784
2019-05-07,1.9538080132909568
2019-05-08,1.9585820309413733
2019-05-09,1.960426553739341
2019-05-10,1.9608068106939125
2019-05-13,1.9667443153440969
2019-05-14,1.966410637683772
2019-05-15,1.9793324179400769
2019-05-16,1.979275404110137
2019-05-17,1.9780260488936496
2019-05-20,1.9766099240916504
2019-05-21,1.9760263474687905
2019-05-22,1.973219466318237
2019-05-23,1.967424442437019
2019-05-24,1.9657083169227965
2019-05-28,1.9617285362388817
2019-05-29,1.957963116020462
2019-05-30,1.9544323475460377
2019-05-31,1.9539333942697787
2019-06-03,1.95319722438788
2019-06-04,1.9479922050990603
2019-06-05,1.9477894301386989
2019-06-06,1.9445201539739672
2019-06-07,1.966750777426516
2019-06-10,1.9677454477030416
2019-06-11,1.967211529345996
2019-06-12,1.9615983408730404
2019-06-13,1.9613147230543333
2019-06-14,1.960578003959352
2019-06-17,1.9610662939348065
2019-06-18,1.9461715390906849
2019-06-19,1.9488394599913896
2019-06-20,1.9576574770943187
2019-06-21,1.9591946594861012
2019-06-24,1.9564009362294292
2019-06-25,1.962015842993252
2019-06-26,1.9626263415657537
2019-06-27,1.962946908848351
2019-06-28,1.9687141016514065
2019-07-01,1.9685012419319343
2019-07-02,1.9639545768486315
2019-07-03,1.9592970037502968
2019-07-05,1.9633221181207536
2019-07-08,1.9613026717364737
2019-07-09,1.963102593311048
2019-07-10,1.9604470666819975
2019-07-11,1.9537601358296195
2019-07-12,1.9458556459358691
2019-07-15,1.9411527296551463
2019-07-16,1.9533058648050383
2019-07-17,1.9526452399697856
2019-07-18,1.9520814337609
2019-07-19,1.9477115114029413
2019-07-22,1.9431701087867712
2019-07-23,1.93907381112364
2019-07-24,1.9335515727641608
2019-07-25,1.9351906709440327
2019-07-26,1.935779701448757
2019-07-29,1.938846824264236
2019-07-30,1.940004420400241
2019-07-31,1.936417687788208
2019-08-01,1.937687264193932
2019-08-02,1.9361669469024407
2019-08-05,1.9579179707740573
2019-08-06,1.9576151889712172
2019-08-07,1.954516212584435
2019-08-08,1.9706077319087612
2019-08-09,1.9706851862741075
2019-08-12,1.967399769898052
2019-08-13,1.962216687997964
2019-08-14,1.972828615389848
2019-08-15,1.9763156145775824
2019-08-16,1.9772770631910723
2019-08-19,1.9867558317829688
2019-08-20,1.9861547719691068
2019-08-21,1.985584117864049
2019-08-22,1.9849897433169084
2019-08-23,1.9801430936189024
2019-08-26,1.974550116401475
2019-08-27,1.996036165996096
2019-08-28,1.994332913557044
2019-08-29,1.998015270744036
2019-08-30,2.003408920613344
2019-09-03,2.0043237427376
2019-09-04,2.001700485531055
2019-09-05,2.0012704371835293
2019-09-06,2.002390705671232
2019-09-09,2.001154513413521
2019-09-10,2.0016735382115622
2019-09-11,2.0013857807512645
2019-09-12,2.0047286593108997
2019-09-13,2.0075801497452472
2019-09-16,2.007333948856054
2019-09-17,2.004934841953772
2019-09-18,2.0036239582232227
2019-09-19,2.0058129778239597
2019-09-20,2.002310425281964
2019-09-23,1.9997658994833236
2019-09-24,1.995145537952511
2019-09-25,1.992079151987293
2019-09-26,1.998736788670067
2019-09-27,1.998062397555073
2019-09-30,1.998521776385012
2019-10-01,2.00064542754845
2019-10-02,2.002987477277842
2019-10-03,2.0018948056429524
2019-10-04,1.999165082373285
2019-10-07,1.999582277160292
2019-10-08,1.9881827873294224
2019-10-09,1.992161774650841
2019-10-10,2.004380178143541
2019-10-11,1.9909710153345024
2019-10-14,1.9891953003027751
2019-10-15,1.9790161832016897
2019-10-16,1.961186104849438
2019-10-17,1.941893456005397
2019-10-18,1.9397233429510568
2019-10-21,1.935892041541595
2019-10-22,1.9328249491453164
2019-10-23,1.9338363851645275
2019-10-24,1.9318512523261728
2019-10-25,1.9361471364057232
2019-10-28,1.939927308690269
2019-10-29,1.940787601148668
2019-10-30,1.940381900261941
2019-10-31,1.940252511593324
2019-11-01,1.9302716037958187
2019-11-04,1.9378498197703409
2019-11-05,1.9429957311753536
2019-11-06,1.9415746729984973
2019-11-07,1.9480042787396183
2019-11-08,1.9495464729379808
2019-11-11,1.9594211400923676
2019-11-12,1.9668643188007728
2019-11-13,1.9727749106138608
2019-11-14,1.9776849010741544
2019-11-15,1.972201183379665
2019-11-18,1.9727775130305796
2019-11-19,1.969932628775952
2019-11-20,1.9668129350509296
2019-11-21,1.9740502707705725
2019-11-22,1.9767226486533875
2019-11-25,1.9693829254022808
2019-11-26,1.967134545551253
2019-11-27,1.9661129791162817
2019-11-29,1.962586765381198
2019-12-02,1.960570843711178
2019-12-03,1.9638316800004665
2019-12-04,1.9674027865584027
2019-12-05,1.969811468265936
2019-12-06,1.968058643206526
2019-12-09,1.9674891098496765
2019-12-10,1.9632897861155252
2019-12-11,1.9765218265007711
2019-12-12,1.9685742294107147
2019-12-13,1.9694379570784497
2019-12-16,1.966328042830084
2019-12-17,1.967275809487324
2019-12-18,1.96732501897401
2019-12-19,1.967164104256394
2019-12-20,1.96664619133706
2019-12-23,1.978527942683042
2019-12-24,1.982936052174061
2019-12-26,1.976461616072319
2019-12-27,1.9743342429278927
2019-12-30,1.9652990893333413
2019-12-31,1.9764561928578528
2020-01-02,1.96714235726195
2020-01-03,1.968523099005257
2020-01-06,1.9770526221639664
2020-01-07,1.9804616833092488
2020-01-08,1.9801204234257843
2020-01-09,1.971655461952172
2020-01-10,1.98313811866706
2020-01-13,1.9837490767289496
2020-01-14,1.98244992928094
2020-01-15,1.9802872548611457
2020-01-16,1.9653052955997072
2020-01-17,1.9627287059776637
2020-01-21,1.9592195293105696
2020-01-22,1.9586651756511904
2020-01-23,1.9617060563484143
2020-01-24,1.955096007556827
2020-01-27,1.96821362849449
2020-01-28,1.970085369655336
2020-01-29,1.9685435793402035
2020-01-30,1.9678394155799213
2020-01-31,1.9639742909814808
2020-02-03,1.9624785881088231
2020-02-04,1.968660089983794
2020-02-05,1.972953074643257
2020-02-06,1.976999456958177
2020-02-07,1.9783253979385869
2020-02-10,1.9807323280810964
2020-02-11,1.980733611898074
2020-02-12,1.9809741107201528
2020-02-13,1.981228940262759
2020-02-14,1.9861630615622703
2020-02-18,1.9847911049424325
2020-02-19,1.982629762586588
2020-02-20,1.983896437866072
2020-02-21,1.9813972477823023
2020-02-24,2.0054155208125817
2020-02-25,2.0652509049923777
2020-02-26,2.089496076667596
2020-02-27,2.1352301814756567
2020-02-28,2.1608156916481924
2020-03-02,2.161510716461911
2020-03-03,2.152676562805996
2020-03-04,2.1619924864328315
2020-03-05,2.1614681312128035
2020-03-06,2.172370022518932
2020-03-09,2.257412062833511
2020-03-10,2.2697091193867323
2020-03-11,2.3079963454840278
2020-03-12,2.4528623280353883
2020-03-13,2.455664785934104
2020-03-16,2.5704968686926915
2020-03-17,2.5786807721583456
2020-03-18,2.608169673018584
2020-03-19,2.612967222608868
2020-03-20,2.6338232231402774
2020-03-23,2.656083200247126
2020-03-24,2.671694254364975
2020-03-25,2.6886736488487606
2020-03-26,2.7616233328251267
2020-03-27,2.7776599329512828
2020-03-30,2.785763888540696
2020-03-31,2.783932692793569
2020-04-01,2.799741984526328
2020-04-02,2.801144968356615
2020-04-03,2.8085112042687794
2020-04-06,2.8313949730928747
2020-04-07,2.8482406686506376
2020-04-08,2.8745277500567425
2020-04-09,2.8963766143684877
2020-04-13,2.8976259026817783
2020-04-14,2.913404243584216
2020-04-15,2.913715392388074
2020-04-16,2.919368385932365
2020-04-17,2.919419949683489
2020-04-20,2.9180238298937278
2020-04-21,2.941604724998605
2020-04-22,2.940944388553148
2020-04-23,2.939512393603199
2020-04-24,2.91367497155151
2020-04-27,2.922704210065316
2020-04-28,2.933137747259428
2020-04-29,2.9425589051438648
2020-04-30,2.94238291990828
2020-05-01,2.961632372466192
2020-05-04,2.9645659002926563
2020-05-05,2.9636635548078902
2020-05-06,2.960127572396679
2020-05-07,2.96182702372899
2020-05-08,2.975531144350504
2020-05-11,2.9769846101547057
2020-05-12,2.973022944031251
2020-05-13,2.991661310156989
2020-05-14,2.991719690671806
2020-05-15,2.9892225988775363
2020-05-18,3.011262780653299
2020-05-19,3.015328191968357
2020-05-20,3.017087464213256
2020-05-21,3.0145734249444014
2020-05-22,3.012268380539877
2020-05-26,3.0235326982193884
2020-05-27,3.0298405465912466
2020-05-28,3.0354190465923168
2020-05-29,3.032907645625872
2020-06-01,3.0317259248562296
2020-06-02,3.0301022786092027
2020-06-03,3.0490898663136363
2020-06-04,3.0505149461376093
2020-06-05,3.0599763536950224
2020-06-08,3.0681025484758195
2020-06-09,3.064955996313089
2020-06-10,3.0580716047759897
2020-06-11,3.1065817782659453
2020-06-12,3.120285516049468
2020-06-15,3.1175408318866884
2020-06-16,3.1179082832148333
2020-06-17,3.117740216984346
2020-06-18,3.121231559220814
2020-06-19,3.121566741779598
2020-06-22,3.121889735420418
2020-06-23,3.1266424548250984
2020-06-24,3.129371697077837
2020-06-25,3.1282687562396503
2020-06-26,3.137357379216899
2020-06-29,3.134940210950085
2020-06-30,3.148462351688377
2020-07-01,3.152013019053146
2020-07-02,3.1519907337161235
2020-07-06,3.1651941442942024
2020-07-07,3.1642404464190514
2020-07-08,3.169250472248557
2020-07-09,3.16595440991892
2020-07-10,3.166192612221208
2020-07-13,3.163727603330619
2020-07-14,3.1617706239454884
2020-07-15,3.18726222115485
2020-07-16,3.188533185313106
2020-07-17,3.1854207937788863
2020-07-20,3.184625475485934
2020-07-21,3.182911315914424
2020-07-22,3.179264414818242
2020-07-23,3.1652172141867827
2020-07-24,3.1653255247703163
2020-07-27,3.160452574510898
2020-07-28,3.153573860017508
2020-07-29,3.145034383631561
2020-07-30,3.139399581471616
2020-07-31,3.1492734117927017
2020-08-03,3.163739275290502
2020-08-04,3.1652944313463176
2020-08-05,3.168872740757812
2020-08-06,3.17129422012205
2020-08-07,3.1703822599437785
2020-08-10,3.1698981334958427
2020-08-11,3.1657736624855466
2020-08-12,3.1563646107134904
2020-08-13,3.178384612198958
2020-08-14,3.196802846645116
2020-08-17,3.192745817962289
2020-08-18,3.18853089636782
2020-08-19,3.1795179239059874
2020-08-20,3.1827116823824677
2020-08-21,3.183432166421597
2020-08-24,3.183139649216336
2020-08-25,3.1826392965945303
2020-08-26,3.174032018189579
2020-08-27,3.205022488316569
2020-08-28,3.206376718902977
2020-08-31,3.207417267531746
2020-09-01,3.206917497380901
2020-09-02,3.213869977365747
2020-09-03,3.213765287207264
2020-09-04,3.219137056796048
2020-09-08,3.240128422916731
2020-09-09,3.2342975830058
2020-09-10,3.231319440013234
2020-09-11,3.2239283014345257
2020-09-14,3.216649417819452
2020-09-15,3.207970137106642
2020-09-16,3.2018008345065665
2020-09-17,3.193641222418503
2020-09-18,3.1862494359552924
2020-09-21,3.184754496999909
2020-09-22,3.1902569795302056
2020-09-23,3.194900915607158
2020-09-24,3.1920481515374397
2020-09-25,3.195054951237369
2020-09-28,3.197154353345669
2020-09-29,3.196568033697659
2020-09-30,3.1942700089425653
2020-10-01,3.183777369495989
2020-10-02,3.1745134252478184
2020-10-05,3.1725782444939004
2020-10-06,3.170518545319407
2020-10-07,3.165908432271726
2020-10-08,3.1611644059793864
2020-10-09,3.156311033376193
2020-10-12,3.157508803293795
2020-10-13,3.153336406854174
2020-10-14,3.152697390610902
2020-10-15,3.146510652436114
2020-10-16,3.140973981242769
2020-10-19,3.1346621061779323
2020-10-20,3.127342813384874
2020-10-21,3.119697208335345
2020-10-22,3.109804253475665
2020-10-23,3.103191561083791
2020-10-26,3.0843937341877576
2020-10-27,3.0806558549008245
2020-10-28,3.095490297154796
2020-10-29,3.1421023229955733
2020-10-30,3.151092159006037
2020-11-02,3.1490569917661646
2020-11-03,3.154978845007153
2020-11-04,3.167809953247564
2020-11-05,3.1939573640940133
2020-11-06,3.19484042269934
2020-11-09,3.196069168505584
2020-11-10,3.1974721851905072
2020-11-11,3.208997840846115
2020-11-12,3.207252920273955
2020-11-13,3.213442691580803
2020-11-16,3.20596705125717
2020-11-17,3.2030557365749885
2020-11-18,3.203444092834921
2020-11-19,3.197667846108573
2020-11-20,3.1903718417255327
2020-11-23,3.18509149359527
2020-11-24,3.1838542258094087
2020-11-25,3.1779994039302983
2020-11-27,3.172296300797068
2020-11-30,3.165950338348277
2020-12-01,3.1823735245335665
2020-12-02,3.182221667174894
2020-12-03,3.1839153245569096
2020-12-04,3.1760615549734257
2020-12-07,3.174969649008991
2020-12-08,3.17335191077736
2020-12-09,3.16753273231304
2020-12-10,3.1581745772606324
2020-12-11,3.1469583574617945
2020-12-14,3.137490062256373
2020-12-15,3.129665345996029
2020-12-16,3.1268306767475176
2020-12-17,3.1349043242781622
2020-12-18,3.1335771207769514
2020-12-21,3.130863737265788
2020-12-22,3.130586281782563
2020-12-23,3.1398148126700525
2020-12-24,3.1418746461088256
2020-12-28,3.138876971834605
2020-12-29,3.146248333601861
2020-12-30,3.145665363401726
2020-12-31,3.154782498531412
2021-01-04,3.1464209617286167
2021-01-05,3.1405213935277527
2021-01-06,3.1458057577951264
2021-01-07,3.1522508511676643
2021-01-08,3.159528189878097
2021-01-11,3.158814540996042
2021-01-12,3.1544385703070903
2021-01-13,3.147361788550441
2021-01-14,3.1455870677298123
2021-01-15,3.1427359556123475
2021-01-19,3.138993411260408
2021-01-20,3.139476495182272
2021-01-21,3.139127337974551
2021-01-22,3.139084444125075
2021-01-25,3.145010700372739
2021-01-26,3.14441439449326
2021-01-27,3.150306417179272
2021-01-28,3.153572706952476
2021-01-29,3.166018307627015
2021-02-01,3.1669891554733423
2021-02-02,3.168339285606336
2021-02-03,3.169241244123257
2021-02-04,3.176108382278718
2021-02-05,3.1776702149824296
2021-02-08,3.1861234771463187
2021-02-09,3.184814257993436
2021-02-10,3.175851421944984
2021-02-11,3.171307827916612
2021-02-12,3.167765487977386
2021-02-16,3.1686057116007458
2021-02-17,3.156619058200157
2021-02-18,3.149494860568732
2021-02-19,3.152664364998214
2021-02-22,3.1523401292768063
2021-02-23,3.159465964805884
2021-02-24,3.1591432604901444
2021-02-25,3.1702929489172758
2021-02-26,3.170627090757175
2021-03-01,3.168017370777999
2021-03-02,3.165481420066566
2021-03-03,3.1640215103185865
2021-03-04,3.1713324377714094
2021-03-05,3.1669265739514465
2021-03-08,3.159006165073462
2021-03-09,3.168652910837152
2021-03-10,3.169422203365562
2021-03-11,3.176837061359341
2021-03-12,3.180773449951487
2021-03-15,3.179658205676734
2021-03-16,3.177654109992007
2021-03-17,3.183569413633915
2021-03-18,3.184466926809433
2021-03-19,3.182548085490102
2021-03-22,3.192983649760273
2021-03-23,3.201527244121036
2021-03-24,3.2091636692172947
2021-03-25,3.2082305289292004
2021-03-26,3.2119635011423537
2021-03-29,3.2106600050707583
2021-03-30,3.2043153194923857
2021-03-31,3.197256738799716
2021-04-01,3.19178736134932
2021-04-05,3.196424465973651
2021-04-06,3.199261995793649
2021-04-07,3.1957943697144344
2021-04-08,3.191467407061903
2021-04-09,3.1851231250286625
2021-04-12,3.175695318648108
2021-04-13,3.166922211960113
2021-04-14,3.154768794140494
2021-04-15,3.1465034017117324
2021-04-16,3.136803936969726
2021-04-19,3.121021618071204
2021-04-20,3.1182221380635053
2021-04-21,3.128225967063485
2021-04-22,3.127721810109349
2021-04-23,3.117768828003229
2021-04-26,3.115031698151366
2021-04-27,3.1193171375678586
2021-04-28,3.1190587873115883
2021-04-29,3.118345173940736
2021-04-30,3.11358892515516
2021-05-03,3.107554196303517
2021-05-04,3.1050909118453185
2021-05-05,3.1006312530411315
2021-05-06,3.096199566206849
2021-05-07,3.0912782648074377
2021-05-10,3.0852248564882787
2021-05-11,3.1211018072502728
2021-05-12,3.1368617897085715
2021-05-13,3.13826062871672
2021-05-14,3.1388862154277417
2021-05-17,3.1354000272318627
2021-05-18,3.129052693776419
2021-05-19,3.1202404408210542
2021-05-20,3.113001072778865
2021-05-21,3.1075614955813298
2021-05-24,3.1052648231639144
2021-05-25,3.0970262231300847
2021-05-26,3.100003712345987
2021-05-27,3.097800030594738
2021-05-28,3.0959065819422302
2021-06-01,3.0879411173946383
2021-06-02,3.081732458811728
2021-06-03,3.080376838691793
2021-06-04,3.0860802757963537
2021-06-07,3.085149464573364
2021-06-08,3.083293478472201
2021-06-09,3.080189585648241
2021-06-10,3.0800299044615955
2021-06-11,3.0794972237310385
2021-06-14,3.080683397786698
2021-06-15,3.0855314779912657
2021-06-16,3.0814737779112136
2021-06-17,3.07731338136551
2021-06-18,3.0803842933422563
2021-06-21,3.07425258468587
2021-06-22,3.0694265708062995
2021-06-23,3.0672192363419937
2021-06-24,3.052472175930104
2021-06-25,3.047315648764927
2021-06-28,3.0392170754592143
2021-06-29,3.026214790012256
2021-06-30,3.014960752721248
2021-07-01,3.0085661270735726
2021-07-02,2.9967343921062444
2021-07-06,2.9902299808963253
2021-07-07,2.984447907225897
2021-07-08,3.0396370948807663
2021-07-09,3.040381510392706
2021-07-12,3.039702561135427
2021-07-13,3.0360605394031115
2021-07-14,3.0328983028081047
2021-07-15,3.021428181445731
2021-07-16,3.015388398061764
2021-07-19,3.011717801062173
2021-07-20,3.005113389936656
2021-07-21,2.9995788486491306
2021-07-22,2.999594067084652
2021-07-23,3.0004778899547007
2021-07-26,2.994645038272071
2021-07-27,2.989869996883812
2021-07-28,2.9774010397762303
2021-07-29,2.9689647177429
2021-07-30,2.97005574471402
2021-08-02,2.970629670538706
2021-08-03,2.9703033892547346
2021-08-04,2.962673314656373
2021-08-05,2.957642490691754
2021-08-06,2.952038165019913
2021-08-09,2.950185192841352
2021-08-10,2.946577502175069
2021-08-11,2.939656600367524
2021-08-12,2.934471276795572
2021-08-13,2.929182223369847
2021-08-16,2.919988967775574
2021-08-17,2.92943756816532
2021-08-18,2.933430760849934
2021-08-19,2.938190102452169
2021-08-20,2.9338546399523917
2021-08-23,2.934924388549037
2021-08-24,2.936533433013019
2021-08-25,2.94087142856977
2021-08-26,2.934499870711697
2021-08-27,2.934065691212736
2021-08-30,2.923986640269819
2021-08-31,2.922542427593977
2021-09-01,2.912617872374178
2021-09-02,2.904984945326869
2021-09-03,2.892723427892325
2021-09-07,2.876711633367101
2021-09-08,2.865160321330056
2021-09-09,2.857247572232365
2021-09-10,2.844222564703026
2021-09-13,2.836769953271577
2021-09-14,2.82754754166727
2021-09-15,2.8189588752212567
2021-09-16,2.81223645862348
2021-09-17,2.788041096489174
2021-09-20,2.784313475379507
2021-09-21,2.784631691347712
2021-09-22,2.780795897989313
2021-09-23,2.7814757230430907
2021-09-24,2.777489807475908
2021-09-27,2.771922363163998
2021-09-28,2.7682207750298624
2021-09-29,2.766012434234016
2021-09-30,2.795130253880625
2021-10-01,2.794324163405762
2021-10-04,2.796475418415468
2021-10-05,2.793742892362805
2021-10-06,2.7817853947161963
2021-10-07,2.8030423539981766
2021-10-08,2.8050696474337857
2021-10-11,2.802825370640786
2021-10-12,2.802508600991
2021-10-13,2.799827680470121
2021-10-14,2.7807095600999383
2021-10-15,2.7726685675588234
2021-10-18,2.76458153760911
2021-10-19,2.755928468832853
2021-10-20,2.74867069999455
2021-10-21,2.7475014414287333
2021-10-22,2.742794334004085
2021-10-25,2.744598082467476
2021-10-26,2.74232430426057
2021-10-27,2.733013810192737
2021-10-28,2.728980695649796
2021-10-29,2.73284144483202
2021-11-01,2.731855379314349
2021-11-02,2.725630499774812
2021-11-03,2.7195976620545954
2021-11-04,2.713156542740319
2021-11-05,2.7029301963041004
2021-11-08,2.693278510114373
2021-11-09,2.682023707841513
2021-11-10,2.6740756484220727
2021-11-11,2.667899132101834
2021-11-12,2.6656967938387277
2021-11-15,2.6631970681901858
2021-11-16,2.658903889041729
2021-11-17,2.65692374075246
2021-11-18,2.654142282404888
2021-11-19,2.654137020372908
2021-11-22,2.6474567158835787
2021-11-23,2.642946983945494
2021-11-24,2.6354924516601885
2021-11-26,2.6267930273918862
2021-11-29,2.617484901978476
2021-11-30,2.608853383119542
2021-12-01,2.610317966406653
2021-12-02,2.6019601088521758
2021-12-03,2.5943752246648604
2021-12-06,2.5854807475600787
2021-12-07,2.584667271749084
2021-12-08,2.5858179832975554
2021-12-09,2.580785385843805
2021-12-10,2.57497510417978
2021-12-13,2.573960292163643
2021-12-14,2.566678341497433
2021-12-15,2.565472533312526
2021-12-16,2.5611815510049354
2021-12-17,2.5615156817092064
2021-12-20,2.5676762419383388
2021-12-21,2.561800608039988
2021-12-22,2.5616653802408105
2021-12-23,2.560617698071009
2021-12-27,2.5584960395545275
2021-12-28,2.5498415907616763
2021-12-29,2.545224161246816
2021-12-30,2.5390177347620546
2021-12-31,2.5348475303754165
2022-01-03,2.528718070065904
2022-01-04,2.5272963761464844
2022-01-05,2.5295314980144834
2022-01-06,2.534663119186824
2022-01-07,2.541284714194815
2022-01-10,2.54094349459839
2022-01-11,2.5363220535103976
2022-01-12,2.536682335378944
2022-01-13,2.5292401370432307
2022-01-14,2.524512803248853
2022-01-18,2.525115847946229
2022-01-19,2.5247977254804668
2022-01-20,2.53475018965326
2022-01-21,2.550045030729767
2022-01-24,2.5534846457126115
2022-01-25,2.556273101600587
2022-01-26,2.5615247802581016
2022-01-27,2.5647066496603177
2022-01-28,2.565872649203055
2022-01-31,2.5693285427710078
2022-02-01,2.5670215751932064
2022-02-02,2.5644745530788544
2022-02-03,2.5581135674743165
2022-02-04,2.555663328126698
2022-02-07,2.552378034896146
2022-02-08,2.550066486623935
2022-02-09,2.5484137816875565
2022-02-10,2.5429796702305145
2022-02-11,2.537808694124452
2022-02-14,2.531653494313174
2022-02-15,2.5216148126393536
2022-02-16,2.5143719380056786
2022-02-17,2.5040037470977605
2022-02-18,2.5049861500018267
2022-02-22,2.505988803882549
2022-02-23,2.5130172248968923
2022-02-24,2.5064598464203973
2022-02-25,2.5071074687412165
2022-02-28,2.500277554795268
2022-03-01,2.491451373862915
2022-03-02,2.48397556009791
2022-03-03,2.480554920000273
2022-03-04,2.4789188193389453
2022-03-07,2.4863030645661226
2022-03-08,2.4974240315046683
2022-03-09,2.4953533478388863
2022-03-10,2.4936373158178577
2022-03-11,2.4855535734415164
2022-03-14,2.4801956585642704
2022-03-15,2.472047971471981
2022-03-16,2.473673709904692
2022-03-17,2.483459747426449
2022-03-18,2.4943782179019687
2022-03-21,2.5041410338761048
2022-03-22,2.5072213981604725
2022-03-23,2.50645169942
2022-03-24,2.516699598365205
2022-03-25,2.5206333423822307
2022-03-28,2.5208605577714542
2022-03-29,2.5056513973018237
2022-03-30,2.5056481670389856
2022-03-31,2.5052148843400204
2022-04-01,2.500142918275444
2022-04-04,2.498333849689568
2022-04-05,2.5259968936922603
2022-04-06,2.5308215939769867
2022-04-07,2.5308975192171896
2022-04-08,2.532529600702753
2022-04-11,2.5361446567397765
2022-04-12,2.53271193900228
2022-04-13,2.5378618885834467
2022-04-14,2.5442621996657406
2022-04-18,2.5446084912785043
2022-04-19,2.544695393554377
2022-04-20,2.547763425913669
2022-04-21,2.5460633249878057
2022-04-22,2.5565996346359743
2022-04-25,2.5612783641970203
2022-04-26,2.5704646354857834
2022-04-27,2.5686795190335348
2022-04-28,2.5782955323098107
2022-04-29,2.580536380187385
2022-05-02,2.5773646685026605
2022-05-03,2.57942648741295
2022-05-04,2.5759005156398254
2022-05-05,2.576630135653982
2022-05-06,2.5899498333443867
2022-05-09,2.605597871459003
2022-05-10,2.6144671283710785
2022-05-11,2.637374787273182
2022-05-12,2.6407517724072784
2022-05-13,2.640191520924672
2022-05-16,2.6362732989467794
2022-05-17,2.637159711265772
2022-05-18,2.641029630313348
2022-05-19,2.653084550494015
2022-05-20,2.653811394739235
2022-05-23,2.654186073996069
2022-05-24,2.654944656667064
2022-05-25,2.665437436221233
2022-05-26,2.668247536186993
2022-05-27,2.681247504273406
2022-05-31,2.6815295851999683
2022-06-01,2.687376869329816
2022-06-02,2.6841641877534204
2022-06-03,2.6765641663452917
2022-06-06,2.687501916388733
2022-06-07,2.6789242361882057
2022-06-08,2.668509371170188
2022-06-09,2.6759235116575857
2022-06-10,2.691370266781468
2022-06-13,2.730631612312829
2022-06-14,2.745111586494345
2022-06-15,2.746252326911212
2022-06-16,2.750773142404458
2022-06-17,2.7459301400257803
2022-06-21,2.738472820580101
2022-06-22,2.7406213650428666
2022-06-23,2.728392331083416
2022-06-24,2.73584134449709
2022-06-27,2.738257477762167
2022-06-28,2.7319559502032367
2022-06-29,2.731756969486179
2022-06-30,2.7272489080122257
2022-07-01,2.722684918573546
2022-07-05,2.716672305643591
2022-07-06,2.714149833813224
2022-07-07,2.697071119106004
2022-07-08,2.6934306958216503
2022-07-11,2.6894217363545057
2022-07-12,2.688684099278881
2022-07-13,2.684143269873549
2022-07-14,2.673588189913536
2022-07-15,2.6589041769755566
2022-07-18,2.649186589889232
2022-07-19,2.632784158192576
2022-07-20,2.636135050456549
2022-07-21,2.638913436015622
2022-07-22,2.638654187501253
2022-07-25,2.638619489904718
2022-07-26,2.623903487640818
2022-07-27,2.625992194134388
2022-07-28,2.6278760561540606
2022-07-29,2.627784984069068
2022-08-01,2.6231726054737905
2022-08-02,2.613514854381184
2022-08-03,2.605561986376008
2022-08-04,2.596029283081945
2022-08-05,2.5880687986869435
2022-08-08,2.5838983883674773
2022-08-09,2.57979828193306
2022-08-10,2.5798598839083438
2022-08-11,2.5819889039744144
2022-08-12,2.577000784313113
2022-08-15,2.5837504497899517
2022-08-16,2.583723106828113
2022-08-17,2.5839624576666984
2022-08-18,2.584271423667021
2022-08-19,2.5772758006461243
2022-08-22,2.577442916561346
2022-08-23,2.571655499845683
2022-08-24,2.568067103825449
2022-08-25,2.5697787308372546
2022-08-26,2.57548079314548
2022-08-29,2.578322196639837
2022-08-30,2.581680314141232
2022-08-31,2.582899758215324
2022-09-01,2.575797215741137
2022-09-02,2.568420218272794
2022-09-06,2.561199764387576
2022-09-07,2.550596848396462
2022-09-08,2.544050975189791
2022-09-09,2.5246938141353623
2022-09-12,2.516052840675578
2022-09-13,2.512768044022198
2022-09-14,2.513399345287884
2022-09-15,2.513524512801867
2022-09-16,2.5171778584740765
2022-09-19,2.517935613054417
2022-09-20,2.518307302718088
2022-09-21,2.5148205069694822
2022-09-22,2.517424558260968
2022-09-23,2.51613105558625
2022-09-26,2.5141122411696144
2022-09-27,2.505744704300505
2022-09-28,2.492622976378702
2022-09-29,2.4803559545966767
2022-09-30,2.481477008395603
2022-10-03,2.481875558378186
2022-10-04,2.4882008028925884
2022-10-05,2.491746720871089
2022-10-06,2.492147094771288
2022-10-07,2.495095419132233
2022-10-10,2.4954817571353645
2022-10-11,2.495830622782606
2022-10-12,2.4913454567307918
2022-10-13,2.487453925837117
2022-10-14,2.4816681182730203
2022-10-17,2.479748692604532
2022-10-18,2.4737234501155303
2022-10-19,2.465716988492423
2022-10-20,2.4584690537481886
2022-10-21,2.439336183844889
2022-10-24,2.4297920694944874
2022-10-25,2.4303071061955617
2022-10-26,2.4332756241206064
2022-10-27,2.432826094173952
2022-10-28,2.437684480303661
2022-10-31,2.437391190762677
2022-11-01,2.42939405522555
2022-11-02,2.4183799358229687
2022-11-03,2.410182208697754
2022-11-04,2.4107034659525453
2022-11-07,2.4052475287944586
2022-11-08,2.403354468095841
2022-11-09,2.401973838549305
2022-11-10,2.402676404039389
2022-11-11,2.4022892773631885
2022-11-14,2.397935444577584
2022-11-15,2.400567037217441
2022-11-16,2.3965250733743657
2022-11-17,2.394662508080315
2022-11-18,2.392491598366
2022-11-21,2.3915442975166665
2022-11-22,2.3897124611307503
2022-11-23,2.389479986012217
2022-11-25,2.394616229197091
2022-11-28,2.381911324108779
2022-11-29,2.38106275289534
2022-11-30,2.381656165273645
2022-12-01,2.3823087524652653
2022-12-02,2.381092058588252
2022-12-05,2.3718809711848747
2022-12-06,2.3755585926686718
2022-12-07,2.374256829985987
2022-12-08,2.379723782663142
2022-12-09,2.3808235631371413
2022-12-12,2.3743232633261786
2022-12-13,2.3743341926978427
2022-12-14,2.383962162463686
2022-12-15,2.369588493560996
2022-12-16,2.368957235500424
2022-12-19,2.3746255340486924
2022-12-20,2.374190948246624
2022-12-21,2.3732124172198645
2022-12-22,2.3893583571256163
2022-12-23,2.3851166744256296
2022-12-27,2.3829507848808897
2022-12-28,2.3795014998795407
2022-12-29,2.395005536256655
2022-12-30,2.3938173864885464
2023-01-03,2.403131150118655
2023-01-04,2.412521202562828
2023-01-05,2.3977617022495616
2023-01-06,2.393483163395892
2023-01-09,2.3952381414541466
2023-01-10,2.391073256504152
2023-01-11,2.4030856074202984
2023-01-12,2.410246600635897
2023-01-13,2.4126127692233594
2023-01-17,2.410270299827996
2023-01-18,2.410933245686051
2023-01-19,2.4131595233203718
2023-01-20,2.4393665886160347
2023-01-23,2.4403525237358354
2023-01-24,2.4397929898371733
2023-01-25,2.4407749727938968
2023-01-26,2.4476947840550887
2023-01-27,2.447603952692613
2023-01-30,2.442333998083472
2023-01-31,2.438931334075344
2023-02-01,2.434917569362841
2023-02-02,2.433956997509867
2023-02-03,2.4343557764676405
2023-02-06,2.451888142826132
2023-02-07,2.456959139043899
2023-02-08,2.446700898881024
2023-02-09,2.4459226616441665
2023-02-10,2.44807601494892
2023-02-13,2.44679732093046
2023-02-14,2.4436853965818925
2023-02-15,2.440537339807997
2023-02-16,2.429257340939878
2023-02-17,2.429037476118968
2023-02-21,2.4259803567103884
2023-02-22,2.426670128952999
2023-02-23,2.4324300702322814
2023-02-24,2.434551442117248
2023-02-27,2.4325675339588684
2023-02-28,2.434868552081717
2023-03-01,2.43307904437259
2023-03-02,2.432170683254391
2023-03-03,2.4257654481542694
2023-03-06,2.421811070825689
2023-03-07,2.4151418306759243
2023-03-08,2.407779013380273
2023-03-09,2.3992573123114918
2023-03-10,2.4080068988685386
2023-03-13,2.413042305833892
2023-03-14,2.4131147883408963
2023-03-15,2.4065684398294587
2023-03-16,2.4014492483323857
2023-03-17,2.392620372661176
2023-03-20,2.384370178337025
2023-03-21,2.3876269973318003
2023-03-22,2.3807455440642027
2023-03-23,2.3753538573967323
2023-03-24,2.374964926705613
2023-03-27,2.3721730146126165
2023-03-28,2.3700440002401413
2023-03-29,2.3619310252341226
2023-03-30,2.362083019871174
2023-03-31,2.353829617951149
2023-04-03,2.355424468578126
2023-04-04,2.355057490296733
2023-04-05,2.3481471377993164
2023-04-06,2.352293040812157
2023-04-10,2.349541356793305
2023-04-11,2.349167485211468
2023-04-12,2.344455182364684
2023-04-13,2.3332844893996825
2023-04-14,2.3217635244478894
2023-04-17,2.313556515511839
2023-04-18,2.3123976365881784
2023-04-19,2.3183716873419224
2023-04-20,2.311773802155284
2023-04-21,2.309680964926733
2023-04-24,2.303131688134435
2023-04-25,2.2892923259017257
2023-04-26,2.2915080012663167
2023-04-27,2.28999848118351
2023-04-28,2.2923460989244044
2023-05-01,2.29338276854421
2023-05-02,2.284527041094142
2023-05-03,2.2718968103651664
2023-05-04,2.2608589986241725
2023-05-05,2.249274084114582
2023-05-08,2.237881725619725
2023-05-09,2.2377040251306326
2023-05-10,2.2406372704305824
2023-05-11,2.260050108773245
2023-05-12,2.261565127841993
2023-05-15,2.26457609917796
2023-05-16,2.2616581298393674
2023-05-17,2.2521456654059544
2023-05-18,2.246313277029586
2023-05-19,2.250806601074612
2023-05-22,2.2468411738656813
2023-05-23,2.23943382557106
2023-05-24,2.228853098833715
2023-05-25,2.2193505761082504
2023-05-26,2.2078205168334164
2023-05-30,2.204493087284538
2023-05-31,2.1990844459436265
2023-06-01,2.1952299093286767
2023-06-02,2.183339879930376
2023-06-05,2.178224467133686
2023-06-06,2.16500254362823
2023-06-07,2.157050789260868
2023-06-08,2.1503987511247367
2023-06-09,2.1443835787094736
2023-06-12,2.138968197767781
2023-06-13,2.1297514075830377
2023-06-14,2.1195040166116725
2023-06-15,2.1131339635030666
2023-06-16,2.105002093522952
2023-06-20,2.093277327301255
2023-06-21,2.0884474561268065
2023-06-22,2.088633522961165
2023-06-23,2.0883722356078422
2023-06-26,2.087779808836202
2023-06-27,2.096285906156313
2023-06-28,2.097887520940524
2023-06-29,2.0977383581422084
2023-06-30,2.091281260047094
2023-07-03,2.09953783299405
2023-07-05,2.099817912100616
2023-07-06,2.0933255767722474
2023-07-07,2.0925645626050584
2023-07-10,2.084922824766457
2023-07-11,2.085798966923909
2023-07-12,2.084516693954307
2023-07-13,2.0843605620544263
2023-07-14,2.0934821823192458
2023-07-17,2.0927616945221663
2023-07-18,2.0928520611073576
2023-07-19,2.095833743136378
2023-07-20,2.0935820242153254
2023-07-21,2.096434076860245
2023-07-24,2.09666513421595
2023-07-25,2.096712633738512
2023-07-26,2.096512372394412
2023-07-27,2.0967254934289072
2023-07-28,2.097922229730689
2023-07-31,2.0992757378582545
2023-08-01,2.100400562804121
2023-08-02,2.082416208869313
2023-08-03,2.0690288365270617
2023-08-04,2.058929726169033
2023-08-07,2.04759384531132
2023-08-08,2.047527230720774
2023-08-09,2.039566081274715
2023-08-10,2.040716123505843
2023-08-11,2.036935348466944
2023-08-14,2.0337351154920045
2023-08-15,2.031958775710284
2023-08-16,2.026373690675059
2023-08-17,2.026584657693698
2023-08-18,2.025523107436146
2023-08-21,2.024502319045564
2023-08-22,2.0216796680464117
2023-08-23,2.016001547596111
2023-08-24,2.005801941309317
2023-08-25,1.99912618401444
2023-08-28,1.992473031402196
2023-08-29,1.9704355025760436
2023-08-30,1.9619271696948657
2023-08-31,1.958462088716631
2023-09-01,1.954296636867007
2023-09-05,1.9489700040490985
2023-09-06,1.945807709406795
2023-09-07,1.9414067224201372
2023-09-08,1.9423730280934308
2023-09-11,1.9384604447180047
2023-09-12,1.934597503421773
2023-09-13,1.936407445325427
2023-09-14,1.9320710481303407
2023-09-15,1.9214199386637436
2023-09-18,1.9143246543308352
2023-09-19,1.906963674161133
2023-09-20,1.9058557819655275
2023-09-21,1.9084542392037451
2023-09-22,1.9105954750135885
2023-09-25,1.913161636984406
2023-09-26,1.9109813689357995
2023-09-27,1.9091803890494388
2023-09-28,1.9123903750054323
2023-09-29,1.910034063137932
2023-10-02,1.9153945551902103
2023-10-03,1.91324249081596
2023-10-04,1.9229979122563767
2023-10-05,1.92314183311276
2023-10-06,1.921462716222421
2023-10-09,1.9209945161103876
2023-10-10,1.9152850620259625
2023-10-11,1.9115123116126644
2023-10-12,1.9014687590250448
2023-10-13,1.920322678119776
2023-10-16,1.9205012672805375
2023-10-17,1.9222732096344783
2023-10-18,1.9163657313895852
2023-10-19,1.918774383507362
2023-10-20,1.913690709093208
2023-10-23,1.9137858907733507
2023-10-24,1.909850619812938
2023-10-25,1.912850218397237
2023-10-26,1.90839801457361
2023-10-27,1.9074156727536964
2023-10-30,1.9044941489511344
2023-10-31,1.903340800669605
2023-11-01,1.8953146303609465
2023-11-02,1.8911118207296431
2023-11-03,1.891142813838652
2023-11-06,1.8846516367738224
2023-11-07,1.877873667114598
2023-11-08,1.8713837304918093
2023-11-09,1.8669807663711704
2023-11-10,1.8647913809814565
2023-11-13,1.869040999561312
2023-11-14,1.8648958569370848
2023-11-15,1.8641362119623288
2023-11-16,1.862412500878999
2023-11-17,1.8607212950830996
2023-11-20,1.8669603689623429
2023-11-21,1.8725931711429065
2023-11-22,1.8768956085431572
2023-11-24,1.8836548702192129
2023-11-27,1.8916523239019103
2023-11-28,1.9071180451667624
2023-11-29,1.914715083717346
2023-11-30,1.914164889956276
2023-12-01,1.917203399476652
2023-12-04,1.916159997482156
2023-12-05,1.9149862511648517
2023-12-06,1.9121881885167047
2023-12-07,1.9106271337189968
2023-12-08,1.9085393180075696
2023-12-11,1.909380108622284
2023-12-12,1.908665785726384
2023-12-13,1.891930423236181
2023-12-14,1.8857937646358711
2023-12-15,1.877263155255256
2023-12-18,1.871122509822028
2023-12-19,1.86392930700917
2023-12-20,1.8477954627345008
2023-12-21,1.838082142644464
2023-12-22,1.83380994597712
2023-12-26,1.8287163461677296
2023-12-27,1.8216578727089896
2023-12-28,1.81595250546368
2023-12-29,1.8088112712391584
2024-01-02,1.7982946212401305
2024-01-03,1.7894266220758992
2024-01-04,1.779346059285605
2024-01-05,1.7703901194667613
2024-01-08,1.760751053921365
2024-01-09,1.7554502918255772
2024-01-10,1.750751681629321
2024-01-11,1.7436703877019233
2024-01-12,1.737036500174663
2024-01-16,1.7325979057528316
2024-01-17,1.7282434593543443
2024-01-18,1.7255305443940157
2024-01-19,1.7227260331199217
2024-01-22,1.7170491853431933
2024-01-23,1.7117046128171918
2024-01-24,1.7161238825516938
2024-01-25,1.7186807809747535
2024-01-26,1.7247579365285417
2024-01-29,1.7220437759364042
2024-01-30,1.725104962290241
2024-01-31,1.7197405984627812
2024-02-01,1.7124948765101538
2024-02-02,1.7032146136400783
2024-02-05,1.696742932389924
2024-02-06,1.6893143613366872
2024-02-07,1.681219359252847
2024-02-08,1.677382660230918
2024-02-09,1.66818179597926
2024-02-12,1.6596392848685244
2024-02-13,1.651422807388895
2024-02-14,1.642391549254518
2024-02-15,1.6312441491838112
2024-02-16,1.622163373628496
2024-02-20,1.6136720267743607
2024-02-21,1.6074550043589468
2024-02-22,1.6002906271378698
2024-02-23,1.5976463267762668
2024-02-26,1.59597839414856
2024-02-27,1.5909067139617357
2024-02-28,1.5884313068800586
2024-02-29,1.582768450967485
2024-03-01,1.578894143646649
2024-03-04,1.5758620128126284
2024-03-05,1.5679253506243322
2024-03-06,1.5608755718907077
2024-03-07,1.5534275900871146
2024-03-08,1.5522715212148168
2024-03-11,1.5526866843064826
2024-03-12,1.54751541970074
2024-03-13,1.5421426321201896
2024-03-14,1.5376143942798768
2024-03-15,1.5394119040684242
2024-03-18,1.5421088054488836
2024-03-19,1.5421560130242462
2024-03-20,1.5377113184530993
2024-03-21,1.5348472381050111
2024-03-22,1.5412937521146228
2024-03-25,1.541325407242671
2024-03-26,1.5431783601993772
2024-03-27,1.5407658703187614
2024-03-28,1.5404897862120477
2024-04-01,1.5406454536393994
2024-04-02,1.5373774665138078
2024-04-03,1.533115266678629
2024-04-04,1.5278788079179626
2024-04-05,1.5238843185414015
2024-04-08,1.5157900527960966
2024-04-09,1.5139002565148625
2024-04-10,1.5028981937534671
2024-04-11,1.4982421848808976
2024-04-12,1.499046958400153
2024-04-15,1.5063681930243713
2024-04-16,1.5078295400565789
2024-04-17,1.503382975959604
2024-04-18,1.497275704858264
2024-04-19,1.493160561206705
2024-04-22,1.4827711591961377
2024-04-23,1.4792395033522263
2024-04-24,1.480685893901266
2024-04-25,1.4810376860329657
2024-04-26,1.4790072813009871
2024-04-29,1.482605401950437
2024-04-30,1.4777328331706097
2024-05-01,1.4653849330672757
2024-05-02,1.462234040951114
2024-05-03,1.4542499307757617
2024-05-06,1.4268307243939844
2024-05-07,1.4278067693456886
2024-05-08,1.408807753307754
2024-05-09,1.4065158460903302
2024-05-10,1.398613120671097
2024-05-13,1.3974008346702746
2024-05-14,1.3955842535819634
2024-05-15,1.3873865262289629
2024-05-16,1.389533574602691
2024-05-17,1.3879327472880791
2024-05-20,1.3802756041828357
2024-05-21,1.384172875658122
2024-05-22,1.3880131557047832
2024-05-23,1.3869523312831618
2024-05-24,1.382486192938821
2024-05-28,1.3837721382765733
2024-05-29,1.3826309043366924
2024-05-30,1.3821359814717278
2024-05-31,1.3801837051242816
2024-06-03,1.3747099497725763
2024-06-04,1.3685819738971867
2024-06-05,1.368164242018717
2024-06-06,1.3663743494214498
2024-06-07,1.3677736597809815
2024-06-10,1.3704314424436312
2024-06-11,1.3726911788459957
2024-06-12,1.3694287136478818
2024-06-13,1.3697137089931608
2024-06-14,1.369488177568223
2024-06-17,1.370987560346094
2024-06-18,1.370697739988079
2024-06-20,1.3704375455712448
2024-06-21,1.370950069003399
2024-06-24,1.370596916295952
2024-06-25,1.3704504209288426
2024-06-26,1.3687769039730937
2024-06-27,1.3728142253365687
2024-06-28,1.3741681820681957
2024-07-01,1.3791620749565598
2024-07-02,1.379040571378946
2024-07-03,1.3833367620363022
2024-07-05,1.38515551153088
2024-07-08,1.386381174829592
2024-07-09,1.3842535645420406
2024-07-10,1.3851222325536388
2024-07-11,1.3857487680796692
2024-07-12,1.3837518602953007
2024-07-15,1.384522685513365
2024-07-16,1.3838011268244186
2024-07-17,1.3880079614142415
2024-07-18,1.3884694640656317
2024-07-19,1.3891376982002166
2024-07-22,1.388229277453246
2024-07-23,1.386830161515776
2024-07-24,1.3834162723261427
2024-07-25,1.3897591139391816
2024-07-26,1.3883836037740258
2024-07-29,1.388558443100138
2024-07-30,1.3888441572456458
2024-07-31,1.3886110518279646
2024-08-01,1.3865341678801746
2024-08-02,1.3890965200618952
2024-08-05,1.3993089290190444
2024-08-06,1.391369752820366
2024-08-07,1.3925213610558562
2024-08-08,1.3912507319266652
2024-08-09,1.3899170893281227
2024-08-12,1.389171333593597
2024-08-13,1.3848106725354596
2024-08-14,1.3836293078980335
2024-08-15,1.3966272800198412
2024-08-16,1.398003032231987
2024-08-19,1.399798270427853
2024-08-20,1.401236468554435
2024-08-21,1.400585821813958
2024-08-22,1.397551794927962
2024-08-23,1.3944027726399706
2024-08-26,1.3966315734785633
2024-08-27,1.3972069490922403
2024-08-28,1.3966866190035303
2024-08-29,1.3985250373252656
2024-08-30,1.3987753858574397
2024-09-03,1.3987546535081845
2024-09-04,1.3996709414928352
2024-09-05,1.401071383330576
2024-09-06,1.4050266811729435
2024-09-09,1.4036495496923624
2024-09-10,1.4023843165910668
2024-09-11,1.4017118562663224
2024-09-12,1.401286084784445
2024-09-13,1.407554383589958
2024-09-16,1.4089931943549678
2024-09-17,1.4100817920143571
2024-09-18,1.4075884721483929
2024-09-19,1.40943768405675
2024-09-20,1.4087295685390206
2024-09-23,1.4086971440949596
2024-09-24,1.4118135423031744
2024-09-25,1.410929428662029
2024-09-26,1.4114674789354889
2024-09-27,1.4099246689922662
2024-09-30,1.4120343189167055
2024-10-01,1.4092164134088463
2024-10-02,1.4098037353379105
2024-10-03,1.4098623438185212
2024-10-04,1.4070170221440808
2024-10-07,1.400739872867976
2024-10-08,1.395823559670342
2024-10-09,1.3920482422566114
2024-10-10,1.3899864395241348
2024-10-11,1.38766668617261
2024-10-14,1.38892007301206
2024-10-15,1.3882417200910375
2024-10-16,1.3876436276282869
2024-10-17,1.3867826226444562
2024-10-18,1.3850843113626363
2024-10-21,1.381238446235368
2024-10-22,1.378137448077969
2024-10-23,1.3787276191469349
2024-10-24,1.380440109834137
2024-10-25,1.384336366793542
2024-10-28,1.3832333473081726
2024-10-29,1.3812557416290252
2024-10-30,1.3791231212448711
2024-10-31,1.3718400302074971
2024-11-01,1.3722221552963516
2024-11-04,1.3721081530104446
2024-11-05,1.3705024597941546
2024-11-06,1.377244121079798
2024-11-07,1.3869289271867116
2024-11-08,1.3951771274464693
2024-11-11,1.3981070005444332
2024-11-12,1.3975046446651027
2024-11-13,1.3960151151656957
2024-11-14,1.3970821096340338
2024-11-15,1.3976214314018836
2024-11-18,1.3984236490014206
2024-11-19,1.397077382694398
2024-11-20,1.3951375540952
2024-11-21,1.3928877688170505
2024-11-22,1.3936850485476184
2024-11-25,1.3942794993310033
2024-11-26,1.3958591416167958
2024-11-27,1.3951996503115598
2024-11-29,1.3951750043006412
2024-12-02,1.3982214217786706
2024-12-03,1.400392357949308
2024-12-04,1.4009535013420875
2024-12-05,1.4010401851994885
2024-12-06,1.40053983265467
2024-12-09,1.3998953754282
2024-12-10,1.4028188998701712
2024-12-11,1.4019695173718174
2024-12-12,1.401974157276417
2024-12-13,1.4019659352133922
2024-12-16,1.401042671141168
2024-12-17,1.408566824864122
2024-12-18,1.4181530154386284
2024-12-19,1.425979023144838
2024-12-20,1.4244681091940314
2024-12-23,1.4157689440041006
2024-12-24,1.414528479621165
2024-12-26,1.4147991936571829
2024-12-27,1.415234232900887
2024-12-30,1.4155755342590022
2024-12-31,1.4149919487307652
2025-01-02,1.4113811509782446
2025-01-03,1.4070215383472324
2025-01-06,1.4076542152082343
2025-01-07,1.4058241996411922
2025-01-08,1.405835133770444
2025-01-10,1.4043788183652344
2025-01-13,1.4029863233941893
2025-01-14,1.4030944528747136
2025-01-15,1.4042491689799774
2025-01-16,1.4064709423140913
2025-01-17,1.4064505919282122
2025-01-21,1.4074726387762764
2025-01-22,1.4078279852064397
2025-01-23,1.408382045525803
2025-01-24,1.410272332986871
2025-01-27,1.4142119429707682
2025-01-28,1.4120831475182165
2025-01-29,1.4079975447158883
2025-01-30,1.410015613464901
2025-01-31,1.4088028734340683
2025-02-03,1.4063978581626473
2025-02-04,1.4044439072297543
2025-02-05,1.404619251442438
2025-02-06,1.4073900413719302
2025-02-07,1.406063628389482
2025-02-10,1.4069196103343435
2025-02-11,1.4068519783355482
2025-02-12,1.408445862908037
2025-02-13,1.4046852639164564
2025-02-14,1.4032574709534875
2025-02-18,1.4040257284137228
2025-02-19,1.4054284501217955
2025-02-20,1.403616435788848
2025-02-21,1.3990885987227537
2025-02-24,1.3989403328521637
2025-02-25,1.4006368470543138
2025-02-26,1.4003323828722576
2025-02-27,1.407713610666035
2025-02-28,1.408433249087151
2025-03-03,1.4107969919631071
2025-03-04,1.4145107393412977
2025-03-05,1.4133588953522025
2025-03-06,1.4153526074004634
2025-03-07,1.4122109358144588
2025-03-10,1.4091138922274562
2025-03-11,1.411796996867889
2025-03-12,1.413374111212606
2025-03-13,1.4152123198383124
2025-03-14,1.414734542182139
2025-03-17,1.4149678827585417
2025-03-18,1.411750831670107
2025-03-19,1.4113061556304098
2025-03-20,1.409283052120382
2025-03-21,1.4165854453078843
2025-03-24,1.409794059841744
2025-03-25,1.4101606749271784
2025-03-26,1.4101033185347034
2025-03-27,1.40912423960922
2025-03-28,1.4059280962898335
2025-03-31,1.40925886654889
2025-04-01,1.4083582464035564
2025-04-02,1.4071116737366196
2025-04-03,1.4108996745713718
2025-04-04,1.4391249281305605
2025-04-07,1.455632415504936
2025-04-08,1.4641898254553058
2025-04-09,1.4694266506849385
2025-04-10,1.4703674349193108
2025-04-11,1.47214555548495
2025-04-14,1.4746495515015898
2025-04-15,1.4734153268536645
2025-04-16,1.4738016924545656
2025-04-17,1.4762846907991731
2025-04-21,1.4826062998860772
2025-04-22,1.4823134508571802
2025-04-23,1.48281959062498
2025-04-24,1.4908835548994064
2025-04-25,1.495774691128458
2025-04-28,1.4980612448559036
2025-04-29,1.498319522689041
2025-04-30,1.4977854224170413
2025-05-01,1.4978984205911487
2025-05-02,1.496768229764908
2025-05-05,1.4953833508446537
2025-05-06,1.4945978272320155
2025-05-07,1.492976233936501
2025-05-08,1.4912017305185628
2025-05-09,1.4918039587793823
2025-05-12,1.4900935866177414
2025-05-13,1.4941286732363206
2025-05-14,1.4939253154473224
2025-05-15,1.4953819906478396
2025-05-16,1.495444166163845
2025-05-19,1.49486079734561
2025-05-20,1.4937896341241594
2025-05-21,1.4895456507751914
2025-05-22,1.4906765044667225
2025-05-23,1.4900309724357863
2025-05-27,1.48977325614623
2025-05-28,1.4909605807703707
2025-05-29,1.4934084546423256
2025-05-30,1.4996973655789425
2025-06-02,1.5067224786657718
2025-06-03,1.505055470381412
2025-06-04,1.5034690059632996
2025-06-05,1.5024032877157203
2025-06-06,1.4969149992747903
2025-06-09,1.4976774432345514
2025-06-10,1.495083576273878
2025-06-11,1.4962745302557874
2025-06-12,1.5001685844705823
2025-06-13,1.4891503285851604
2025-06-16,1.4889129980053966
2025-06-17,1.4908026445187843
2025-06-18,1.491200383641681
2025-06-20,1.4910912010372843
2025-06-23,1.4912470023855264
2025-06-24,1.4870441028006138
2025-06-25,1.4855486708048582
2025-06-26,1.4860985887434552
2025-06-27,1.4876346306841466
2025-06-30,1.4881892086477415
2025-07-01,1.489969546193313
2025-07-02,1.490043207115845
2025-07-03,1.4900957204067031
2025-07-07,1.4897528081997036
2025-07-08,1.4898639153890056
2025-07-09,1.4917108817072924
2025-07-10,1.4913885180164157
2025-07-11,1.4954182046227584
2025-07-14,1.498398534251423
2025-07-15,1.4942517063495215
2025-07-16,1.4938466167095616
2025-07-17,1.491993419915026
2025-07-18,1.493924779564456
2025-07-21,1.4961154244506605
2025-07-22,1.4988913915821775
2025-07-23,1.495182013689219
2025-07-24,1.4936447359961034
2025-07-25,1.492156723695608
2025-07-28,1.4952247866302215
2025-07-29,1.4949709148557997
2025-07-30,1.4969178106883858
2025-07-31,1.4957398769020012
2025-08-01,1.4941934190410333
2025-08-04,1.4925933814215364
2025-08-05,1.4911205337389102
2025-08-06,1.491733775981969
2025-08-07,1.4891127703508231
2025-08-08,1.4863424187635688
2025-08-11,1.4866304764469789
2025-08-12,1.4858156381705436
2025-08-13,1.488371992706916
2025-08-14,1.488107532956859
2025-08-15,1.4867947791722964
2025-08-18,1.4830846327478586
2025-08-19,1.4835748922098344
2025-08-20,1.482127005144983
2025-08-21,1.4801067149084188
2025-08-22,1.4774360253249377
2025-08-25,1.4751724621100823
2025-08-26,1.4741451219501909
2025-08-27,1.475252814951001
2025-08-28,1.4755900002524165
2025-08-29,1.4764592608537062
2025-09-02,1.4742853299227086
2025-09-03,1.4750231848880688
2025-09-04,1.4737514645520695
2025-09-05,1.4728472561481418
2025-09-08,1.4743765307804706
2025-09-09,1.475940821021051
2025-09-10,1.47882622204712
2025-09-11,1.475268276171271
2025-09-12,1.475635887717819
2025-09-15,1.4738537881369027
2025-09-16,1.4753434402640488
2025-09-17,1.4764983747189937
2025-09-18,1.475607688063252
2025-09-19,1.4758122294266487
2025-09-22,1.474575423633072
2025-09-23,1.474335025545621
2025-09-24,1.471879085467565
2025-09-25,1.4708310495308303
2025-09-26,1.469779966062727
2025-09-29,1.4707474470504254
2025-09-30,1.4742177303162132
2025-10-01,1.4762770473641125
2025-10-02,1.4783368605905027
2025-10-03,1.4775997612193252
2025-10-06,1.476636320120532
2025-10-07,1.4757263508850975
2025-10-08,1.4752068752231986
2025-10-09,1.4753579571666815
2025-10-10,1.475690656567833
2025-10-13,1.4756324675174346
2025-10-14,1.4754297939413494
2025-10-15,1.474666397666264
2025-10-16,1.4746194654429223
2025-10-17,1.474540547908222
2025-10-20,1.4728051423111526
2025-10-21,1.4728562026058305
2025-10-22,1.47274918023499
2025-10-23,1.4716116215180204
2025-10-24,1.4707743034520386
2025-10-27,1.4660143910768386
2025-10-28,1.4671204683259125
2025-10-29,1.4654723103061436
2025-10-30,1.4625252786569882
2025-10-31,1.4620962083540647
2025-11-03,1.462588200686295
2025-11-04,1.461877414503549
2025-11-05,1.462254103475751
2025-11-06,1.4621443219527914
2025-11-07,1.4638062246339243
2025-11-10,1.462788067764703
2025-11-11,1.4612758275507518
2025-11-12,1.4675254043227166
2025-11-13,1.468581346676803
2025-11-14,1.467324154623017
2025-11-17,1.4723089301326586
2025-11-18,1.4730568810009494
2025-11-19,1.4724845709512742
2025-11-20,1.474463508641374
2025-11-21,1.474671179617843
2025-11-24,1.4752796748094164
2025-11-25,1.476509608042829
2025-11-26,1.4796339918034145
2025-11-28,1.481372136616519
2025-12-01,1.480315210882328
2025-12-02,1.4816122150744804
2025-12-03,1.48093584910416
2025-12-04,1.4811430445630978
2025-12-05,1.4813765434165655
2025-12-08,1.4814340699210202
2025-12-09,1.4837211819238827
2025-12-10,1.4839019073967723
2025-12-11,1.4837201696451785
2025-12-12,1.4844480357109986
2025-12-15,1.4829207585584998
2025-12-16,1.4812672220643217
2025-12-17,1.4763540312305277
2025-12-18,1.474634099767663
2025-12-19,1.4707415358713365
2025-12-22,1.472469733057737
2025-12-23,1.472987365581169
2025-12-24,1.4729195541362643
2025-12-26,1.4720418454824316
2025-12-29,1.4713226684755705
2025-12-30,1.473545392077872
2025-12-31,1.4725192754594525
2026-01-02,1.4713222777552368
2026-01-05,1.4709968492073593
2026-01-06,1.470617229125086
2026-01-07,1.4720849222935384
2026-01-08,1.473067523944597
2026-01-09,1.472153217967931
2026-01-12,1.4722628260574728
2026-01-13,1.471120537790632
2026-01-14,1.4698708015042672
2026-01-15,1.4683710967749386
2026-01-16,1.4694729868713383
2026-01-20,1.4723876379112726
2026-01-21,1.4718357140738294
2026-01-22,1.470143689431984
2026-01-23,1.4754204414797132
2026-01-26,1.4762786714994616
2026-01-27,1.473876215703891
2026-01-28,1.472509400829939
2026-01-29,1.4705425448495102
2026-01-30,1.4684551231841072
2026-02-02,1.468336252626229
2026-02-03,1.4681622795692473
2026-02-04,1.4688843489602632
2026-02-05,1.4701758480217748
2026-02-06,1.4680389059755676
2026-02-09,1.4697599483551933
2026-02-10,1.4698245132790408
2026-02-11,1.472057166868062
2026-02-12,1.4652904196025167
2026-02-13,1.4659979808291148
2026-02-17,1.4662476487651044
2026-02-18,1.466684772663654
2026-02-19,1.4667967522771237
2026-02-20,1.4683202478149129
2026-02-23,1.4659483036136012
2026-02-24,1.463844895797695
2026-02-25,1.463274777400448
2026-02-26,1.4612279632047989
2026-02-27,1.4600392061072798
2026-03-02,1.4603281215339152
2026-03-03,1.4590398965013525
2026-03-04,1.4603978156022233
2026-03-05,1.4592655727581203
2026-03-06,1.4624675632478412
2026-03-09,1.4611665616107608
2026-03-10,1.461472473356057
2026-03-11,1.4598993764430592
2026-03-12,1.4625623260865828
2026-03-13,1.462231150392815
2026-03-16,1.4661298570152883
2026-03-17,1.4656242247592637
2026-03-18,1.457836556089894
2026-03-19,1.4564241871350896
2026-03-20,1.455190991596952
2026-03-23,1.451958946021534
2026-03-24,1.4520579168919752
2026-03-25,1.4519769734046772
2026-03-26,1.452149525422212
2026-03-27,1.4545952486478255
2026-03-30,1.4570195815476297
2026-03-31,1.455228112582335
2026-04-01,1.4561657966019863
2026-04-02,1.456641833252252
2026-04-06,1.458156861331135
2026-04-07,1.4597234728976014
2026-04-08,1.4628720895897112
2026-04-09,1.4668610305768195
2026-04-10,1.4670548384297704
2026-04-13,1.4692018325480027
2026-04-14,1.4687634938989578
2026-04-15,1.471061926226372
2026-04-16,1.475674743647302
2026-04-17,1.4798543847894627
2026-04-20,1.4809641336864567
2026-04-21,1.4804135415936006
2026-04-22,1.4787342300234825
2026-04-23,1.4762405438796755
2026-04-24,1.4751648251419855
2026-04-27,1.4754280055854434
2026-04-28,1.474703769678804
2026-04-29,1.475309459083768
2026-04-30,1.4714268673723665
2026-05-01,1.475716421463822
2026-05-04,1.4751660552228931
2026-05-05,1.4735930565113609
2026-05-06,1.4740809790163811
2026-05-07,1.4734508618608997
2026-05-08,1.4757456524580352
2026-05-11,1.4768474769838469
2026-05-12,1.4763295986274023
2026-05-13,1.4765708468329195
2026-05-14,1.4749382598309029
2026-05-15,1.4692352100716746
2026-05-18,1.4665140711334994
2026-05-19,1.4680941077885097
2026-05-20,1.4668399543544304
2026-05-21,1.465736589916285
2026-05-22,1.4649147023507612
2026-05-26,1.4734337097842478
2026-05-27,1.4731588052114268
2026-05-28,1.474172054854784
2026-05-29,1.4733118223037227
2026-06-01,1.4730123819508865
2026-06-02,1.4746100192926548
2026-06-03,1.473047057773771
2026-06-04,1.4724463113440196
2026-06-05,1.4796058159865302
2026-06-08,1.4816363463208349
2026-06-09,1.4827269717299332
2026-06-10,1.4860519929284255
2026-06-11,1.485239635085399
2026-06-12,1.486557852658431
2026-06-15,1.4891184504720516
2026-06-16,1.490603062860776
2026-06-17,1.4906563593122049
2026-06-18,1.491198140936366
2026-06-22,1.4908215380289116
2026-06-23,1.4927836899258913
2026-06-24,1.4942890963220952
2026-06-25,1.4915868937044614
2026-06-26,1.4905986324044318
2026-06-29,1.4909349700827028
2026-06-30,1.4905435796746944
2026-07-01,1.4964300163929158
2026-07-02,1.4967109348336447
2026-07-06,1.495901204647075
2026-07-07,1.4969002711837889
2026-07-08,1.4960663234456462
2026-07-09,1.488385544499747
2026-07-10,1.4850565228411836
2026-07-13,1.4826063599652517
2026-07-14,1.4820965069840513
2026-07-15,1.488539815596896
2026-07-16,1.4886468424069377
2026-07-17,1.4865190101094456
2026-07-20,1.48679355483091
2026-07-21,1.4858991089670428
2026-07-22,1.485557072697827
2026-07-23,1.482918195603658
2026-07-24,1.4839561174164948
2026-07-27,1.4842048287839775
2026-07-28,1.4828744015369766
2026-07-29,1.4802548347966262
2026-07-30,1.478811043703036
2026-07-31,1.4820909898942576
2026-08-03,1.4852308197783768
2026-08-04,1.4963235584113113
2026-08-05,1.4975260175337683
2026-08-06,1.5014889740594652
2026-08-07,1.5042515958454885
2026-08-10,1.506012776595444
2026-08-11,1.499636455682742
2026-08-12,1.4869119869397545
2026-08-13,1.4840991140248785
2026-08-14,1.4861552463339804
2026-08-17,1.484417450613375
2026-08-18,1.4832312625097137
2026-08-19,1.4878381109491874
2026-08-20,1.4906645542686177
2026-08-21,1.4897924985253348
2026-08-24,1.486339920310163
2026-08-25,1.4847317012824492
2026-08-26,1.4865682575965529
2026-08-27,1.4863322467349027
2026-08-28,1.4857702113404905
2026-08-31,1.4837741678568357
2026-09-01,1.4927583905000492
2026-09-02,1.4919362059731949
2026-09-03,1.492733831152805
2026-09-04,1.4937573961770405
2026-09-08,1.4923138521364414
2026-09-09,1.4934547649772427
2026-09-10,1.494758839106047
2026-09-11,1.493612296851512
2026-09-14,1.5050399483020815
2026-09-15,1.506388964034385
2026-09-16,1.5070253529918969
2026-09-17,1.5049158861017664
2026-09-18,1.5030789431437979
2026-09-21,1.5071669151473557
2026-09-23,1.5100204368735362
