date,value
2001-12-10,0.7030876827864954
2001-12-11,0.7033692762807914
2001-12-12,0.7029368619487988
2001-12-13,0.7020418132480145
2001-12-14,0.7012298677350695
2001-12-17,0.7009536312549418
2001-12-18,0.7036701495478833
2001-12-19,0.7016861621969264
2001-12-20,0.7012171845149862
2001-12-21,0.7011378301282009
2001-12-24,0.7011017118538266
2001-12-26,0.7020794470072378
2001-12-27,0.7031698770977409
2001-12-28,0.703057979345277
2001-12-31,0.7034201508370241
2002-01-02,0.7032017350298265
2002-01-03,0.7030963781415169
2002-01-04,0.703351686249818
2002-01-07,0.7036580311696137
2002-01-08,0.7043703114213259
2002-01-09,0.7046296665559663
2002-01-10,0.7046118900120218
2002-01-11,0.7056277460954233
2002-01-14,0.7055330736910215
2002-01-15,0.7050148071500023
2002-01-16,0.7044658842938356
2002-01-17,0.7032651494980204
2002-01-18,0.702435477251174
2002-01-22,0.7028976873420913
2002-01-23,0.7011367544151025
2002-01-24,0.6991138341574982
2002-01-25,0.7002953143315896
2002-01-28,0.6993012883986478
2002-01-29,0.6963871031773318
2002-01-30,0.6973321751970757
2002-01-31,0.6952892089553611
2002-02-01,0.6946154987047174
2002-02-04,0.6942701139949726
2002-02-05,0.6943492839666618
2002-02-06,0.6943839750172903
2002-02-07,0.6935872302375107
2002-02-08,0.6935669223313427
2002-02-11,0.6922259848460678
2002-02-12,0.6924029133414685
2002-02-13,0.6919072342102602
2002-02-14,0.6926605389968852
2002-02-15,0.6928513474954534
2002-02-19,0.691846007302171
2002-02-20,0.6904754912145187
2002-02-21,0.6876823129843547
2002-02-22,0.6841427441367094
2002-02-25,0.6842898224203207
2002-02-26,0.6836003047612538
2002-02-27,0.6813051101365278
2002-02-28,0.6770266159554916
2002-03-01,0.6730292747557884
2002-03-04,0.67511986931512
2002-03-05,0.6754444908700218
2002-03-06,0.6801664412832666
2002-03-07,0.6802084404342075
2002-03-08,0.6806360682190594
2002-03-11,0.6806224006070849
2002-03-12,0.6797038716634801
2002-03-13,0.6795525668803388
2002-03-14,0.6795465317947257
2002-03-15,0.679464281273825
2002-03-18,0.6795630841101553
2002-03-19,0.6799227953193989
2002-03-20,0.6806552725571081
2002-03-21,0.6802376121103217
2002-03-22,0.6803113372877597
2002-03-25,0.6800120704128924
2002-03-26,0.679394451691185
2002-03-27,0.6811671233374968
2002-03-28,0.6805763501780224
2002-04-01,0.6810357269414772
2002-04-02,0.6806634746782034
2002-04-03,0.6787659089857392
2002-04-04,0.6790336075794478
2002-04-05,0.6791228906903667
2002-04-08,0.6795282444842973
2002-04-09,0.6788874761271625
2002-04-10,0.6776606859796093
2002-04-11,0.6786443994863393
2002-04-12,0.6782623846029442
2002-04-15,0.6784648555340821
2002-04-16,0.6771822839911184
2002-04-17,0.6770319627542026
2002-04-18,0.6777228618792313
2002-04-19,0.6791715056859707
2002-04-22,0.678631274690771
2002-04-23,0.6782223327603434
2002-04-24,0.6780710077536239
2002-04-25,0.676663790878069
2002-04-26,0.6781011967372925
2002-04-29,0.6798755070542408
2002-04-30,0.6803767089085327
2002-05-01,0.6787539549017643
2002-05-02,0.6784653557185093
2002-05-03,0.6790428101394611
2002-05-06,0.6782460234032428
2002-05-07,0.677901436775107
2002-05-08,0.6753503767786235
2002-05-09,0.676006637162983
2002-05-10,0.6753985644038951
2002-05-13,0.6744796831747801
2002-05-14,0.6731768947490365
2002-05-15,0.6710092858616391
2002-05-16,0.6706335270862127
2002-05-17,0.6704518410617535
2002-05-20,0.6695997902700431
2002-05-21,0.669336449072445
2002-05-22,0.6683793827927266
2002-05-23,0.6682771919095271
2002-05-24,0.6657380913258997
2002-05-28,0.6635280794553621
2002-05-29,0.6609570225504939
2002-05-30,0.6587759070370345
2002-05-31,0.658918061213502
2002-06-03,0.6561303525994031
2002-06-04,0.6544968871955039
2002-06-05,0.6550173024168116
2002-06-06,0.6539790586223113
2002-06-07,0.6531304920483109
2002-06-10,0.651815387361643
2002-06-11,0.6512212264377062
2002-06-12,0.6487957952162212
2002-06-13,0.649325112021847
2002-06-14,0.6498857149328744
2002-06-17,0.6500922588980961
2002-06-18,0.6505921908737629
2002-06-19,0.6501642447714464
2002-06-20,0.6499440683855638
2002-06-21,0.6485578917458794
2002-06-24,0.6438023958511065
2002-06-25,0.6399850558780781
2002-06-26,0.637313936299938
2002-06-27,0.6345391064762441
2002-06-28,0.6331979849211217
2002-07-01,0.6285235817505188
2002-07-02,0.6256715844592858
2002-07-03,0.6229685946751686
2002-07-05,0.620117024041377
2002-07-08,0.61762552477673
2002-07-09,0.6154481664403987
2002-07-10,0.6138869824503064
2002-07-11,0.6120656913149078
2002-07-12,0.610593131475031
2002-07-15,0.6089977789049726
2002-07-16,0.6085910888469589
2002-07-17,0.6081903592508588
2002-07-18,0.6095422223157253
2002-07-19,0.6099947792829598
2002-07-22,0.6099056869013637
2002-07-23,0.609245820820631
2002-07-24,0.6091706871699435
2002-07-25,0.6095027902632627
2002-07-26,0.6094197026867549
2002-07-29,0.6083537464791343
2002-07-30,0.6076067315892061
2002-07-31,0.6058891415104124
2002-08-01,0.6058281372744745
2002-08-02,0.604540890605141
2002-08-05,0.6045787627574972
2002-08-06,0.6036844831748754
2002-08-07,0.6031779874471509
2002-08-08,0.6028453369595979
2002-08-09,0.6032513287898634
2002-08-12,0.6033457181672548
2002-08-13,0.6035028274597103
2002-08-14,0.6029282107711083
2002-08-15,0.60233465261689
2002-08-16,0.600692594264829
2002-08-19,0.5991238785664039
2002-08-20,0.5971184346368106
2002-08-21,0.5982230326662873
2002-08-22,0.5979457886237524
2002-08-23,0.5958888169120568
2002-08-26,0.5946413826978751
2002-08-27,0.5945126631729138
2002-08-28,0.5940128831761007
2002-08-29,0.5932339261497477
2002-08-30,0.5932098668958067
2002-09-03,0.5919524720631789
2002-09-04,0.5926589667719813
2002-09-05,0.591631681986247
2002-09-06,0.5915216470318653
2002-09-09,0.5924017283794865
2002-09-10,0.5913342178568938
2002-09-11,0.5911999509167147
2002-09-12,0.5913228944967412
2002-09-13,0.5926903521433788
2002-09-16,0.5913351312909041
2002-09-17,0.5906304365279714
2002-09-18,0.5915059930085167
2002-09-19,0.5909180799685975
2002-09-20,0.5894776511285812
2002-09-23,0.5871245695363774
2002-09-24,0.5857219241110393
2002-09-25,0.585698711271734
2002-09-26,0.5854139810222955
2002-09-27,0.5837637657548118
2002-09-30,0.5843955385796734
2002-10-01,0.5834186655131474
2002-10-02,0.5826613832504814
2002-10-03,0.5826211114878469
2002-10-04,0.5834771528036544
2002-10-07,0.5835437066990675
2002-10-08,0.583203850764931
2002-10-09,0.5817865690749254
2002-10-10,0.5791143724933973
2002-10-11,0.5779554449629931
2002-10-14,0.577111102637857
2002-10-15,0.5757452227424898
2002-10-16,0.5743326133925399
2002-10-17,0.5738583053908974
2002-10-18,0.573495225272821
2002-10-21,0.5724897042857062
2002-10-22,0.5721247756334558
2002-10-23,0.5713832964472327
2002-10-24,0.570649404649942
2002-10-25,0.569755055986727
2002-10-28,0.5685437907997899
2002-10-29,0.5680309092631113
2002-10-30,0.5686926558701048
2002-10-31,0.5692839689516339
2002-11-01,0.5701016488295128
2002-11-04,0.5699042711643296
2002-11-05,0.5701280037829934
2002-11-06,0.569181854766615
2002-11-07,0.5686369460631899
2002-11-08,0.5659487964270804
2002-11-11,0.5629318709178128
2002-11-12,0.5611873173556958
2002-11-13,0.5595393201219551
2002-11-14,0.5578400840040769
2002-11-15,0.5559408519940908
2002-11-18,0.5560547446146429
2002-11-19,0.5557416069477331
2002-11-20,0.553524619486416
2002-11-21,0.553406363087306
2002-11-22,0.5539813744800088
2002-11-25,0.5530090193215409
2002-11-26,0.5530013537351486
2002-11-27,0.5522662034999345
2002-11-29,0.5529363791490219
2002-12-02,0.5518847902129422
2002-12-03,0.5533191040699822
2002-12-04,0.5548772266811794
2002-12-05,0.5549205495392092
2002-12-06,0.5554662565049846
2002-12-09,0.5546488287001337
2002-12-10,0.5536360949684445
2002-12-11,0.5528560182601798
2002-12-12,0.551837300911446
2002-12-13,0.5512890325333252
2002-12-16,0.5522103055630975
2002-12-17,0.5508816242323199
2002-12-18,0.5529859532433848
2002-12-19,0.5540460113383864
2002-12-20,0.5546358111683268
2002-12-23,0.5534655017541845
2002-12-24,0.5542803469586052
2002-12-26,0.555031425857414
2002-12-27,0.556555193317773
2002-12-30,0.557373065740517
2002-12-31,0.5578003207328871
2003-01-02,0.557606334976545
2003-01-03,0.5564827287987937
2003-01-06,0.5558974416004573
2003-01-07,0.5547282638729949
2003-01-08,0.5546821354948203
2003-01-09,0.5545998734190004
2003-01-10,0.5558487616180242
2003-01-13,0.5557783913068735
2003-01-14,0.5563632261674512
2003-01-15,0.556557519984651
2003-01-16,0.5563645322163238
2003-01-17,0.5560162300754693
2003-01-21,0.5558957850753964
2003-01-22,0.5563619181633062
2003-01-23,0.5548869030786101
2003-01-24,0.5546077695937761
2003-01-27,0.5548387023289546
2003-01-28,0.5559681229715875
2003-01-29,0.5564741763529493
2003-01-30,0.5571372824965524
2003-01-31,0.557877661743271
2003-02-03,0.5581493738734892
2003-02-04,0.5593129531397346
2003-02-05,0.5586911731361699
2003-02-06,0.5593482027047381
2003-02-07,0.5586515922914622
2003-02-10,0.5601224820208552
2003-02-11,0.5601957478762174
2003-02-12,0.5598086478786891
2003-02-13,0.5611230014082617
2003-02-14,0.560616658981074
2003-02-18,0.5608481060223633
2003-02-19,0.5616570171782775
2003-02-20,0.562432894846906
2003-02-21,0.5629392452120362
2003-02-24,0.561821421404563
2003-02-25,0.5619025507134005
2003-02-26,0.5615111419757831
2003-02-27,0.5615502364789094
2003-02-28,0.5605832893865017
2003-03-03,0.5609734051997691
2003-03-04,0.5620867802330979
2003-03-05,0.5630032279062682
2003-03-06,0.5624200805892564
2003-03-07,0.5627224773288727
2003-03-10,0.5632937852195419
2003-03-11,0.5632899547266352
2003-03-12,0.5641681839930114
2003-03-13,0.5630765338961314
2003-03-14,0.5629212336788569
2003-03-17,0.562878927537762
2003-03-18,0.5629529201880642
2003-03-19,0.5620728700861978
2003-03-20,0.5618441143109855
2003-03-21,0.5621827728872666
2003-03-24,0.5608928863537018
2003-03-25,0.559674816563638
2003-03-26,0.561087567537569
2003-03-27,0.5613866642044972
2003-03-28,0.5638343555639365
2003-03-31,0.5637705002638164
2003-04-01,0.5641537564489681
2003-04-02,0.5640461203512622
2003-04-03,0.5655458001485096
2003-04-04,0.5664440596949344
2003-04-07,0.5680600491335785
2003-04-08,0.5686061014081754
2003-04-09,0.5680702103335089
2003-04-10,0.5679058980791709
2003-04-11,0.5678738071657499
2003-04-14,0.5678738071657499
2003-04-15,0.5682201099363627
2003-04-16,0.5688427372264039
2003-04-17,0.5687563572011479
2003-04-21,0.5693218483684606
2003-04-22,0.5696593260033178
2003-04-23,0.5704734312655496
2003-04-24,0.5707982432536489
2003-04-25,0.5701718524519919
2003-04-28,0.5716204679752596
2003-04-29,0.5699485896858646
2003-04-30,0.5695973827229996
2003-05-01,0.5690474230663336
2003-05-02,0.5698116019550559
2003-05-05,0.5700226669692845
2003-05-06,0.5691414312137749
2003-05-07,0.569755055986727
2003-05-08,0.5701760808069002
2003-05-09,0.5695163463652207
2003-05-12,0.5698835138408255
2003-05-13,0.5700711984420083
2003-05-14,0.5717885382083265
2003-05-15,0.5731057611332439
2003-05-16,0.5729443311476884
2003-05-19,0.5720909078559757
2003-05-20,0.5729836965486321
2003-05-21,0.5746971366320712
2003-05-22,0.5746888676405382
2003-05-23,0.574278665947278
2003-05-27,0.5745311148254
2003-05-28,0.5739916510134753
2003-05-29,0.5744011977812989
2003-05-30,0.5736886988929445
2003-06-02,0.5739637344743902
2003-06-03,0.5734299166763441
2003-06-04,0.573649045139703
2003-06-05,0.5732661345277615
2003-06-06,0.5726297721765019
2003-06-09,0.5714449911264721
2003-06-10,0.5718176802123305
2003-06-11,0.5720235267179614
2003-06-12,0.5723466170800108
2003-06-13,0.5714546201473178
2003-06-16,0.5710129303959545
2003-06-17,0.5712480788185873
2003-06-18,0.5711210546527216
2003-06-19,0.5722476604007743
2003-06-20,0.5719045303338118
2003-06-23,0.5717969885623448
2003-06-24,0.5718650150763795
2003-06-25,0.5719132179186317
2003-06-26,0.5722329980702977
2003-06-27,0.5730544195797042
2003-06-30,0.5747615085507529
2003-07-01,0.5749359527761403
2003-07-02,0.5750048599111677
2003-07-03,0.5755107669118904
2003-07-07,0.575422716647449
2003-07-08,0.5747719244029661
2003-07-09,0.5739604837663331
2003-07-10,0.572460009413081
2003-07-11,0.5729626294795441
2003-07-14,0.5719499468710503
2003-07-15,0.5719983497240544
2003-07-16,0.5723442545285224
2003-07-17,0.5711994251179848
2003-07-18,0.57213286421807
2003-07-21,0.572190051023283
2003-07-22,0.5728537999744322
2003-07-23,0.5727661994309861
2003-07-24,0.573380030656051
2003-07-25,0.5725915019714747
2003-07-28,0.5730502444646798
2003-07-29,0.5723307075868102
2003-07-30,0.573552269821511
2003-07-31,0.5732515450095075
2003-08-01,0.5738594669780427
2003-08-04,0.576218545688256
2003-08-05,0.5753707496149192
2003-08-06,0.5762058937131302
2003-08-07,0.5777330122317641
2003-08-08,0.5773336971458941
2003-08-11,0.5777169423029647
2003-08-12,0.5773053897504813
2003-08-13,0.5770248513289545
2003-08-14,0.5772419141777633
2003-08-15,0.5774455757305857
2003-08-18,0.5781628224749333
2003-08-19,0.5791097120094167
2003-08-20,0.5785833225332037
2003-08-21,0.5793179932844772
2003-08-22,0.5793032396365153
2003-08-25,0.5793179932844772
2003-08-26,0.5787951934086367
2003-08-27,0.5789889581009302
2003-08-28,0.5786689914436992
2003-08-29,0.5784508542105601
2003-09-02,0.5790760861725941
2003-09-03,0.578369760503902
2003-09-04,0.5799004590784115
2003-09-05,0.5800962839215097
2003-09-08,0.5797795500990289
2003-09-09,0.5789840732676487
2003-09-10,0.5779869267103883
2003-09-11,0.5776967294646528
2003-09-12,0.5784196899515955
2003-09-15,0.5785997728893569
2003-09-16,0.5783172859554694
2003-09-17,0.5767726677661694
2003-09-18,0.5782216165075132
2003-09-19,0.579707485470174
2003-09-22,0.5790134174917893
2003-09-23,0.5794367663842522
2003-09-24,0.5798834000463974
2003-09-25,0.580266458288962
2003-09-26,0.5822968464869747
2003-09-29,0.5824306337981473
2003-09-30,0.5833462689399255
2003-10-01,0.5829980980673891
2003-10-02,0.5831675849358372
2003-10-03,0.5837288990317304
2003-10-06,0.583059565435183
2003-10-07,0.5831545965474195
2003-10-08,0.5821625124662484
2003-10-09,0.5828559619905908
2003-10-10,0.5816642713367237
2003-10-13,0.5815869040813192
2003-10-14,0.5815418855551407
2003-10-15,0.5813578996129113
2003-10-16,0.5805312119265335
2003-10-17,0.5806396571414308
2003-10-20,0.5810889592253715
2003-10-21,0.5818788049780718
2003-10-22,0.5831980142529842
2003-10-23,0.582797925280312
2003-10-24,0.5840032327107534
2003-10-27,0.5851330622985644
2003-10-28,0.5843292368401048
2003-10-29,0.584762858770123
2003-10-30,0.5839526986416608
2003-10-31,0.5834583149802685
2003-11-03,0.5842088027997322
2003-11-04,0.5854542142333472
2003-11-05,0.5854194064865362
2003-11-06,0.5858119272748133
2003-11-07,0.5864205201373056
2003-11-10,0.586225203358381
2003-11-11,0.5866947774587111
2003-11-12,0.5868120031883838
2003-11-13,0.5865969315659691
2003-11-14,0.5878468801066941
2003-11-17,0.5860490834912625
2003-11-18,0.586225667764222
2003-11-19,0.5861289880219768
2003-11-20,0.5871240376003523
2003-11-21,0.587180890748717
2003-11-24,0.5875288183944213
2003-11-25,0.5877612018669828
2003-11-26,0.5877007312113463
2003-11-28,0.5882212394876558
2003-12-01,0.5884865655383844
2003-12-02,0.5895794549812433
2003-12-03,0.5899131254908244
2003-12-04,0.5905754085000603
2003-12-05,0.5897331302556768
2003-12-08,0.5896671564909902
2003-12-09,0.5891464435849306
2003-12-10,0.5896671564909902
2003-12-11,0.5888458236779355
2003-12-12,0.5897036859442093
2003-12-15,0.589003721759313
2003-12-16,0.587850057793846
2003-12-17,0.5882376340809918
2003-12-18,0.5877353717874333
2003-12-19,0.5886054679822338
2003-12-22,0.5900505576185696
2003-12-23,0.5913030199426167
2003-12-24,0.5913861529957553
2003-12-26,0.5917027143439253
2003-12-29,0.5926363255358175
2003-12-30,0.5927927802736371
2003-12-31,0.5941373027732095
2004-01-02,0.5936311953201772
2004-01-05,0.5911131719258964
2004-01-06,0.5929015311307118
2004-01-07,0.5918203478827508
2004-01-08,0.5918527031958678
2004-01-09,0.5916083637909035
2004-01-12,0.5917402845084287
2004-01-13,0.5917178906752227
2004-01-14,0.5909208842348715
2004-01-15,0.5904433293557916
2004-01-16,0.59078891211838
2004-01-20,0.5888567690491965
2004-01-21,0.5887472749032123
2004-01-22,0.5902056349640757
2004-01-23,0.5896447211651638
2004-01-26,0.5892350061846219
2004-01-27,0.5898356651608605
2004-01-28,0.5909746142697194
2004-01-29,0.5912565123953712
2004-01-30,0.5916530733134567
2004-02-02,0.592039783617142
2004-02-03,0.5925222405774295
2004-02-04,0.592763360536088
2004-02-05,0.5928715195415396
2004-02-06,0.592167602824771
2004-02-09,0.5923903799023581
2004-02-10,0.5929330458956947
2004-02-11,0.5936745334649963
2004-02-12,0.5946592316619518
2004-02-13,0.5954177360906857
2004-02-17,0.5958111897582697
2004-02-18,0.5967439660746074
2004-02-19,0.5967195964593073
2004-02-20,0.5970699552839911
2004-02-23,0.5970710288548872
2004-02-24,0.5964800010346684
2004-02-25,0.5951214343734792
2004-02-26,0.5955839593981098
2004-02-27,0.5961498253338466
2004-03-01,0.5955688619257825
2004-03-02,0.5957973231421834
2004-03-03,0.5956830522419313
2004-03-04,0.5955962707495692
2004-03-05,0.5966428556325406
2004-03-08,0.5965433523369781
2004-03-09,0.5975446162123629
2004-03-10,0.5978218620936468
2004-03-11,0.5977578065051952
2004-03-12,0.5973925481395839
2004-03-15,0.5929116805474579
2004-03-16,0.5937088202398985
2004-03-17,0.5945827261006406
2004-03-18,0.5965461955341097
2004-03-19,0.5973296353057702
2004-03-22,0.5948454068048828
2004-03-23,0.5917340507822129
2004-03-24,0.5919820196217856
2004-03-25,0.5928084337574485
2004-03-26,0.5888653376762106
2004-03-29,0.5870492235125175
2004-03-30,0.5877932959169241
2004-03-31,0.5881609115150532
2004-04-01,0.5770598851977036
2004-04-02,0.5764744914949151
2004-04-05,0.5754844298935151
2004-04-06,0.5755418296589324
2004-04-07,0.5740044694580269
2004-04-08,0.5739058258620401
2004-04-12,0.5725281415129583
2004-04-13,0.5739058258620401
2004-04-14,0.5749211080808303
2004-04-15,0.5760559131021946
2004-04-16,0.57619185374113
2004-04-19,0.5764208379348867
2004-04-20,0.5743577463200928
2004-04-21,0.5732502582068072
2004-04-22,0.5709976325398571
2004-04-23,0.5709691293063066
2004-04-26,0.5706191994909002
2004-04-27,0.5706284242382365
2004-04-28,0.5690647953287405
2004-04-29,0.5690802499210234
2004-04-30,0.5680292203345161
2004-05-03,0.5678703203631613
2004-05-04,0.5653394394465666
2004-05-05,0.566534587617092
2004-05-06,0.5679318414713155
2004-05-07,0.5676561789533676
2004-05-10,0.5669129552105446
2004-05-11,0.5644340595357988
2004-05-12,0.5620071006972726
2004-05-13,0.5632053682128217
2004-05-14,0.5611005828120504
2004-05-17,0.559723409948904
2004-05-18,0.5595279292102036
2004-05-19,0.5592907645127634
2004-05-20,0.5592126289951267
2004-05-21,0.5594821356124273
2004-05-24,0.5599553163134099
2004-05-25,0.5600285257124648
2004-05-26,0.5602176888182124
2004-05-27,0.5592059857209443
2004-05-28,0.5590084359432871
2004-06-01,0.5586189385915663
2004-06-02,0.5576013883002301
2004-06-03,0.5584229912033045
2004-06-04,0.5578762594579801
2004-06-07,0.557915294724566
2004-06-08,0.5580325802125408
2004-06-09,0.5570977229941105
2004-06-10,0.5538209046705231
2004-06-14,0.5518991809174737
2004-06-15,0.5485504659731949
2004-06-16,0.5477970322713919
2004-06-17,0.5465663420736757
2004-06-18,0.5464328934373237
2004-06-21,0.5465912977522696
2004-06-22,0.5459681569342236
2004-06-23,0.5461683788870875
2004-06-24,0.546696049907669
2004-06-25,0.5466776989769947
2004-06-28,0.5440724420546289
2004-06-29,0.5436456492774294
2004-06-30,0.5433912395458548
2004-07-01,0.5395148940748384
2004-07-02,0.5377924428947451
2004-07-06,0.5373610870850777
2004-07-07,0.5384936664208965
2004-07-08,0.5387617762580306
2004-07-09,0.5378609505705795
2004-07-12,0.5381301157642643
2004-07-13,0.5375010645225516
2004-07-14,0.5366970653907207
2004-07-15,0.5304859301024984
2004-07-16,0.5305184172466643
2004-07-19,0.531878933740782
2004-07-20,0.5315246399077964
2004-07-21,0.5309241961850658
2004-07-22,0.5304927267503815
2004-07-23,0.5290433252134805
2004-07-26,0.5296311941922072
2004-07-27,0.5283978745356124
2004-07-28,0.5284693198747957
2004-07-29,0.527750700201881
2004-07-30,0.5241618557349139
2004-08-02,0.5241229179924736
2004-08-03,0.525061113200158
2004-08-04,0.5251168126315172
2004-08-05,0.5258104922536729
2004-08-06,0.5259965389373003
2004-08-09,0.5249443299821401
2004-08-10,0.5245734941885939
2004-08-11,0.525693721735313
2004-08-12,0.5259070550959426
2004-08-13,0.5252827888823935
2004-08-16,0.5261547161385787
2004-08-17,0.5271665880075912
2004-08-18,0.5268694695101163
2004-08-19,0.5265725953190661
2004-08-20,0.5252818834825274
2004-08-23,0.5269987451991218
2004-08-24,0.5276293517373118
2004-08-25,0.5279753965062451
2004-08-26,0.5274869629271741
2004-08-27,0.5281520786510912
2004-08-30,0.528597282240246
2004-08-31,0.5293667928467203
2004-09-01,0.5303987194120005
2004-09-02,0.5314185478280596
2004-09-03,0.5306491154752556
2004-09-07,0.5299912860196813
2004-09-08,0.530190732730159
2004-09-09,0.5310275873036782
2004-09-10,0.531011190159118
2004-09-13,0.532015864424259
2004-09-14,0.5321322638528877
2004-09-15,0.5326976378894897
2004-09-16,0.5329155416628195
2004-09-17,0.5331326222984292
2004-09-20,0.5317959401241864
2004-09-21,0.5272705366021684
2004-09-22,0.5260115540292626
2004-09-23,0.5255470075569805
2004-09-24,0.5238298665742996
2004-09-27,0.5231369473440464
2004-09-28,0.5237529295499019
2004-09-29,0.5245877178594106
2004-09-30,0.5244618682086202
2004-10-01,0.5231591559008613
2004-10-04,0.5231390195458681
2004-10-05,0.5229655047097509
2004-10-06,0.523637606793736
2004-10-07,0.5240211314167205
2004-10-08,0.5242112296874197
2004-10-11,0.5246400916546613
2004-10-12,0.5249745447851636
2004-10-13,0.525286978260397
2004-10-14,0.525794450356765
2004-10-15,0.5235402050532523
2004-10-18,0.523930269528301
2004-10-19,0.5232065552638108
2004-10-20,0.5243984502631125
2004-10-21,0.523958340757779
2004-10-22,0.5230826378621012
2004-10-25,0.5233840913308294
2004-10-26,0.5244242740848646
2004-10-27,0.5240437066213429
2004-10-28,0.5231622978938522
2004-10-29,0.5242742295672568
2004-11-01,0.5250390611255633
2004-11-02,0.525421650223903
2004-11-03,0.525366612162634
2004-11-04,0.5251168126315172
2004-11-05,0.5255611807684053
2004-11-08,0.5259933901610591
2004-11-09,0.5264759127844343
2004-11-10,0.527976048035874
2004-11-11,0.5290785476346189
2004-11-12,0.5286324727647042
2004-11-15,0.5275838873968707
2004-11-16,0.527950653724146
2004-11-17,0.5284227007135659
2004-11-18,0.5252846359861267
2004-11-19,0.5261383014953254
2004-11-22,0.5257168895150576
2004-11-23,0.5265744323325843
2004-11-24,0.5265223920344598
2004-11-26,0.5255156879743712
2004-11-29,0.5265443408747795
2004-11-30,0.5254388583889978
2004-12-01,0.5256211856357291
2004-12-02,0.5256254745305967
2004-12-03,0.526065602389426
2004-12-06,0.524730979011089
2004-12-07,0.5252803272556976
2004-12-08,0.5259345013970007
2004-12-09,0.5259499299164182
2004-12-10,0.522924777529282
2004-12-13,0.522867262428356
2004-12-14,0.5233602976457934
2004-12-15,0.5232626839776156
2004-12-16,0.523754493173476
2004-12-17,0.5253876472174496
2004-12-20,0.5259486655550774
2004-12-21,0.5247790795121587
2004-12-22,0.5245648371514782
2004-12-23,0.5250014163953128
2004-12-27,0.5260410834640755
2004-12-28,0.5267268381026159
2004-12-29,0.5272214910563731
2004-12-30,0.5278071973677593
2004-12-31,0.5278710618679634
2005-01-03,0.5283473541964575
2005-01-04,0.5272602689122979
2005-01-05,0.5271941977333768
2005-01-06,0.5258480484762212
2005-01-07,0.5268754747367094
2005-01-10,0.5269954216371121
2005-01-11,0.5259675468613504
2005-01-12,0.5249291277680156
2005-01-13,0.5257804258192206
2005-01-14,0.5247773085631767
2005-01-18,0.5244039746414977
2005-01-19,0.5245799555851794
2005-01-20,0.5227293275401795
2005-01-21,0.5229004896192818
2005-01-24,0.5208651674701178
2005-01-25,0.5207403577908463
2005-01-26,0.5206482432173906
2005-01-27,0.5208761554603263
2005-01-28,0.522413383078318
2005-01-31,0.5215287083733212
2005-02-01,0.5222255982795837
2005-02-02,0.5222956466209493
2005-02-03,0.5223041131269772
2005-02-04,0.5228550139681377
2005-02-07,0.5230547746552923
2005-02-08,0.5236364908920309
2005-02-09,0.5231356068976689
2005-02-10,0.5231562362215234
2005-02-11,0.5226094232814568
2005-02-14,0.5236172312206707
2005-02-15,0.5242027842802622
2005-02-16,0.5244557248136096
2005-02-17,0.5233652730981859
2005-02-18,0.5238127944411507
2005-02-22,0.5241739279831039
2005-02-23,0.5244376177165705
2005-02-24,0.5236661515498735
2005-02-25,0.5226912350708606
2005-02-28,0.5232065552638108
2005-03-01,0.5237542275421478
2005-03-02,0.5239493506104992
2005-03-03,0.5233734782145871
2005-03-04,0.5233640435563596
2005-03-07,0.5232472885698434
2005-03-08,0.5227213028223969
2005-03-09,0.5218084739567873
2005-03-10,0.5200597462620435
2005-03-11,0.5202395548568034
2005-03-14,0.520629531433788
2005-03-15,0.5207176286756225
2005-03-16,0.5202976145627981
2005-03-17,0.5203485039494833
2005-03-18,0.5208283740327353
2005-03-21,0.520699541736359
2005-03-22,0.5212468467049572
2005-03-23,0.5226901218423092
2005-03-24,0.5230306962217504
2005-03-28,0.5230217180372396
2005-03-29,0.5238592223175865
2005-03-30,0.5231188098930504
2005-03-31,0.5242152154817452
2005-04-01,0.5215005832219989
2005-04-04,0.5223739762357668
2005-04-05,0.5225959357782832
2005-04-06,0.5220691205188414
2005-04-07,0.5199085154606686
2005-04-08,0.5209856036803877
2005-04-11,0.5223055008631023
2005-04-12,0.5237337933132412
2005-04-13,0.5243670802455201
2005-04-14,0.5248808914798447
2005-04-15,0.5247378888526276
2005-04-18,0.5248978197410992
2005-04-19,0.5254292496038573
2005-04-20,0.5256211856357291
2005-04-21,0.5256253270477437
2005-04-22,0.5264078396518221
2005-04-25,0.5263714479716497
2005-04-26,0.5253781956094633
2005-04-27,0.5247300203420597
2005-04-28,0.524227322791753
2005-04-29,0.5251009332062848
2005-05-02,0.5261943294207053
2005-05-03,0.5275773790717249
2005-05-04,0.5262037169958167
2005-05-05,0.5263352674494349
2005-05-06,0.5254004205830569
2005-05-09,0.5261534592619319
2005-05-10,0.5259354191827783
2005-05-11,0.5258205976422308
2005-05-12,0.526347304275086
2005-05-13,0.5264378667030225
2005-05-16,0.5259270401576306
2005-05-17,0.5276250989361734
2005-05-18,0.5282200595589172
2005-05-19,0.5278112023210932
2005-05-20,0.5275828906167317
2005-05-23,0.5282445411417903
2005-05-24,0.5282552044953817
2005-05-25,0.5266195362275043
2005-05-26,0.5234206061426521
2005-05-27,0.5242711078953362
2005-05-31,0.5243190230733253
2005-06-01,0.5236950948461172
2005-06-02,0.5240637730730605
2005-06-03,0.5241954206147919
2005-06-06,0.5265663374251665
2005-06-07,0.5265556624303968
2005-06-08,0.5266833232838976
2005-06-09,0.5262873520563093
2005-06-10,0.5270129572168752
2005-06-13,0.527990642012361
2005-06-14,0.5284807026175325
2005-06-15,0.5285022566961928
2005-06-16,0.5288050186998431
2005-06-17,0.529837691398351
2005-06-20,0.5301367797445619
2005-06-21,0.5307258641364102
2005-06-22,0.5310226235077471
2005-06-23,0.5319414895169269
2005-06-24,0.5330654054282068
2005-06-27,0.5312430116056341
2005-06-28,0.5274379554913756
2005-06-29,0.5277371112023767
2005-06-30,0.5278384079287239
2005-07-01,0.528535886116317
2005-07-05,0.5285462113467913
2005-07-06,0.528750754286007
2005-07-07,0.5283625217583869
2005-07-08,0.5281688210424819
2005-07-11,0.5285525028423464
2005-07-12,0.5282570658087485
2005-07-13,0.5280527332199721
2005-07-14,0.5282957377351314
2005-07-15,0.5289738756406992
2005-07-18,0.5292929713500321
2005-07-19,0.5287561046831853
2005-07-20,0.5294329839187669
2005-07-21,0.5296892058980602
2005-07-22,0.5296199524825032
2005-07-25,0.5302004220019946
2005-07-26,0.5299298692220203
2005-07-27,0.5298140821667229
2005-07-28,0.5294737880625277
2005-07-29,0.5306428436486095
2005-08-01,0.5320857621420074
2005-08-02,0.5311487885943428
2005-08-03,0.5315246752949465
2005-08-04,0.5297449784503878
2005-08-05,0.5288961941731545
2005-08-08,0.5286032861621713
2005-08-09,0.5298526669244512
2005-08-10,0.5291507333530602
2005-08-11,0.5297834737710566
2005-08-12,0.5305593652733547
2005-08-15,0.5310882115397113
2005-08-16,0.531351678354739
2005-08-17,0.5311596964439421
2005-08-18,0.5305023687366544
2005-08-19,0.531126841621133
2005-08-22,0.5316255426189035
2005-08-23,0.5318989771103726
2005-08-24,0.5329884400481119
2005-08-25,0.5346491657772406
2005-08-26,0.5360362024603378
2005-08-29,0.5367100436875323
2005-08-30,0.5362198398814546
2005-08-31,0.5360798892573445
2005-09-01,0.5375273531872309
2005-09-02,0.5377430118333546
2005-09-06,0.5390947095846506
2005-09-07,0.5398884715181533
2005-09-08,0.5400867765971358
2005-09-09,0.5402211663873921
2005-09-12,0.541568738726012
2005-09-13,0.541376042248018
2005-09-14,0.5419686206827019
2005-09-15,0.5434982350791708
2005-09-16,0.5428759263349665
2005-09-19,0.5437601533827506
2005-09-20,0.5437327324294352
2005-09-21,0.5447858982907767
2005-09-22,0.5446417660833198
2005-09-23,0.5454151981089167
2005-09-26,0.5454243116319961
2005-09-27,0.545264140445635
2005-09-28,0.5434299102945561
2005-09-29,0.542295912115576
2005-09-30,0.542736360943908
2005-10-03,0.5426191628990436
2005-10-04,0.5423725757434116
2005-10-05,0.5426582181080735
2005-10-06,0.5425410848746333
2005-10-07,0.5423071096037904
2005-10-10,0.5433433229473528
2005-10-11,0.542590351122059
2005-10-12,0.5437525064081853
2005-10-13,0.5434521263955793
2005-10-14,0.5436582790917913
2005-10-17,0.5428694978414859
2005-10-18,0.5429350929161822
2005-10-19,0.5416180061829793
2005-10-20,0.5413931518821977
2005-10-21,0.5410496758514088
2005-10-24,0.5408267593390372
2005-10-25,0.5410377454115669
2005-10-26,0.5411955929859857
2005-10-27,0.5414729957985729
2005-10-28,0.5408430371806107
2005-10-31,0.5407225810114406
2005-11-01,0.5406945286579716
2005-11-02,0.5407479528273916
2005-11-03,0.5416704376873014
2005-11-04,0.5414469601996084
2005-11-07,0.5374113822027233
2005-11-08,0.5367190404524186
2005-11-09,0.5333626759321529
2005-11-10,0.5321023807347804
2005-11-11,0.5324703313567275
2005-11-14,0.5328365492610019
2005-11-15,0.5337619190171655
2005-11-16,0.5332827902032158
2005-11-17,0.5326879562467578
2005-11-18,0.5336437394714523
2005-11-21,0.5350645059951011
2005-11-22,0.5342843421242838
2005-11-23,0.5347226035891524
2005-11-25,0.5348034649736401
2005-11-28,0.5345242029785094
2005-11-29,0.5353816877184226
2005-11-30,0.5351590078042107
2005-12-01,0.5347208745681524
2005-12-02,0.5341646764488173
2005-12-05,0.5340249137211999
2005-12-06,0.5352977511957815
2005-12-07,0.5348811870485869
2005-12-08,0.5350393791652069
2005-12-09,0.5370666600936925
2005-12-12,0.5370964934699495
2005-12-13,0.5386342718119957
2005-12-14,0.5377867081753217
2005-12-15,0.5374056121343999
2005-12-16,0.5368565735145203
2005-12-19,0.536914107997264
2005-12-20,0.5371953042304509
2005-12-21,0.5371503376866005
2005-12-22,0.537853516004308
2005-12-23,0.5376717290654277
2005-12-27,0.5373548433657104
2005-12-28,0.5337293285776856
2005-12-29,0.5340667502343558
2005-12-30,0.5355070678069161
2006-01-03,0.5350308382206711
2006-01-04,0.5365729961258339
2006-01-05,0.5362693652805641
2006-01-06,0.5356161630862788
2006-01-09,0.536337354312339
2006-01-10,0.5355976793470633
2006-01-11,0.5354048858797543
2006-01-12,0.5342248713800879
2006-01-13,0.5342641120726025
2006-01-17,0.5361686613212804
2006-01-18,0.5360863047474471
2006-01-19,0.535952872357539
2006-01-20,0.5357948963867206
2006-01-23,0.5360714725844122
2006-01-24,0.5372920220831365
2006-01-25,0.5372920220831365
2006-01-26,0.5367716083963888
2006-01-27,0.5368775429037248
2006-01-30,0.5306164619098224
2006-01-31,0.5302361900183846
2006-02-01,0.5301719482935111
2006-02-02,0.5304141277471272
2006-02-03,0.5308484980146089
2006-02-06,0.5304615925101407
2006-02-07,0.5309293479999417
2006-02-08,0.5298254810719214
2006-02-09,0.5302287087580512
2006-02-10,0.5303076695458405
2006-02-13,0.5295057242723642
2006-02-14,0.5296171386336163
2006-02-15,0.52955091279324
2006-02-16,0.5285554610440178
2006-02-17,0.5289682640015758
2006-02-21,0.5298979282442107
2006-02-22,0.5294144544105021
2006-02-23,0.5295841157590593
2006-02-24,0.5304922473595451
2006-02-27,0.5298899479109799
2006-02-28,0.5273299306800036
2006-03-01,0.5266310331366337
2006-03-02,0.5257769993181349
2006-03-03,0.5260906078147188
2006-03-06,0.525929603082475
2006-03-07,0.5256925885368693
2006-03-08,0.5260410834640755
2006-03-09,0.5263370067194745
2006-03-10,0.5259418756692268
2006-03-13,0.5253340023740829
2006-03-14,0.5242844689076709
2006-03-15,0.5235460310782198
2006-03-16,0.5227165506120957
2006-03-17,0.5234049087884497
2006-03-20,0.5240059428385136
2006-03-21,0.5237555765995296
2006-03-22,0.5250929807797091
2006-03-23,0.5252189581888573
2006-03-24,0.5248190090572064
2006-03-27,0.5247391618293565
2006-03-28,0.5257206307628594
2006-03-29,0.5250706987558624
2006-03-30,0.525927702294713
2006-03-31,0.5265810027158369
2006-04-03,0.5268486557593819
2006-04-04,0.5280360991405241
2006-04-05,0.5277550363726665
2006-04-06,0.5285554610440178
2006-04-07,0.5255397758377031
2006-04-10,0.5259051328043693
2006-04-11,0.5246484486028968
2006-04-12,0.524300848597935
2006-04-13,0.5244045550260353
2006-04-17,0.5243138630191605
2006-04-18,0.5244017392776238
2006-04-19,0.5249788459740721
2006-04-20,0.5249788459740721
2006-04-21,0.525560689746921
2006-04-24,0.5252643920361427
2006-04-25,0.525382520853337
2006-04-26,0.5231041157671633
2006-04-27,0.5206043036433171
2006-04-28,0.5205628683906409
2006-05-01,0.5207968881959845
2006-05-02,0.5216694683682016
2006-05-03,0.5213556284283183
2006-05-04,0.5215126178535641
2006-05-05,0.5210260683353808
2006-05-08,0.5211083818274044
2006-05-09,0.5215538763940193
2006-05-10,0.5218016964422457
2006-05-11,0.5216200187079784
2006-05-12,0.5218590003137713
2006-05-15,0.5221240831648494
2006-05-16,0.5224880477620963
2006-05-17,0.5232365921268703
2006-05-18,0.5228202165998665
2006-05-19,0.5230060288479182
2006-05-22,0.5221742928516924
2006-05-23,0.5224556883687709
2006-05-24,0.5223817415775682
2006-05-25,0.5231433518844004
2006-05-26,0.5238317234036246
2006-05-30,0.5248515318815979
2006-05-31,0.5247146311562633
2006-06-01,0.52492346809397
2006-06-02,0.525037082295087
2006-06-05,0.5248282815654939
2006-06-06,0.5247448520165541
2006-06-07,0.5250726896871475
2006-06-08,0.5226267525611741
2006-06-09,0.5223672999189316
2006-06-12,0.5223582560100059
2006-06-13,0.5221176548766797
2006-06-14,0.5223672999189316
2006-06-15,0.522450618838554
2006-06-16,0.5208639274909556
2006-06-19,0.5209705268493604
2006-06-20,0.5206569384787452
2006-06-21,0.5201116898037085
2006-06-22,0.5207532979024994
2006-06-23,0.5202864992388024
2006-06-26,0.5201886105818003
2006-06-27,0.5180295874757332
2006-06-28,0.5178591852189104
2006-06-29,0.5157860781838941
2006-06-30,0.5157860781838941
2006-07-03,0.516075746739211
2006-07-05,0.515995201581615
2006-07-06,0.5164963397459335
2006-07-07,0.5171155313632281
2006-07-10,0.5176094360172284
2006-07-11,0.5178562846774493
2006-07-12,0.5186751379160945
2006-07-13,0.5182516915136752
2006-07-14,0.5186647326434591
2006-07-17,0.5181264782105199
2006-07-18,0.518874117004112
2006-07-19,0.5182611903632205
2006-07-20,0.5186855887198165
2006-07-21,0.5179730042853263
2006-07-24,0.5175636140311426
2006-07-25,0.5173433263076945
2006-07-26,0.5127638863715962
2006-07-27,0.5127664076427025
2006-07-28,0.5123062962160202
2006-07-31,0.5125995491515394
2006-08-01,0.513605237530968
2006-08-02,0.5141911312861652
2006-08-03,0.5141487089417911
2006-08-04,0.5151466928353697
2006-08-07,0.5163093207694285
2006-08-08,0.5168848025468341
2006-08-09,0.5172481886366349
2006-08-10,0.5158379710243771
2006-08-11,0.5154278774318454
2006-08-14,0.5150982719422645
2006-08-15,0.5151344227132327
2006-08-16,0.5150102866148811
2006-08-17,0.5150529127417568
2006-08-18,0.5158422237369804
2006-08-21,0.5158422237369804
2006-08-22,0.5155581409007809
2006-08-23,0.51394026840397
2006-08-24,0.5138146237630135
2006-08-25,0.5107639537541819
2006-08-28,0.5067244394627751
2006-08-29,0.5073368415313538
2006-08-30,0.5068408795895564
2006-08-31,0.5073443410368595
2006-09-01,0.5086479212858956
2006-09-05,0.5080522208747967
2006-09-06,0.5076816275196608
2006-09-07,0.507556125323936
2006-09-08,0.5060626583521312
2006-09-11,0.5036247545951842
2006-09-12,0.5019138734330337
2006-09-13,0.5006259017560779
2006-09-14,0.5018282841403118
2006-09-15,0.5013327923883157
2006-09-18,0.5000691454020143
2006-09-19,0.5002386978227792
2006-09-20,0.5005927676933617
2006-09-21,0.5004875630761808
2006-09-22,0.5002660493610027
2006-09-25,0.4998603883798171
2006-09-26,0.4958079100694871
2006-09-27,0.4963690277974506
2006-09-28,0.496279462503366
2006-09-29,0.4954990252753535
2006-10-02,0.4956769694636991
2006-10-03,0.4964582918011537
2006-10-04,0.4968153276210858
2006-10-05,0.4971267086449071
2006-10-06,0.4970819783112155
2006-10-09,0.4981349301997278
2006-10-10,0.4967258655850694
2006-10-11,0.497930189599859
2006-10-12,0.4970798659417152
2006-10-13,0.4965683761770968
2006-10-16,0.4964353784838161
2006-10-17,0.496234977356337
2006-10-18,0.496234977356337
2006-10-19,0.496279523120756
2006-10-20,0.4965024930214696
2006-10-23,0.4962571877075953
2006-10-24,0.4953866982716999
2006-10-25,0.4950757722741469
2006-10-26,0.4953213374920805
2006-10-27,0.4945248994307853
2006-10-30,0.4946815522130554
2006-10-31,0.4899948565211499
2006-11-01,0.4938903079743274
2006-11-02,0.4894585561585708
2006-11-03,0.4901430208033897
2006-11-06,0.4910923123318981
2006-11-07,0.4917474030322142
2006-11-08,0.4920661386450666
2006-11-09,0.4911205319726227
2006-11-10,0.492498696650359
2006-11-13,0.493525332577779
2006-11-14,0.4930693442942369
2006-11-15,0.4924756313251712
2006-11-16,0.4925627632074937
2006-11-17,0.4926231952043186
2006-11-20,0.4928151265041929
2006-11-21,0.4931567806455807
2006-11-22,0.4929646341050537
2006-11-24,0.4924155560470915
2006-11-27,0.4921277239816525
2006-11-28,0.4924922770686786
2006-11-29,0.492519189500522
2006-11-30,0.492686385715274
2006-12-01,0.4925561133539544
2006-12-04,0.4925394626805012
2006-12-05,0.4923931145973425
2006-12-06,0.4914105399960928
2006-12-07,0.4897249136631079
2006-12-08,0.4898552083886621
2006-12-11,0.4898856548722513
2006-12-12,0.490149685069116
2006-12-13,0.4896309691640054
2006-12-14,0.4892674265583337
2006-12-15,0.4889029540190869
2006-12-18,0.4890206450898188
2006-12-19,0.4887193470845545
2006-12-20,0.4877740512722749
2006-12-21,0.488612642349072
2006-12-22,0.488236193481497
2006-12-26,0.4881617803794416
2006-12-27,0.4859800395453353
2006-12-28,0.4855485618355784
2006-12-29,0.4850349530403862
2007-01-03,0.4852351900331939
2007-01-04,0.4856756537897277
2007-01-05,0.4823169779137291
2007-01-08,0.4816505123061378
2007-01-09,0.4810658053492883
2007-01-10,0.4803959438321621
2007-01-11,0.4798525719987771
2007-01-12,0.481810396828137
2007-01-16,0.4842431353075351
2007-01-17,0.4844425895796111
2007-01-18,0.4840339144596408
2007-01-19,0.4831753724162171
2007-01-22,0.4837375744587296
2007-01-23,0.4825038491253363
2007-01-24,0.4835787373067267
2007-01-25,0.4833253029153675
2007-01-26,0.4829577110930935
2007-01-29,0.4837416216967333
2007-01-30,0.4834536835878554
2007-01-31,0.4834156166150746
2007-02-01,0.4830855372768991
2007-02-02,0.4835825663557886
2007-02-05,0.485023801953456
2007-02-06,0.48534738701065
2007-02-07,0.4829190493423307
2007-02-08,0.4808983469629878
2007-02-09,0.4806494040160812
2007-02-12,0.4811460354788182
2007-02-13,0.4810226584758654
2007-02-14,0.4801095672606487
2007-02-15,0.479445248615319
2007-02-16,0.4799000045889107
2007-02-20,0.4818561429028943
2007-02-21,0.4841453739116647
2007-02-22,0.4846789123669303
2007-02-23,0.4839766805487491
2007-02-26,0.4845628689567832
2007-02-27,0.4859786706722224
2007-02-28,0.4856551459532998
2007-03-01,0.4858240687878178
2007-03-02,0.4863856741772401
2007-03-05,0.4867753788608686
2007-03-06,0.4867836883337759
2007-03-07,0.4864228214562303
2007-03-08,0.4860955577739376
2007-03-09,0.4866743937771978
2007-03-12,0.4869009478139195
2007-03-13,0.4866999274752727
2007-03-14,0.485733360430302
2007-03-15,0.4865565560213087
2007-03-16,0.4856915497809045
2007-03-19,0.4852572574437529
2007-03-20,0.4851196662263844
2007-03-21,0.4851077303397064
2007-03-22,0.4845108295112441
2007-03-23,0.4841501159421059
2007-03-26,0.4843122912428563
2007-03-27,0.4831527715127348
2007-03-28,0.4835220697403463
2007-03-29,0.4841639494841066
2007-03-30,0.4846510083493074
2007-04-02,0.4842467518229109
2007-04-03,0.4838416155802826
2007-04-04,0.4830700360894043
2007-04-05,0.4821296581714951
2007-04-09,0.4827475224803217
2007-04-10,0.4828276390021232
2007-04-11,0.4825359737464125
2007-04-12,0.482943144109927
2007-04-13,0.4822458409406911
2007-04-16,0.4822458409406911
2007-04-17,0.4817937043941865
2007-04-18,0.4813872559845237
2007-04-19,0.481345805572472
2007-04-20,0.4818332477460658
2007-04-23,0.4821175409827969
2007-04-24,0.4820358688864467
2007-04-25,0.482440452169422
2007-04-26,0.4819542531339216
2007-04-27,0.4807762641418718
2007-04-30,0.479676329868235
2007-05-01,0.4799576794684781
2007-05-02,0.4790545054813199
2007-05-03,0.479549123264792
2007-05-04,0.4798776801813437
2007-05-07,0.4806943717192281
2007-05-08,0.4804506977855299
2007-05-09,0.4812236030041675
2007-05-10,0.4792695068719809
2007-05-11,0.4787822537879993
2007-05-14,0.479231421545332
2007-05-15,0.4791934562692526
2007-05-16,0.4782956421492467
2007-05-17,0.4792740829171909
2007-05-18,0.4783250058407074
2007-05-21,0.4781962312575486
2007-05-22,0.4784058371643511
2007-05-23,0.4776621192115265
2007-05-24,0.4778920007959539
2007-05-25,0.4768685002494773
2007-05-29,0.475793381149496
2007-05-30,0.4754560996132782
2007-05-31,0.4755040830155734
2007-06-01,0.475902441818583
2007-06-04,0.4757275704611188
2007-06-05,0.4744350656722878
2007-06-06,0.4745953537572397
2007-06-07,0.4748047189910829
2007-06-08,0.4743550049642459
2007-06-11,0.4737657393526497
2007-06-12,0.4736754919783058
2007-06-13,0.4740763459698126
2007-06-14,0.4740059188029016
2007-06-15,0.4736162767946518
2007-06-18,0.4735260593900762
2007-06-19,0.4738457435869425
2007-06-20,0.4741759218127995
2007-06-21,0.4730432531936174
2007-06-22,0.4727404728678891
2007-06-25,0.4727688173387025
2007-06-26,0.4740263701481458
2007-06-27,0.4723290487061418
2007-06-28,0.473283342752431
2007-06-29,0.4737052420613599
2007-07-02,0.4731454129615099
2007-07-03,0.4731454129615099
2007-07-05,0.4722218239368028
2007-07-06,0.4727521435428879
2007-07-09,0.4726324125480751
2007-07-10,0.4727122193418039
2007-07-11,0.4727920816239443
2007-07-12,0.4720281650686974
2007-07-13,0.4711006787365937
2007-07-16,0.4714648879011111
2007-07-17,0.4723788775234329
2007-07-18,0.4719073986881382
2007-07-19,0.4724849867672155
2007-07-20,0.4731387354178128
2007-07-23,0.4731674722845972
2007-07-24,0.4714383541589315
2007-07-25,0.4716394839257515
2007-07-26,0.4733589064164616
2007-07-27,0.4741803101612498
2007-07-30,0.4737966514365568
2007-07-31,0.4732615913833442
2007-08-01,0.4731716598342927
2007-08-02,0.4730815355045882
2007-08-03,0.4729904705312004
2007-08-06,0.4732652052943564
2007-08-07,0.473411968696085
2007-08-08,0.473068899232053
2007-08-09,0.4729289180812954
2007-08-10,0.4714303163175741
2007-08-13,0.4711563630183283
2007-08-14,0.4707803816304364
2007-08-15,0.4722721830106013
2007-08-16,0.4738080203864029
2007-08-17,0.4737883137201508
2007-08-20,0.4741489238090516
2007-08-21,0.4743442428072081
2007-08-22,0.474705279555996
2007-08-23,0.4748312738235151
2007-08-24,0.4745310280975095
2007-08-27,0.4726727703246791
2007-08-28,0.4708014156813637
2007-08-29,0.4712584108986695
2007-08-30,0.4714293902805546
2007-08-31,0.4710225199898937
2007-09-04,0.4714821098364063
2007-09-05,0.4709944368587637
2007-09-06,0.4718898421861369
2007-09-07,0.4710618013419905
2007-09-10,0.4706405526614614
2007-09-11,0.4718107225380405
2007-09-12,0.4711520713917926
2007-09-13,0.4708905753855492
2007-09-14,0.471008498363678
2007-09-17,0.4711520713917926
2007-09-18,0.4711381847300248
2007-09-19,0.47112425843361
2007-09-20,0.4719038170598393
2007-09-21,0.4714159423556279
2007-09-24,0.4711265431961364
2007-09-25,0.4707190988409144
2007-09-26,0.4702727014931394
2007-09-27,0.4691530439087087
2007-09-28,0.47065071854033
2007-10-01,0.4706405526614614
2007-10-02,0.4701007279454188
2007-10-03,0.4697952190302257
2007-10-04,0.469912885992521
2007-10-05,0.4696936078306902
2007-10-08,0.4690126945582085
2007-10-09,0.4686591489878115
2007-10-10,0.4688775074501818
2007-10-11,0.4682285297385598
2007-10-12,0.4685377153202691
2007-10-15,0.4685767839022356
2007-10-16,0.4684418660888963
2007-10-17,0.4683670221233517
2007-10-18,0.468759498971926
2007-10-19,0.4678588271950716
2007-10-22,0.4685238498022265
2007-10-23,0.4686023451104483
2007-10-24,0.4685630906608727
2007-10-25,0.4692095857336557
2007-10-26,0.4697476222978
2007-10-29,0.4700990491959759
2007-10-30,0.4691587214560277
2007-10-31,0.4701768765568586
2007-11-01,0.4698658279575671
2007-11-02,0.470085368211295
2007-11-05,0.4700685092807231
2007-11-06,0.4691083101868474
2007-11-07,0.4686240269953547
2007-11-08,0.4689168709045223
2007-11-09,0.4707939494368937
2007-11-12,0.4710732269409988
2007-11-13,0.4711381847300248
2007-11-14,0.4705030512508835
2007-11-15,0.4705178666533496
2007-11-16,0.4700714420395628
2007-11-19,0.4700869591758646
2007-11-20,0.4709744231478799
2007-11-21,0.4712171912832126
2007-11-23,0.4711776811801595
2007-11-26,0.4713358035869757
2007-11-27,0.4698260163492768
2007-11-28,0.4676530816994744
2007-11-29,0.4688477247334467
2007-11-30,0.4698182466611516
2007-12-03,0.4678904436920757
2007-12-04,0.4681294760638461
2007-12-05,0.4676519154756215
2007-12-06,0.4682132568229484
2007-12-07,0.4683703465183065
2007-12-10,0.4679016332782364
2007-12-11,0.467882932850541
2007-12-12,0.4683556325275559
2007-12-13,0.4685314822179267
2007-12-14,0.4684920138625812
2007-12-17,0.4682554920515577
2007-12-18,0.4684741164604888
2007-12-19,0.4685136386561334
2007-12-20,0.4665949965607296
2007-12-21,0.4657109872292092
2007-12-24,0.4664142686423984
2007-12-26,0.4657953034620661
2007-12-27,0.4657109872292092
2007-12-28,0.4658305476644395
2007-12-31,0.4652506934711492
2008-01-02,0.4652109688264829
2008-01-03,0.4658174440683139
2008-01-04,0.4665804618523602
2008-01-07,0.4686808948131518
2008-01-08,0.4676461907121392
2008-01-09,0.467980172980398
2008-01-10,0.4670790535311595
2008-01-11,0.4669413931999435
2008-01-14,0.4669212426698649
2008-01-15,0.4658788500523148
2008-01-16,0.4665154154394852
2008-01-17,0.4671196963728692
2008-01-18,0.4669244658910778
2008-01-22,0.4679348640566132
2008-01-23,0.4679759005367689
2008-01-24,0.4688161443322793
2008-01-25,0.4694397144196942
2008-01-28,0.4697156637377868
2008-01-29,0.4710425406357294
2008-01-30,0.4714013991134946
2008-01-31,0.4707833297915517
2008-02-01,0.4723713542958073
2008-02-04,0.4723713542958073
2008-02-05,0.4716788612822069
2008-02-06,0.4717446755430139
2008-02-07,0.4715075458764324
2008-02-08,0.4716527057177086
2008-02-11,0.4715075458764324
2008-02-12,0.4712429507570558
2008-02-13,0.471428456007479
2008-02-14,0.4710197772201575
2008-02-15,0.4713221474915518
2008-02-19,0.4717451439710696
2008-02-20,0.472524773074218
2008-02-21,0.473536548881545
2008-02-22,0.47456428642764
2008-02-25,0.4749420996636807
2008-02-26,0.4752947949747147
2008-02-27,0.4749275125723433
2008-02-28,0.4751106185642469
2008-02-29,0.474782032948451
2008-03-03,0.4747507793975865
2008-03-04,0.4751424950007241
2008-03-05,0.4750222161590998
2008-03-06,0.4756800290883171
2008-03-07,0.4750138510408723
2008-03-10,0.474715715904056
2008-03-11,0.4752227503857167
2008-03-12,0.4745552608827386
2008-03-13,0.4741261963670984
2008-03-14,0.4736162767946518
2008-03-17,0.4745024483616404
2008-03-18,0.4751506698601328
2008-03-19,0.4757054538876248
2008-03-20,0.4764460320206825
2008-03-24,0.4787852284783387
2008-03-25,0.4788715030902742
2008-03-26,0.478908908656025
2008-03-27,0.4791128850245871
2008-03-28,0.4800499847995486
2008-03-31,0.4800487975704353
2008-04-01,0.4802101444203536
2008-04-02,0.4798429980138579
2008-04-03,0.4801283654143303
2008-04-04,0.4798848370999338
2008-04-07,0.4802477821256028
2008-04-08,0.4804114572661055
2008-04-09,0.4800464131155062
2008-04-10,0.4786210471238398
2008-04-11,0.4786550152515379
2008-04-14,0.4788976688779383
2008-04-15,0.4787792707107002
2008-04-16,0.4833085547180308
2008-04-17,0.4837884845329661
2008-04-18,0.4843635463257301
2008-04-21,0.4852192284713938
2008-04-22,0.4852831233435742
2008-04-23,0.4852421525166155
2008-04-24,0.4845784233750139
2008-04-25,0.484701707074295
2008-04-28,0.4844142431338756
2008-04-29,0.4838863824569608
2008-04-30,0.4835967195720446
2008-05-01,0.4830683272877448
2008-05-02,0.4831150534632956
2008-05-05,0.4822307840869729
2008-05-06,0.4818280188335736
2008-05-07,0.4811817015674679
2008-05-08,0.481547928322191
2008-05-09,0.4821158293969336
2008-05-12,0.4830107279348827
2008-05-13,0.4832502894578571
2008-05-14,0.4814689381037676
2008-05-15,0.4805314454128831
2008-05-16,0.4807759194542096
2008-05-19,0.4801240233823592
2008-05-20,0.4801240233823592
2008-05-21,0.4809799207422877
2008-05-22,0.4806529264503271
2008-05-23,0.4809393001130574
2008-05-27,0.482007522097799
2008-05-28,0.4824579677462124
2008-05-29,0.4831082635957759
2008-05-30,0.4817601371206312
2008-06-02,0.4811449788836507
2008-06-03,0.4825819760151463
2008-06-04,0.4818026159473271
2008-06-05,0.4808572333619106
2008-06-06,0.4807748736132003
2008-06-09,0.4806100332850795
2008-06-10,0.4803232420698349
2008-06-11,0.4804059281263896
2008-06-12,0.4806518802312641
2008-06-13,0.4807339785411264
2008-06-16,0.4806515295065354
2008-06-17,0.4808571748057546
2008-06-18,0.4807337445615243
2008-06-19,0.4814318501951019
2008-06-20,0.480857408035263
2008-06-23,0.4806932137771938
2008-06-24,0.4791979405443564
2008-06-25,0.4787489707399429
2008-06-26,0.4794473325473291
2008-06-27,0.479193047434783
2008-06-30,0.4793996904266737
2008-07-01,0.4796930789922278
2008-07-02,0.4785376148359684
2008-07-03,0.4791308298423644
2008-07-07,0.4792076430033909
2008-07-08,0.4797838201260063
2008-07-09,0.4794965851072637
2008-07-10,0.4798233758420918
2008-07-11,0.4799881179944238
2008-07-14,0.4793649561129257
2008-07-15,0.4779565771126101
2008-07-16,0.4771140571211932
2008-07-17,0.4784591322869416
2008-07-18,0.4785477181621231
2008-07-21,0.4775170242255595
2008-07-22,0.4773494957382118
2008-07-23,0.4776751194671017
2008-07-24,0.477634366755874
2008-07-25,0.4775529040125437
2008-07-28,0.4775888990377582
2008-07-29,0.4775073498827634
2008-07-30,0.4782918589297151
2008-07-31,0.4777700879142283
2008-08-01,0.4783437527994357
2008-08-04,0.4786326373174674
2008-08-05,0.4780954721797563
2008-08-06,0.4779452900675083
2008-08-07,0.4774796361534486
2008-08-08,0.4782665352864421
2008-08-11,0.4788743413244695
2008-08-12,0.4788743413244695
2008-08-13,0.4793590908859496
2008-08-14,0.4796797640678195
2008-08-15,0.4802486958904963
2008-08-18,0.479236097215742
2008-08-19,0.4797251271440695
2008-08-20,0.4802101444203536
2008-08-21,0.4801294433242132
2008-08-22,0.4808983469629878
2008-08-25,0.4805753449691283
2008-08-26,0.4818672508039555
2008-08-27,0.4824318410914014
2008-08-28,0.4823080831073492
2008-08-29,0.4809385036661712
2008-09-02,0.4822599832310101
2008-09-03,0.4820032601871802
2008-09-04,0.4825000660686677
2008-09-05,0.4827782541115775
2008-09-08,0.4825065862484491
2008-09-09,0.4827808044989229
2008-09-10,0.4827462928759093
2008-09-11,0.4827462928759093
2008-09-12,0.4827066729052465
2008-09-15,0.4828281982621754
2008-09-16,0.4826321867604871
2008-09-17,0.484252549027943
2008-09-18,0.4834512756902999
2008-09-19,0.4843653924871096
2008-09-22,0.4844888821808926
2008-09-23,0.4839957510110009
2008-09-24,0.4832990933686569
2008-09-25,0.4844831382447735
2008-09-26,0.4837256685593982
2008-09-29,0.4845681554836857
2008-09-30,0.4834409121901908
2008-10-01,0.4825460860644221
2008-10-02,0.4821139576910244
2008-10-03,0.4830403912994524
2008-10-06,0.4837700551970117
2008-10-07,0.4843814558425207
2008-10-08,0.4841896481446071
2008-10-09,0.4860269918528969
2008-10-10,0.4843029328761991
2008-10-13,0.4854041898210937
2008-10-14,0.4857186020624081
2008-10-15,0.4846408776024137
2008-10-16,0.484896900456709
2008-10-17,0.4842280460009112
2008-10-20,0.4834358138476795
2008-10-21,0.4829009740616554
2008-10-22,0.4861790286770973
2008-10-23,0.4874723187793255
2008-10-24,0.4878297698397728
2008-10-27,0.4884612557172565
2008-10-28,0.4908045931008528
2008-10-29,0.4914096853083619
2008-10-30,0.4933587069737214
2008-10-31,0.4931822340718607
2008-11-03,0.4934262919913595
2008-11-04,0.493098690963627
2008-11-05,0.4941966271848718
2008-11-06,0.4942612901010314
2008-11-07,0.4950657571483138
2008-11-10,0.4951220329340779
2008-11-11,0.4954911622056392
2008-11-12,0.4966302726166596
2008-11-13,0.496282461921747
2008-11-14,0.4959734312276734
2008-11-17,0.494873739705582
2008-11-18,0.4955497729337136
2008-11-19,0.4978949883361451
2008-11-20,0.5002008571058649
2008-11-21,0.5003021323903182
2008-11-24,0.502786503218874
2008-11-25,0.5024792725639377
2008-11-26,0.5043090420146861
2008-11-28,0.5041151066886905
2008-12-01,0.5039883162196436
2008-12-02,0.5039108169318435
2008-12-03,0.5036180159956914
2008-12-04,0.5032243210401699
2008-12-05,0.5031236822587062
2008-12-08,0.5036906146579411
2008-12-09,0.5029296215059709
2008-12-10,0.503042166368646
2008-12-11,0.5033908302842306
2008-12-12,0.5031883350399088
2008-12-15,0.5027064210100151
2008-12-16,0.5037757751136434
2008-12-17,0.5047471771093085
2008-12-18,0.5040058666075155
2008-12-19,0.5037820271198904
2008-12-22,0.5033056744088134
2008-12-23,0.5035734519042186
2008-12-24,0.5036667526766313
2008-12-26,0.5040233686589118
2008-12-29,0.5041003387748872
2008-12-30,0.5042081841093093
2008-12-31,0.5047084058496661
2009-01-02,0.5047566506162038
2009-01-05,0.505684684509739
2009-01-06,0.505017218772995
2009-01-07,0.5043884999734229
2009-01-08,0.5059312303490436
2009-01-09,0.5067130813809276
2009-01-12,0.5063931768520544
2009-01-13,0.5062518861787026
2009-01-14,0.5060399383286697
2009-01-15,0.5063922323192542
2009-01-16,0.5061181416859813
2009-01-20,0.5052993948923874
2009-01-21,0.5057101318151921
2009-01-22,0.5061406793846456
2009-01-23,0.5061406793846456
2009-01-26,0.5052533533907406
2009-01-27,0.5056268492722197
2009-01-28,0.5063518687160817
2009-01-29,0.5053338961064892
2009-01-30,0.5060595063595764
2009-02-02,0.5059327908915198
2009-02-03,0.5062879213418972
2009-02-04,0.5062401530580988
2009-02-05,0.5057006252001901
2009-02-06,0.5052760881184083
2009-02-09,0.5038313206725878
2009-02-10,0.5034111943812833
2009-02-11,0.5023961921931418
2009-02-12,0.5013891685826677
2009-02-13,0.5019258233335192
2009-02-17,0.5005445001554741
2009-02-18,0.4999493645310742
2009-02-19,0.4999579133465389
2009-02-20,0.5000208701914928
2009-02-23,0.498831705136444
2009-02-24,0.4977753235840704
2009-02-25,0.4983838915014763
2009-02-26,0.4986477833987965
2009-02-27,0.4985695178275741
2009-03-02,0.4984351881226186
2009-03-03,0.4976404494851712
2009-03-04,0.4983618292260254
2009-03-05,0.4968263696265296
2009-03-06,0.4974300661755599
2009-03-09,0.49776098923184
2009-03-10,0.497821516446562
2009-03-11,0.5008987847521649
2009-03-12,0.5024373176091997
2009-03-13,0.5037387759407925
2009-03-16,0.5032960558426313
2009-03-17,0.5037339613413594
2009-03-18,0.5037960707639318
2009-03-19,0.5032516556252369
2009-03-20,0.503144697629647
2009-03-23,0.5035800816510257
2009-03-24,0.5036594038858344
2009-03-25,0.5032093870302282
2009-03-26,0.5013976407278642
2009-03-27,0.5012512009257667
2009-03-30,0.5003628585750719
2009-03-31,0.4994245558585133
2009-04-01,0.4989803378434627
2009-04-02,0.5005351835585328
2009-04-03,0.5012600713133378
2009-04-06,0.5013108170191446
2009-04-07,0.501034006706454
2009-04-08,0.5001114511975783
2009-04-09,0.5008630165599881
2009-04-13,0.5007454609533822
2009-04-14,0.5010451202707348
2009-04-15,0.501622615173937
2009-04-16,0.5015423401596022
2009-04-17,0.500880982368958
2009-04-20,0.5006338127399698
2009-04-21,0.5008307594256349
2009-04-22,0.5008666136888161
2009-04-23,0.5017536181246957
2009-04-24,0.5024827610584834
2009-04-27,0.5039004991395746
2009-04-28,0.5040933795966805
2009-04-29,0.5018471361967632
2009-04-30,0.5037372508102266
2009-05-01,0.5037137995827894
2009-05-04,0.5098677906176102
2009-05-05,0.5091056784483213
2009-05-06,0.5088956695925346
2009-05-07,0.5099784802492535
2009-05-08,0.5093095086317069
2009-05-11,0.5089040296979862
2009-05-12,0.5095272627552592
2009-05-13,0.5095181185545763
2009-05-14,0.509033044156697
2009-05-15,0.5088231456714948
2009-05-18,0.5094950897860625
2009-05-19,0.5088178060592115
2009-05-20,0.5084450855756594
2009-05-21,0.5085116874457208
2009-05-22,0.508427769524382
2009-05-26,0.5073558313147036
2009-05-27,0.5070694257114787
2009-05-28,0.5050745908981278
2009-05-29,0.505240132536079
2009-06-01,0.5046888967468117
2009-06-02,0.5053720497564309
2009-06-03,0.5072462294784272
2009-06-04,0.5084726146436378
2009-06-05,0.5093886704700861
2009-06-08,0.5092220001401025
2009-06-09,0.5082535699778694
2009-06-10,0.5084830498616384
2009-06-11,0.508589656047102
2009-06-12,0.5064011529563985
2009-06-15,0.5077518881774746
2009-06-16,0.5104846160294773
2009-06-17,0.5112423136090464
2009-06-18,0.5111581031683868
2009-06-19,0.510513110353704
2009-06-22,0.509402936756989
2009-06-23,0.5086066642244385
2009-06-24,0.5084783462618756
2009-06-25,0.5085116874457208
2009-06-26,0.5081813201963357
2009-06-29,0.5069380717056537
2009-06-30,0.5078432272922045
2009-07-01,0.5083319325867416
2009-07-02,0.5072250912243036
2009-07-06,0.5083164424391562
2009-07-07,0.5078230100119099
2009-07-08,0.5076548271114889
2009-07-09,0.5072391982897643
2009-07-10,0.5072710581240574
2009-07-13,0.5067435335746152
2009-07-14,0.5060899863647115
2009-07-15,0.5054312731317703
2009-07-16,0.5057709622385236
2009-07-17,0.5049888739262637
2009-07-20,0.5083496025633839
2009-07-21,0.5071329068630682
2009-07-22,0.5070330885582831
2009-07-23,0.5069718901611807
2009-07-24,0.5069570711014088
2009-07-27,0.507515098642613
2009-07-28,0.5079684743081346
2009-07-29,0.50764679163281
2009-07-30,0.5070503219726625
2009-07-31,0.5063057409289864
2009-08-03,0.5070851382844428
2009-08-04,0.506840787053718
2009-08-05,0.5058059200194691
2009-08-06,0.506644044784005
2009-08-07,0.506025601899864
2009-08-10,0.5058896519933616
2009-08-11,0.5054941612474774
2009-08-12,0.5061047556521873
2009-08-13,0.5039029221335334
2009-08-14,0.5036355128493237
2009-08-17,0.5023678722980699
2009-08-18,0.5012210191513251
2009-08-19,0.5007741536011597
2009-08-20,0.4998017872192325
2009-08-21,0.4983302320771045
2009-08-24,0.4979451596785213
2009-08-25,0.4971343317573044
2009-08-26,0.4976225054188418
2009-08-27,0.4971773203885969
2009-08-28,0.4972531894619464
2009-08-31,0.4968841033007753
2009-09-01,0.4978710289378339
2009-09-02,0.4989714929259835
2009-09-03,0.499082322779254
2009-09-04,0.4980404613276936
2009-09-08,0.4956636725516625
2009-09-09,0.4965534990377404
2009-09-10,0.4964955980708145
2009-09-11,0.4959132894590232
2009-09-14,0.4975473716625548
2009-09-15,0.49867576701284
2009-09-16,0.4990069855908323
2009-09-17,0.4998982271802661
2009-09-18,0.4987652740859791
2009-09-21,0.4970195198497048
2009-09-22,0.496709606704712
2009-09-23,0.4969417278052989
2009-09-24,0.4971343317573044
2009-09-25,0.4975025658655279
2009-09-28,0.4970398474010845
2009-09-29,0.4966326080737067
2009-09-30,0.4961462503592436
2009-10-01,0.4958734921332878
2009-10-02,0.4959313713608304
2009-10-05,0.4961455101052422
2009-10-06,0.4965172833092294
2009-10-07,0.4961842848881968
2009-10-08,0.4968313821810692
2009-10-09,0.4969100315916788
2009-10-12,0.4974014083652576
2009-10-13,0.4970280994364544
2009-10-14,0.496950926467656
2009-10-15,0.4964199954249752
2009-10-16,0.4949753669077603
2009-10-19,0.4951697067416117
2009-10-20,0.4947891597702484
2009-10-21,0.4933981974271424
2009-10-22,0.4928871793391322
2009-10-23,0.4928633064612517
2009-10-26,0.4931791355125478
2009-10-27,0.4924846755032809
2009-10-28,0.4923613917370756
2009-10-29,0.4927930171138096
2009-10-30,0.4925482907101197
2009-11-02,0.4920815079747516
2009-11-03,0.4929578428122388
2009-11-04,0.4926969253578017
2009-11-05,0.4931081791281678
2009-11-06,0.4940120814563841
2009-11-09,0.4930447301870088
2009-11-10,0.4928944427143195
2009-11-11,0.4919136384274396
2009-11-12,0.4917057625274434
2009-11-13,0.4905405636006292
2009-11-16,0.4903030852487447
2009-11-17,0.4910518411385415
2009-11-18,0.4917257097293431
2009-11-19,0.4911704884341991
2009-11-20,0.4906560909186487
2009-11-23,0.4902982117701336
2009-11-24,0.4901247297828137
2009-11-25,0.4910258899835845
2009-11-27,0.490959723067833
2009-11-30,0.492283471357081
2009-12-01,0.492412941366054
2009-12-02,0.491118173729584
2009-12-03,0.4912905501125483
2009-12-04,0.4921534872677652
2009-12-07,0.4930284999024693
2009-12-08,0.493655306630486
2009-12-09,0.4936083557213922
2009-12-10,0.4943192728080529
2009-12-11,0.4937528873466779
2009-12-14,0.4940183656819283
2009-12-15,0.4947737503985409
2009-12-16,0.4941396244225667
2009-12-17,0.4927949973828206
2009-12-18,0.4919976235975688
2009-12-21,0.492077829370267
2009-12-22,0.4911994149556855
2009-12-23,0.4920673050760449
2009-12-24,0.4913069902985199
2009-12-28,0.4914936481923038
2009-12-29,0.4915196725726753
2009-12-30,0.4906538797336483
2009-12-31,0.4909597735114721
2010-01-04,0.4904819029052451
2010-01-05,0.489645201455744
2010-01-06,0.4898274070817109
2010-01-07,0.4888183558047203
2010-01-08,0.4885620625397633
2010-01-11,0.4894642440813195
2010-01-12,0.4889981309076672
2010-01-13,0.4891282674616952
2010-01-14,0.489927058779462
2010-01-15,0.4895270044323658
2010-01-19,0.488682520877235
2010-01-20,0.4890413886860099
2010-01-21,0.4874276746804757
2010-01-22,0.4888579158946491
2010-01-25,0.4883446427496382
2010-01-26,0.4883150468242635
2010-01-27,0.4885519165296366
2010-01-28,0.4879492254927037
2010-01-29,0.4878400660003767
2010-02-01,0.4876122761934263
2010-02-02,0.489254230489818
2010-02-03,0.4905200330800842
2010-02-04,0.4888579158946491
2010-02-05,0.4897596119123474
2010-02-08,0.4899468146857227
2010-02-09,0.4897994299850995
2010-02-10,0.4892255811752419
2010-02-11,0.4888102216591093
2010-02-12,0.489088465948587
2010-02-16,0.4892588797150391
2010-02-17,0.4903032867206752
2010-02-18,0.4906787510719107
2010-02-19,0.4913610193770473
2010-02-22,0.4909063292254872
2010-02-23,0.4917490759818034
2010-02-24,0.4914152103599866
2010-02-25,0.4909063292254872
2010-02-26,0.4923240174710137
2010-03-01,0.4927213792285868
2010-03-02,0.492826572502522
2010-03-03,0.4922785746974783
2010-03-04,0.4924643043439244
2010-03-05,0.4924241185287734
2010-03-08,0.4927391349682504
2010-03-09,0.4946341622970872
2010-03-10,0.4959770601454569
2010-03-11,0.4956531699772643
2010-03-12,0.4954723777516924
2010-03-15,0.4959374279548517
2010-03-16,0.4970513971196404
2010-03-17,0.4976371507489445
2010-03-18,0.4987110338388876
2010-03-19,0.4979325963604751
2010-03-22,0.4969114885334352
2010-03-23,0.4976846577598883
2010-03-24,0.4975996712678583
2010-03-25,0.4982441150221314
2010-03-26,0.4975745721245985
2010-03-29,0.4976558259020752
2010-03-30,0.4991236580830305
2010-03-31,0.4993443746899234
2010-04-01,0.4984376631471624
2010-04-05,0.499181297567397
2010-04-06,0.4999648002089049
2010-04-07,0.5008592986277749
2010-04-08,0.4998496752156585
2010-04-09,0.5000623573653424
2010-04-12,0.4997768514781441
2010-04-13,0.500777532014678
2010-04-14,0.4995247730285516
2010-04-15,0.4982477237677326
2010-04-16,0.4976119680493529
2010-04-19,0.4972332692261077
2010-04-20,0.4974556288388796
2010-04-21,0.4977150614360328
2010-04-22,0.4970862376473943
2010-04-23,0.4957368532262629
2010-04-26,0.4955357107325068
2010-04-27,0.4957382381439119
2010-04-28,0.4954173531388768
2010-04-29,0.4957589865806218
2010-04-30,0.4957382381439119
2010-05-03,0.4952172232591313
2010-05-04,0.4954994610993725
2010-05-05,0.496281899345864
2010-05-06,0.4971375695314005
2010-05-07,0.4967399412800997
2010-05-10,0.4964815064203265
2010-05-11,0.4954615331268987
2010-05-12,0.4951586454932283
2010-05-13,0.4962817044762349
2010-05-14,0.4951772362560326
2010-05-17,0.4952546612794606
2010-05-18,0.4955759130019377
2010-05-19,0.4963827202840459
2010-05-20,0.4962410733006359
2010-05-21,0.4954108091041854
2010-05-24,0.4950854045975389
2010-05-25,0.4954915431507269
2010-05-26,0.4960792757842909
2010-05-27,0.4948032972645017
2010-05-28,0.4952658212094647
2010-06-01,0.4950637041985874
2010-06-02,0.4946202112555056
2010-06-03,0.4936683657636256
2010-06-04,0.4936049289423516
2010-06-07,0.4950047365190432
2010-06-08,0.4950047365190432
2010-06-09,0.4943339684774451
2010-06-10,0.4937485592318054
2010-06-11,0.4939262527884159
2010-06-14,0.4935012307941065
2010-06-15,0.4939722392834443
2010-06-16,0.4934846492319569
2010-06-17,0.4925479453104107
2010-06-18,0.4923135492587865
2010-06-21,0.4909198791287494
2010-06-22,0.4902409926516701
2010-06-23,0.4907197409348623
2010-06-24,0.4892431647170958
2010-06-25,0.4903877867625953
2010-06-28,0.4906011944919774
2010-06-29,0.4896501291589721
2010-06-30,0.4894135241748105
2010-07-01,0.4909200800752114
2010-07-02,0.4911965557207589
2010-07-06,0.4906317088963973
2010-07-07,0.4907496502847753
2010-07-08,0.4906444298114468
2010-07-09,0.4910780318442451
2010-07-12,0.4908409328680397
2010-07-13,0.4910258899835845
2010-07-14,0.4908143956558128
2010-07-15,0.4914735610528351
2010-07-16,0.4913943523501799
2010-07-19,0.4906560909186487
2010-07-20,0.4908802498827626
2010-07-21,0.4900851086971204
2010-07-22,0.489899057760753
2010-07-23,0.4911721913893035
2010-07-26,0.493269486791011
2010-07-27,0.4928280393111703
2010-07-28,0.4936384697310939
2010-07-29,0.4931567259099349
2010-07-30,0.4931967989504078
2010-08-02,0.4928923619223563
2010-08-03,0.4934375129184539
2010-08-04,0.4929965647896655
2010-08-05,0.4922933795234201
2010-08-06,0.4917114966154616
2010-08-09,0.4914735610528351
2010-08-10,0.4917909118034544
2010-08-11,0.4919101316492361
2010-08-12,0.4913563125793883
2010-08-13,0.4910258899835845
2010-08-16,0.4921637362063684
2010-08-17,0.4927323460971881
2010-08-18,0.4925079842205128
2010-08-19,0.4943113856190033
2010-08-20,0.4942359324309858
2010-08-23,0.4950481589303853
2010-08-24,0.4949492767189862
2010-08-25,0.4949091300474289
2010-08-26,0.4950111083707608
2010-08-27,0.492996962940512
2010-08-30,0.4926857890626411
2010-08-31,0.4931644793451569
2010-09-01,0.4932519644948669
2010-09-02,0.4938979285086972
2010-09-03,0.4937611004200659
2010-09-07,0.4933155000434067
2010-09-08,0.4929249001026551
2010-09-09,0.4924868864445262
2010-09-10,0.4937948639112045
2010-09-13,0.4932196539223732
2010-09-14,0.4934187571230615
2010-09-15,0.4936748471184549
2010-09-16,0.4930446311054218
2010-09-17,0.4941328762904957
2010-09-20,0.4932206486337527
2010-09-21,0.4923633600671196
2010-09-22,0.4932130227196474
2010-09-23,0.4929081841399904
2010-09-24,0.4936384697310939
2010-09-27,0.4944681290587749
2010-09-28,0.4934540705839138
2010-09-29,0.4940817371441595
2010-09-30,0.4944635675148217
2010-10-01,0.4946482197029682
2010-10-04,0.4952822672501089
2010-10-05,0.4953443914627091
2010-10-06,0.4949207133152412
2010-10-07,0.4939837278891806
2010-10-08,0.4916542629854313
2010-10-11,0.4911602565301597
2010-10-12,0.4902932638976528
2010-10-13,0.4908397233741526
2010-10-14,0.4915597640511173
2010-10-15,0.4919575404740485
2010-10-18,0.4909464739297298
2010-10-19,0.4901491339391081
2010-10-20,0.4901338282876128
2010-10-21,0.4907997160674316
2010-10-22,0.4894131206348174
2010-10-25,0.4895837522250302
2010-10-26,0.4902507306517342
2010-10-27,0.4900108223458273
2010-10-28,0.4908128802838315
2010-10-29,0.4899189627540448
2010-11-01,0.4897432800770143
2010-11-02,0.4901583824012863
2010-11-03,0.4906398183965099
2010-11-04,0.4894189512492907
2010-11-05,0.4901613844999741
2010-11-08,0.4902409926516701
2010-11-09,0.4897876306735698
2010-11-10,0.4907466478119996
2010-11-11,0.490534384853707
2010-11-12,0.4912120673843657
2010-11-15,0.4914496831452887
2010-11-16,0.490774148673231
2010-11-17,0.4900972403359769
2010-11-18,0.4896964580354775
2010-11-19,0.4889370749480181
2010-11-22,0.4893224748639764
2010-11-23,0.4877429611330243
2010-11-24,0.4886911699551208
2010-11-26,0.4892366511746793
2010-11-29,0.4885427623480241
2010-11-30,0.4896634898903946
2010-12-01,0.4880376627629954
2010-12-02,0.4888102216591093
2010-12-03,0.4914081305651557
2010-12-06,0.4921988902971378
2010-12-07,0.492397821327959
2010-12-08,0.4921090906869714
2010-12-09,0.4930685814089169
2010-12-10,0.492893408792096
2010-12-13,0.4926152567787041
2010-12-14,0.4924565964508033
2010-12-15,0.4916944999607511
2010-12-16,0.492194181394925
2010-12-17,0.4934655822495453
2010-12-20,0.4931798720912543
2010-12-21,0.4919606001731259
2010-12-22,0.4927498937212022
2010-12-23,0.491643602379784
2010-12-27,0.4909596233198703
2010-12-28,0.4916065205255744
2010-12-29,0.491949897508967
2010-12-30,0.4926768701011799
2010-12-31,0.4924927143227145
2011-01-03,0.4921238505721945
2011-01-04,0.4926679070325518
2011-01-05,0.4927879865796171
2011-01-06,0.4924033240258559
2011-01-07,0.4913839050478191
2011-01-10,0.4917030267100451
2011-01-11,0.4920735349044786
2011-01-12,0.4915715402574744
2011-01-13,0.4921075259920285
2011-01-14,0.4920926579825596
2011-01-18,0.4925601736908537
2011-01-19,0.4932947880304095
2011-01-20,0.4936656431323573
2011-01-21,0.4930282972512454
2011-01-24,0.4934565554707762
2011-01-25,0.4939025197967787
2011-01-26,0.4946440979781242
2011-01-27,0.494666466361535
2011-01-28,0.4930122081216301
2011-01-31,0.4932708066273737
2011-02-01,0.4922685423186505
2011-02-02,0.4932872774765777
2011-02-03,0.4939663761656387
2011-02-04,0.4938507912232519
2011-02-07,0.4945041205079617
2011-02-08,0.494111243720283
2011-02-09,0.4939257969163149
2011-02-10,0.4929635866925771
2011-02-11,0.4920056928758516
2011-02-14,0.4918330238498927
2011-02-15,0.4917002138913869
2011-02-16,0.4918071668118003
2011-02-17,0.4924257585074019
2011-02-18,0.4921419602906736
2011-02-22,0.4919544183314914
2011-02-23,0.4926944112698256
2011-02-24,0.4930036412782272
2011-02-25,0.4929384179919361
2011-02-28,0.4928235826682622
2011-03-01,0.4930769255864846
2011-03-02,0.4939662730247464
2011-03-03,0.4943223012289309
2011-03-04,0.49500407552359
2011-03-07,0.4946357925764041
2011-03-08,0.4947584311300684
2011-03-09,0.4941057679836359
2011-03-10,0.4941057679836359
2011-03-11,0.4938558023184836
2011-03-14,0.4946582826008284
2011-03-15,0.4941288274370252
2011-03-16,0.4938507912232519
2011-03-17,0.494012681443927
2011-03-18,0.4944589832190763
2011-03-21,0.4938619105163992
2011-03-22,0.4932632273362388
2011-03-23,0.4930524855818279
2011-03-24,0.4925320102138705
2011-03-25,0.4924005674709724
2011-03-28,0.4927419575055344
2011-03-29,0.492283880909489
2011-03-30,0.4935436222358607
2011-03-31,0.4951844228365997
2011-04-01,0.4957652523788526
2011-04-04,0.4965077507967033
2011-04-05,0.4955223128876527
2011-04-06,0.4939605343864309
2011-04-07,0.4928004188482136
2011-04-08,0.4913642177669929
2011-04-11,0.4903387228696804
2011-04-12,0.489959556377825
2011-04-13,0.4901616937570055
2011-04-14,0.4908108048568304
2011-04-15,0.4916507420933876
2011-04-18,0.490919467914602
2011-04-19,0.4904600300827287
2011-04-20,0.4903387228696804
2011-04-21,0.4900280832084553
2011-04-25,0.4904323996711711
2011-04-26,0.4912450923272961
2011-04-27,0.4897980887490064
2011-04-28,0.4907039476949542
2011-04-29,0.4910138415388523
2011-05-02,0.4911084272192181
2011-05-03,0.4910953062023859
2011-05-04,0.4906075847388231
2011-05-05,0.4910007136934923
2011-05-06,0.4901461408458589
2011-05-09,0.4905393937353084
2011-05-10,0.4909600316031229
2011-05-11,0.4897007878523274
2011-05-12,0.4889197156127295
2011-05-13,0.4892552190035445
2011-05-16,0.4894469429053513
2011-05-17,0.488849567274523
2011-05-18,0.4882939314271918
2011-05-19,0.4882132301544079
2011-05-20,0.4881228094816854
2011-05-23,0.4871774638365815
2011-05-24,0.4876899847175885
2011-05-25,0.4871944534789693
2011-05-26,0.4872346155638711
2011-05-27,0.4875161263268206
2011-05-31,0.4863436271136081
2011-06-01,0.4856163274085056
2011-06-02,0.4859042156945595
2011-06-03,0.4859986692001343
2011-06-06,0.485763186065515
2011-06-07,0.4856890247732228
2011-06-08,0.4852170145221057
2011-06-09,0.4838814377720127
2011-06-10,0.4843869756187915
2011-06-13,0.4855361423105543
2011-06-14,0.4857835078144746
2011-06-15,0.4859110508411959
2011-06-16,0.4860985694598996
2011-06-17,0.4852559171475716
2011-06-20,0.4844383278217239
2011-06-21,0.4841369563141082
2011-06-22,0.4840254402824787
2011-06-23,0.4843112183790261
2011-06-24,0.484969591899398
2011-06-27,0.4838691748687581
2011-06-28,0.4833255293953505
2011-06-29,0.4824952643126228
2011-06-30,0.4831773765894266
2011-07-01,0.4841322651827929
2011-07-05,0.4841050827054414
2011-07-06,0.4843491165895455
2011-07-07,0.484552860633932
2011-07-08,0.4834709917536112
2011-07-11,0.4832306593014376
2011-07-12,0.4835780526601261
2011-07-13,0.4835817653520994
2011-07-14,0.4844822157307497
2011-07-15,0.4838250606706889
2011-07-18,0.4861295906129713
2011-07-19,0.4862112636208798
2011-07-20,0.4853098365879822
2011-07-21,0.4849111369053455
2011-07-22,0.4853601601591914
2011-07-25,0.4850500414626509
2011-07-26,0.4851421587733548
2011-07-27,0.4849056292201812
2011-07-28,0.4857294312910551
2011-07-29,0.4861008426672707
2011-08-01,0.4844013878127231
2011-08-02,0.4837321204238156
2011-08-03,0.4835743502275949
2011-08-04,0.4844013878127231
2011-08-05,0.4842398962553768
2011-08-08,0.4846586042142022
2011-08-09,0.4855466216753083
2011-08-10,0.4853503326407978
2011-08-11,0.4855935974283061
2011-08-12,0.4861704201591245
2011-08-15,0.4870876001287126
2011-08-16,0.487457019933558
2011-08-17,0.4871869753821757
2011-08-18,0.4862669615528009
2011-08-19,0.4857079087301106
2011-08-22,0.4853998525969726
2011-08-23,0.4849613959101362
2011-08-24,0.4850080466407246
2011-08-25,0.4850959186629044
2011-08-26,0.4842139666342644
2011-08-29,0.4846247177577182
2011-08-30,0.4835336264820208
2011-08-31,0.4827703147792413
2011-09-01,0.4826087603393339
2011-09-02,0.4824447940762185
2011-09-06,0.4819148942372824
2011-09-07,0.4819965971361661
2011-09-08,0.482119257387879
2011-09-09,0.4814689381037676
2011-09-12,0.480572615300476
2011-09-13,0.4811832976132731
2011-09-14,0.4827241636555038
2011-09-15,0.4822363908087082
2011-09-16,0.482114122610021
2011-09-19,0.4817911904071789
2011-09-20,0.4819148942372824
2011-09-21,0.4815072245905893
2011-09-22,0.4811003907996503
2011-09-23,0.4813838347824511
2011-09-26,0.4811009572352032
2011-09-27,0.4815461088615375
2011-09-28,0.4808172867558852
2011-09-29,0.479678049384186
2011-09-30,0.4800047444500259
2011-10-03,0.4798834137569988
2011-10-04,0.47955859758888
2011-10-05,0.4797590097600346
2011-10-06,0.4792717981130929
2011-10-07,0.4785372065627042
2011-10-10,0.4780063191197932
2011-10-11,0.4770684561046465
2011-10-12,0.4766964355038959
2011-10-13,0.4775054200697612
2011-10-14,0.4788167284552565
2011-10-17,0.4780465602534067
2011-10-18,0.4780022382933011
2011-10-19,0.4791028031912845
2011-10-20,0.4787419313073158
2011-10-21,0.4787419313073158
2011-10-24,0.4787822537879993
2011-10-25,0.4793077128200476
2011-10-26,0.4790623127445112
2011-10-27,0.4784634850981584
2011-10-28,0.4780103884619561
2011-10-31,0.4785709596038717
2011-11-01,0.4788600701036552
2011-11-02,0.4784867243884977
2011-11-03,0.4789759490724268
2011-11-04,0.4790191844652001
2011-11-07,0.4775006152530656
2011-11-08,0.4779005423920882
2011-11-09,0.4775314326773978
2011-11-10,0.4773139724991956
2011-11-11,0.4771004575168819
2011-11-14,0.4768454389461309
2011-11-15,0.4756501892794586
2011-11-16,0.4765207133050098
2011-11-17,0.4755694018943047
2011-11-18,0.47498861216461
2011-11-21,0.4743269379915531
2011-11-22,0.4740263701481458
2011-11-23,0.4733634840704302
2011-11-25,0.471772363281118
2011-11-28,0.4716528246612987
2011-11-29,0.4722547716008902
2011-11-30,0.471959131528666
2011-12-01,0.4724488186174488
2011-12-02,0.4717324832794929
2011-12-05,0.471679391114773
2011-12-06,0.4712273075921797
2011-12-07,0.4719462542184257
2011-12-08,0.4716928561986085
2011-12-09,0.4713855443951296
2011-12-12,0.4713054699356137
2011-12-13,0.4697466709566879
2011-12-14,0.4701284195398997
2011-12-15,0.4711714345979834
2011-12-16,0.4711854632932962
2011-12-19,0.4708770655948837
2011-12-20,0.4702326265455631
2011-12-21,0.4700815512764802
2011-12-22,0.4700173227739162
2011-12-23,0.4713717926844519
2011-12-27,0.4713316929704067
2011-12-28,0.4722547716008902
2011-12-29,0.4715057612915817
2011-12-30,0.4716128071182163
2012-01-03,0.4712931696089585
2012-01-04,0.4716661270024616
2012-01-05,0.4703583278854944
2012-01-06,0.4702634072625656
2012-01-09,0.4709570810705328
2012-01-10,0.4706521419201241
2012-01-11,0.4713992564555537
2012-01-12,0.4715994109767533
2012-01-13,0.4716795709083632
2012-01-17,0.4708770655948837
2012-01-18,0.4714383541589315
2012-01-19,0.4710371526406074
2012-01-20,0.4706328199766346
2012-01-23,0.4708590425312987
2012-01-24,0.4710746599910093
2012-01-25,0.4717067072252387
2012-01-26,0.4720153063684386
2012-01-27,0.471558989593171
2012-01-30,0.4725650513386794
2012-01-31,0.4736219907640909
2012-02-01,0.4741890618267801
2012-02-02,0.4743511458725887
2012-02-03,0.4752630177523581
2012-02-06,0.4755155550278754
2012-02-07,0.4760200422539929
2012-02-08,0.4755310505733858
2012-02-09,0.4754826003537741
2012-02-10,0.4742391635144351
2012-02-13,0.4741793753024053
2012-02-14,0.4739161956583895
2012-02-15,0.4730041829019956
2012-02-16,0.4726130647766839
2012-02-17,0.4725206689159023
2012-02-21,0.4729523321932666
2012-02-22,0.4726174624211411
2012-02-23,0.4721869095801153
2012-02-24,0.4720537710951159
2012-02-27,0.4713302979233284
2012-02-28,0.4703772992098105
2012-02-29,0.4702818147243656
2012-03-01,0.4695766409391033
2012-03-02,0.470844431003182
2012-03-05,0.4705627760051802
2012-03-06,0.4714246343173061
2012-03-07,0.4711693146807147
2012-03-08,0.4713163858790413
2012-03-09,0.4726624537777439
2012-03-12,0.472391229407054
2012-03-13,0.4718540885892772
2012-03-14,0.4710746599910093
2012-03-15,0.4703868726974855
2012-03-16,0.4700342732295146
2012-03-19,0.4698012225654882
2012-03-20,0.4705578677980355
2012-03-21,0.4705578677980355
2012-03-22,0.4702353711789151
2012-03-23,0.4702849456759146
2012-03-26,0.4689247936190532
2012-03-27,0.4682491818522954
2012-03-28,0.4680709008576217
2012-03-29,0.4688897577857934
2012-03-30,0.4691022799854474
2012-04-02,0.4698173997222734
2012-04-03,0.4701303635700232
2012-04-04,0.4696331397890459
2012-04-05,0.4690222292670409
2012-04-09,0.4684671255070154
2012-04-10,0.4681507724655063
2012-04-11,0.4664965140391819
2012-04-12,0.4657109872292092
2012-04-13,0.4651712582526083
2012-04-16,0.4652109688264829
2012-04-17,0.465892536426634
2012-04-18,0.4663345088069363
2012-04-19,0.4659365557746835
2012-04-20,0.4665971094374789
2012-04-23,0.4662000886778843
2012-04-24,0.4653255257440046
2012-04-25,0.4644435441653113
2012-04-26,0.4640212394879296
2012-04-27,0.466902178170867
2012-04-30,0.4670983898400953
2012-05-01,0.4670584567608567
2012-05-02,0.4663882083648291
2012-05-03,0.4661707353859022
2012-05-04,0.4660138252977234
2012-05-07,0.4662312368718195
2012-05-08,0.4665084359238702
2012-05-09,0.4667642521032885
2012-05-10,0.4666260717002374
2012-05-11,0.4649477992604416
2012-05-14,0.464074978725381
2012-05-15,0.464539338255063
2012-05-16,0.4644370727541306
2012-05-17,0.4640603590925469
2012-05-18,0.464343651139743
2012-05-21,0.4644370727541306
2012-05-22,0.4649084297764456
2012-05-23,0.46585277105561
2012-05-24,0.4662673670063426
2012-05-25,0.466780074702578
2012-05-29,0.4670174983558567
2012-05-30,0.4663037329193534
2012-05-31,0.4661459071171219
2012-06-01,0.4670978468484433
2012-06-04,0.4674524330686104
2012-06-05,0.4673342952270506
2012-06-06,0.4676903537406106
2012-06-07,0.4681453805830307
2012-06-08,0.4684020073418226
2012-06-11,0.4686186751235717
2012-06-12,0.4681822969587579
2012-06-13,0.4683407854836972
2012-06-14,0.4683622822474328
2012-06-15,0.4680635760095035
2012-06-18,0.4692274036930808
2012-06-19,0.4687906805511581
2012-06-20,0.468812851421543
2012-06-21,0.4675706946237546
2012-06-22,0.4676507564294313
2012-06-25,0.4676101426706315
2012-06-26,0.4680240300212834
2012-06-27,0.4665639708381484
2012-06-28,0.467077238281283
2012-06-29,0.4663671813483864
2012-07-02,0.467176668310693
2012-07-03,0.4685238498022265
2012-07-05,0.4686063902808638
2012-07-06,0.4684131183718354
2012-07-09,0.4680611642730309
2012-07-10,0.4690008919394915
2012-07-11,0.4696835214227899
2012-07-12,0.4703395872033957
2012-07-13,0.4703395872033957
2012-07-16,0.4705524289723476
2012-07-17,0.4694790947704064
2012-07-18,0.4691869733428766
2012-07-19,0.4688996588789652
2012-07-20,0.467510466713455
2012-07-23,0.4684920138625812
2012-07-24,0.4694529389765716
2012-07-25,0.4691533387691994
2012-07-26,0.4689969932872849
2012-07-27,0.4699670025586782
2012-07-30,0.4701227601854595
2012-07-31,0.4700838008034367
2012-08-01,0.4700685092807231
2012-08-02,0.4700141233387092
2012-08-03,0.4689141132579853
2012-08-06,0.4684348445820773
2012-08-07,0.4672559019076229
2012-08-08,0.46807234599678
2012-08-09,0.4676250435527621
2012-08-10,0.4678384738648924
2012-08-13,0.469007429077925
2012-08-14,0.4693546828847579
2012-08-15,0.4697560237305828
2012-08-16,0.4697952190302257
2012-08-17,0.4696224861719792
2012-08-20,0.4695832918462772
2012-08-21,0.4708120276622813
2012-08-22,0.4700141233387092
2012-08-23,0.4697643508741819
2012-08-24,0.4693774787199658
2012-08-27,0.4698972252242895
2012-08-28,0.4706901052656987
2012-08-29,0.4707689195195207
2012-08-30,0.4709803353047526
2012-08-31,0.4702486310509736
2012-09-04,0.4703903360261318
2012-09-05,0.470351111025202
2012-09-06,0.4698972252242895
2012-09-07,0.470015173865818
2012-09-10,0.4697718520996201
2012-09-11,0.4705620605152481
2012-09-12,0.4710871813665925
2012-09-13,0.4711265431961364
2012-09-14,0.4713507045236269
2012-09-17,0.4716131622419799
2012-09-18,0.472564573175509
2012-09-19,0.4729176917566698
2012-09-20,0.4733482035606677
2012-09-21,0.4738857665357018
2012-09-24,0.4748791400269129
2012-09-25,0.4744410026151746
2012-09-26,0.4726748249436176
2012-09-27,0.4733225315337643
2012-09-28,0.4744705388679483
2012-10-01,0.474753000360259
2012-10-02,0.4749570459679209
2012-10-03,0.4742084092551855
2012-10-04,0.4742682680042724
2012-10-05,0.4749155022217328
2012-10-08,0.474971492191844
2012-10-09,0.4747751108828452
2012-10-10,0.4720800447407904
2012-10-11,0.4715614600682014
2012-10-12,0.4713654323202665
2012-10-15,0.4698580527168486
2012-10-16,0.4697876355528022
2012-10-17,0.4689190483551296
2012-10-18,0.4689969932872849
2012-10-19,0.4689190483551296
2012-10-22,0.4686118223594908
2012-10-23,0.4685339087572466
2012-10-24,0.4681088478560847
2012-10-25,0.4677203735788769
2012-10-26,0.4679328775282645
2012-10-31,0.4681812316432766
2012-11-01,0.4682199445423291
2012-11-02,0.468413707820502
2012-11-05,0.4685125735060543
2012-11-06,0.4674296591537715
2012-11-07,0.4675842570381258
2012-11-08,0.4676031037037253
2012-11-09,0.4674291966034496
2012-11-12,0.467660476640061
2012-11-13,0.4671983892882257
2012-11-14,0.4663299991927686
2012-11-15,0.4670433925027424
2012-11-16,0.466501864739617
2012-11-19,0.4668505225637182
2012-11-20,0.4657290942673525
2012-11-21,0.4669276309509774
2012-11-23,0.4668716151947139
2012-11-26,0.4670252191590837
2012-11-27,0.4663506003659241
2012-11-28,0.4669286733174818
2012-11-29,0.4664273671508033
2012-11-30,0.4664478086399252
2012-12-03,0.4658915633848264
2012-12-04,0.465582077672184
2012-12-05,0.4653223796609819
2012-12-06,0.4649516099449675
2012-12-07,0.4639410539926714
2012-12-10,0.4617862605298956
2012-12-11,0.4614412420088217
2012-12-12,0.461402972868633
2012-12-13,0.4615353840610152
2012-12-14,0.4600119550887179
2012-12-17,0.4592698192663196
2012-12-18,0.4594728471533876
2012-12-19,0.4605438742404427
2012-12-20,0.4596775451138596
2012-12-21,0.4585343448287699
2012-12-24,0.4592925181314791
2012-12-26,0.4591776192754491
2012-12-27,0.4614438421300659
2012-12-28,0.4620553526643368
2012-12-31,0.4627132846910111
2013-01-02,0.4623851716075488
2013-01-03,0.4624614460207278
2013-01-04,0.4626905838864413
2013-01-07,0.4628818934959212
2013-01-08,0.4627288194910918
2013-01-09,0.4627288194910918
2013-01-10,0.4626141521012514
2013-01-11,0.4629201949307122
2013-01-14,0.4626382765227791
2013-01-15,0.462482311425813
2013-01-16,0.4616605546877457
2013-01-17,0.4605057948574741
2013-01-18,0.4602942815297343
2013-01-22,0.4614795243792424
2013-01-23,0.4604468668925373
2013-01-24,0.4594209911843666
2013-01-25,0.4596408470289612
2013-01-28,0.4599361756683572
2013-01-29,0.4597998322017166
2013-01-30,0.4596934212640043
2013-01-31,0.4609160181383696
2013-02-01,0.4604505224259979
2013-02-04,0.4604884632247862
2013-02-05,0.4601636704076546
2013-02-06,0.4605643839649518
2013-02-07,0.4602313655533924
2013-02-08,0.4608788238783364
2013-02-11,0.4608121723867256
2013-02-12,0.4609546561974744
2013-02-13,0.4610589662157856
2013-02-14,0.4610116237017669
2013-02-15,0.4612669061921106
2013-02-19,0.4614260749469135
2013-02-20,0.4603787606135974
2013-02-21,0.4604626739185184
2013-02-22,0.460869599782046
2013-02-25,0.4603034402192326
2013-02-26,0.4619391206674683
2013-02-27,0.461874604516111
2013-02-28,0.4621762720920376
2013-03-01,0.4621762720920376
2013-03-04,0.46294710781177
2013-03-05,0.4630735326268002
2013-03-06,0.4623422610297222
2013-03-07,0.4622782296209632
2013-03-08,0.4614236365615921
2013-03-11,0.4603370715337285
2013-03-12,0.4618476268932101
2013-03-13,0.4615839981485281
2013-03-14,0.4616319579395292
2013-03-15,0.461105539239761
2013-03-18,0.4609371518137978
2013-03-19,0.4619335494156177
2013-03-20,0.4618320036138038
2013-03-21,0.4625592491970937
2013-03-22,0.4623455994218444
2013-03-25,0.4623570192910912
2013-03-26,0.4634376222926426
2013-03-27,0.464326404534484
2013-03-28,0.4646370741650091
2013-04-01,0.4649845211146601
2013-04-02,0.4646825888928593
2013-04-03,0.4638838403725855
2013-04-04,0.4640716733397738
2013-04-05,0.4632611355863598
2013-04-08,0.4633868553879809
2013-04-09,0.4639391328979753
2013-04-10,0.4635486869458398
2013-04-11,0.4638361096742349
2013-04-12,0.4633984192036121
2013-04-15,0.4632986941268628
2013-04-16,0.4633621957115226
2013-04-17,0.4628976562094624
2013-04-18,0.4640480848002656
2013-04-19,0.464809256881572
2013-04-22,0.465111602385941
2013-04-23,0.4654976399613806
2013-04-24,0.4654392853014054
2013-04-25,0.4653492199736245
2013-04-26,0.4652009961262192
2013-04-29,0.4646837511665743
2013-04-30,0.4646691050628896
2013-05-01,0.465265332415105
2013-05-02,0.4653136003611876
2013-05-03,0.4646032682098828
2013-05-06,0.4645955252438641
2013-05-07,0.4649488370035586
2013-05-08,0.4641275349316877
2013-05-09,0.4656650363181819
2013-05-10,0.4662007779341829
2013-05-13,0.4667745259111114
2013-05-14,0.4669416765951704
2013-05-15,0.4664419265284162
2013-05-16,0.4673122928039765
2013-05-17,0.4672196850562748
2013-05-20,0.4674421997952079
2013-05-21,0.4671456108573015
2013-05-22,0.4682361990315558
2013-05-23,0.4706440816667182
2013-05-24,0.4705697750464483
2013-05-28,0.4676843445851348
2013-05-29,0.4659107927623421
2013-05-30,0.4656880699733803
2013-05-31,0.465725159781217
2013-06-03,0.4660798660146644
2013-06-04,0.4661339578874964
2013-06-05,0.4661882345348455
2013-06-06,0.4666386336557063
2013-06-07,0.46641479356537
2013-06-10,0.468397688721869
2013-06-11,0.4674805139830355
2013-06-12,0.4668088476346211
2013-06-13,0.4657993761654135
2013-06-14,0.4648462194726873
2013-06-17,0.4633557537564626
2013-06-18,0.4625201411321376
2013-06-19,0.4638123680018416
2013-06-20,0.4642756461500764
2013-06-21,0.4642984923158227
2013-06-24,0.4640676629365766
2013-06-25,0.4628018303990175
2013-06-26,0.460832997004813
2013-06-27,0.4618051363122911
2013-06-28,0.462151235445736
2013-07-01,0.4621733410085805
2013-07-02,0.4616824544349813
2013-07-03,0.4616179906948667
2013-07-05,0.4611518771942022
2013-07-08,0.4602299654934703
2013-07-09,0.4607878937195869
2013-07-10,0.460601604193855
2013-07-11,0.459726979585036
2013-07-12,0.4599770136064099
2013-07-15,0.4593431116938711
2013-07-16,0.4591719483685756
2013-07-17,0.4598595748559382
2013-07-18,0.4658168771717111
2013-07-19,0.4689973141589523
2013-07-22,0.4696883545467099
2013-07-23,0.469809562147961
2013-07-24,0.4699163955475963
2013-07-25,0.4699661600657132
2013-07-26,0.4689522720832565
2013-07-29,0.4692371723828176
2013-07-30,0.4696300806321542
2013-07-31,0.4703035788091526
2013-08-01,0.469780838751697
2013-08-02,0.4702814879212409
2013-08-05,0.4701382205895424
2013-08-06,0.4700946743038749
2013-08-07,0.4701660640211412
2013-08-08,0.4696870899034652
2013-08-09,0.4681347936338665
2013-08-12,0.4695054823627466
2013-08-13,0.4685795943332731
2013-08-14,0.4690838954361765
2013-08-15,0.4702285053151936
2013-08-16,0.4703736624027407
2013-08-19,0.4699313514303079
2013-08-20,0.469916982821376
2013-08-21,0.4705960313089056
2013-08-22,0.4706322708048298
2013-08-23,0.4703373557965033
2013-08-26,0.4715054866798542
2013-08-27,0.4704325476911301
2013-08-28,0.4710763253165314
2013-08-29,0.4703319910217993
2013-08-30,0.4700849877346031
2013-09-03,0.4700992644127217
2013-09-04,0.4707336423241027
2013-09-05,0.4703319910217993
2013-09-06,0.470720185612566
2013-09-09,0.470706693217863
2013-09-10,0.471369801194456
2013-09-11,0.4717498398101284
2013-09-12,0.4716027222589388
2013-09-13,0.4717619393815809
2013-09-16,0.4708201507833719
2013-09-17,0.4706970700790366
2013-09-18,0.4713457207479077
2013-09-19,0.4721164873369274
2013-09-20,0.4717734545844501
2013-09-23,0.4718465956064464
2013-09-24,0.4710656923898222
2013-09-25,0.4702731339495039
2013-09-26,0.4704325476911301
2013-09-27,0.4707143500090567
2013-09-30,0.4706779848252754
2013-10-01,0.4702367592945174
2013-10-02,0.4700992644127217
2013-10-03,0.4701135034347755
2013-10-04,0.4702731339495039
2013-10-07,0.4711496236769716
2013-10-08,0.470893284891703
2013-10-09,0.4704413920804416
2013-10-10,0.4701214649226156
2013-10-11,0.4692184538686096
2013-10-14,0.4693331597335712
2013-10-15,0.4703405736435938
2013-10-16,0.4705463903273073
2013-10-17,0.4704502861609048
2013-10-18,0.4702674905828639
2013-10-21,0.4695154706394605
2013-10-22,0.4699908513328606
2013-10-23,0.4706291957970798
2013-10-24,0.4708737235497879
2013-10-25,0.4706249814898136
2013-10-28,0.4712920551195983
2013-10-29,0.4712791639950305
2013-10-30,0.4715026772285068
2013-10-31,0.472012381292537
2013-11-01,0.4722367035902305
2013-11-04,0.4715399719294557
2013-11-05,0.4715399719294557
2013-11-06,0.4722884279256348
2013-11-07,0.4723896449319152
2013-11-08,0.472491235596772
2013-11-11,0.4725402678319197
2013-11-12,0.4730311610996232
2013-11-13,0.4732963591142299
2013-11-14,0.4738097571578727
2013-11-15,0.4732584362334502
2013-11-18,0.4737621041156848
2013-11-19,0.4742845239071026
2013-11-20,0.4743314649838421
2013-11-21,0.4737065763874528
2013-11-22,0.4739800582978224
2013-11-25,0.4743870892073645
2013-11-26,0.4738763022754644
2013-11-27,0.4735639699453411
2013-11-29,0.4735261705464826
2013-12-02,0.4741324537845789
2013-12-03,0.4744661781434235
2013-12-04,0.4749492188837964
2013-12-05,0.4753158408055394
2013-12-06,0.4743870892073645
2013-12-09,0.4742644476215862
2013-12-10,0.4728370494657709
2013-12-11,0.473762791717778
2013-12-12,0.4732448502422975
2013-12-13,0.4731865332833831
2013-12-16,0.4730901586804818
2013-12-17,0.4746824366081564
2013-12-18,0.4759092885815889
2013-12-19,0.4778274851606956
2013-12-20,0.4785328924358207
2013-12-23,0.4787720222083793
2013-12-24,0.4772299899411398
2013-12-26,0.4767201307956263
2013-12-27,0.4764864330417593
2013-12-30,0.4750208419519078
2013-12-31,0.4750428879433508
2014-01-02,0.4743000782772773
2014-01-03,0.474913436961512
2014-01-06,0.4750208419519078
2014-01-07,0.4749513240474653
2014-01-08,0.4749513240474653
2014-01-09,0.475376341300036
2014-01-10,0.4751409457889907
2014-01-13,0.4752928671552495
2014-01-14,0.474891710903143
2014-01-15,0.4752247272804774
2014-01-16,0.4751577359771692
2014-01-17,0.4753072038150923
2014-01-21,0.4751271728767338
2014-01-22,0.4746985293231492
2014-01-23,0.4736616411951471
2014-01-24,0.4737736493853052
2014-01-27,0.4734949048040694
2014-01-28,0.473346353291429
2014-01-29,0.4731135704771551
2014-01-30,0.4725884049431705
2014-01-31,0.4720598433392965
2014-02-03,0.4717013765381406
2014-02-04,0.4717512257066054
2014-02-05,0.4711303975305835
2014-02-06,0.4703329650639646
2014-02-07,0.4707358901627654
2014-02-10,0.4714912840496333
2014-02-11,0.4717136558835053
2014-02-12,0.4706989086272125
2014-02-13,0.4708199459917047
2014-02-14,0.4711346246943431
2014-02-18,0.4715038150285079
2014-02-19,0.471119460360388
2014-02-20,0.4710453639865155
2014-02-21,0.4710824061673011
2014-02-24,0.471193604808914
2014-02-25,0.4718992962430591
2014-02-26,0.4720970080253912
2014-02-27,0.4717385281724375
2014-02-28,0.4731903954758956
2014-03-03,0.4730031762595962
2014-03-04,0.4718751821936909
2014-03-05,0.4722085744244916
2014-03-06,0.4725141803379337
2014-03-07,0.472354514160433
2014-03-10,0.4726034507705154
2014-03-11,0.4724805791607135
2014-03-12,0.4737641442345539
2014-03-13,0.4730511043510323
2014-03-14,0.4733130428455771
2014-03-17,0.4728428412973701
2014-03-18,0.4714036136345512
2014-03-19,0.4713049117331339
2014-03-20,0.4719869982536718
2014-03-21,0.4710321744894005
2014-03-24,0.4703329650639646
2014-03-25,0.4710403634307355
2014-03-26,0.4705747133061514
2014-03-27,0.4725289589713112
2014-03-28,0.4727775570789341
2014-03-31,0.4725891837773213
2014-04-01,0.4722625267218692
2014-04-02,0.4720770950120868
2014-04-03,0.4720155332761809
2014-04-04,0.4719402245814879
2014-04-07,0.4724798468458618
2014-04-08,0.47226780632957
2014-04-09,0.472684393071117
2014-04-10,0.4723960232489719
2014-04-11,0.4716268457710283
2014-04-14,0.4709192889985718
2014-04-15,0.4703251178895677
2014-04-16,0.4698887566053253
2014-04-17,0.4695782026650889
2014-04-21,0.4703753915772049
2014-04-22,0.4706423655278736
2014-04-23,0.4697213840549125
2014-04-24,0.4691794710845492
2014-04-25,0.4690223454100606
2014-04-28,0.4683491209459747
2014-04-29,0.4676720360791573
2014-04-30,0.4677674335778707
2014-05-01,0.4677294988352913
2014-05-02,0.4673129442939966
2014-05-05,0.4669734673920567
2014-05-06,0.4664072079695698
2014-05-07,0.4657279584738121
2014-05-08,0.4666527690830399
2014-05-09,0.4671238239452644
2014-05-12,0.4663089975948239
2014-05-13,0.4664978111877171
2014-05-14,0.4669522596287179
2014-05-15,0.4676363130060487
2014-05-16,0.466990213181206
2014-05-19,0.4672562462470455
2014-05-20,0.4671421552487556
2014-05-21,0.4678267986944146
2014-05-22,0.4681882537968931
2014-05-23,0.4680940188939513
2014-05-27,0.4683586556132869
2014-05-28,0.468834801973495
2014-05-29,0.4689881071540792
2014-05-30,0.4687582270004105
2014-06-02,0.468762630354387
2014-06-03,0.4681704835853024
2014-06-04,0.4692627874848883
2014-06-05,0.4689931982677476
2014-06-06,0.46777330556857
2014-06-09,0.4678117068722585
2014-06-10,0.4670267081497448
2014-06-11,0.4661274927875425
2014-06-12,0.4659163079971616
2014-06-13,0.4669121705716844
2014-06-16,0.4666073048518121
2014-06-17,0.4684978515103979
2014-06-18,0.4695807023886204
2014-06-19,0.4694587974832151
2014-06-20,0.4685497969484148
2014-06-23,0.4692127064059996
2014-06-24,0.4702965048166898
2014-06-25,0.4702195053069137
2014-06-26,0.4699044853936073
2014-06-27,0.4694812316312577
2014-06-30,0.4682087353103849
2014-07-01,0.4696975415709818
2014-07-02,0.4709099656054277
2014-07-03,0.4728627753318887
2014-07-07,0.4746144478102733
2014-07-08,0.4744133841216597
2014-07-09,0.4748758285855282
2014-07-10,0.474605844484524
2014-07-11,0.4744727438949914
2014-07-14,0.4742029409343806
2014-07-15,0.4740302363985093
2014-07-16,0.4760198206243527
2014-07-17,0.4792473066145585
2014-07-18,0.4823078763765976
2014-07-21,0.4826397119937607
2014-07-22,0.4825340783416418
2014-07-23,0.4828013059236977
2014-07-24,0.4822026760657567
2014-07-25,0.4820528792580055
2014-07-28,0.4819794442864921
2014-07-29,0.4814951261857398
2014-07-30,0.4816822400732309
2014-07-31,0.4812336638148384
2014-08-01,0.4807492392413052
2014-08-04,0.4809357499237119
2014-08-05,0.4816457585476582
2014-08-06,0.4818333529243452
2014-08-07,0.4820964860804458
2014-08-08,0.4822077400811476
2014-08-11,0.4814606405109838
2014-08-12,0.4824037849699009
2014-08-13,0.4814613706105821
2014-08-14,0.482176743579374
2014-08-15,0.4806724262003969
2014-08-18,0.481766136005215
2014-08-19,0.4820315160400387
2014-08-20,0.4812758462456545
2014-08-21,0.4813520839684176
2014-08-22,0.481276834756684
2014-08-25,0.4826021994643206
2014-08-26,0.4825597168127902
2014-08-27,0.4835352114205419
2014-08-28,0.4831169408483955
2014-08-29,0.4835317797935254
2014-09-02,0.4833037497975627
2014-09-03,0.4830410496886275
2014-09-04,0.4826335236667415
2014-09-05,0.4826380639182873
2014-09-08,0.4819556323862061
2014-09-09,0.4833861823933605
2014-09-10,0.4830846762734412
2014-09-11,0.4830846762734412
2014-09-12,0.4826623203755221
2014-09-15,0.4821750829515396
2014-09-16,0.4815760590957222
2014-09-17,0.4813514912573622
2014-09-18,0.4814650497339557
2014-09-19,0.4816166310926739
2014-09-22,0.4815045115071604
2014-09-23,0.4813906182506792
2014-09-24,0.4806323902879785
2014-09-25,0.4827856180089534
2014-09-26,0.4827905594085934
2014-09-29,0.4826021994643206
2014-09-30,0.4827930398246542
2014-10-01,0.4829129759734525
2014-10-02,0.4833674098442356
2014-10-03,0.4832400111771562
2014-10-06,0.4819584017288003
2014-10-07,0.4799865955719768
2014-10-08,0.4796778347093779
2014-10-09,0.4791833416996195
2014-10-10,0.4809733588959385
2014-10-13,0.4814203635472285
2014-10-14,0.4816842697705337
2014-10-15,0.481236277025642
2014-10-16,0.4811971293208982
2014-10-17,0.482542536120112
2014-10-20,0.4818709075503974
2014-10-21,0.4813842532673958
2014-10-22,0.4810859663439312
2014-10-23,0.4819515053968695
2014-10-24,0.4822162680578133
2014-10-27,0.4824795622673336
2014-10-28,0.4826267575500652
2014-10-29,0.4808983469629878
2014-10-30,0.479617180180848
2014-10-31,0.4814264946380765
2014-11-03,0.4815778290599901
2014-11-04,0.4811628147549669
2014-11-05,0.4811252938752557
2014-11-06,0.4809361906052315
2014-11-07,0.4798731218857601
2014-11-10,0.4783915024363678
2014-11-11,0.4782307731978164
2014-11-12,0.4781518222220801
2014-11-13,0.4782342851692365
2014-11-14,0.4789968273118915
2014-11-17,0.4786925244132766
2014-11-18,0.4788783974012744
2014-11-19,0.4788406172829889
2014-11-20,0.4785734359723
2014-11-21,0.4788379012061007
2014-11-24,0.4788297097834555
2014-11-25,0.4786309943960475
2014-11-26,0.4795498316767105
2014-11-28,0.4791650607540091
2014-12-01,0.4791220996571565
2014-12-02,0.4794310519730816
2014-12-03,0.4792326745900945
2014-12-04,0.4791510922232594
2014-12-05,0.4809372080751277
2014-12-08,0.4804711452991596
2014-12-09,0.4812480880572084
2014-12-10,0.480820767390972
2014-12-11,0.4801594411116248
2014-12-12,0.4823350809941349
2014-12-15,0.4809760820007764
2014-12-16,0.4801991562441344
2014-12-17,0.4805088711892465
2014-12-18,0.4799607194720829
2014-12-19,0.4798815464190991
2014-12-22,0.4805072905796856
2014-12-23,0.4801534282748154
2014-12-24,0.4804266835165457
2014-12-26,0.4808983469629878
2014-12-29,0.4814873742008529
2014-12-30,0.4813300125761485
2014-12-31,0.4818790290380931
2015-01-02,0.4812907049216802
2015-01-05,0.4793334349342151
2015-01-06,0.4791804076438204
2015-01-07,0.477291060494778
2015-01-08,0.4781825181191267
2015-01-09,0.4773974501389457
2015-01-12,0.4781659358330656
2015-01-13,0.4763173809857388
2015-01-14,0.4755852623846996
2015-01-15,0.4795640586378547
2015-01-16,0.4810497944649369
2015-01-20,0.4815005653152419
2015-01-21,0.4817271915326357
2015-01-22,0.4809359934714546
2015-01-23,0.4810490051717613
2015-01-26,0.4816852885658477
2015-01-27,0.4820980399400341
2015-01-28,0.4822884009671382
2015-01-29,0.4819110954757621
2015-01-30,0.484804280456778
2015-02-02,0.4842890695192425
2015-02-03,0.4841126493725026
2015-02-04,0.4848244899431865
2015-02-05,0.4844921167943145
2015-02-06,0.4843535999056137
2015-02-09,0.4856071781030128
2015-02-10,0.4862293463192723
2015-02-11,0.4874180693704213
2015-02-12,0.4882022477699382
2015-02-13,0.4885918787286096
2015-02-17,0.4884306874739859
2015-02-18,0.4882685122199732
2015-02-19,0.4880287861339573
2015-02-20,0.4878082735776574
2015-02-23,0.487489943145908
2015-02-24,0.4870089537442827
2015-02-25,0.4903921070426221
2015-02-26,0.4905326624660737
2015-02-27,0.4914910721495844
2015-03-02,0.4920093745953209
2015-03-03,0.4917223362306115
2015-03-04,0.4918250742917305
2015-03-05,0.4918498976509191
2015-03-06,0.4915781662752213
2015-03-09,0.4913828336147725
2015-03-10,0.4910232710452366
2015-03-11,0.4906770796569592
2015-03-12,0.4900720346271955
2015-03-13,0.490098704142561
2015-03-16,0.4895512452950971
2015-03-17,0.4903436323416222
2015-03-18,0.4891635157415182
2015-03-19,0.4894146929020599
2015-03-20,0.4891781613053824
2015-03-23,0.4898605394081263
2015-03-24,0.4883257544280498
2015-03-25,0.4954506923687929
2015-03-26,0.4951426480429059
2015-03-27,0.4941568481185793
2015-03-30,0.4948596385714821
2015-03-31,0.494239783034001
2015-04-01,0.4949297006115712
2015-04-02,0.4944863408902412
2015-04-06,0.4948528517330758
2015-04-07,0.4947376683171537
2015-04-08,0.494507624530458
2015-04-09,0.4931595367894537
2015-04-10,0.4932511570396759
2015-04-13,0.4930758555768657
2015-04-14,0.4928472826530729
2015-04-15,0.493098690963627
2015-04-16,0.4928323314532799
2015-04-17,0.4930453907722431
2015-04-20,0.4948005440120349
2015-04-21,0.4946437135170061
2015-04-22,0.4934999975184963
2015-04-23,0.4924851890255691
2015-04-24,0.4934752676605655
2015-04-27,0.4950885874845576
2015-04-28,0.4947423201028901
2015-04-29,0.4946212008898192
2015-04-30,0.4944863858416421
2015-05-01,0.4957460830643827
2015-05-04,0.4964550067642058
2015-05-05,0.4976986868044677
2015-05-06,0.4972035533618285
2015-05-07,0.4975684802353828
2015-05-08,0.4958040364028846
2015-05-11,0.4942113791296798
2015-05-12,0.4942328134471325
2015-05-13,0.4946591428762922
2015-05-14,0.4956908756828024
2015-05-15,0.4963971990536692
2015-05-18,0.4969496938421047
2015-05-19,0.4971389529017834
2015-05-20,0.496435068753877
2015-05-21,0.496016713412919
2015-05-22,0.4945494268176419
2015-05-26,0.4944695499021199
2015-05-27,0.4939509249050192
2015-05-28,0.4942874677430095
2015-05-29,0.4941733524898112
2015-06-01,0.4943301373256092
2015-06-02,0.4944527556422898
2015-06-03,0.4963587667029677
2015-06-04,0.497193139041953
2015-06-05,0.4974191628047992
2015-06-08,0.4986865323427616
2015-06-09,0.4980847325596361
2015-06-10,0.4993991698448602
2015-06-11,0.4987964976766827
2015-06-12,0.4984724289861909
2015-06-15,0.498301994609112
2015-06-16,0.4984389743773876
2015-06-17,0.4992976390697802
2015-06-18,0.4992521622841152
2015-06-19,0.4985989625001195
2015-06-22,0.4986591862752013
2015-06-23,0.4975213544083469
2015-06-24,0.499159199448496
2015-06-25,0.4988897122573694
2015-06-26,0.498301994609112
2015-06-29,0.498242146194693
2015-06-30,0.4985711384796369
2015-07-01,0.4980242503393285
2015-07-02,0.497870171466009
2015-07-06,0.4988691090532898
2015-07-07,0.4993504448222176
2015-07-08,0.4969496938421047
2015-07-09,0.4966451769066306
2015-07-10,0.4967225900051062
2015-07-13,0.4962443321944068
2015-07-14,0.4949568352039205
2015-07-15,0.4961862150182136
2015-07-16,0.4960897263311168
2015-07-17,0.4953598913116006
2015-07-20,0.4960517931616073
2015-07-21,0.4964747759355308
2015-07-22,0.4960140490212555
2015-07-23,0.4959757325456206
2015-07-24,0.4968142437839906
2015-07-27,0.4971952026173693
2015-07-28,0.4982296747587989
2015-07-29,0.4980800062685138
2015-07-30,0.4974243412960434
2015-07-31,0.4969327862064855
2015-08-03,0.4976633783159088
2015-08-04,0.500592314407275
2015-08-05,0.5002395041410379
2015-08-06,0.5002395041410379
2015-08-07,0.5007042019026832
2015-08-10,0.5018083937775415
2015-08-11,0.5028770872624175
2015-08-12,0.5031128052006268
2015-08-13,0.5027986124319616
2015-08-14,0.5035404839870203
2015-08-17,0.5044481570713454
2015-08-18,0.5043293950522785
2015-08-19,0.5039629746892322
2015-08-20,0.5043689700189135
2015-08-21,0.5041240980184029
2015-08-24,0.5042238482033305
2015-08-25,0.5043914946297364
2015-08-26,0.5041346830698235
2015-08-27,0.5038813431376504
2015-08-28,0.50461839071599
2015-08-31,0.5061073013236516
2015-09-01,0.5051974485027195
2015-09-02,0.5045983222209293
2015-09-03,0.5045387490259627
2015-09-04,0.504499343581547
2015-09-08,0.5045781667293824
2015-09-09,0.5036191539527596
2015-09-10,0.5038445331152789
2015-09-11,0.5033210818823571
2015-09-14,0.5036362219112444
2015-09-15,0.5034339226065903
2015-09-16,0.5037027889564956
2015-09-17,0.5045983222209293
2015-09-18,0.5047557867843019
2015-09-21,0.5043914946297364
2015-09-22,0.5032677237587837
2015-09-23,0.5040984850808135
2015-09-24,0.5035572745867147
2015-09-25,0.5038989216392958
2015-09-28,0.5040380938858694
2015-09-29,0.50401674743381
2015-09-30,0.5036856775541981
2015-10-01,0.5035572745867147
2015-10-02,0.5041950390855139
2015-10-05,0.503607496051693
2015-10-06,0.5034844604010891
2015-10-07,0.5032885290888497
2015-10-08,0.5031595044197194
2015-10-09,0.5041529084112552
2015-10-12,0.5040346899607007
2015-10-13,0.5038095198456398
2015-10-14,0.5038596707549707
2015-10-15,0.5039881855629111
2015-10-16,0.5045589866290218
2015-10-19,0.5050605385559628
2015-10-20,0.5054910426866824
2015-10-21,0.5060763493075726
2015-10-22,0.5058187665151491
2015-10-23,0.5068317131158947
2015-10-26,0.5061489792578105
2015-10-27,0.5060622895719282
2015-10-28,0.5065961903826431
2015-10-29,0.5065726448028658
2015-10-30,0.5056231613937079
2015-11-02,0.5058014250048902
2015-11-03,0.5046681850209105
2015-11-04,0.5065415028166669
2015-11-05,0.5062843763695847
2015-11-06,0.5065101813244683
2015-11-09,0.5059092631627206
2015-11-10,0.5053449485313343
2015-11-11,0.5053564631781251
2015-11-12,0.505801166896651
2015-11-13,0.5048818302994182
2015-11-16,0.5053952637498663
2015-11-17,0.5060566921464696
2015-11-18,0.5062762797361176
2015-11-19,0.5052880480233197
2015-11-20,0.5061984078890419
2015-11-23,0.5065648201964181
2015-11-24,0.5065648201964181
2015-11-25,0.5073419650017178
2015-11-27,0.5066269529630537
2015-11-30,0.5057795785897827
2015-12-01,0.5053745856542715
2015-12-02,0.5049880237608119
2015-12-03,0.5055505846489154
2015-12-04,0.5049017940942304
2015-12-07,0.5056106770133151
2015-12-08,0.5056018290958191
2015-12-09,0.5047370059023
2015-12-10,0.5046496289621096
2015-12-11,0.5037990618348794
2015-12-14,0.5051626379436673
2015-12-15,0.5054340761769315
2015-12-16,0.5056759515660152
2015-12-17,0.5061902136220507
2015-12-18,0.5074177215220086
2015-12-21,0.5073070406860891
2015-12-22,0.507484361006551
2015-12-23,0.5077714189534278
2015-12-24,0.5083046189635105
2015-12-28,0.5085954791036746
2015-12-29,0.5090413090433247
2015-12-30,0.5076548271114889
2015-12-31,0.5065725598425617
2016-01-04,0.5080232726421077
2016-01-05,0.5094312002394497
2016-01-06,0.5116955275329258
2016-01-07,0.5125272466007118
2016-01-08,0.5134685537169851
2016-01-11,0.5138592119855566
2016-01-12,0.5139767197543906
2016-01-13,0.5131928699067403
2016-01-14,0.5135095801868167
2016-01-15,0.5142101898928468
2016-01-19,0.5146003248746827
2016-01-20,0.5144836698284339
2016-01-21,0.5144065250899644
2016-01-22,0.5140150772156371
2016-01-25,0.5149919534764184
2016-01-26,0.5149919534764184
2016-01-27,0.5144451316036965
2016-01-28,0.5143683375198319
2016-01-29,0.5135476814013822
2016-02-01,0.5135869187746559
2016-02-02,0.514015318511659
2016-02-03,0.514015318511659
2016-02-04,0.514054172834265
2016-02-05,0.5142503145205963
2016-02-08,0.5143295540572185
2016-02-09,0.5139374439466265
2016-02-10,0.5139374439466265
2016-02-11,0.5138200933562126
2016-02-12,0.5133504502819448
2016-02-16,0.5145214959800798
2016-02-17,0.5164510610752354
2016-02-18,0.5170547627998772
2016-02-19,0.5163679078396217
2016-02-22,0.5152138641064609
2016-02-23,0.5147904551007177
2016-02-24,0.5147151559847188
2016-02-25,0.5156121183525748
2016-02-26,0.51576710588619
2016-02-29,0.5173989991259234
2016-03-01,0.5154068974897796
2016-03-02,0.515833567897578
2016-03-03,0.5161873219453473
2016-03-04,0.5157222538268523
2016-03-07,0.5159569360180938
2016-03-08,0.516579283910874
2016-03-09,0.5176241979802907
2016-03-10,0.5181109190039512
2016-03-11,0.5170904714562851
2016-03-14,0.5168990139044288
2016-03-15,0.5170547627998772
2016-03-16,0.5172531342642699
2016-03-17,0.5176089290701194
2016-03-18,0.517879559162774
2016-03-21,0.5170350075366206
2016-03-22,0.516307265898824
2016-03-23,0.5168180338937846
2016-03-24,0.5180269692724236
2016-03-28,0.5189297679654092
2016-03-29,0.5184139089205422
2016-03-30,0.518641949278185
2016-03-31,0.519128712913921
2016-04-01,0.5183271241304018
2016-04-04,0.5176629257500672
2016-04-05,0.5175833847878416
2016-04-06,0.5178578698390803
2016-04-07,0.517236436104677
2016-04-08,0.5171238743224689
2016-04-11,0.5174428516240446
2016-04-12,0.5174428516240446
2016-04-13,0.5169186124228593
2016-04-14,0.5168056691354258
2016-04-15,0.5175664987689437
2016-04-18,0.5176426058775471
2016-04-19,0.5166894459189242
2016-04-20,0.5177626040812989
2016-04-21,0.5163450625677399
2016-04-22,0.5172539009108451
2016-04-25,0.5174502674143913
2016-04-26,0.5187164345617661
2016-04-27,0.5179943589754832
2016-04-28,0.5170774282009726
2016-04-29,0.5178606147400258
2016-05-02,0.5185531965866769
2016-05-03,0.5195546402623231
2016-05-04,0.5204284074545873
2016-05-05,0.5206277963037552
2016-05-06,0.5211075543025739
2016-05-09,0.5209401728640684
2016-05-10,0.5229900903466735
2016-05-11,0.522299507103755
2016-05-12,0.5212718493347643
2016-05-13,0.5201509174340884
2016-05-16,0.5192723149674605
2016-05-17,0.5204945305608458
2016-05-18,0.5198077331916082
2016-05-19,0.5196734515967808
2016-05-20,0.5196793909766527
2016-05-23,0.5199510932292762
2016-05-24,0.5192152028953537
2016-05-25,0.5182984145165147
2016-05-26,0.5188197549319076
2016-05-27,0.5199908038538513
2016-05-31,0.5195721199180836
2016-06-01,0.520143337823357
2016-06-02,0.5197984340341634
2016-06-03,0.5192152028953537
2016-06-06,0.5199635690016852
2016-06-07,0.5185975206041409
2016-06-08,0.520070260811373
2016-06-09,0.5204682612718216
2016-06-10,0.5195042676491276
2016-06-13,0.5202554977325571
2016-06-14,0.520228633803082
2016-06-15,0.5198073726176361
2016-06-16,0.5201745951517653
2016-06-17,0.5216049998722578
2016-06-20,0.5204418913945495
2016-06-21,0.5206417024443523
2016-06-22,0.520228633803082
2016-06-23,0.5206696878690332
2016-06-24,0.5205686317946623
2016-06-27,0.5210749202970474
2016-06-28,0.5207027956377575
2016-06-29,0.520228633803082
2016-06-30,0.5210380125779259
2016-07-01,0.5209835747241444
2016-07-05,0.5206866312499563
2016-07-06,0.5217337092481206
2016-07-07,0.5222797835164856
2016-07-08,0.5203487357082504
2016-07-11,0.5206468318158498
2016-07-12,0.5214050667852567
2016-07-13,0.5212526565013486
2016-07-14,0.5210601115115298
2016-07-15,0.5211001151188349
2016-07-18,0.5193624650989828
2016-07-19,0.519453040579072
2016-07-20,0.5192316622045879
2016-07-21,0.5193850089825588
2016-07-22,0.5196574999853081
2016-07-25,0.5209401728640684
2016-07-26,0.5209184538141292
2016-07-27,0.5200829879511162
2016-07-28,0.520222083722164
2016-07-29,0.5193906740505986
2016-08-01,0.5186517473081781
2016-08-02,0.5176115720517707
2016-08-03,0.518691347572242
2016-08-04,0.518012890520759
2016-08-05,0.5182519476954547
2016-08-08,0.5186064464320205
2016-08-09,0.5193505387236221
2016-08-10,0.5182610188460692
2016-08-11,0.5172069969420365
2016-08-12,0.5177585694436169
2016-08-15,0.518691347572242
2016-08-16,0.5178537596112234
2016-08-17,0.5185121893278029
2016-08-18,0.5180355117805863
2016-08-19,0.5168180338937846
2016-08-22,0.5188105445954522
2016-08-23,0.5195838331673845
2016-08-24,0.519009310015845
2016-08-25,0.5181942129405751
2016-08-26,0.5178455647029195
2016-08-29,0.51748526132143
2016-08-30,0.5179958663267633
2016-08-31,0.5187261346251901
2016-09-01,0.5192944346224108
2016-09-02,0.5205932806036894
2016-09-06,0.5203486959241242
2016-09-07,0.5210411498630187
2016-09-08,0.5211676659689654
2016-09-09,0.5217090984677314
2016-09-12,0.5219471269488392
2016-09-13,0.5220099978982091
2016-09-14,0.5220663007997565
2016-09-15,0.5223135707084702
2016-09-16,0.5226907720904712
2016-09-19,0.5221373921686265
2016-09-20,0.5219703567044524
2016-09-21,0.5225309527376887
2016-09-22,0.522394794322804
2016-09-23,0.52287909367123
2016-09-26,0.5231667915870359
2016-09-27,0.5232560272873263
2016-09-28,0.5238259579582369
2016-09-29,0.5229157901705189
2016-09-30,0.5232655895705798
2016-10-03,0.5243564840655545
2016-10-04,0.5245573861756516
2016-10-05,0.5239463425035317
2016-10-06,0.5241577423298195
2016-10-07,0.5235449257992524
2016-10-10,0.5242404602791264
2016-10-11,0.5245347696741465
2016-10-12,0.5244974442597401
2016-10-13,0.5253722557197373
2016-10-14,0.5253961281843098
2016-10-17,0.5235936175285075
2016-10-18,0.5225073763881452
2016-10-19,0.5197197933255812
2016-10-20,0.5182216398372327
2016-10-21,0.5179524509656283
2016-10-24,0.5180692095199936
2016-10-25,0.5180245116394221
2016-10-26,0.5179481843327524
2016-10-27,0.5181678585941563
2016-10-28,0.5182125684305275
2016-10-31,0.517714491980498
2016-11-01,0.5177265931367407
2016-11-02,0.5174878167513157
2016-11-03,0.5176861342524309
2016-11-04,0.5179739196976078
2016-11-07,0.5179971423705676
2016-11-08,0.518311593719671
2016-11-09,0.517852225655227
2016-11-10,0.5193383183779148
2016-11-11,0.5204231515560299
2016-11-14,0.5224625497953423
2016-11-15,0.5213448253241473
2016-11-16,0.5219218686738499
2016-11-17,0.5225344983177818
2016-11-18,0.5224935687150062
2016-11-21,0.5237882840094702
2016-11-22,0.5229380089790613
2016-11-23,0.523440130336424
2016-11-25,0.5240532804673531
2016-11-28,0.5229911849783585
2016-11-29,0.5236550244019382
2016-11-30,0.5233498682606238
2016-12-01,0.5226244157582557
2016-12-02,0.5227855840333447
2016-12-05,0.5232394696263104
2016-12-06,0.5216775210153015
2016-12-07,0.5222079034180872
2016-12-08,0.5210897904549853
2016-12-09,0.5205893871385661
2016-12-12,0.5201344257931642
2016-12-13,0.5201745951517653
2016-12-14,0.5194765404508723
2016-12-15,0.5189474262450612
2016-12-16,0.5195745561964528
2016-12-19,0.5197979484221394
2016-12-20,0.5204561217859307
2016-12-21,0.5204158671044403
2016-12-22,0.5208448581442215
2016-12-23,0.5205366677937686
2016-12-27,0.5205978891941271
2016-12-28,0.5204294614197922
2016-12-29,0.5223408536799362
2016-12-30,0.5213867957857103
2017-01-03,0.5214428248261395
2017-01-04,0.521856117870459
2017-01-05,0.5215966502584559
2017-01-06,0.5216370998480541
2017-01-09,0.5221468525652593
2017-01-10,0.5221554498636344
2017-01-11,0.521223288059027
2017-01-12,0.5199992251686685
2017-01-13,0.5214010362383488
2017-01-17,0.5209696278881106
2017-01-18,0.5207812790216472
2017-01-19,0.5188670247195186
2017-01-20,0.5196611642137811
2017-01-23,0.5200247929153927
2017-01-24,0.5199779717169625
2017-01-25,0.5225257678124953
2017-01-26,0.5233498682606238
2017-01-27,0.5237569797959934
2017-01-30,0.5226839358340095
2017-01-31,0.5215962803493968
2017-02-01,0.5214167758140491
2017-02-02,0.5206595143038788
2017-02-03,0.5197664503284133
2017-02-06,0.519465856841743
2017-02-07,0.5181051459092753
2017-02-08,0.516209986877268
2017-02-09,0.5158527177258995
2017-02-10,0.5136182918513904
2017-02-13,0.513618588510763
2017-02-14,0.5133776239392058
2017-02-15,0.5125721469936876
2017-02-16,0.5107620577466938
2017-02-17,0.5111230459379803
2017-02-21,0.5103465139960344
2017-02-22,0.5113111269758286
2017-02-23,0.5121236387073291
2017-02-24,0.5116292845653687
2017-02-27,0.5114634917885883
2017-02-28,0.5124366899648918
2017-03-01,0.5120295630757203
2017-03-02,0.5131290171598883
2017-03-03,0.5130079597789567
2017-03-06,0.5126830865788229
2017-03-07,0.5121141010431116
2017-03-08,0.5117428918647908
2017-03-09,0.5127196150590643
2017-03-10,0.5130464717372725
2017-03-13,0.5124011554147031
2017-03-14,0.5119086160559567
2017-03-15,0.5121506231347108
2017-03-16,0.5128848416594504
2017-03-17,0.513167826403051
2017-03-20,0.5132899492636908
2017-03-21,0.5128421961325526
2017-03-22,0.5123493013088769
2017-03-23,0.5130842844114399
2017-03-24,0.5125564232069798
2017-03-27,0.5120295630757203
2017-03-28,0.5125564232069798
2017-03-29,0.5123898296873809
2017-03-30,0.5119362461032988
2017-03-31,0.5103961803280553
2017-04-03,0.5107145524364027
2017-04-04,0.509486843314895
2017-04-05,0.5088295040825179
2017-04-06,0.509486843314895
2017-04-07,0.5111243941526924
2017-04-10,0.5105349271848908
2017-04-11,0.5104949324801116
2017-04-12,0.5100915844990737
2017-04-13,0.510945088851283
2017-04-17,0.5110681739547543
2017-04-18,0.5110251090081236
2017-04-19,0.5109819649457227
2017-04-20,0.510571360171956
2017-04-21,0.5104839317454015
2017-04-24,0.510079285889912
2017-04-25,0.5088513783790292
2017-04-26,0.5081436484130047
2017-04-27,0.507865257669577
2017-04-28,0.5067007401173069
2017-05-01,0.5060452968005427
2017-05-02,0.505986043476888
2017-05-03,0.5066758718533388
2017-05-04,0.5073521970883994
2017-05-05,0.5073123139214988
2017-05-08,0.5078913972494838
2017-05-09,0.5074996918185275
2017-05-10,0.5072939241056597
2017-05-11,0.5073663650278567
2017-05-12,0.5067872679678324
2017-05-15,0.5070983491738907
2017-05-16,0.5064291970173168
2017-05-17,0.5049536037381372
2017-05-18,0.50475543030878
2017-05-19,0.5047552496408869
2017-05-22,0.5057171476613181
2017-05-23,0.5056276086780077
2017-05-24,0.5064111875697602
2017-05-25,0.5058111775832506
2017-05-26,0.507236601786215
2017-05-30,0.5082799358096957
2017-05-31,0.507365599544345
2017-06-01,0.5071074421156574
2017-06-02,0.5072292413712636
2017-06-05,0.5080293606004602
2017-06-06,0.5071886287098212
2017-06-07,0.5084717317800573
2017-06-08,0.5084021639330227
2017-06-09,0.5078733491241412
2017-06-12,0.5081171461727646
2017-06-13,0.508489685529142
2017-06-14,0.5081387720158012
2017-06-15,0.5079083663841656
2017-06-16,0.5069066415842065
2017-06-19,0.5066870730427646
2017-06-20,0.5068910885924788
2017-06-21,0.5071513616345767
2017-06-22,0.5068173165448002
2017-06-23,0.5062630747417078
2017-06-26,0.5060101762814914
2017-06-27,0.5059694888423526
2017-06-28,0.506222353094688
2017-06-29,0.505189235233126
2017-06-30,0.5056352797155285
2017-07-03,0.5057481340964397
2017-07-05,0.5059925902287448
2017-07-06,0.5063445571175894
2017-07-07,0.5068094432110898
2017-07-10,0.5071363386261083
2017-07-11,0.5074037729417405
2017-07-12,0.5072959110507405
2017-07-13,0.5078941071013829
2017-07-14,0.5087638741579833
2017-07-17,0.5077924167780049
2017-07-18,0.5083245034272658
2017-07-19,0.5087878372247748
2017-07-20,0.5094928397949455
2017-07-21,0.5089878956806273
2017-07-24,0.5068502593703467
2017-07-25,0.5068266667865109
2017-07-26,0.5058205686512064
2017-07-27,0.5056299325229786
2017-07-28,0.5057707387739216
2017-07-31,0.5069751346596917
2017-08-01,0.5059571818105804
2017-08-02,0.5049072320300749
2017-08-03,0.5053251259993417
2017-08-04,0.5050703885883484
2017-08-07,0.5055575758663801
2017-08-08,0.5061385112753507
2017-08-09,0.5066386643413404
2017-08-10,0.5078265360071118
2017-08-11,0.5077788490359406
2017-08-14,0.5076012365987614
2017-08-15,0.5060013930466526
2017-08-16,0.5063277137766573
2017-08-17,0.507158848132937
2017-08-18,0.5061558222900894
2017-08-21,0.5063192639049168
2017-08-22,0.5055261466003238
2017-08-23,0.5057299407188487
2017-08-24,0.5067698124287546
2017-08-25,0.5076901131303674
2017-08-28,0.5063601571025496
2017-08-29,0.5070162387816199
2017-08-30,0.5089000016415502
2017-08-31,0.5089577123675193
2017-09-01,0.507771949817471
2017-09-05,0.5062243007584939
2017-09-06,0.5074109782567425
2017-09-07,0.5076360796033981
2017-09-08,0.5072294279115586
2017-09-11,0.5063916879042243
2017-09-12,0.5059034704086759
2017-09-13,0.5060449266672034
2017-09-14,0.5058301349466887
2017-09-15,0.5052865618351503
2017-09-18,0.5053275960246473
2017-09-19,0.504907754024327
2017-09-20,0.5046310499145367
2017-09-21,0.5051240893323474
2017-09-22,0.5050829294460318
2017-09-25,0.5052574102406452
2017-09-26,0.5064405552539002
2017-09-27,0.5062250548262539
2017-09-28,0.5059590935554987
2017-09-29,0.5054029798961827
2017-10-02,0.5060418996690463
2017-10-03,0.5055458696692319
2017-10-04,0.5053300891830171
2017-10-05,0.5037928749516839
2017-10-06,0.5030210536103695
2017-10-09,0.5023782163108611
2017-10-10,0.5013939031088395
2017-10-11,0.5033237696810858
2017-10-12,0.5028336843663421
2017-10-13,0.5025336255994737
2017-10-16,0.5026427309997026
2017-10-17,0.5034003014721059
2017-10-18,0.5042298859727838
2017-10-19,0.5043119544451066
2017-10-20,0.5045479083845141
2017-10-23,0.5060773082711413
2017-10-24,0.5057752726992384
2017-10-25,0.505793451907679
2017-10-26,0.5071958001904071
2017-10-27,0.5051988909928646
2017-10-30,0.5054106450343775
2017-10-31,0.5042805468184293
2017-11-01,0.504035600663333
2017-11-02,0.5046932890343057
2017-11-03,0.5061063046055387
2017-11-06,0.5060101762814914
2017-11-07,0.5053823289089848
2017-11-08,0.5061236653238417
2017-11-09,0.5057123200071758
2017-11-10,0.5057032470174178
2017-11-13,0.5058792381413457
2017-11-14,0.5050284973671267
2017-11-15,0.5042781718456512
2017-11-16,0.5039437752353803
2017-11-17,0.5048866401793056
2017-11-20,0.5043591323114615
2017-11-21,0.5042377110179601
2017-11-22,0.5040650549926504
2017-11-24,0.5035980214183517
2017-11-27,0.5035976031070857
2017-11-28,0.504125669284777
2017-11-29,0.5062210123178796
2017-11-30,0.5085068236583363
2017-12-01,0.5088231456714948
2017-12-04,0.5090905353172941
2017-12-05,0.5094420403917322
2017-12-06,0.5098031590819458
2017-12-07,0.5095202833622651
2017-12-08,0.5097552983057961
2017-12-11,0.5095594227098101
2017-12-12,0.5094373355655932
2017-12-13,0.5099597966015584
2017-12-14,0.5087291159553223
2017-12-15,0.5097336871309455
2017-12-18,0.5100544057622801
2017-12-19,0.5106160160804394
2017-12-20,0.5097856972208479
2017-12-21,0.5077776644741632
2017-12-22,0.5065340334279408
2017-12-26,0.5061172083908788
2017-12-27,0.5057067728964173
2017-12-28,0.5057067728964173
2017-12-29,0.505440227868732
2018-01-02,0.5058393852300855
2018-01-03,0.5081732169026596
2018-01-04,0.5090885172402173
2018-01-05,0.5103468443908888
2018-01-08,0.5103468443908888
2018-01-09,0.5102595440635465
2018-01-10,0.5092042449179459
2018-01-11,0.5103668577694644
2018-01-12,0.5111290754531937
2018-01-16,0.5117568684968076
2018-01-17,0.5122399545929205
2018-01-18,0.5165858330385601
2018-01-19,0.5189092759855874
2018-01-22,0.525447776745521
2018-01-23,0.5276589517743187
2018-01-24,0.5271401423683817
2018-01-25,0.525496891768183
2018-01-26,0.5256676542823258
2018-01-29,0.5261772759511277
2018-01-30,0.5257173276483201
2018-01-31,0.5255714061121028
2018-02-01,0.5258903563864235
2018-02-02,0.5250519202607397
2018-02-05,0.5293156687436096
2018-02-06,0.5289899702028562
2018-02-07,0.5287554898254171
2018-02-08,0.5333411351970492
2018-02-09,0.5309708254331534
2018-02-12,0.5306025672934587
2018-02-13,0.5310801506667502
2018-02-14,0.5302945407311611
2018-02-15,0.5288762373835029
2018-02-16,0.5274540551790606
2018-02-20,0.5273095698528983
2018-02-21,0.5265543920917729
2018-02-22,0.5282733918600204
2018-02-23,0.5284805693991295
2018-02-26,0.5283936816585525
2018-02-27,0.5285676648242869
2018-02-28,0.5282528939700518
2018-03-01,0.5300182930529415
2018-03-02,0.5303145528053324
2018-03-05,0.5300037807240712
2018-03-06,0.5312503265888108
2018-03-07,0.5315224177669439
2018-03-08,0.5312341808947687
2018-03-09,0.5317097168885655
2018-03-12,0.5316601787357685
2018-03-13,0.531747207461734
2018-03-14,0.5331633599183369
2018-03-15,0.5327281995554466
2018-03-16,0.5335991433828141
2018-03-19,0.5330679115357171
2018-03-20,0.5333902621731889
2018-03-21,0.5326095050321243
2018-03-22,0.5336197016554325
2018-03-23,0.5396400579665139
2018-03-26,0.5399689164192979
2018-03-27,0.540041038502696
2018-03-28,0.5408636801762149
2018-03-29,0.5409789434679406
2018-04-02,0.5416988529387113
2018-04-03,0.5420438201006832
2018-04-04,0.5428108397927566
2018-04-05,0.5427098030163278
2018-04-06,0.5436601734476922
2018-04-09,0.5440091024711969
2018-04-10,0.5433314809445526
2018-04-11,0.5416209028725154
2018-04-12,0.5403302763347017
2018-04-13,0.5397341625827176
2018-04-16,0.5396466022180917
2018-04-17,0.5402664333206066
2018-04-18,0.5403194255944984
2018-04-19,0.5424613860770604
2018-04-20,0.545384898840085
2018-04-23,0.5453019146391431
2018-04-24,0.5457537374353609
2018-04-25,0.547113299950595
2018-04-26,0.5476615258283826
2018-04-27,0.547874375279911
2018-04-30,0.5474852525226999
2018-05-01,0.5475694592070242
2018-05-02,0.5472272034258472
2018-05-03,0.5475915353766682
2018-05-04,0.5473464907971662
2018-05-07,0.5472536916160688
2018-05-08,0.5471178639560152
2018-05-09,0.5464923115334444
2018-05-10,0.5465799144060816
2018-05-11,0.5460293564540424
2018-05-14,0.5464568230988617
2018-05-15,0.5463806855353686
2018-05-16,0.5473435829987922
2018-05-17,0.5482946975215605
2018-05-18,0.5478665758268101
2018-05-21,0.5478891856614597
2018-05-22,0.5480728952485029
2018-05-23,0.5478813786061122
2018-05-24,0.5483030535763586
2018-05-25,0.5483264791885338
2018-05-29,0.5472023440170558
2018-05-30,0.5475915353766682
2018-05-31,0.5476439081549468
2018-06-01,0.5469909262318292
2018-06-04,0.5489990938238659
2018-06-05,0.5490620898118113
2018-06-06,0.5495245007387609
2018-06-07,0.5496017139840959
2018-06-08,0.5486467410794373
2018-06-11,0.5488769114310584
2018-06-12,0.5487958632306923
2018-06-13,0.5476870083951738
2018-06-14,0.5486753778242416
2018-06-15,0.5486053081550638
2018-06-18,0.5481883547779338
2018-06-19,0.546986594713886
2018-06-20,0.5469523119771126
2018-06-21,0.5469736401801576
2018-06-22,0.5469950401071565
2018-06-25,0.5473347197209075
2018-06-26,0.5477548235674005
2018-06-27,0.5461371719686285
2018-06-28,0.5457549500359298
2018-06-29,0.5457647383772591
2018-07-02,0.5460058185826243
2018-07-03,0.5459389658652573
2018-07-05,0.5443824458368982
2018-07-06,0.5410114438388236
2018-07-09,0.5408187591479137
2018-07-10,0.5401639929068733
2018-07-11,0.5400935146184538
2018-07-12,0.5407048690499127
2018-07-13,0.5393498647742951
2018-07-16,0.5395601395957345
2018-07-17,0.5394444931816396
2018-07-18,0.5394682604060618
2018-07-19,0.5423030286907451
2018-07-20,0.5449999036675442
2018-07-23,0.5469560485951999
2018-07-24,0.5467917554806438
2018-07-25,0.5470859384559073
2018-07-26,0.5466215033882789
2018-07-27,0.5456880572343306
2018-07-30,0.5430601954586155
2018-07-31,0.542641506759049
2018-08-01,0.5416338925310812
2018-08-02,0.5397581432274522
2018-08-03,0.5389840346030977
2018-08-06,0.5374883020717155
2018-08-07,0.5354653806534635
2018-08-08,0.5353159001966845
2018-08-09,0.5358725945016481
2018-08-10,0.5351807035216121
2018-08-13,0.5361151282530482
2018-08-14,0.5370912539313579
2018-08-15,0.5372019718774096
2018-08-16,0.5382632203771756
2018-08-17,0.5372122888399502
2018-08-20,0.5377941033640136
2018-08-21,0.5372730027243111
2018-08-22,0.5373726610245708
2018-08-23,0.536934006743285
2018-08-24,0.536916948018393
2018-08-27,0.5373559728399868
2018-08-28,0.5375553037266289
2018-08-29,0.5403058177584454
2018-08-30,0.5408455419091348
2018-08-31,0.5421619712034114
2018-09-04,0.5428842880970571
2018-09-05,0.542857489866313
2018-09-06,0.5409594516118467
2018-09-07,0.5387143429122399
2018-09-10,0.5388924461275476
2018-09-11,0.5383811620770013
2018-09-12,0.5371198554322189
2018-09-13,0.5378466710454706
2018-09-14,0.5378691276093631
2018-09-17,0.5377980103309637
2018-09-18,0.5383797657342623
2018-09-19,0.5387689544461843
2018-09-20,0.5394780772835888
2018-09-21,0.5394149698110451
2018-09-24,0.5397721606936977
2018-09-25,0.5396946737507843
2018-09-26,0.5397282725190499
2018-09-27,0.5392629559313106
2018-09-28,0.5389230729594049
2018-10-01,0.5389464896762476
2018-10-02,0.5395915345416452
2018-10-03,0.5398887696203657
2018-10-04,0.5423866294620863
2018-10-05,0.5433510235324042
2018-10-08,0.5481983028013524
2018-10-09,0.5485035122281028
2018-10-10,0.5481272305132266
2018-10-11,0.5500411021486441
2018-10-12,0.5496462671222713
2018-10-15,0.5487943851637749
2018-10-16,0.5470682535195559
2018-10-17,0.5452608606932395
2018-10-18,0.5438323978873504
2018-10-19,0.5422370119711337
2018-10-22,0.5427145349624019
2018-10-23,0.5425475032824915
2018-10-24,0.542004847737169
2018-10-25,0.5421080814808192
2018-10-26,0.5421860062331982
2018-10-29,0.5408614323896603
2018-10-30,0.5395327999041296
2018-10-31,0.5407185931957482
2018-11-01,0.5409694303488922
2018-11-02,0.5411491757869449
2018-11-05,0.5408907360051576
2018-11-06,0.5405675622395555
2018-11-07,0.5395639350083903
2018-11-08,0.5391394945511082
2018-11-09,0.539025447885694
2018-11-12,0.5398212130407202
2018-11-13,0.5399443003016742
2018-11-14,0.5397120144890426
2018-11-15,0.5407043899095547
2018-11-16,0.5402821706611505
2018-11-19,0.539991929278771
2018-11-20,0.5393537406590316
2018-11-21,0.5406037626883496
2018-11-23,0.5408187591479137
2018-11-26,0.5408950570600803
2018-11-27,0.5409198026744763
2018-11-28,0.5411041637694836
2018-11-29,0.5428913368147811
2018-11-30,0.5427648919332155
2018-12-03,0.5436910029418605
2018-12-04,0.5434116215291087
2018-12-06,0.5453395423876813
2018-12-07,0.5442224284342715
2018-12-10,0.5442608036285017
2018-12-11,0.5446241774783346
2018-12-12,0.5433274778687118
2018-12-13,0.5432928850448625
2018-12-14,0.542158997030965
2018-12-17,0.5400256138745753
2018-12-18,0.5403896715396221
2018-12-19,0.5398208961443587
2018-12-20,0.5395327999041296
2018-12-21,0.5393794334205145
2018-12-24,0.5389434583412843
2018-12-26,0.53923478086876
2018-12-27,0.5386376341881608
2018-12-28,0.5390212721176454
2018-12-31,0.539198516278745
2019-01-02,0.5392006096302374
2019-01-03,0.5443027913517222
2019-01-04,0.5440757359115332
2019-01-07,0.5439199626213441
2019-01-08,0.5435895553545494
2019-01-09,0.5434490074708639
2019-01-10,0.5434636808304795
2019-01-11,0.5435804076844923
2019-01-14,0.5435069448954802
2019-01-15,0.5440540257942138
2019-01-16,0.5421881261011812
2019-01-17,0.540691123221167
2019-01-18,0.5403125928513666
2019-01-22,0.5400093126155429
2019-01-23,0.5405664264896047
2019-01-24,0.5386835762211476
2019-01-25,0.5387679011219032
2019-01-28,0.5383611909714878
2019-01-29,0.5367734270869319
2019-01-30,0.5366334583923454
2019-01-31,0.5365649953981796
2019-02-01,0.5366630279207956
2019-02-04,0.5359201728990051
2019-02-05,0.5358669326701507
2019-02-06,0.5367271336665593
2019-02-07,0.536941605610426
2019-02-08,0.5365212696713259
2019-02-11,0.5365465805078166
2019-02-12,0.5365118591004173
2019-02-13,0.536856435032185
2019-02-14,0.5373781393867965
2019-02-15,0.5380209051006819
2019-02-19,0.5375445666215241
2019-02-20,0.5363182635144104
2019-02-21,0.5339356087017184
2019-02-22,0.5328116443213433
2019-02-25,0.5323996063940488
2019-02-26,0.5338741894463838
2019-02-27,0.5345557105699642
2019-02-28,0.5338564496363797
2019-03-01,0.5333706174200596
2019-03-04,0.5336418955876868
2019-03-05,0.5337204301193801
2019-03-06,0.5332948868338353
2019-03-07,0.5336826831878965
2019-03-08,0.5340314978725351
2019-03-11,0.534263835447169
2019-03-12,0.5337979430753134
2019-03-13,0.5333286672557207
2019-03-14,0.5331918538258985
2019-03-15,0.5335418397170123
2019-03-18,0.533228893539312
2019-03-19,0.533657655827786
2019-03-20,0.5329521447183669
2019-03-21,0.5328402656230645
2019-03-22,0.5329955850193874
2019-03-25,0.5330139184537399
2019-03-26,0.532853492277305
2019-03-27,0.5326767704611549
2019-03-28,0.532383142300957
2019-03-29,0.5325389196364329
2019-04-01,0.5327781591900577
2019-04-02,0.5334438205818847
2019-04-03,0.5333861805614529
2019-04-04,0.533737563348998
2019-04-05,0.5339717828499502
2019-04-08,0.5342834925876889
2019-04-09,0.5344199314412863
2019-04-10,0.5346350096816281
2019-04-11,0.5337971519065611
2019-04-12,0.5335042244300815
2019-04-15,0.5340496442676843
2019-04-16,0.53362305101194
2019-04-17,0.5328012922685093
2019-04-18,0.5345879668320648
2019-04-22,0.534530412921137
2019-04-23,0.5341680126898644
2019-04-24,0.5341677453598839
2019-04-25,0.5333231477234442
2019-04-26,0.5354129853557301
2019-04-29,0.5356825630596362
2019-04-30,0.5362022356524702
2019-05-01,0.5359912955528013
2019-05-02,0.5358754402618937
2019-05-03,0.535589748437833
2019-05-06,0.5348016829846474
2019-05-07,0.5351486602801253
2019-05-08,0.5363007170209151
2019-05-09,0.5351270411278526
2019-05-10,0.535301299229661
2019-05-13,0.5361677757812795
2019-05-14,0.5369754829381147
2019-05-15,0.5374557008410418
2019-05-16,0.5382333756572663
2019-05-17,0.537515976982511
2019-05-20,0.5383105521269984
2019-05-21,0.5379844943333653
2019-05-22,0.5380603308847637
2019-05-23,0.5387522293363005
2019-05-24,0.5385696170613978
2019-05-28,0.5385696170613978
2019-05-29,0.5380760318478711
2019-05-30,0.5374116158132854
2019-05-31,0.53737905979349
2019-06-03,0.5362204974346559
2019-06-04,0.536621143726068
2019-06-05,0.5359466811254249
2019-06-06,0.5357794813390102
2019-06-07,0.5350023379220158
2019-06-10,0.533827290021175
2019-06-11,0.5326675792822553
2019-06-12,0.5341107986680413
2019-06-13,0.5345885649274199
2019-06-14,0.5338850383113168
2019-06-17,0.5337725345855081
2019-06-18,0.5334881859894508
2019-06-19,0.5335064074190267
2019-06-20,0.5340005511525487
2019-06-21,0.534431948367072
2019-06-24,0.5345445454977181
2019-06-25,0.5344136243043646
2019-06-26,0.5339806771620603
2019-06-27,0.5338677686890129
2019-06-28,0.5330165403908071
2019-07-01,0.5337566261632903
2019-07-02,0.5326090166886418
2019-07-03,0.5316931734861163
2019-07-05,0.5308267715396107
2019-07-08,0.530265347825839
2019-07-09,0.5305361598022976
2019-07-10,0.5303351321566759
2019-07-11,0.5282068500414255
2019-07-12,0.5289330840694105
2019-07-15,0.5285712750694906
2019-07-16,0.5283870873170339
2019-07-17,0.5290042590782831
2019-07-18,0.5290368715357853
2019-07-19,0.5310781983504091
2019-07-22,0.5309975667719683
2019-07-23,0.5317758021548311
2019-07-24,0.5319276155138639
2019-07-25,0.5319065908275955
2019-07-26,0.5315649992243493
2019-07-29,0.5317883464881477
2019-07-30,0.5317503156063634
2019-07-31,0.5319235672052869
2019-08-01,0.5325629772035531
2019-08-02,0.5316498847717673
2019-08-05,0.5338087326907588
2019-08-06,0.5339030507921523
2019-08-07,0.5327986244070864
2019-08-08,0.5318221865130865
2019-08-09,0.5316575444425409
2019-08-12,0.531018481475088
2019-08-13,0.5310726536818723
2019-08-14,0.5314513243829656
2019-08-15,0.5313820534791965
2019-08-16,0.5323950395460271
2019-08-19,0.5324716054455981
2019-08-20,0.5323600792026703
2019-08-21,0.5321519983051624
2019-08-22,0.5322628898639694
2019-08-23,0.5326100045641263
2019-08-26,0.5321446540466228
2019-08-27,0.532367670974886
2019-08-28,0.5318476768205791
2019-08-29,0.5313669460747642
2019-08-30,0.5317371690863946
2019-09-03,0.5308811349001579
2019-09-04,0.5304483520029935
2019-09-05,0.5303631428993194
2019-09-06,0.5305182058805867
2019-09-09,0.531500602424013
2019-09-10,0.53213976344608
2019-09-11,0.5344790864068549
2019-09-12,0.5356088567640087
2019-09-13,0.5349444825937524
2019-09-16,0.53346675298546
2019-09-17,0.5331181987769062
2019-09-18,0.5332545187891821
2019-09-19,0.5339919163979346
2019-09-20,0.5347479021276145
2019-09-23,0.5347479021276145
2019-09-24,0.5353680278623622
2019-09-25,0.5351720262833072
2019-09-26,0.5361392897103865
2019-09-27,0.5348589142812078
2019-09-30,0.5357443284658732
2019-10-01,0.535587397465051
2019-10-02,0.5354921317375128
2019-10-03,0.5353601529404005
2019-10-04,0.5357469602472739
2019-10-07,0.5350342879116682
2019-10-08,0.5348621553318536
2019-10-09,0.533955147983952
2019-10-10,0.5348831865943467
2019-10-11,0.5354642367259903
2019-10-14,0.5373057466778601
2019-10-15,0.5374782235944652
2019-10-16,0.5370603051143332
2019-10-17,0.5370992775796892
2019-10-18,0.5375229271599131
2019-10-21,0.5367187267225187
2019-10-22,0.5375962064267856
2019-10-23,0.537635431610869
2019-10-24,0.5377304652135473
2019-10-25,0.537618795497856
2019-10-28,0.5372320157606195
2019-10-29,0.5376021323182151
2019-10-30,0.5366926560419722
2019-10-31,0.5363654371327692
2019-11-01,0.5357447038700216
2019-11-04,0.5367144459456067
2019-11-05,0.5361124215657673
2019-11-06,0.5357055308131169
2019-11-07,0.5348306842311393
2019-11-08,0.5339901155689988
2019-11-11,0.534793481248532
2019-11-12,0.5349102170067604
2019-11-13,0.5338914603557602
2019-11-14,0.5334177321121006
2019-11-15,0.5324937063413621
2019-11-18,0.5329451919319385
2019-11-19,0.5333784861581873
2019-11-20,0.5333204663733716
2019-11-21,0.5321385405219756
2019-11-22,0.5326683294470829
2019-11-25,0.5326683294470829
2019-11-26,0.5324481807547746
2019-11-27,0.5321385405219756
2019-11-29,0.5315270971247592
2019-12-02,0.5313270296740034
2019-12-03,0.5311655566320997
2019-12-04,0.5316520171456983
2019-12-05,0.5342247301196268
2019-12-06,0.5341267132421517
2019-12-09,0.5341067240065654
2019-12-10,0.5313556677200397
2019-12-11,0.527936744684495
2019-12-12,0.5310773831748236
2019-12-13,0.5309737601049909
2019-12-16,0.5342059101942399
2019-12-17,0.5341481448416446
2019-12-18,0.5342251479274183
2019-12-19,0.5338564496363797
2019-12-20,0.5333892201742545
2019-12-23,0.5336418955876868
2019-12-24,0.5343806834406791
2019-12-26,0.5343611157086278
2019-12-27,0.5345748924061544
2019-12-30,0.5336618089899136
2019-12-31,0.5325123304877533
2020-01-02,0.5329635687987705
2020-01-03,0.5331385180297844
2020-01-06,0.533234285446368
2020-01-07,0.5334653730164532
2020-01-08,0.5336397539146478
2020-01-09,0.5331162028878356
2020-01-10,0.5324285532929172
2020-01-13,0.5318005473087968
2020-01-14,0.5308778261464557
2020-01-15,0.5305688110665965
2020-01-16,0.530269133721612
2020-01-17,0.5290699703968686
2020-01-21,0.5277553315724107
2020-01-22,0.5280415548740226
2020-01-23,0.5276680229141033
2020-01-24,0.5287652449387945
2020-01-27,0.5318738603703401
2020-01-28,0.5318869738888683
2020-01-29,0.5311878229975934
2020-01-30,0.5297514404089034
2020-01-31,0.5319168684735269
2020-02-03,0.5310769678777785
2020-02-04,0.5309179245857459
2020-02-05,0.5312470549907856
2020-02-06,0.5334181111881593
2020-02-07,0.5336679296675929
2020-02-10,0.5330695431135299
2020-02-11,0.5317202756402868
2020-02-12,0.5336120664819561
2020-02-13,0.5308128777221067
2020-02-14,0.5279654722762077
2020-02-18,0.5290962853390027
2020-02-19,0.5285199626625574
2020-02-20,0.5277364150494034
2020-02-21,0.5276746247274616
2020-02-24,0.5298250568773075
2020-02-25,0.5307203950386498
2020-02-26,0.5309075759918297
2020-02-27,0.5313840756994029
2020-02-28,0.5318347471818418
2020-03-02,0.5341311711286596
2020-03-03,0.534074400129229
2020-03-04,0.5349594118085214
2020-03-05,0.5346222433131939
2020-03-06,0.5359671965610753
2020-03-09,0.5407256528470801
2020-03-10,0.5402930981691124
2020-03-11,0.5429092730360044
2020-03-12,0.5535410916627936
2020-03-13,0.5549466309063477
2020-03-16,0.5653046319467504
2020-03-17,0.564746471801724
2020-03-18,0.5697074071707566
2020-03-19,0.5712699122702228
2020-03-20,0.5733221308921049
2020-03-23,0.5734431513113376
2020-03-24,0.5783688556580543
2020-03-25,0.5811518677266173
2020-03-26,0.5813437872696297
2020-03-27,0.5819095049402833
2020-03-30,0.5824243574080683
2020-03-31,0.5822581889554297
2020-04-01,0.58185074770055
2020-04-02,0.5815834052610135
2020-04-03,0.5814982173988755
2020-04-06,0.5829761911301038
2020-04-07,0.5835702054650314
2020-04-08,0.5845445574980197
2020-04-09,0.5848361249134303
2020-04-13,0.5845956676497742
2020-04-14,0.5860078133666028
2020-04-15,0.5855649847113166
2020-04-16,0.5877911763604227
2020-04-17,0.5894465054112982
2020-04-20,0.5883291050366158
2020-04-21,0.5892315177730242
2020-04-22,0.5884087929046359
2020-04-23,0.5875700225803365
2020-04-24,0.5861740283075851
2020-04-27,0.5849609765752849
2020-04-28,0.5848451207472133
2020-04-29,0.5850863709539422
2020-04-30,0.5831182469052864
2020-05-01,0.5843611518966239
2020-05-04,0.5848951280316061
2020-05-05,0.58490853528413
2020-05-06,0.5855934472039214
2020-05-07,0.5856675613233131
2020-05-08,0.5869877344335718
2020-05-11,0.5853298085855994
2020-05-12,0.5851231524058327
2020-05-13,0.5844113140284455
2020-05-14,0.5826764970001622
2020-05-15,0.5814122600770191
2020-05-18,0.5813129854524856
2020-05-19,0.5816726717461753
2020-05-20,0.5812435835690034
2020-05-21,0.5803945140937445
2020-05-22,0.5807761108754964
2020-05-26,0.581317140082296
2020-05-27,0.5805892721619681
2020-05-28,0.579582022399848
2020-05-29,0.5786599334821961
2020-06-01,0.5783639574477484
2020-06-02,0.5784626778537847
2020-06-03,0.5803864929881846
2020-06-04,0.5840838022092347
2020-06-05,0.5877316388192954
2020-06-08,0.5879777298700904
2020-06-09,0.5883200545790059
2020-06-10,0.5890744043566332
2020-06-11,0.5890714123218114
2020-06-12,0.5886071071253219
2020-06-15,0.5869205352912433
2020-06-16,0.5865969315659691
2020-06-17,0.5845200910959006
2020-06-18,0.585393226794815
2020-06-19,0.584669244382041
2020-06-22,0.5847630032941736
2020-06-23,0.585143319177141
2020-06-24,0.5850671825921139
2020-06-25,0.5848009936275309
2020-06-26,0.5845302085053887
2020-06-29,0.5844258852927278
2020-06-30,0.5839828181077782
2020-07-01,0.5851343766354379
2020-07-02,0.583188221828256
2020-07-06,0.5852654160792568
2020-07-07,0.5874365497896245
2020-07-08,0.5921332152254284
2020-07-09,0.5946203759600162
2020-07-10,0.5956703821828999
2020-07-13,0.5969261996142399
2020-07-14,0.5985323164872041
2020-07-15,0.5980706050904975
2020-07-16,0.5976945959932393
2020-07-17,0.5970895884206595
2020-07-20,0.5955812052920245
2020-07-21,0.5940565480223886
2020-07-22,0.5943895201586982
2020-07-23,0.5948896703794965
2020-07-24,0.601676337336709
2020-07-27,0.6348189518708223
2020-07-28,0.635716616978261
2020-07-29,0.6434205355891023
2020-07-30,0.6429494187556712
2020-07-31,0.6437186363617987
2020-08-03,0.6440490828079576
2020-08-04,0.6433657587076752
2020-08-05,0.642986614307454
2020-08-06,0.6431321188082064
2020-08-07,0.6403226182159666
2020-08-10,0.6418652107150106
2020-08-11,0.6417214291670619
2020-08-12,0.6414926918542087
2020-08-13,0.6417040901163152
2020-08-14,0.6435960280537196
2020-08-17,0.6430054129561557
2020-08-18,0.642785973947783
2020-08-19,0.6429840287612942
2020-08-20,0.6433830273289195
2020-08-21,0.6427650477813788
2020-08-24,0.642791759870628
2020-08-25,0.6430466144082302
2020-08-26,0.6453660178379581
2020-08-27,0.6454414856756463
2020-08-28,0.6456150851190715
2020-08-31,0.6462256293141373
2020-09-01,0.6453053185193744
2020-09-02,0.6452374379866519
2020-09-03,0.6437611550141286
2020-09-04,0.6457046283348719
2020-09-08,0.6500161825272441
2020-09-09,0.6493016558529545
2020-09-10,0.6487683275494432
2020-09-11,0.6469793208796818
2020-09-14,0.6446666336462082
2020-09-15,0.6515609632468592
2020-09-16,0.6523718377389399
2020-09-17,0.6511419408154601
2020-09-18,0.6532324705566454
2020-09-21,0.6547557290332128
2020-09-22,0.6548735709951413
2020-09-23,0.6562507993218438
2020-09-24,0.654328161674584
2020-09-25,0.6532194092350164
2020-09-28,0.6523064006721052
2020-09-29,0.6513257989467608
2020-09-30,0.6516743093589618
2020-10-01,0.652639707356988
2020-10-02,0.6513653579996315
2020-10-05,0.6485910287805483
2020-10-06,0.6481292010991655
2020-10-07,0.6495725784439633
2020-10-08,0.6527247805902067
2020-10-09,0.6541386806072779
2020-10-12,0.6585308197688133
2020-10-13,0.6577632033656426
2020-10-14,0.6571940274578608
2020-10-15,0.6571228072697815
2020-10-16,0.6590931261494484
2020-10-19,0.6563262183316458
2020-10-20,0.6552005832117502
2020-10-21,0.6532370990091251
2020-10-22,0.65120995040867
2020-10-23,0.6505515808651117
2020-10-26,0.6491171519871146
2020-10-27,0.6492205686074654
2020-10-28,0.6512789577856205
2020-10-29,0.6525088444176502
2020-10-30,0.6527477279399742
2020-11-02,0.6529951240263987
2020-11-03,0.6536315327143112
2020-11-04,0.6565326286677747
2020-11-05,0.6587764266354333
2020-11-06,0.660797055242837
2020-11-09,0.6605633317580745
2020-11-10,0.6614318006171133
2020-11-11,0.6611104785666436
2020-11-12,0.6613845313028959
2020-11-13,0.6643868867246985
2020-11-16,0.6713995497134937
2020-11-17,0.6706831243008338
2020-11-18,0.6711446046247096
2020-11-19,0.6703622118794551
2020-11-20,0.6696816496687753
2020-11-23,0.6716985116617018
2020-11-24,0.6708504440288786
2020-11-25,0.6702622827119988
2020-11-27,0.6709334244887932
2020-11-30,0.6701618636902423
2020-12-01,0.6739162340204946
2020-12-02,0.6738240989016869
2020-12-03,0.6751055004887012
2020-12-04,0.6763633035926883
2020-12-07,0.6796509764952857
2020-12-08,0.678777277301529
2020-12-09,0.6779009865469825
2020-12-10,0.6769409789836894
2020-12-11,0.6755545302770107
2020-12-14,0.6764306496083371
2020-12-15,0.6758493616870087
2020-12-16,0.6755872889631449
2020-12-17,0.6755532980993729
2020-12-18,0.674782614807228
2020-12-21,0.674887903777794
2020-12-22,0.6730838784167474
2020-12-23,0.6729615933654517
2020-12-24,0.6710609180418012
2020-12-28,0.6708893511252648
2020-12-29,0.6719582943957313
2020-12-30,0.6736475182695086
2020-12-31,0.6749790351249272
2021-01-04,0.6772428556746106
2021-01-05,0.6797794079212197
2021-01-06,0.6812850901493184
2021-01-07,0.6887994081994622
2021-01-08,0.6908418145455019
2021-01-11,0.6931140980548881
2021-01-12,0.6929763076146158
2021-01-13,0.6915782076882713
2021-01-14,0.6925665576940732
2021-01-15,0.6924613465380377
2021-01-19,0.6978559772367846
2021-01-20,0.6992458613993221
2021-01-21,0.7027119472193757
2021-01-22,0.7012246938156379
2021-01-25,0.7031148238632027
2021-01-26,0.7055795485290502
2021-01-27,0.7127340960743189
2021-01-28,0.7125404775359694
2021-01-29,0.7166114734342908
2021-02-01,0.7161435640044268
2021-02-02,0.7148984003246162
2021-02-03,0.7151838142576256
2021-02-04,0.7165870369913231
2021-02-05,0.7170362513691607
2021-02-08,0.7171273684229282
2021-02-09,0.7181530319523796
2021-02-10,0.7187563123515309
2021-02-11,0.7275752460215537
2021-02-12,0.7265942105764145
2021-02-16,0.7276209776653134
2021-02-17,0.7282206744951513
2021-02-18,0.7293943227587746
2021-02-19,0.7278286962417914
2021-02-22,0.7283234937624085
2021-02-23,0.7340433448355721
2021-02-24,0.7339988035558099
2021-02-25,0.7372929311012223
2021-02-26,0.7399341511379921
2021-03-01,0.7396089484917914
2021-03-02,0.7399299916271928
2021-03-03,0.7412172424625683
2021-03-04,0.7491806533153216
2021-03-05,0.7511212551288686
2021-03-08,0.7583773687117648
2021-03-09,0.7580443423448879
2021-03-10,0.7584808695798583
2021-03-11,0.7581615138409081
2021-03-12,0.7583323530289321
2021-03-15,0.7582936118208972
2021-03-16,0.7587811246449346
2021-03-17,0.7585533390944453
2021-03-18,0.7597925376352667
2021-03-19,0.7600952761016122
2021-03-22,0.7583558361074383
2021-03-23,0.7589095745304837
2021-03-24,0.7610409744809824
2021-03-25,0.7616393971439489
2021-03-26,0.7608031173732955
2021-03-29,0.7608658665856993
2021-03-30,0.7617756919526733
2021-03-31,0.763156203956593
2021-04-01,0.7677434484817495
2021-04-05,0.7714853019139781
2021-04-06,0.7722751039984033
2021-04-07,0.7724250956208862
2021-04-08,0.7723184797435334
2021-04-09,0.7719517459872115
2021-04-12,0.7683169881180728
2021-04-13,0.7671059676096689
2021-04-14,0.7672292958200081
2021-04-15,0.768130582297735
2021-04-16,0.7670738271980249
2021-04-19,0.7686794078847717
2021-04-20,0.7691011026105147
2021-04-21,0.7687544722271862
2021-04-22,0.7704036382053538
2021-04-23,0.7705931255547105
2021-04-26,0.7727676602256703
2021-04-27,0.7737622792044555
2021-04-28,0.7727019194414148
2021-04-29,0.7720760489482342
2021-04-30,0.7709214620786372
2021-05-03,0.7710580803698381
2021-05-04,0.771729235734081
2021-05-05,0.7721190780294376
2021-05-06,0.7721933096490132
2021-05-07,0.7712602215091671
2021-05-10,0.7705014058207286
2021-05-11,0.7718038858751872
2021-05-12,0.7749664913325574
2021-05-13,0.7745688949976743
2021-05-14,0.7723618004739858
2021-05-17,0.7717984851559976
2021-05-18,0.770164503552668
2021-05-19,0.770360132507901
2021-05-20,0.7700766367918751
2021-05-21,0.7694494299356623
2021-05-24,0.7670430620469129
2021-05-25,0.7661595076794036
2021-05-26,0.7649374910281049
2021-05-27,0.7635870316206103
2021-05-28,0.7623351311182367
2021-06-01,0.763459038521345
2021-06-02,0.7631782420186439
2021-06-03,0.7624698519405355
2021-06-04,0.7626681693014942
2021-06-07,0.7620572393158296
2021-06-08,0.7621412239883294
2021-06-09,0.7614472609000648
2021-06-10,0.7605945555745216
2021-06-11,0.7596292353324132
2021-06-14,0.7595131351878875
2021-06-15,0.7590374112095939
2021-06-16,0.7581258961634184
2021-06-17,0.7573930929774002
2021-06-18,0.7583026425632392
2021-06-21,0.7574100842093708
2021-06-22,0.757865585071182
2021-06-23,0.7576172624274405
2021-06-24,0.756306846105607
2021-06-25,0.7554106456041608
2021-06-28,0.7548697371237688
2021-06-29,0.7554394333466614
2021-06-30,0.7540934531785839
2021-07-01,0.7527745373187504
2021-07-02,0.751949026452501
2021-07-06,0.7524038362232733
2021-07-07,0.751762599641995
2021-07-08,0.7530990094900604
2021-07-09,0.7543021197623948
2021-07-12,0.7549596699740632
2021-07-13,0.7540739123728807
2021-07-14,0.7522064061713547
2021-07-15,0.7541851537221164
2021-07-16,0.7542586997890142
2021-07-19,0.7548802681471207
2021-07-20,0.7530095811903235
2021-07-21,0.7533663963227838
2021-07-22,0.7530974534127403
2021-07-23,0.7515902205304795
2021-07-26,0.747612744512811
2021-07-27,0.744851592105002
2021-07-28,0.7429270780897044
2021-07-29,0.7415894231817569
2021-07-30,0.7435284246319266
2021-08-02,0.7435866932202804
2021-08-03,0.7441000389257434
2021-08-04,0.7438047427869291
2021-08-05,0.744768692900498
2021-08-06,0.7432917156517521
2021-08-09,0.7418350660428313
2021-08-10,0.7385106363158368
2021-08-11,0.7380248722584186
2021-08-12,0.7370983207717409
2021-08-13,0.7357904109743615
2021-08-16,0.7355785750044349
2021-08-17,0.736816195553133
2021-08-18,0.7376709913499289
2021-08-19,0.7409857753102849
2021-08-20,0.7411696897019052
2021-08-23,0.7408168646964578
2021-08-24,0.7400812234936317
2021-08-25,0.7431729584840859
2021-08-26,0.7425647208035155
2021-08-27,0.7423058156996486
2021-08-30,0.7437381396571396
2021-08-31,0.7429288586274911
2021-09-01,0.7429669359662976
2021-09-02,0.7418989115618858
2021-09-03,0.7430525251542589
2021-09-07,0.7432087789304993
2021-09-08,0.7422271078139983
2021-09-09,0.7414757408309713
2021-09-10,0.7419907672787315
2021-09-13,0.7390536743509979
2021-09-14,0.7389244964050599
2021-09-15,0.7348524703251461
2021-09-16,0.733055476588086
2021-09-17,0.7367912841480055
2021-09-20,0.7373798577952108
2021-09-21,0.7367098704380489
2021-09-22,0.735814054001042
2021-09-23,0.7357756122573118
2021-09-24,0.7337147857378025
2021-09-27,0.7358144660496125
2021-09-28,0.7331019058505858
2021-09-29,0.73369048507648
2021-09-30,0.7353177682989298
2021-10-01,0.7351522876203022
2021-10-04,0.7355305154572419
2021-10-05,0.733921058661212
2021-10-06,0.732237126396772
2021-10-07,0.7335447219189628
2021-10-08,0.7333924004771375
2021-10-11,0.7331632621090427
2021-10-12,0.7292984673720739
2021-10-13,0.7274368057940876
2021-10-14,0.725600606127111
2021-10-15,0.7234411073472177
2021-10-18,0.7228381985254738
2021-10-19,0.7212053201786128
2021-10-20,0.7189198558316169
2021-10-21,0.7171508702675853
2021-10-22,0.713219940451664
2021-10-25,0.7131157263352488
2021-10-26,0.7120471450637686
2021-10-27,0.710611153540797
2021-10-28,0.7088924243598672
2021-10-29,0.7078593369176587
2021-11-01,0.7065978974331999
2021-11-02,0.7075872568162204
2021-11-03,0.7077127255402256
2021-11-04,0.7049781500598661
2021-11-05,0.7041330339735965
2021-11-08,0.7050344429638302
2021-11-09,0.7061614427897974
2021-11-10,0.7058724166282795
2021-11-11,0.7064605669700416
2021-11-12,0.7064978678380108
2021-11-15,0.7059271779034862
2021-11-16,0.7047695218813732
2021-11-17,0.7036247549694299
2021-11-18,0.7025849525162404
2021-11-19,0.7034330515895739
2021-11-22,0.7030094422994413
2021-11-23,0.7010416988440962
2021-11-24,0.6991815091939481
2021-11-26,0.6987165486966311
2021-11-29,0.6976900728554644
2021-11-30,0.6965425686549714
2021-12-01,0.6989295809737684
2021-12-02,0.699540825278046
2021-12-03,0.6993802008537503
2021-12-06,0.6994551121239945
2021-12-07,0.6972313474129014
2021-12-08,0.695706198755706
2021-12-09,0.6952539523189813
2021-12-10,0.6946823690910873
2021-12-13,0.6951201399621588
2021-12-14,0.6929903754994052
2021-12-15,0.6912644103066728
2021-12-16,0.6894373633919378
2021-12-17,0.6899519654519739
2021-12-20,0.6889536302090281
2021-12-21,0.6870439688303621
2021-12-22,0.6872400770429984
2021-12-23,0.6872351573036867
2021-12-27,0.6874361280478317
2021-12-28,0.6859584123268961
2021-12-29,0.6847618046085842
2021-12-30,0.6830026438937518
2021-12-31,0.6841957947391482
2022-01-03,0.6869931011462848
2022-01-04,0.6914124868359962
2022-01-05,0.6906141295951228
2022-01-06,0.69007402563092
2022-01-07,0.6913951417966067
2022-01-10,0.6904925077940288
2022-01-11,0.6900064618294115
2022-01-12,0.6916585118487452
2022-01-13,0.6979154836496435
2022-01-14,0.6996187644347042
2022-01-18,0.7015400031502572
2022-01-19,0.7034391456078718
2022-01-20,0.7083570840416358
2022-01-21,0.710925487919508
2022-01-24,0.7115676194176944
2022-01-25,0.7126264977038457
2022-01-26,0.7117434240028084
2022-01-27,0.7132527022822401
2022-01-28,0.7134123344065114
2022-01-31,0.7134275549951138
2022-02-01,0.7119921835219739
2022-02-02,0.710988307867876
2022-02-03,0.7100541103269149
2022-02-04,0.7093607942454189
2022-02-07,0.7079558024586864
2022-02-08,0.7075832933492123
2022-02-09,0.7071388883047376
2022-02-10,0.7064049335627262
2022-02-11,0.7072543579231224
2022-02-14,0.7077129389706137
2022-02-15,0.7082410604157237
2022-02-16,0.7074452207096744
2022-02-17,0.7066496529921136
2022-02-18,0.7059693443394985
2022-02-22,0.708244237512209
2022-02-23,0.710692641445926
2022-02-24,0.7116494548136141
2022-02-25,0.7134313403165048
2022-02-28,0.7139506599108285
2022-03-01,0.7141743621531148
2022-03-02,0.7142153988278932
2022-03-03,0.7141975801148186
2022-03-04,0.7129770714050495
2022-03-07,0.7157259797284649
2022-03-08,0.7179023490190094
2022-03-09,0.7185743016967671
2022-03-10,0.7184667854262837
2022-03-11,0.7182162370010692
2022-03-14,0.7183271861298175
2022-03-15,0.7185028904799426
2022-03-16,0.71960924246305
2022-03-17,0.7182969067466127
2022-03-18,0.7182507142514388
2022-03-21,0.7165990700221958
2022-03-22,0.7154671956144338
2022-03-23,0.7135831172889936
2022-03-24,0.7137322862982308
2022-03-25,0.715081879109528
2022-03-28,0.7151923920630519
2022-03-29,0.7134178992629626
2022-03-30,0.7135948452643385
2022-03-31,0.7140343303078308
2022-04-01,0.7141171753255268
2022-04-04,0.7138219875447948
2022-04-05,0.7152348854478359
2022-04-06,0.7145097784230191
2022-04-07,0.7162924549610995
2022-04-08,0.7151687479518184
2022-04-11,0.7178264004561717
2022-04-12,0.718036967930084
2022-04-13,0.7195247070119639
2022-04-14,0.7190488217833095
2022-04-18,0.7185318965639328
2022-04-19,0.7188248253312635
2022-04-20,0.7183537138385956
2022-04-21,0.7175172302874275
2022-04-22,0.7175937565987958
2022-04-25,0.7163800507283108
2022-04-26,0.7170259955500188
2022-04-27,0.7171056785803086
2022-04-28,0.7175672800133679
2022-04-29,0.7179938246671912
2022-05-02,0.7175081615936008
2022-05-03,0.7164655373611892
2022-05-04,0.7123572423336454
2022-05-05,0.7120173132468304
2022-05-06,0.710654557072406
2022-05-09,0.7121032565267634
2022-05-10,0.7116207027599064
2022-05-11,0.7130754181482903
2022-05-12,0.7137349602123408
2022-05-13,0.7138151517259782
2022-05-16,0.7138887911243363
2022-05-17,0.7144089946086605
2022-05-18,0.7152080858160424
2022-05-19,0.7156135154681784
2022-05-20,0.7169304223831942
2022-05-23,0.7168209927423456
2022-05-24,0.7146716244724096
2022-05-25,0.7146913840466083
2022-05-26,0.7141126817319705
2022-05-27,0.7111531094695092
2022-05-31,0.7108369101084583
2022-06-01,0.709502361483815
2022-06-02,0.7107015151342092
2022-06-03,0.7095139848055735
2022-06-06,0.7095465602775326
2022-06-07,0.7096270208671365
2022-06-08,0.7113595027953021
2022-06-09,0.7099893348105336
2022-06-10,0.7103100912831509
2022-06-13,0.7125403990582568
2022-06-14,0.7129223611119236
2022-06-15,0.7124799352963371
2022-06-16,0.7115387272276477
2022-06-17,0.7108816091233593
2022-06-21,0.7096124401336155
2022-06-22,0.7103704521832166
2022-06-23,0.7095049736362101
2022-06-24,0.7085053814945238
2022-06-27,0.7069154452343732
2022-06-28,0.7041924315379604
2022-06-29,0.7026184398638904
2022-06-30,0.7014740679668467
2022-07-01,0.7036079072641223
2022-07-05,0.7014712068811348
2022-07-06,0.702978140490035
2022-07-07,0.7031001380720894
2022-07-08,0.7054201647176184
2022-07-11,0.7054195069914644
2022-07-12,0.7056408658086138
2022-07-13,0.7042409177027299
2022-07-14,0.7007137126891388
2022-07-15,0.7003823727755998
2022-07-18,0.7001737610512029
2022-07-19,0.7020314687218091
2022-07-20,0.7016221877639545
2022-07-21,0.7015539973268456
2022-07-22,0.6994792354316705
2022-07-25,0.7006755061652243
2022-07-26,0.6999194725605782
2022-07-27,0.6995818156807927
2022-07-28,0.6990538970854
2022-07-29,0.6998932825500247
2022-08-01,0.6990755718353125
2022-08-02,0.6987264562985341
2022-08-03,0.6983262758302002
2022-08-04,0.6982009368511314
2022-08-05,0.6969310342367915
2022-08-08,0.6962112301467662
2022-08-09,0.6969551468204981
2022-08-10,0.6970490391685291
2022-08-11,0.6974631061745747
2022-08-12,0.6964791877095672
2022-08-15,0.6962120042444548
2022-08-16,0.6959420428631496
2022-08-17,0.697542218518663
2022-08-18,0.6966570737129443
2022-08-19,0.6957715551855621
2022-08-22,0.6944272587460676
2022-08-23,0.6916530548009988
2022-08-24,0.6902269940704526
2022-08-25,0.6884248239614059
2022-08-26,0.6895253950843936
2022-08-29,0.6896253566714191
2022-08-30,0.6900196165561573
2022-08-31,0.6899385999621384
2022-09-01,0.6887047603403796
2022-09-02,0.6876656292491895
2022-09-06,0.6860739178518309
2022-09-07,0.6843295109585176
2022-09-08,0.6866256253604631
2022-09-09,0.6865334200434444
2022-09-12,0.6863087004408847
2022-09-13,0.6862684739366538
2022-09-14,0.6855577315691941
2022-09-15,0.6847490184840658
2022-09-16,0.6843440671356139
2022-09-19,0.683624604306725
2022-09-20,0.6823761001845405
2022-09-21,0.6794382459362374
2022-09-22,0.6780301459221626
2022-09-23,0.6768421149768233
2022-09-26,0.6777762230540545
2022-09-27,0.6774338252182966
2022-09-28,0.6761335677736167
2022-09-29,0.6760215587612901
2022-09-30,0.67703061499358
2022-10-03,0.6762083896806801
2022-10-04,0.6742535846752105
2022-10-05,0.6733407887259869
2022-10-06,0.6726504382968563
2022-10-07,0.6726395999797331
2022-10-10,0.6723331106177959
2022-10-11,0.6742776468059242
2022-10-12,0.6732698383552144
2022-10-13,0.6720140126945482
2022-10-14,0.67050008920621
2022-10-17,0.6673473277977855
2022-10-18,0.6681514077151359
2022-10-19,0.6694297244503039
2022-10-20,0.6694222096565562
2022-10-21,0.6701052155585219
2022-10-24,0.6663866204928018
2022-10-25,0.664113333405929
2022-10-26,0.6632386698268586
2022-10-27,0.6625214280481658
2022-10-28,0.6610316798652317
2022-10-31,0.6606852698897957
2022-11-01,0.661851109573596
2022-11-02,0.6610003281957227
2022-11-03,0.661710357177772
2022-11-04,0.6608791012481366
2022-11-07,0.6597258790500274
2022-11-08,0.6577636421565356
2022-11-09,0.6569632631235227
2022-11-10,0.6561616374337221
2022-11-11,0.6584791173600545
2022-11-14,0.6585889965734096
2022-11-15,0.6599047628298222
2022-11-16,0.6581747425692447
2022-11-17,0.6588925354363855
2022-11-18,0.6586027325864604
2022-11-21,0.6597609187164709
2022-11-22,0.6596898361841438
2022-11-23,0.6607965703354942
2022-11-25,0.6611654144589626
2022-11-28,0.6607257475910506
2022-11-29,0.6607662340068023
2022-11-30,0.6611964524134796
2022-12-01,0.6613369005551148
2022-12-02,0.6605972396280281
2022-12-05,0.6604131218429347
2022-12-06,0.6597704742345952
2022-12-07,0.6591973243126427
2022-12-08,0.6599476817252965
2022-12-09,0.6594659148662222
2022-12-12,0.6627216799116116
2022-12-13,0.6650646740580831
2022-12-14,0.6659247810744492
2022-12-15,0.666205891685733
2022-12-16,0.6655115952549675
2022-12-19,0.6646960279298306
2022-12-20,0.6655559003480098
2022-12-21,0.6650643314693006
2022-12-22,0.6664424214132538
2022-12-23,0.6671615251018385
2022-12-27,0.6670338499224966
2022-12-28,0.6664610556509518
2022-12-29,0.6646121317412639
2022-12-30,0.664942246211714
2023-01-03,0.6648801716631313
2023-01-04,0.6648179249291899
2023-01-05,0.665046245222717
2023-01-06,0.6650047088165204
2023-01-09,0.6639865869315292
2023-01-10,0.6665245815494192
2023-01-11,0.6672725440948863
2023-01-12,0.6673634578751332
2023-01-13,0.6683571241116244
2023-01-17,0.6698039513722162
2023-01-18,0.6720142483203525
2023-01-19,0.6700310879849131
2023-01-20,0.6730550580090293
2023-01-23,0.6733858227501494
2023-01-24,0.6726397182904471
2023-01-25,0.6726729022208308
2023-01-26,0.6734336529583538
2023-01-27,0.6727449855048793
2023-01-30,0.6732687763336582
2023-01-31,0.6746863461047594
2023-02-01,0.672803342802117
2023-02-02,0.6725004951784946
2023-02-03,0.6706795860882436
2023-02-06,0.6715975170239137
2023-02-07,0.6708103055221604
2023-02-08,0.6694984528469492
2023-02-09,0.6672208201176729
2023-02-10,0.6664682420637292
2023-02-13,0.6653699367081833
2023-02-14,0.6641144344405542
2023-02-15,0.6655199599166542
2023-02-16,0.6652847523581523
2023-02-17,0.6635147434588817
2023-02-21,0.6621266925109642
2023-02-22,0.6623725588118584
2023-02-23,0.6629665345727696
2023-02-24,0.6634379800711651
2023-02-27,0.6636097066002277
2023-02-28,0.6635458670241144
2023-03-01,0.663866717375195
2023-03-02,0.6637576777111978
2023-03-03,0.6631302571361811
2023-03-06,0.662696625759918
2023-03-07,0.6620654223286965
2023-03-08,0.6612940412332573
2023-03-09,0.6603248101864201
2023-03-10,0.6592259134804779
2023-03-13,0.6583140708462906
2023-03-14,0.6575018971641999
2023-03-15,0.6579144975208552
2023-03-16,0.6577904435219161
2023-03-17,0.6564743448736127
2023-03-20,0.6572983554399412
2023-03-21,0.6575040172823851
2023-03-22,0.6574287957084483
2023-03-23,0.6561600613670704
2023-03-24,0.6539668471949611
2023-03-27,0.649163049260846
2023-03-28,0.6476037629477144
2023-03-29,0.6467556963424402
2023-03-30,0.6464718034974904
2023-03-31,0.6439538272404333
2023-04-03,0.6428906305069264
2023-04-04,0.6430446119400873
2023-04-05,0.6429267491250394
2023-04-06,0.6410681339776204
2023-04-10,0.6403967734486473
2023-04-11,0.6383598195818709
2023-04-12,0.6352854236607578
2023-04-13,0.6323488675980804
2023-04-14,0.6289335276080733
2023-04-17,0.6259004426143706
2023-04-18,0.625171832965958
2023-04-19,0.6240051092280172
2023-04-20,0.6226308167601887
2023-04-21,0.6212091607183133
2023-04-24,0.6204092052548886
2023-04-25,0.6201117012986617
2023-04-26,0.6200233625457162
2023-04-27,0.6188281052262027
2023-04-28,0.6171098642845038
2023-05-01,0.6164625869490428
2023-05-02,0.6141470007900423
2023-05-03,0.6136356582576349
2023-05-04,0.6131884472285352
2023-05-05,0.6109332608574382
2023-05-08,0.6080722897015788
2023-05-09,0.6053115318207247
2023-05-10,0.6058414228634478
2023-05-11,0.6043046345874868
2023-05-12,0.6038721596417771
2023-05-15,0.6034478808298023
2023-05-16,0.6031575833823175
2023-05-17,0.6036129382978543
2023-05-18,0.6028772628465872
2023-05-19,0.6022642884758505
2023-05-22,0.5996216491786002
2023-05-23,0.5981357016133446
2023-05-24,0.5946464680897579
2023-05-25,0.5935555513967748
2023-05-26,0.5927214986922786
2023-05-30,0.5923336815683766
2023-05-31,0.5924438545854851
2023-06-01,0.592767611210287
2023-06-02,0.5920571843952177
2023-06-05,0.5916465954476098
2023-06-06,0.5896324550994068
2023-06-07,0.590783883405236
2023-06-08,0.5917916950408229
2023-06-09,0.5916791518371843
2023-06-12,0.5921092555154062
2023-06-13,0.591672607018114
2023-06-14,0.5920384298580164
2023-06-15,0.5911179886047273
2023-06-16,0.5911533200953345
2023-06-20,0.5906154216253096
2023-06-21,0.589249370260873
2023-06-22,0.5879700219751117
2023-06-23,0.5848492417413881
2023-06-26,0.584905035244908
2023-06-27,0.5836591578283037
2023-06-28,0.582254666844508
2023-06-29,0.581580340872877
2023-06-30,0.5829299269170697
2023-07-03,0.5826829888094411
2023-07-05,0.5829711210880408
2023-07-06,0.5830535418879037
2023-07-07,0.5816836848113708
2023-07-10,0.5823615905373684
2023-07-11,0.5819896639211006
2023-07-12,0.5818896579939062
2023-07-13,0.5816425227009913
2023-07-14,0.5815054965053449
2023-07-17,0.5818404192484048
2023-07-18,0.5818035652069536
2023-07-19,0.5812665357939502
2023-07-20,0.5808342960952936
2023-07-21,0.5801965272536904
2023-07-24,0.5791147049746258
2023-07-25,0.5770374243321492
2023-07-26,0.5772200390578056
2023-07-27,0.577704749346708
2023-07-28,0.5753953918725391
2023-07-31,0.5737453339055856
2023-08-01,0.5733915572345557
2023-08-02,0.5726511885854239
2023-08-03,0.5722947514456982
2023-08-04,0.5731414015837413
2023-08-07,0.5723701005212725
2023-08-08,0.5715766549052669
2023-08-09,0.5718751545000517
2023-08-10,0.572712050776485
2023-08-11,0.5720303926178367
2023-08-14,0.5724549674607186
2023-08-15,0.5722602543960754
2023-08-16,0.5720430274543662
2023-08-17,0.5708368358689854
2023-08-18,0.5714817476935785
2023-08-21,0.5711591869461655
2023-08-22,0.5719606709790579
2023-08-23,0.570518124884974
2023-08-24,0.5700869892971853
2023-08-25,0.5705303236584546
2023-08-28,0.5712309203006621
2023-08-29,0.571294017153334
2023-08-30,0.5711792186991226
2023-08-31,0.569777214566049
2023-09-01,0.5699200928830046
2023-09-05,0.5690317952285691
2023-09-06,0.5683674238656851
2023-09-07,0.5700402214675648
2023-09-08,0.5693989674600924
2023-09-11,0.5701098907346493
2023-09-12,0.5701705262428868
2023-09-13,0.5695774491999019
2023-09-14,0.5701754023121188
2023-09-15,0.5676727994454647
2023-09-18,0.5667606455812447
2023-09-19,0.5668929978397518
2023-09-20,0.5667039338499656
2023-09-21,0.566233536750538
2023-09-22,0.5662106978555564
2023-09-25,0.5663142008330366
2023-09-26,0.566729629284346
2023-09-27,0.5663628937989866
2023-09-28,0.5659002567227658
2023-09-29,0.5646200793057718
2023-10-02,0.5645512067111736
2023-10-03,0.5648891233904915
2023-10-04,0.5656157259079682
2023-10-05,0.5655791708174934
2023-10-06,0.5635723149658277
2023-10-09,0.5609744258505481
2023-10-10,0.5586110548542347
2023-10-11,0.5571485135032069
2023-10-12,0.5562651564077001
2023-10-13,0.556130576122371
2023-10-16,0.5551127405797605
2023-10-17,0.553978590261089
2023-10-18,0.5521221225230409
2023-10-19,0.5513529367373569
2023-10-20,0.5500961201258003
2023-10-23,0.5503661976788736
2023-10-24,0.5518649816231401
2023-10-25,0.5491913581132334
2023-10-26,0.5484159389616717
2023-10-27,0.5486618351034994
2023-10-30,0.5464841410946206
2023-10-31,0.5445810788182233
2023-11-01,0.5437938937897379
2023-11-02,0.5429559933283068
2023-11-03,0.5415860043490267
2023-11-06,0.5393373688804604
2023-11-07,0.5365623641386007
2023-11-08,0.5345257386152079
2023-11-09,0.5346273748462449
2023-11-10,0.5318396313471807
2023-11-13,0.5301201889281488
2023-11-14,0.5299062569689563
2023-11-15,0.5301609434905876
2023-11-16,0.5307429969405971
2023-11-17,0.5312863527855083
2023-11-20,0.5305764629603272
2023-11-21,0.5307533259076687
2023-11-22,0.5312753926182002
2023-11-24,0.5296499828783843
2023-11-27,0.5279883563260777
2023-11-28,0.525538967450265
2023-11-29,0.525506508363589
2023-11-30,0.5240200547405743
2023-12-01,0.5236856458770044
2023-12-04,0.5235379492139081
2023-12-05,0.5245619317873681
2023-12-06,0.5238625819131667
2023-12-07,0.5236856458770044
2023-12-08,0.5234985909344243
2023-12-11,0.5230941170776091
2023-12-12,0.5225880498217524
2023-12-13,0.5232894636759111
2023-12-14,0.5218112090514427
2023-12-15,0.5208722437902448
2023-12-18,0.5195142702655019
2023-12-19,0.5174803653998323
2023-12-20,0.5167131916202684
2023-12-21,0.5156795172602755
2023-12-22,0.5143649467159623
2023-12-26,0.5141708865571907
2023-12-27,0.5137036153295819
2023-12-28,0.5131965153597775
2023-12-29,0.51315610184831
2024-01-02,0.5129614775790129
2024-01-03,0.5114768511619262
2024-01-04,0.5114330596626148
2024-01-05,0.5106365306792195
2024-01-08,0.5097597932202995
2024-01-09,0.5093050627300152
2024-01-10,0.5080682184567039
2024-01-11,0.5082563105949744
2024-01-12,0.5073902418277821
2024-01-16,0.5084622923475514
2024-01-17,0.5078744840198715
2024-01-18,0.5071178135602299
2024-01-19,0.5069476528531459
2024-01-22,0.5065497831135927
2024-01-23,0.5060217420001591
2024-01-24,0.5060432200753605
2024-01-25,0.5048422813911753
2024-01-26,0.5037556682200366
2024-01-29,0.5038100298909212
2024-01-30,0.5025749965392371
2024-01-31,0.5019246243827526
2024-02-01,0.5021496277572817
2024-02-02,0.5019498237953103
2024-02-05,0.5022257867623002
2024-02-06,0.5037027463982809
2024-02-07,0.5040227894914685
2024-02-08,0.5088633946430563
2024-02-09,0.509951191790955
2024-02-12,0.5101719131317108
2024-02-13,0.5100854451120221
2024-02-14,0.507851810314533
2024-02-15,0.5087898417018685
2024-02-16,0.5085962912085416
2024-02-20,0.507050897043482
2024-02-21,0.5070604696708244
2024-02-22,0.5060459713380648
2024-02-23,0.5059301109493864
2024-02-26,0.5053860893818737
2024-02-27,0.5047857861700412
2024-02-28,0.5043711808006759
2024-02-29,0.5046348379287372
2024-03-01,0.504719782464048
2024-03-04,0.5045048099867843
2024-03-05,0.504757638492721
2024-03-06,0.5064970242985355
2024-03-07,0.5064755654716506
2024-03-08,0.5061785004995122
2024-03-11,0.5067433308741893
2024-03-12,0.5070953025330636
2024-03-13,0.5057628191402782
2024-03-14,0.5060915042073454
2024-03-15,0.5053262931481697
2024-03-18,0.5057294221837514
2024-03-19,0.5057585801900516
2024-03-20,0.5045892630493473
2024-03-21,0.5051426310161186
2024-03-22,0.5048986001756424
2024-03-25,0.504428419331531
2024-03-26,0.504955387728877
2024-03-27,0.5050023229543957
2024-03-28,0.5050685949993092
2024-04-01,0.505333138635692
2024-04-02,0.5048046422362623
2024-04-03,0.5048236230488734
2024-04-04,0.5047666888678591
2024-04-05,0.5041575743792668
2024-04-08,0.5034272681554554
2024-04-09,0.5031517919650664
2024-04-10,0.5029140335030808
2024-04-11,0.5039403568840137
2024-04-12,0.5038163001270997
2024-04-15,0.5057285310848193
2024-04-16,0.5063192639049168
2024-04-17,0.5071338723414371
2024-04-18,0.5078221847930229
2024-04-19,0.5077331410809951
2024-04-22,0.5074996080281277
2024-04-23,0.5072144716363918
2024-04-24,0.5082907614429613
2024-04-25,0.5072282130432626
2024-04-26,0.5078591931177863
2024-04-29,0.5090088763144678
2024-04-30,0.509085057062582
2024-05-01,0.5093185871285929
2024-05-02,0.5101679182412189
2024-05-03,0.5101030582631189
2024-05-06,0.5102213786558634
2024-05-07,0.5106102987842667
2024-05-08,0.5091897192133269
2024-05-09,0.5089555526583751
2024-05-10,0.5099504909244442
2024-05-13,0.5095565185455033
2024-05-14,0.5117272194508761
2024-05-15,0.5128992116470078
2024-05-16,0.5131267398264518
2024-05-17,0.5128930679615584
2024-05-20,0.5115447927411845
2024-05-21,0.5123549711839841
2024-05-22,0.5127426492998365
2024-05-23,0.5136670916611947
2024-05-24,0.51359072762213
2024-05-28,0.5151323170151493
2024-05-29,0.5155137232763742
2024-05-30,0.5149366168970827
2024-05-31,0.5151297996281348
2024-06-03,0.514746310466592
2024-06-04,0.5143630309904572
2024-06-05,0.5138218387646336
2024-06-06,0.516002748862124
2024-06-07,0.517409070907653
2024-06-10,0.5185414570678787
2024-06-11,0.518400209627609
2024-06-12,0.5188417453304434
2024-06-13,0.5188417453304434
2024-06-14,0.5184824949216541
2024-06-17,0.5201658530091706
2024-06-18,0.5198651795459358
2024-06-20,0.519804905973901
2024-06-21,0.5211158822229636
2024-06-24,0.5234188751000635
2024-06-25,0.5227062753388799
2024-06-26,0.5225046935771543
2024-06-27,0.5223328722490015
2024-06-28,0.520936661977533
2024-07-01,0.5199349197017563
2024-07-02,0.5192503759238909
2024-07-03,0.518774675569937
2024-07-05,0.5173809673547687
2024-07-08,0.5196248162480941
2024-07-09,0.5192959315034248
2024-07-10,0.5201658530091706
2024-07-11,0.5203225041489571
2024-07-12,0.5204994251716722
2024-07-15,0.5201711938879471
2024-07-16,0.5199866816388111
2024-07-17,0.520649608133536
2024-07-18,0.522067210933637
2024-07-19,0.5242373616552573
2024-07-22,0.5242092592051582
2024-07-23,0.5239247415809002
2024-07-24,0.5250735876701327
2024-07-25,0.5259087820978453
2024-07-26,0.5257403020517772
2024-07-29,0.5258286052739408
2024-07-30,0.5249482392207712
2024-07-31,0.5246329702963518
2024-08-01,0.5248826085242719
2024-08-02,0.5255236797831538
2024-08-05,0.5267859227852678
2024-08-06,0.5263156654429003
2024-08-07,0.5261587517143507
2024-08-08,0.5264967926843289
2024-08-09,0.5290745862786752
2024-08-12,0.5290277393328232
2024-08-13,0.5303592374793425
2024-08-14,0.5302699215433007
2024-08-15,0.5300282744168917
2024-08-16,0.5299373572038915
2024-08-19,0.529678361713614
2024-08-20,0.5290905639322153
2024-08-21,0.5275567415205007
2024-08-22,0.5271400043138439
2024-08-23,0.5277483210879654
2024-08-26,0.5281298675553774
2024-08-27,0.5278112023210932
2024-08-28,0.5275199077736334
2024-08-29,0.5285951521940457
2024-08-30,0.5281243352334223
2024-09-03,0.5282533899480942
2024-09-04,0.529763110688335
2024-09-05,0.5298310842731132
2024-09-06,0.5295740234115254
2024-09-09,0.5291177112947233
2024-09-10,0.5291755941137913
2024-09-11,0.5309690724789415
2024-09-12,0.529831488502575
2024-09-13,0.5297103282637108
2024-09-16,0.5304303386580417
2024-09-17,0.5300888072482217
2024-09-18,0.5301800283860587
2024-09-19,0.5297386097695425
2024-09-20,0.5297386097695425
2024-09-23,0.5296691651045442
2024-09-24,0.5298306764227387
2024-09-25,0.5303494394577755
2024-09-26,0.5286967259598624
2024-09-27,0.5287866659685434
2024-09-30,0.5278790307798398
2024-10-01,0.5288012817813391
2024-10-02,0.5286826811131534
2024-10-03,0.529388955302046
2024-10-04,0.5312688061471577
2024-10-07,0.5312470549907856
2024-10-08,0.5312635590959486
2024-10-09,0.5317069130193526
2024-10-10,0.5307481540832227
2024-10-11,0.5296923510984753
2024-10-14,0.5303513637619044
2024-10-15,0.5295076745063882
2024-10-16,0.5284741794331214
2024-10-17,0.5296131938809555
2024-10-18,0.5307870911118528
2024-10-21,0.5312457763916971
2024-10-22,0.5303524516887322
2024-10-23,0.5308768653898103
2024-10-24,0.5314250177089995
2024-10-25,0.5315816327081291
2024-10-28,0.5319276155138639
2024-10-29,0.5319235672052869
2024-10-30,0.5317122952767391
2024-10-31,0.5322905536347597
2024-11-01,0.53122475986856
2024-11-04,0.5319838641526884
2024-11-05,0.5321026649073786
2024-11-06,0.5322559196693806
2024-11-07,0.531665272332012
2024-11-08,0.5320720142161812
2024-11-11,0.5316865845883098
2024-11-12,0.5306426364509538
2024-11-13,0.5316408349043948
2024-11-14,0.5302237057167491
2024-11-15,0.5302013129770979
2024-11-18,0.5291733597092892
2024-11-19,0.5282910895846192
2024-11-20,0.527428328019268
2024-11-21,0.5278811040205363
2024-11-22,0.5276807061103787
2024-11-25,0.5275166122062286
2024-11-26,0.5280298823069935
2024-11-27,0.5291321408298341
2024-11-29,0.5287821398911544
2024-12-02,0.5281992340052509
2024-12-03,0.5316965451889235
2024-12-04,0.5338294410004987
2024-12-05,0.5348828886540886
2024-12-06,0.5335671308842084
2024-12-09,0.5329789304634844
2024-12-10,0.5340941943676119
2024-12-11,0.5341693218818384
2024-12-12,0.5329083383995882
2024-12-13,0.5325889132628526
2024-12-16,0.532890771954713
2024-12-17,0.5323003690270234
2024-12-18,0.5304961158646722
2024-12-19,0.5330101678721989
2024-12-20,0.5328187861547808
2024-12-23,0.5332604084026569
2024-12-24,0.5336768733229218
2024-12-26,0.5343582945883396
2024-12-27,0.5339975969589824
2024-12-30,0.5338265680651023
2024-12-31,0.5348710354029974
2025-01-02,0.5350430966322552
2025-01-03,0.5351163743749678
2025-01-06,0.5385250485757294
2025-01-07,0.5382675062747962
2025-01-08,0.5391923413366657
2025-01-10,0.5390783468587004
2025-01-13,0.5399014329090406
2025-01-14,0.5396792392601236
2025-01-15,0.53935643656514
2025-01-16,0.5409393426488975
2025-01-17,0.5412807562405016
2025-01-21,0.5407659064883437
2025-01-22,0.5423019945443323
2025-01-23,0.5418378635358777
2025-01-24,0.541988917887198
2025-01-27,0.5541648883424648
2025-01-28,0.5550665445345958
2025-01-29,0.5550730608722962
2025-01-30,0.556586163291132
2025-01-31,0.5560706798513706
2025-02-03,0.5557763105843271
2025-02-04,0.5556222472371398
2025-02-05,0.5556555651280127
2025-02-06,0.554046067484533
2025-02-07,0.5534688512439905
2025-02-10,0.5530681868403448
2025-02-11,0.5522851030769176
2025-02-12,0.5519171459850837
2025-02-13,0.5515820670111073
2025-02-14,0.5504613298868908
2025-02-18,0.5505071578416803
2025-02-19,0.5504960603780384
2025-02-20,0.5517285213965816
2025-02-21,0.5511720759448961
2025-02-24,0.5506546529561098
2025-02-25,0.5526751750976499
2025-02-26,0.5527824956314369
2025-02-27,0.555223502690109
2025-02-28,0.5554209236053468
2025-03-03,0.5570730290966183
2025-03-04,0.5569976060893473
2025-03-05,0.5571462121124532
2025-03-06,0.5562140196686054
2025-03-07,0.5560633665854493
2025-03-10,0.5567361663373492
2025-03-11,0.5572208094775154
2025-03-12,0.5573692684509833
2025-03-13,0.5574422815873603
2025-03-14,0.5574052402510951
2025-03-17,0.5563631427362906
2025-03-18,0.5561415504655473
2025-03-19,0.5562153773113228
2025-03-20,0.5561756894239014
2025-03-21,0.5560279000778796
2025-03-24,0.5555504440114635
2025-03-25,0.5550231869893951
2025-03-26,0.5555486128931013
2025-03-27,0.5560397686041177
2025-03-28,0.5570452319441772
2025-03-31,0.5565679589986868
2025-04-01,0.5568202923789657
2025-04-02,0.557593500733406
2025-04-03,0.557853666280282
2025-04-04,0.5619446602707594
2025-04-07,0.5642169729663232
2025-04-08,0.5658953684156095
2025-04-09,0.5663959642179972
2025-04-10,0.5666921034650872
2025-04-11,0.5666020980467251
2025-04-14,0.5665715895140179
2025-04-15,0.5669711064325839
2025-04-16,0.5667893764046369
2025-04-17,0.5667167457585555
2025-04-21,0.5662816964553316
2025-04-22,0.5664209322002197
2025-04-23,0.566487688585248
2025-04-24,0.5677284054299833
2025-04-25,0.5700869892971853
2025-04-28,0.5702682968343332
2025-04-29,0.5705588396532666
2025-04-30,0.568329931043584
2025-05-01,0.5687587444616603
2025-05-02,0.5706590163537526
2025-05-05,0.5721876259882936
2025-05-06,0.5718167286635726
2025-05-07,0.5719168381836046
2025-05-08,0.5720798992673093
2025-05-09,0.5716446860265445
2025-05-12,0.574137292146678
2025-05-13,0.5757199635495012
2025-05-14,0.5764894868372902
2025-05-15,0.5765253382796866
2025-05-16,0.577749262820348
2025-05-19,0.577749262820348
2025-05-20,0.5782297632149953
2025-05-21,0.5773616064733597
2025-05-22,0.5764179619525662
2025-05-23,0.5771584798915502
2025-05-27,0.5773256703322562
2025-05-28,0.5774100896653939
2025-05-29,0.5765974182718854
2025-05-30,0.5759865541428005
2025-06-02,0.5761900976934321
2025-06-03,0.5749362637127022
2025-06-04,0.5735354630007947
2025-06-05,0.5736623365640697
2025-06-06,0.5741721385896434
2025-06-09,0.5748638304716501
2025-06-10,0.5751788203898508
2025-06-11,0.5759603281904715
2025-06-12,0.5753718868444285
2025-06-13,0.5756104279603191
2025-06-16,0.57582668624026
2025-06-17,0.5768276178318028
2025-06-18,0.5771770577476126
2025-06-20,0.5755288049019046
2025-06-23,0.5752506709878242
2025-06-24,0.5747873994057037
2025-06-25,0.5767054692507965
2025-06-26,0.5760224204386095
2025-06-27,0.5763221806211771
2025-06-30,0.5756869957879687
2025-07-01,0.5759603281904715
2025-07-02,0.5760457776721314
2025-07-03,0.5768380477645921
2025-07-07,0.576910274307766
2025-07-08,0.5774530517022464
2025-07-09,0.5764774207799114
2025-07-10,0.5758407455439388
2025-07-11,0.5748480237740154
2025-07-14,0.5758547198122296
2025-07-15,0.5757357234810764
2025-07-16,0.5757099187178928
2025-07-17,0.5783283292517051
2025-07-18,0.5789421124201267
2025-07-21,0.577749262820348
2025-07-22,0.5779300711166108
2025-07-23,0.5778006476303593
2025-07-24,0.5777667461652132
2025-07-25,0.5775960902258545
2025-07-28,0.5771520745144217
2025-07-29,0.5770568795010563
2025-07-30,0.5773111165763584
2025-07-31,0.5778652581366175
2025-08-01,0.577438659495227
2025-08-04,0.5767663435468862
2025-08-05,0.576669753812285
2025-08-06,0.5749744872679097
2025-08-07,0.5763208560301737
2025-08-08,0.5765255149083877
2025-08-11,0.5768748457475756
2025-08-12,0.5774311790172305
2025-08-13,0.578584723128884
2025-08-14,0.5786348284943348
2025-08-15,0.5773585303316336
2025-08-18,0.5773111165763584
2025-08-19,0.5785367980408275
2025-08-20,0.5795639643229672
2025-08-21,0.5800090778202539
2025-08-22,0.5798838038309185
2025-08-25,0.5802493015554909
2025-08-26,0.580498263766626
2025-08-27,0.579260777698788
2025-08-28,0.5787541358595459
2025-08-29,0.5789372400348626
2025-09-02,0.5781626322410996
2025-09-03,0.5783057456848747
2025-09-04,0.5781382449614824
2025-09-05,0.5783257220204102
2025-09-08,0.5792988888549888
2025-09-09,0.5807475837162058
2025-09-10,0.5842877802233447
2025-09-11,0.5848257395871744
2025-09-12,0.5846400712414417
2025-09-15,0.5839915607336896
2025-09-16,0.5841551377794054
2025-09-17,0.5834150991755686
2025-09-18,0.583521379226722
2025-09-19,0.5845325295015809
2025-09-22,0.5844217059813573
2025-09-23,0.5863020982758861
2025-09-24,0.5859703287709881
2025-09-25,0.5851546252474589
2025-09-26,0.5849105357746001
2025-09-29,0.585094975668958
2025-09-30,0.5848131143342368
2025-10-01,0.5849687393412041
2025-10-02,0.5836219574138456
2025-10-03,0.5841720607573601
2025-10-06,0.5853095630023165
2025-10-07,0.5847501915173583
2025-10-08,0.5849145225674879
2025-10-09,0.5847739995543095
2025-10-10,0.5886591234250743
2025-10-13,0.589665375650584
2025-10-14,0.5891387007209119
2025-10-15,0.5906072643058685
2025-10-16,0.5912419210422898
2025-10-17,0.5909641863222592
2025-10-20,0.5912903961573708
2025-10-21,0.5908247587630258
2025-10-22,0.5914449323908175
2025-10-23,0.5911190413227915
2025-10-24,0.5908510016459787
2025-10-27,0.5917568468923772
2025-10-28,0.5919542318217912
2025-10-29,0.5928588858979006
2025-10-30,0.5929342560402233
2025-10-31,0.5930777273752877
2025-11-03,0.5924126262513614
2025-11-04,0.5919292577133852
2025-11-05,0.5934493462231464
2025-11-06,0.5931767064463966
2025-11-07,0.5944821802412449
2025-11-10,0.5923558395629402
2025-11-11,0.5934617060559835
2025-11-12,0.5937302263532834
2025-11-13,0.5925553051493471
2025-11-14,0.5926156235399898
2025-11-17,0.592691362227333
2025-11-18,0.5905583955715095
2025-11-19,0.5904684568428388
2025-11-20,0.5920601373843447
2025-11-21,0.591955028433602
2025-11-24,0.5915803956656731
2025-11-25,0.5906130474715379
2025-11-26,0.5915381091695093
2025-11-28,0.5908082698834977
2025-12-01,0.5903529869674564
2025-12-02,0.5898042265275625
2025-12-03,0.5895222463948911
2025-12-04,0.5894175334975864
2025-12-05,0.588894025890601
2025-12-08,0.5896983007624539
2025-12-09,0.5900896902523547
2025-12-10,0.5922381452790555
2025-12-11,0.5914569067417826
2025-12-12,0.5912678720400961
2025-12-15,0.5945089187353262
2025-12-16,0.5950265925039003
2025-12-17,0.5979346544961607
2025-12-18,0.5975092495653475
2025-12-19,0.5975747156777264
2025-12-22,0.5972760877226457
2025-12-23,0.599720027287144
2025-12-24,0.5994215216400243
2025-12-26,0.5984716245710588
2025-12-29,0.5976541137719568
2025-12-30,0.5967237566433622
2025-12-31,0.5980780575323648
2026-01-02,0.6017022180095818
2026-01-05,0.6042540685054503
2026-01-06,0.6049277489793317
2026-01-07,0.6043062243931707
2026-01-08,0.6047175182579524
2026-01-09,0.6040868181843287
2026-01-12,0.6046532946634484
2026-01-13,0.6042437850888528
2026-01-14,0.6036309588172872
2026-01-15,0.6064331511485406
2026-01-16,0.6065296839209531
2026-01-20,0.6053952678846393
2026-01-21,0.6063059212919546
2026-01-22,0.60712036335986
2026-01-23,0.6080753189378038
2026-01-26,0.6079401759645655
2026-01-27,0.6078341385457827
2026-01-28,0.6095681789921631
2026-01-29,0.6094744359040265
2026-01-30,0.6094597501306451
2026-02-02,0.6090164704288549
2026-02-03,0.6095789431419972
2026-02-04,0.6092459606662698
2026-02-05,0.6084960330111653
2026-02-06,0.606762165145991
2026-02-09,0.6103645653449242
2026-02-10,0.6125196023578864
2026-02-11,0.6166131781479005
2026-02-12,0.617020718713178
2026-02-13,0.616931911594875
2026-02-17,0.6165883684637539
2026-02-18,0.6174327264946041
2026-02-19,0.6180015610245047
2026-02-20,0.6180872265242158
2026-02-23,0.6185704756001466
2026-02-24,0.6210133533002574
2026-02-25,0.6238139028790765
2026-02-26,0.622658148325529
2026-02-27,0.6216165181173884
2026-03-02,0.6245925915928039
2026-03-03,0.630133597367147
2026-03-04,0.6304250893839721
2026-03-05,0.6307389431702007
2026-03-06,0.6354207295186998
2026-03-09,0.6356167421670518
2026-03-10,0.6353200971969448
2026-03-11,0.6348797329222994
2026-03-12,0.6358063482126884
2026-03-13,0.6360048728640044
2026-03-16,0.6355853603548172
2026-03-17,0.6347920466267262
2026-03-18,0.6347583914536143
2026-03-19,0.6350011573592967
2026-03-20,0.6337808060881657
2026-03-23,0.6332345139090634
2026-03-24,0.6335495201795892
2026-03-25,0.6345704525394648
2026-03-26,0.6367479409781619
2026-03-27,0.6374725727385877
2026-03-30,0.6415378674383381
2026-03-31,0.643205047978221
2026-04-01,0.6444060659250543
2026-04-02,0.6444639795077121
2026-04-06,0.6431810144576889
2026-04-07,0.6429547754754281
2026-04-08,0.6471001930370969
2026-04-09,0.6493503561989507
2026-04-10,0.6510415060100809
2026-04-13,0.6508006315162399
2026-04-14,0.6521538367185713
2026-04-15,0.6524206100608743
2026-04-16,0.6530604525918752
2026-04-17,0.6532523703277483
2026-04-20,0.6547534971365284
2026-04-21,0.6543128011149217
2026-04-22,0.6565688494448569
2026-04-23,0.6575286408922816
2026-04-24,0.6619254762299591
2026-04-27,0.6632621379764355
2026-04-28,0.6630370505433999
2026-04-29,0.6631969574530516
2026-04-30,0.6647579101762578
2026-05-01,0.6646973753329596
2026-05-04,0.6640308122662697
2026-05-05,0.664049979536916
2026-05-06,0.6662001893744286
2026-05-07,0.666541212142601
2026-05-08,0.667087695019838
2026-05-11,0.6672108123096337
2026-05-12,0.6700497785983401
2026-05-13,0.6708592769643725
2026-05-14,0.6709206060138417
2026-05-15,0.6716137983284256
2026-05-18,0.6723849275671901
2026-05-19,0.6727956925092456
2026-05-20,0.6736070633235092
2026-05-21,0.6735901810271774
2026-05-22,0.6724860469709272
2026-05-26,0.672767826590988
2026-05-27,0.674812612788023
2026-05-28,0.676230115559184
2026-05-29,0.6763243740519869
2026-06-01,0.677971925369411
2026-06-02,0.6824112328750251
2026-06-03,0.6815712676251077
2026-06-04,0.6805191316787238
2026-06-05,0.6851358712846182
2026-06-08,0.6850030447591127
2026-06-09,0.6842434357334389
2026-06-10,0.6870256809496784
2026-06-11,0.687167291079312
2026-06-12,0.6864810730031023
2026-06-15,0.6865974700169918
2026-06-16,0.6856271183799442
2026-06-17,0.6836230505319024
2026-06-18,0.6919545141418225
2026-06-22,0.6949823528989029
2026-06-23,0.696790167251406
2026-06-24,0.6974640771442523
2026-06-25,0.6989098451528494
2026-06-26,0.6999044290522429
2026-06-29,0.7034386155351762
2026-06-30,0.7087644695867996
2026-07-01,0.7084213910915264
2026-07-02,0.7109051909133193
2026-07-06,0.7100594948845838
2026-07-07,0.713520719722669
2026-07-08,0.7136440176270811
2026-07-09,0.7137576140055193
2026-07-10,0.7123623891272775
2026-07-13,0.7147898376592203
2026-07-14,0.7153874621623426
2026-07-15,0.7164725630131702
2026-07-16,0.7183319910765765
2026-07-17,0.7204330982426721
2026-07-20,0.7190971094662998
2026-07-21,0.7203476080879118
2026-07-22,0.7203860979213943
2026-07-23,0.7203411618775059
2026-07-24,0.7211798423475999
2026-07-27,0.7226880785693384
2026-07-28,0.7242254053180398
2026-07-29,0.7276454782132633
2026-07-30,0.7281805471781336
2026-07-31,0.7295863439909841
2026-08-03,0.729738429585256
2026-08-04,0.7320506176836331
2026-08-05,0.7311412677212549
2026-08-06,0.7322767240968714
2026-08-07,0.7333912694398491
2026-08-10,0.7336904295355937
2026-08-11,0.7338695669157801
2026-08-12,0.7339003543440918
2026-08-13,0.734663489507243
2026-08-14,0.7342982695263331
2026-08-17,0.733710859657917
2026-08-18,0.7338735729458454
2026-08-19,0.7314084286376459
2026-08-20,0.7307491344275017
2026-08-21,0.7299006994747425
2026-08-24,0.7295986621253593
2026-08-25,0.7274334011923861
2026-08-26,0.7281125969539942
2026-08-27,0.7282265546439194
2026-08-28,0.7279311583264896
2026-08-31,0.7279376137338665
2026-09-01,0.728110384963875
2026-09-02,0.7279354605252545
2026-09-03,0.7278597921711769
2026-09-04,0.7279290093335826
2026-09-08,0.7300358962416997
2026-09-09,0.7307785280539394
2026-09-10,0.7311857822531481
2026-09-11,0.731410363735532
2026-09-14,0.7311682638980437
2026-09-15,0.7306923863072512
2026-09-16,0.7315216400107702
2026-09-17,0.7314513032362654
2026-09-18,0.7302580563863387
2026-09-21,0.7337653074093159
2026-09-22,0.7365289672456952
2026-09-23,0.7366753633131219
2026-09-24,0.736212364317716
2026-09-25,0.7361142682793017
2026-09-28,0.7347269550128223
2026-09-29,0.732193906113733
2026-09-30,0.7321999892742272
