date,value
1995-02-22,0.900462573059093
1995-02-23,0.9015941639182664
1995-02-24,0.901387053322266
1995-02-27,0.8999968577833208
1995-02-28,0.9005306478755318
1995-03-01,0.8984828297303705
1995-03-02,0.8964148700821143
1995-03-03,0.8945706943293892
1995-03-06,0.8934180578921176
1995-03-07,0.8951849338876052
1995-03-08,0.8945221955664846
1995-03-09,0.8931353489702671
1995-03-10,0.893652846064221
1995-03-13,0.8925322244858791
1995-03-14,0.8909200879563415
1995-03-15,0.8897182138434022
1995-03-16,0.8886258193713621
1995-03-17,0.887962311623809
1995-03-20,0.9066189364874624
1995-03-21,0.9368474338879944
1995-03-22,0.9376453580579672
1995-03-23,0.9413414877044984
1995-03-24,0.9413636953697248
1995-03-27,0.9415548476695256
1995-03-28,0.9396497415396136
1995-03-29,0.9395384652815602
1995-03-30,0.9413428546002166
1995-03-31,0.9440869584015208
1995-04-03,0.9421415265987624
1995-04-04,0.9450191805991772
1995-04-05,0.945042618642046
1995-04-06,0.9458620993830988
1995-04-07,0.9474474156308242
1995-04-10,0.96307999638707
1995-04-11,0.9670395981106444
1995-04-12,0.9682528275089008
1995-04-13,0.9930380967240204
1995-04-17,0.993398623611296
1995-04-18,0.9949810503898032
1995-04-19,1.0015715902953417
1995-04-20,1.002486341636302
1995-04-21,1.0040695333983458
1995-04-24,1.0026790464035569
1995-04-25,1.00601839894638
1995-04-26,1.0063113797064407
1995-04-27,1.0073634334334034
1995-04-28,1.005820721143333
1995-05-01,1.0054050598274769
1995-05-02,1.0066416427218314
1995-05-03,1.0053891405798474
1995-05-04,1.0025981147779754
1995-05-05,1.000651393516959
1995-05-08,1.0004558614408323
1995-05-09,1.0009542861469465
1995-05-10,0.9997735954532312
1995-05-11,0.9977940759979
1995-05-12,0.9974425679301308
1995-05-15,0.999409997367562
1995-05-16,0.998589008419359
1995-05-17,1.0000937363667264
1995-05-18,0.9986157635298876
1995-05-19,1.050826711817212
1995-05-22,1.0531142628135897
1995-05-23,1.0490305926741494
1995-05-24,1.0513344494719612
1995-05-25,1.0508742710221728
1995-05-26,1.0513974934177437
1995-05-30,1.1106701185671568
1995-05-31,1.1095468327551008
1995-06-01,1.110116234347423
1995-06-02,1.110436903557825
1995-06-05,1.1140702380201717
1995-06-06,1.1144822763307898
1995-06-07,1.1148181283850458
1995-06-08,1.1131594150386788
1995-06-09,1.1102969835816212
1995-06-12,1.1164151778954476
1995-06-13,1.116805033190035
1995-06-14,1.116538920487255
1995-06-15,1.1159288313765257
1995-06-16,1.114306324700137
1995-06-19,1.1110381266546083
1995-06-20,1.1687308092182436
1995-06-21,1.1669733074167132
1995-06-22,1.1942131232565258
1995-06-23,1.229518608651057
1995-06-26,1.2288582134468566
1995-06-27,1.2379462162566888
1995-06-28,1.2472734120547495
1995-06-29,1.2474625877388503
1995-06-30,1.24768524518241
1995-07-03,1.2441706369128598
1995-07-05,1.244693682878045
1995-07-06,1.2446811238415054
1995-07-07,1.24301037418189
1995-07-10,1.241692347955481
1995-07-11,1.2403409792385436
1995-07-12,1.2353706247613738
1995-07-13,1.3019711283284032
1995-07-14,1.3070565412351518
1995-07-17,1.3076085054324351
1995-07-18,1.306711298012833
1995-07-19,1.3064570949572154
1995-07-20,1.3759718406323227
1995-07-21,1.3793400459715173
1995-07-24,1.3809593714636483
1995-07-25,1.3799004105184702
1995-07-26,1.3794596906917085
1995-07-27,1.3960758251991807
1995-07-28,1.4351776086121133
1995-07-31,1.4359762937357914
1995-08-01,1.4408083631280746
1995-08-02,1.4421323479344397
1995-08-03,1.4410523239034163
1995-08-04,1.4377177005596928
1995-08-07,1.4429314081368767
1995-08-08,1.4410391803721545
1995-08-09,1.4512641492905751
1995-08-10,1.492920980822517
1995-08-11,1.5015005446416376
1995-08-14,1.5028901208982983
1995-08-15,1.5029663168846827
1995-08-16,1.571125734675938
1995-08-17,1.567181656410807
1995-08-18,1.564660913123461
1995-08-21,1.563660454450505
1995-08-22,1.5614333093972024
1995-08-23,1.5593718669380598
1995-08-24,1.5587841590535936
1995-08-25,1.5579123220819169
1995-08-28,1.5604634164107858
1995-08-29,1.5628995550921083
1995-08-30,1.5581621862760666
1995-08-31,1.6098940772255732
1995-09-01,1.6136222224786785
1995-09-05,1.6113035087598262
1995-09-06,1.6964101019205189
1995-09-07,1.7461060877082657
1995-09-08,1.7572733838625136
1995-09-11,1.8058201019469344
1995-09-12,1.8015408026548216
1995-09-13,1.7963946166807847
1995-09-14,1.801611039036268
1995-09-15,1.8681884233794
1995-09-18,1.8694437979717256
1995-09-19,1.8679225700714608
1995-09-20,1.8671924589541609
1995-09-21,1.8711145928289912
1995-09-22,1.872185374047318
1995-09-25,1.865129511102133
1995-09-26,1.9319248077433977
1995-09-27,1.925797258967666
1995-09-28,1.9208657975421604
1995-09-29,1.9175859747765205
1995-10-02,1.9199137875766217
1995-10-03,1.9159832805988448
1995-10-04,1.9916017035745552
1995-10-05,1.991216353659592
1995-10-06,1.990053627894432
1995-10-09,2.0366075737730065
1995-10-10,2.0525120485091493
1995-10-11,2.049722009200552
1995-10-12,2.046997236736772
1995-10-13,2.040396232717373
1995-10-16,2.0358877879109336
1995-10-17,2.0312579913695705
1995-10-18,2.0244182478222714
1995-10-19,2.0175162285220822
1995-10-20,2.010089189526012
1995-10-23,2.002502160411408
1995-10-24,1.9975715369441267
1995-10-25,1.990982475603644
1995-10-26,1.987638948731221
1995-10-27,1.984456363994948
1995-10-30,1.979832706175086
1995-10-31,1.9738296950547447
1995-11-01,1.9763818963065545
1995-11-02,2.009510586820027
1995-11-03,2.007832298745142
1995-11-06,2.034797123655286
1995-11-07,2.034339989143061
1995-11-08,2.0324823827303446
1995-11-09,2.028997191303599
1995-11-10,2.0251312249032
1995-11-13,2.0220872842439888
1995-11-14,2.0864218333049287
1995-11-15,2.0835986062869023
1995-11-16,2.078891621531317
1995-11-17,2.0748276212435046
1995-11-20,2.068696412608238
1995-11-21,2.1210320364130872
1995-11-22,2.1210741645886784
1995-11-24,2.11548929512136
1995-11-27,2.109539760625536
1995-11-28,2.114453734856172
1995-11-29,2.1153330936277417
1995-11-30,2.1154444381324784
1995-12-01,2.115405864369692
1995-12-04,2.1109317780153547
1995-12-05,2.10975335494407
1995-12-06,2.107385426459959
1995-12-07,2.102453588987408
1995-12-08,2.0994795288566017
1995-12-11,2.129287460975892
1995-12-12,2.1252518555352387
1995-12-13,2.128610022578156
1995-12-14,2.135299647609124
1995-12-15,2.1334384285331134
1995-12-18,2.1850155061417635
1995-12-19,2.180607106917193
1995-12-20,2.175251207710121
1995-12-21,2.1673257831637383
1995-12-22,2.1594657502972616
1995-12-26,2.1515523410484176
1995-12-27,2.14437882994904
1995-12-28,2.135910846716514
1995-12-29,2.1559772116271976
1996-01-02,2.157140880481296
1996-01-03,2.157888899447628
1996-01-04,2.158048418151556
1996-01-05,2.158425140653333
1996-01-08,2.1560403247175746
1996-01-09,2.1490705365737868
1996-01-10,2.145721108319657
1996-01-11,2.140710596898612
1996-01-12,2.13247831246684
1996-01-15,2.123641057052508
1996-01-16,2.1199984118853874
1996-01-17,2.112876101261358
1996-01-18,2.105143029558572
1996-01-19,2.097063663307265
1996-01-22,2.089833510228005
1996-01-23,2.088120499384208
1996-01-24,2.129527980062816
1996-01-25,2.1458574289220067
1996-01-26,2.1410264950123348
1996-01-29,2.1377002017818056
1996-01-30,2.138407810698452
1996-01-31,2.135737428996168
1996-02-01,2.137865766513249
1996-02-02,2.1341455297935594
1996-02-05,2.129532170603541
1996-02-06,2.1222803287539027
1996-02-07,2.116912783501829
1996-02-08,2.111115519967893
1996-02-09,2.104616170282468
1996-02-12,2.0974785331427435
1996-02-13,2.090051516451969
1996-02-14,2.085836416771423
1996-02-15,2.0811213715513746
1996-02-16,2.087136261994781
1996-02-20,2.0908254382124776
1996-02-21,2.090607071289117
1996-02-22,2.087984096371414
1996-02-23,2.081983184414167
1996-02-26,2.0758899641504414
1996-02-27,2.100232329020896
1996-02-28,2.1311916094624848
1996-02-29,2.130729562338333
1996-03-01,2.12720984114042
1996-03-04,2.1205863418213675
1996-03-05,2.122969972531408
1996-03-06,2.115922061155335
1996-03-07,2.1110049634357333
1996-03-08,2.1036823591738143
1996-03-11,2.105554892387452
1996-03-12,2.100698928569136
1996-03-13,2.0953334052297925
1996-03-14,2.092734354630508
1996-03-15,2.086783312952931
1996-03-18,2.0876347187161475
1996-03-19,2.083399513212319
1996-03-20,2.091052550070452
1996-03-21,2.0937079520705906
1996-03-22,2.0927570885426787
1996-03-25,2.0854155725880985
1996-03-26,2.08231270863146
1996-03-27,2.097685984364107
1996-03-28,2.09660633134327
1996-03-29,2.096106369310248
1996-04-01,2.085525241421168
1996-04-02,2.0920063557097888
1996-04-03,2.0877319867255286
1996-04-04,2.0831828773884493
1996-04-08,2.078810270104463
1996-04-09,2.074060620329448
1996-04-10,2.0704808333487814
1996-04-11,2.0644544479564817
1996-04-12,2.052934993095784
1996-04-15,2.0470804996212
1996-04-16,2.0370803028940383
1996-04-17,2.0303184032194523
1996-04-18,2.0272098184391365
1996-04-19,2.0204765424878297
1996-04-22,2.0145230487735684
1996-04-23,2.0228860374304274
1996-04-24,2.0288105436828525
1996-04-25,2.0270962658507297
1996-04-26,2.0501400658116404
1996-04-29,2.050465563668212
1996-04-30,2.0475398842746286
1996-05-01,2.0416537173458846
1996-05-02,2.033951575279764
1996-05-03,2.025885879220589
1996-05-06,2.007354675885772
1996-05-07,2.002605451931958
1996-05-08,2.001176376056612
1996-05-09,2.0122644450238925
1996-05-10,2.0147218853408315
1996-05-13,2.013450260542926
1996-05-14,2.009298051522932
1996-05-15,2.0034294841280924
1996-05-16,1.9997757049066145
1996-05-17,1.9762148320364168
1996-05-20,1.9697651155688407
1996-05-21,1.9680398483491408
1996-05-22,1.9600331906628847
1996-05-23,1.9531994212392887
1996-05-24,1.9465547994240933
1996-05-28,1.9476839862392097
1996-05-29,1.941850314084102
1996-05-30,1.9342951846068293
1996-05-31,1.926239011619102
1996-06-03,1.9190861333609124
1996-06-04,1.9108536981688071
1996-06-05,1.905468959947881
1996-06-06,1.9034714860469315
1996-06-07,1.899222294055687
1996-06-10,1.8968836710983497
1996-06-11,1.8909594664615923
1996-06-12,1.88355032711952
1996-06-13,1.8830684717535808
1996-06-14,1.8692813054219992
1996-06-17,1.8583084235453529
1996-06-18,1.847260831269281
1996-06-19,1.838987175513056
1996-06-20,1.831428691268204
1996-06-21,1.824976508123256
1996-06-24,1.815386140170268
1996-06-25,1.8074489565043173
1996-06-26,1.799154950296776
1996-06-27,1.7920173627953428
1996-06-28,1.786797755854068
1996-07-01,1.7804026132182147
1996-07-02,1.7718295781893505
1996-07-03,1.764444743806816
1996-07-05,1.7559120062738829
1996-07-08,1.7464726924813427
1996-07-09,1.741340867953221
1996-07-10,1.735198579558214
1996-07-11,1.7301428088504098
1996-07-12,1.7247123697773654
1996-07-15,1.7176320826995584
1996-07-16,1.710336065670932
1996-07-17,1.7038912242984598
1996-07-18,1.700966475973811
1996-07-19,1.6947126105924804
1996-07-22,1.675563584379184
1996-07-23,1.6682264276485836
1996-07-24,1.6649060431171
1996-07-25,1.6593508266438224
1996-07-26,1.653018696460659
1996-07-29,1.6459174753705428
1996-07-30,1.639403648629948
1996-07-31,1.6417641711009852
1996-08-01,1.6396326015995752
1996-08-02,1.6261439934798514
1996-08-05,1.62427569348791
1996-08-06,1.6215161455272584
1996-08-07,1.6539905907862795
1996-08-08,1.6512803109345882
1996-08-09,1.6460188706222
1996-08-12,1.6459529530125458
1996-08-13,1.6422086634457755
1996-08-14,1.6397910497949402
1996-08-15,1.6386347957350598
1996-08-16,1.6331902803484326
1996-08-19,1.6148029777454902
1996-08-20,1.6092994036826451
1996-08-21,1.603243695142854
1996-08-22,1.5960772762244788
1996-08-23,1.5896569410553665
1996-08-26,1.578741471031652
1996-08-27,1.572533810415497
1996-08-28,1.5653240472771497
1996-08-29,1.5569247133223931
1996-08-30,1.5499166606725248
1996-09-03,1.5322664752453952
1996-09-04,1.5239704690107063
1996-09-05,1.5154687475671509
1996-09-06,1.5090156588197372
1996-09-09,1.5027299038148054
1996-09-10,1.5018307640137656
1996-09-11,1.497755206365406
1996-09-12,1.4935662727688823
1996-09-13,1.48920430906485
1996-09-16,1.4840002539356918
1996-09-17,1.4774763119877763
1996-09-18,1.470752243963542
1996-09-19,1.4645379577830446
1996-09-20,1.456962621175563
1996-09-23,1.4513833254143185
1996-09-24,1.4435942793888203
1996-09-25,1.4367527831984548
1996-09-26,1.4299280274732349
1996-09-27,1.4234720973913018
1996-09-30,1.4173906933975886
1996-10-01,1.4103378775547102
1996-10-02,1.4039981957064624
1996-10-03,1.3984592268245992
1996-10-04,1.393188739150219
1996-10-07,1.3888868726188566
1996-10-08,1.3871869574405424
1996-10-09,1.3863526636506989
1996-10-10,1.381304409337047
1996-10-11,1.3744301529655725
1996-10-14,1.3668659151737743
1996-10-15,1.3610379926715186
1996-10-16,1.3563820463809453
1996-10-17,1.3574463422627752
1996-10-18,1.3548372903828942
1996-10-21,1.3504581489298748
1996-10-22,1.3498959813297513
1996-10-23,1.346838616392014
1996-10-24,1.3422874076983755
1996-10-25,1.3530848883322406
1996-10-28,1.3512932900601309
1996-10-29,1.350054882738723
1996-10-30,1.3461972166852405
1996-10-31,1.342385533053652
1996-11-01,1.3366266769780333
1996-11-04,1.3309091096082537
1996-11-05,1.3249020114401406
1996-11-06,1.318214875593327
1996-11-07,1.313786245982428
1996-11-08,1.3075738229237328
1996-11-11,1.301846193679663
1996-11-12,1.2999114857410266
1996-11-13,1.2943904838070004
1996-11-14,1.285871923662584
1996-11-15,1.279982322430777
1996-11-18,1.2738658134888416
1996-11-19,1.2668997692745017
1996-11-20,1.2591450994560287
1996-11-21,1.254365056123566
1996-11-22,1.2462639770161088
1996-11-25,1.240867294250435
1996-11-26,1.2353054106028347
1996-11-27,1.234961665632276
1996-11-29,1.2314749551023407
1996-12-02,1.227213175294323
1996-12-03,1.2264525553115984
1996-12-04,1.227170869436511
1996-12-05,1.2230363311976495
1996-12-06,1.2191966140527708
1996-12-09,1.2118981415842105
1996-12-10,1.2071283963899335
1996-12-11,1.2026191501650547
1996-12-12,1.1982056545330606
1996-12-13,1.1916714236948749
1996-12-16,1.1895295132662569
1996-12-17,1.1878634127063747
1996-12-18,1.1858545903159528
1996-12-19,1.1838239562466188
1996-12-20,1.1810324105382122
1996-12-23,1.179210884730215
1996-12-24,1.1830968937377584
1996-12-26,1.1827191815793534
1996-12-27,1.1823944682073526
1996-12-30,1.1715050685791852
1996-12-31,1.1701632710905256
1997-01-02,1.1689356437931684
1997-01-03,1.1684881180749451
1997-01-06,1.1679035456958926
1997-01-07,1.1663613609621577
1997-01-08,1.1622914354825042
1997-01-09,1.1591994978334552
1997-01-10,1.1618197895180882
1997-01-13,1.1642796262146795
1997-01-14,1.1560051187357747
1997-01-15,1.1521481086361705
1997-01-16,1.1468862144964305
1997-01-17,1.1345986337188263
1997-01-20,1.1280212455585388
1997-01-21,1.121470828277253
1997-01-22,1.1164351535571615
1997-01-23,1.114681360297186
1997-01-24,1.1165055070533745
1997-01-27,1.1155121978375042
1997-01-28,1.1156218026193607
1997-01-29,1.1138115971304288
1997-01-30,1.1299915802791325
1997-01-31,1.1271861937440488
1997-02-03,1.1217180945348058
1997-02-04,1.1151599159021597
1997-02-05,1.1101530813800065
1997-02-06,1.1055375429557894
1997-02-07,1.1011320311884012
1997-02-10,1.096847562271706
1997-02-11,1.0921131636130808
1997-02-12,1.0857103064013414
1997-02-13,1.079997932859179
1997-02-14,1.0699035857424422
1997-02-18,1.0675773347501505
1997-02-19,1.0669759641830734
1997-02-20,1.0641119414537334
1997-02-21,1.0600285594343053
1997-02-24,1.0551309371295483
1997-02-25,1.0527187656416397
1997-02-26,1.0485907691965166
1997-02-27,1.0500837521884412
1997-02-28,1.0484873287071992
1997-03-03,1.0403786417463874
1997-03-04,1.034380101982494
1997-03-05,1.0320147460618971
1997-03-06,1.027080843206123
1997-03-07,1.0225939085139966
1997-03-10,1.0177768595953205
1997-03-11,1.0130748640996798
1997-03-12,1.0030908744470648
1997-03-13,1.0012812660697108
1997-03-14,0.997371793013498
1997-03-17,0.994114638392064
1997-03-18,0.9935705503341286
1997-03-19,0.9903719890641212
1997-03-20,0.9881034770939232
1997-03-21,0.984781091881566
1997-03-24,0.9826610739382888
1997-03-25,0.9801689577000278
1997-03-26,0.9764534654565372
1997-03-27,0.9721744138586962
1997-03-31,0.967712876439354
1997-04-01,0.9658243699920152
1997-04-02,0.965818780102598
1997-04-03,0.964437020486384
1997-04-04,0.9644517830956808
1997-04-07,0.9596136957920052
1997-04-08,0.9684382694152756
1997-04-09,0.9637107706430872
1997-04-10,0.961139309317768
1997-04-11,0.9597024854704522
1997-04-14,0.955901624988146
1997-04-15,0.951416296240391
1997-04-16,0.9472355433257604
1997-04-17,0.9414663990323928
1997-04-18,0.9345578861803394
1997-04-21,0.9291921025063362
1997-04-22,0.92351444846607
1997-04-23,0.9191032672789567
1997-04-24,0.9151014565704136
1997-04-25,0.9092843581177266
1997-04-28,0.9053541670424492
1997-04-29,0.9003806146080409
1997-04-30,0.9053788373351476
1997-05-01,0.9037406385890704
1997-05-02,0.9039707206813244
1997-05-05,0.9032770691513136
1997-05-06,0.9029400471181604
1997-05-07,0.9002847542597253
1997-05-08,0.8963289112401351
1997-05-09,0.8923891149425506
1997-05-12,0.8895886956380916
1997-05-13,0.8848515894157843
1997-05-14,0.8814467420930305
1997-05-15,0.8820760649604917
1997-05-16,0.8840956041233996
1997-05-19,0.8824524466517182
1997-05-20,0.8799116984280276
1997-05-21,0.8782735537006762
1997-05-22,0.8739252512269684
1997-05-23,0.8670574088681571
1997-05-27,0.8631644657460231
1997-05-28,0.8587202360743694
1997-05-29,0.8580885545269309
1997-05-30,0.858000993368699
1997-06-02,0.8582662684969866
1997-06-03,0.8596985887362187
1997-06-04,0.8694224256105216
1997-06-05,0.8651816206049201
1997-06-06,0.8606549852026545
1997-06-09,0.858171362029212
1997-06-10,0.8560077342982771
1997-06-11,0.8548702251012561
1997-06-12,0.8528339456739128
1997-06-13,0.8498991699993607
1997-06-16,0.8470888634155621
1997-06-17,0.8425984044617039
1997-06-18,0.8375927939559491
1997-06-19,0.8331088413863754
1997-06-20,0.8284109367330076
1997-06-23,0.8236031657672106
1997-06-24,0.8186095905278142
1997-06-25,0.8176062027193807
1997-06-26,0.8162313909354498
1997-06-27,0.8152958611214044
1997-06-30,0.8137586223392197
1997-07-01,0.8115261910231111
1997-07-02,0.8075017984835838
1997-07-03,0.8035766124423033
1997-07-07,0.7983406603944974
1997-07-08,0.7958750000948184
1997-07-09,0.792650855011235
1997-07-10,0.7884969476647208
1997-07-11,0.7834430405522791
1997-07-14,0.7791306698297833
1997-07-15,0.778289454447849
1997-07-16,0.774383162222504
1997-07-17,0.7707005134069415
1997-07-18,0.7678666399794084
1997-07-21,0.7658808511343419
1997-07-22,0.7654801571451594
1997-07-23,0.763764072479694
1997-07-24,0.7603192739146921
1997-07-25,0.7563177415789122
1997-07-28,0.7516752951546709
1997-07-29,0.7513542865129953
1997-07-30,0.749574327484466
1997-07-31,0.7485113884241685
1997-08-01,0.7487910584191674
1997-08-04,0.7478532718525771
1997-08-05,0.7559718605442359
1997-08-06,0.7549049180849647
1997-08-07,0.7520878373985254
1997-08-08,0.7499510034624637
1997-08-11,0.7463181920659903
1997-08-12,0.7439962350813702
1997-08-13,0.7477784753595488
1997-08-14,0.7524318943872347
1997-08-15,0.7512773180474099
1997-08-18,0.748858033980791
1997-08-19,0.7477136807758903
1997-08-20,0.7460106544296929
1997-08-21,0.7443273592366609
1997-08-22,0.7416555688124867
1997-08-25,0.7399021094243688
1997-08-26,0.7377960973852395
1997-08-27,0.7358745189220789
1997-08-28,0.734367703812775
1997-08-29,0.7343896440465669
1997-09-02,0.7345322684034586
1997-09-03,0.7341460858136291
1997-09-04,0.7309325954427269
1997-09-05,0.7274574610812657
1997-09-08,0.7268657844736056
1997-09-09,0.7258460075439299
1997-09-10,0.7248855108487002
1997-09-11,0.7234373104056763
1997-09-12,0.7211604829685403
1997-09-15,0.7180083019356317
1997-09-16,0.7146091041597877
1997-09-17,0.711002735697001
1997-09-18,0.7100787847462259
1997-09-19,0.7096051677448533
1997-09-22,0.7083871269863515
1997-09-23,0.7071203588079498
1997-09-24,0.7058542959427094
1997-09-25,0.7037075610969059
1997-09-26,0.7009652690096563
1997-09-29,0.697995330350286
1997-09-30,0.6996774227233145
1997-10-01,0.6979042838753572
1997-10-02,0.6975512944809589
1997-10-03,0.6974489503386962
1997-10-06,0.6941928338957254
1997-10-07,0.6950754640229542
1997-10-08,0.6943889253549306
1997-10-09,0.6936910126752589
1997-10-10,0.6929157670687764
1997-10-13,0.6918705417638255
1997-10-14,0.6920411012675727
1997-10-15,0.6915695922778337
1997-10-16,0.6895821579707835
1997-10-17,0.6881512335281833
1997-10-20,0.6891972044186784
1997-10-21,0.6889179455089756
1997-10-22,0.6891642437509214
1997-10-23,0.6885617477458553
1997-10-24,0.6889566598050333
1997-10-27,0.6887115449278852
1997-10-28,0.6878506804941175
1997-10-29,0.6869078269966153
1997-10-30,0.6863961271351132
1997-10-31,0.6848123071830973
1997-11-03,0.6831106647385635
1997-11-04,0.6823985505423172
1997-11-05,0.6818581370234714
1997-11-06,0.6811145885541369
1997-11-07,0.6812133311352673
1997-11-10,0.6811626088561568
1997-11-11,0.6821863873264948
1997-11-12,0.6826547883844593
1997-11-13,0.6833649723069373
1997-11-14,0.6824782917480063
1997-11-17,0.6820221727394872
1997-11-18,0.6810562442101583
1997-11-19,0.6811938553966314
1997-11-20,0.679652259873106
1997-11-21,0.6796853806012927
1997-11-24,0.678984970274127
1997-11-25,0.6796928804586134
1997-11-26,0.678651773067231
1997-11-28,0.6789443490303889
1997-12-01,0.6763617877340209
1997-12-02,0.6750125385908833
1997-12-03,0.6728325090116425
1997-12-04,0.6699259760993976
1997-12-05,0.6682200268950078
1997-12-08,0.6648781002231207
1997-12-09,0.6641646726312503
1997-12-10,0.6632223864612254
1997-12-11,0.6636148025645455
1997-12-12,0.6629710334812113
1997-12-15,0.6603679303763551
1997-12-16,0.6609326850188691
1997-12-17,0.6615171033131441
1997-12-18,0.6616079872285546
1997-12-19,0.6612116187980389
1997-12-22,0.6608621392045692
1997-12-23,0.6600465447020809
1997-12-24,0.6611920293042514
1997-12-26,0.6597617973380827
1997-12-29,0.658973795890103
1997-12-30,0.6589645618586325
1997-12-31,0.6587750027180153
1998-01-02,0.656626452394226
1998-01-05,0.6579972018311245
1998-01-06,0.6568303614293447
1998-01-07,0.6561464356816396
1998-01-08,0.6569348754299555
1998-01-09,0.6564434029345285
1998-01-12,0.6555417146268534
1998-01-13,0.6547475057232881
1998-01-14,0.6545050337913101
1998-01-15,0.6533468427790827
1998-01-16,0.6530120432489666
1998-01-20,0.6525130712875623
1998-01-21,0.6520548143037888
1998-01-22,0.6502602152129953
1998-01-23,0.6477827065498144
1998-01-26,0.6455110506330418
1998-01-27,0.642568549551393
1998-01-28,0.6399445856853305
1998-01-29,0.637347822814422
1998-01-30,0.6360499105385389
1998-02-02,0.6337650866946722
1998-02-03,0.6350536732723837
1998-02-04,0.6356313393059213
1998-02-05,0.6347107319431533
1998-02-06,0.6341466982474464
1998-02-09,0.6326238750602017
1998-02-10,0.629285475790268
1998-02-11,0.6267997470478716
1998-02-12,0.6241489720850414
1998-02-13,0.6217383125516636
1998-02-17,0.6203436579238275
1998-02-18,0.6193815042848364
1998-02-19,0.6176726217209084
1998-02-20,0.6168564700657159
1998-02-23,0.6154821998669687
1998-02-24,0.6141522941104057
1998-02-25,0.6138736821900552
1998-02-26,0.6129600998891908
1998-02-27,0.6126768622250575
1998-03-02,0.611823269964519
1998-03-03,0.6113481348231968
1998-03-04,0.6100893187298161
1998-03-05,0.608505756250906
1998-03-06,0.6078253125135147
1998-03-09,0.6062644384246706
1998-03-10,0.6050370023636127
1998-03-11,0.6053340722680944
1998-03-12,0.605726819889379
1998-03-13,0.6039314030678281
1998-03-16,0.6031162724001978
1998-03-17,0.6018478777389584
1998-03-18,0.6020970505118302
1998-03-19,0.600638832624508
1998-03-20,0.6004539647121387
1998-03-23,0.6005205669208755
1998-03-24,0.5999426227895285
1998-03-25,0.5987304623731373
1998-03-26,0.5981836535597372
1998-03-27,0.5983641263307908
1998-03-30,0.5985676250376584
1998-03-31,0.5976315825367619
1998-04-01,0.5954783593830564
1998-04-02,0.5961788093121385
1998-04-03,0.5955508185928883
1998-04-06,0.5945932417082204
1998-04-07,0.5946831177755562
1998-04-08,0.5948724045699314
1998-04-09,0.5948187660501112
1998-04-13,0.5935623883875063
1998-04-14,0.5928207547112325
1998-04-15,0.5922556044252053
1998-04-16,0.5920788525133124
1998-04-17,0.5915437940470282
1998-04-20,0.5906958885366933
1998-04-21,0.5905921600978881
1998-04-22,0.5891731180614764
1998-04-23,0.5883761893846394
1998-04-24,0.5883274412252915
1998-04-27,0.5866504741900527
1998-04-28,0.5873319325725608
1998-04-29,0.5880129546005729
1998-04-30,0.587956613243815
1998-05-01,0.587669394518292
1998-05-04,0.587331091104194
1998-05-05,0.5887130412720302
1998-05-06,0.5898376834800081
1998-05-07,0.5899947229189376
1998-05-08,0.589571041616009
1998-05-11,0.5895154598724026
1998-05-12,0.5899593493308377
1998-05-13,0.5893328484847702
1998-05-14,0.5892775772688986
1998-05-15,0.5889199174390819
1998-05-18,0.5888510367744636
1998-05-19,0.5888753773533767
1998-05-20,0.5890547639459874
1998-05-21,0.5895480260417134
1998-05-22,0.5906524227722397
1998-05-26,0.5912782079229261
1998-05-27,0.5910531703077091
1998-05-28,0.5908342017798782
1998-05-29,0.590604989922127
1998-06-01,0.5899495461247545
1998-06-02,0.5903204098188322
1998-06-03,0.5909614286465391
1998-06-04,0.5906762141607393
1998-06-05,0.5908949123774401
1998-06-08,0.5910174504101605
1998-06-09,0.5906250568408995
1998-06-10,0.590547113851128
1998-06-11,0.59018269127904
1998-06-12,0.5893724265915486
1998-06-15,0.5896776263937437
1998-06-16,0.5897921646070168
1998-06-17,0.5897113708214937
1998-06-18,0.5884814368872123
1998-06-19,0.589237361178818
1998-06-22,0.5888112377385725
1998-06-23,0.5873844929172982
1998-06-24,0.5865969315659691
1998-06-25,0.5858945247559171
1998-06-26,0.5853491557471426
1998-06-29,0.5858719641070979
1998-06-30,0.5851625034006781
1998-07-01,0.5840865922455205
1998-07-02,0.5843006307136495
1998-07-06,0.5848524904702076
1998-07-07,0.5852364002733187
1998-07-08,0.5846020117673341
1998-07-09,0.5833219863011909
1998-07-10,0.5818989750208784
1998-07-13,0.5810047381116565
1998-07-14,0.5805621140883568
1998-07-15,0.5802239364951886
1998-07-16,0.5805266257788669
1998-07-17,0.5804544696169928
1998-07-20,0.5785487174159119
1998-07-21,0.5782694949955146
1998-07-22,0.578188025090747
1998-07-23,0.5774892166711717
1998-07-24,0.5773366274553418
1998-07-27,0.5757627591471371
1998-07-28,0.5752709759635036
1998-07-29,0.5747158973586627
1998-07-30,0.5742835097324993
1998-07-31,0.5747126079167483
1998-08-03,0.5743111623315059
1998-08-04,0.5736311218332196
1998-08-05,0.5730394959303872
1998-08-06,0.573141012264875
1998-08-07,0.5729282907949461
1998-08-10,0.5730234698655685
1998-08-11,0.5733555003857244
1998-08-12,0.5733496029106199
1998-08-13,0.5728386413633405
1998-08-14,0.5712927461848488
1998-08-17,0.5704510744437628
1998-08-18,0.5701834114476355
1998-08-19,0.569091029969974
1998-08-20,0.5689612837866497
1998-08-21,0.5682575108724164
1998-08-24,0.5679289796419409
1998-08-25,0.5682761224365597
1998-08-26,0.5684357743673462
1998-08-27,0.5678300220391298
1998-08-28,0.5692896827145603
1998-08-31,0.56927456170705
1998-09-01,0.5690275343660836
1998-09-02,0.5686174523657129
1998-09-03,0.5678297814074413
1998-09-04,0.5667934393396661
1998-09-08,0.5648513280552291
1998-09-09,0.5637671471746636
1998-09-10,0.5634246472675225
1998-09-11,0.5631533963432584
1998-09-14,0.5623701561820886
1998-09-15,0.5622323373851053
1998-09-16,0.5621195991147027
1998-09-17,0.5613572821799687
1998-09-18,0.5615056039719073
1998-09-21,0.5617590220798788
1998-09-22,0.5610111222252961
1998-09-23,0.5610927008228208
1998-09-24,0.5602943381076745
1998-09-25,0.5599999813987209
1998-09-28,0.5599281368698356
1998-09-29,0.559202256631706
1998-09-30,0.5596800199049327
1998-10-01,0.5613365034034995
1998-10-02,0.5610456906279598
1998-10-05,0.5598184530394533
1998-10-06,0.5589485795531572
1998-10-07,0.5589131738769377
1998-10-08,0.5585873420365771
1998-10-09,0.5591400497394353
1998-10-12,0.5606812962446103
1998-10-13,0.5598032320452213
1998-10-14,0.5586258964935106
1998-10-15,0.5597732990582078
1998-10-16,0.5592193533430556
1998-10-19,0.5592944085921774
1998-10-20,0.5592952527317946
1998-10-21,0.5593359214471884
1998-10-22,0.5578138468952262
1998-10-23,0.5574047354480322
1998-10-26,0.5564358816411278
1998-10-27,0.5542724073404978
1998-10-28,0.5533249957114091
1998-10-29,0.5576468781210051
1998-10-30,0.5575752940663609
1998-11-02,0.5581464093830881
1998-11-03,0.5586120330193992
1998-11-04,0.5588618214952706
1998-11-05,0.5591864217709777
1998-11-06,0.5579304779037031
1998-11-09,0.5577126583476713
1998-11-10,0.5565894835760883
1998-11-11,0.5557957240185023
1998-11-12,0.5549931873387829
1998-11-13,0.5548406651073764
1998-11-16,0.5546465884330235
1998-11-17,0.5543840989217309
1998-11-18,0.5542678099944142
1998-11-19,0.5547067195316558
1998-11-20,0.554306617988539
1998-11-23,0.5533283084432906
1998-11-24,0.5528436776426281
1998-11-25,0.5519896818414786
1998-11-27,0.5516892373465543
1998-11-30,0.5508097120149102
1998-12-01,0.5497106951881171
1998-12-02,0.550339869822317
1998-12-03,0.5493563443630338
1998-12-04,0.5480877339407304
1998-12-07,0.5473619157283578
1998-12-08,0.5464101569915678
1998-12-09,0.5456962457625842
1998-12-10,0.5455975766634937
1998-12-11,0.5455435608728233
1998-12-14,0.5452551953134709
1998-12-15,0.5448936969186543
1998-12-16,0.5442331911605147
1998-12-17,0.5429862772034113
1998-12-18,0.542274563794053
1998-12-21,0.5418462626026036
1998-12-22,0.5413425442293243
1998-12-23,0.5409184267271749
1998-12-24,0.5391575672154798
1998-12-28,0.5400927300922257
1998-12-29,0.5397907749431734
1998-12-30,0.5393476448814912
1998-12-31,0.5386993967937851
1999-01-04,0.5388294131350033
1999-01-05,0.537036683178647
1999-01-06,0.5369245952172235
1999-01-07,0.5390641115562164
1999-01-08,0.540583844802347
1999-01-11,0.5418443680077881
1999-01-12,0.5408876855676943
1999-01-13,0.5415408296223746
1999-01-14,0.5415986794283464
1999-01-15,0.5415983055189201
1999-01-19,0.5416098072581073
1999-01-20,0.5417744467312411
1999-01-21,0.541502888868076
1999-01-22,0.5410649290812584
1999-01-25,0.5399417307187026
1999-01-26,0.5396065799455817
1999-01-27,0.5382549578005131
1999-01-28,0.5362263089291808
1999-01-29,0.5362134776063449
1999-02-01,0.5354715951273091
1999-02-02,0.5337512057684463
1999-02-03,0.5329548861760198
1999-02-04,0.5318341957820515
1999-02-05,0.5310577516332148
1999-02-08,0.5316134917698563
1999-02-09,0.5318381670240236
1999-02-10,0.5320344639199388
1999-02-11,0.5315425998433613
1999-02-12,0.5322402780789461
1999-02-16,0.531984432429519
1999-02-17,0.5333662100328139
1999-02-18,0.5331689349970681
1999-02-19,0.5327311856605847
1999-02-22,0.533381965642945
1999-02-23,0.5403905408588876
1999-02-24,0.5398794804210687
1999-02-25,0.5406062183996648
1999-02-26,0.5417278056599641
1999-03-01,0.540472537157486
1999-03-02,0.5412285993383938
1999-03-03,0.5417278056599641
1999-03-04,0.5421826926407824
1999-03-05,0.5421826926407824
1999-03-08,0.5416689386028734
1999-03-09,0.541080382936619
1999-03-10,0.5407490990065278
1999-03-11,0.5407240295367383
1999-03-12,0.5397264840017907
1999-03-15,0.5388323339321432
1999-03-16,0.5384958657418059
1999-03-17,0.5471870406409357
1999-03-18,0.5470979085413612
1999-03-19,0.5466273281849239
1999-03-22,0.5452027058829737
1999-03-23,0.5446540330848367
1999-03-24,0.5445707647861442
1999-03-25,0.5443649802734769
1999-03-26,0.544315746376694
1999-03-29,0.5438957931732341
1999-03-30,0.5441540198756507
1999-03-31,0.5435918566762395
1999-04-01,0.5436064580781953
1999-04-05,0.5433584388595315
1999-04-06,0.5440629660030103
1999-04-07,0.5447033447049637
1999-04-08,0.5451862716505285
1999-04-09,0.5458578234514405
1999-04-12,0.545516743445697
1999-04-13,0.5455704238750474
1999-04-14,0.5452272062498519
1999-04-15,0.5453436009027985
1999-04-16,0.5456330537410893
1999-04-19,0.5459770902322343
1999-04-20,0.54749669182384
1999-04-21,0.5458405978564672
1999-04-22,0.5458943998001249
1999-04-23,0.5456152335284459
1999-04-26,0.5451191481536892
1999-04-27,0.5443630609263022
1999-04-28,0.5441008721575198
1999-04-29,0.5445996531784231
1999-04-30,0.5445897112255249
1999-05-03,0.5449375726940074
1999-05-04,0.5441688094564068
1999-05-05,0.5446162374346758
1999-05-06,0.5447987922108605
1999-05-07,0.5448889428407818
1999-05-10,0.5454586157386744
1999-05-11,0.5451932022128012
1999-05-12,0.5444339170996793
1999-05-13,0.544288229302885
1999-05-14,0.5445168248394145
1999-05-17,0.5449933638290593
1999-05-18,0.5448210176592524
1999-05-19,0.5443228208018382
1999-05-20,0.544576563178333
1999-05-21,0.5451582540985055
1999-05-24,0.5437642962150961
1999-05-25,0.5437842105952233
1999-05-26,0.5447326895983933
1999-05-27,0.5448327291734223
1999-05-28,0.5448032138245695
1999-06-01,0.5441915085138636
1999-06-02,0.54396589063883
1999-06-03,0.5436870419712659
1999-06-04,0.5447208810920823
1999-06-07,0.5438867350451547
1999-06-08,0.5431829980071882
1999-06-09,0.543774920633405
1999-06-10,0.5433455767806875
1999-06-11,0.5430157825926863
1999-06-14,0.5428333553851639
1999-06-15,0.5434125314113943
1999-06-16,0.54175040275422
1999-06-17,0.5407790421297921
1999-06-18,0.5416761913454704
1999-06-21,0.5410219451166338
1999-06-22,0.5404156025830005
1999-06-23,0.5400662194821593
1999-06-24,0.5397342867200574
1999-06-25,0.5392667235731724
1999-06-28,0.5392546269472012
1999-06-29,0.5398867645489916
1999-06-30,0.5405113182623329
1999-07-01,0.5400082062972503
1999-07-02,0.5401676115063595
1999-07-06,0.5401024839734803
1999-07-07,0.5403789507574572
1999-07-08,0.5398635805100209
1999-07-09,0.539942998695909
1999-07-12,0.5399290412022028
1999-07-13,0.5400082062972503
1999-07-14,0.5405322492573399
1999-07-15,0.5408701700457658
1999-07-16,0.5409077670227408
1999-07-19,0.5408303073166777
1999-07-20,0.5407065070124436
1999-07-21,0.5405427672762233
1999-07-22,0.5409433734324404
1999-07-23,0.5412595678257198
1999-07-26,0.5410468743873786
1999-07-27,0.5411640348441301
1999-07-28,0.557039928123951
1999-07-29,0.5572620206891115
1999-07-30,0.5578518363842971
1999-08-02,0.5578881447254195
1999-08-03,0.5579620556741524
1999-08-04,0.5582962853123838
1999-08-05,0.558073654999509
1999-08-06,0.5572264922621546
1999-08-09,0.5567092232651414
1999-08-10,0.5560808310814805
1999-08-11,0.5559693972498484
1999-08-12,0.5563363518381491
1999-08-13,0.5570752462874428
1999-08-16,0.5571135194154535
1999-08-17,0.5564880151081906
1999-08-18,0.5553686090211851
1999-08-19,0.5554286433201419
1999-08-20,0.555949417607986
1999-08-23,0.5562469677925227
1999-08-24,0.5561715197838333
1999-08-25,0.5564681809653486
1999-08-26,0.5569143016110613
1999-08-27,0.5571013136832972
1999-08-30,0.5573255728543226
1999-08-31,0.5565446926980524
1999-09-01,0.556693111669399
1999-09-02,0.5566559928388123
1999-09-03,0.5567312311846605
1999-09-07,0.5567312311846605
1999-09-08,0.5566188834026132
1999-09-09,0.5566559928388123
1999-09-10,0.5566591213689696
1999-09-13,0.5568082692095597
1999-09-14,0.5568092020178774
1999-09-15,0.55658507066202
1999-09-16,0.5569928130208072
1999-09-17,0.5554033907022055
1999-09-20,0.5552911844069532
1999-09-21,0.5556240261749692
1999-09-22,0.5546238434504374
1999-09-23,0.554876027000505
1999-09-24,0.5553548402367717
1999-09-27,0.5561825991176026
1999-09-28,0.5553783599296025
1999-09-29,0.5554515388564479
1999-09-30,0.555784611277619
1999-10-01,0.555784611277619
1999-10-04,0.555784611277619
1999-10-05,0.555784611277619
1999-10-06,0.5559678734788537
1999-10-07,0.5563743343428932
1999-10-08,0.556337614256273
1999-10-11,0.5564110636346431
1999-10-12,0.556337614256273
1999-10-13,0.5564822314407879
1999-10-14,0.5557779754591672
1999-10-15,0.5559955212623988
1999-10-18,0.5564764063949692
1999-10-19,0.5562180867740502
1999-10-20,0.5564394756966355
1999-10-21,0.5563656422104168
1999-10-22,0.5561798411705245
1999-10-25,0.5559234212015582
1999-10-26,0.5556311165634896
1999-10-27,0.5558929632844863
1999-10-28,0.5550130141270528
1999-10-29,0.5556747640480302
1999-11-01,0.5558228725873355
1999-11-02,0.5558228725873355
1999-11-03,0.5558228725873355
1999-11-04,0.5557113706256027
1999-11-05,0.5562615710914088
1999-11-08,0.5558163497571575
1999-11-09,0.5565167677349708
1999-11-10,0.5563693780437737
1999-11-11,0.5555613759892047
1999-11-12,0.5553032214435395
1999-11-15,0.5553052176309012
1999-11-16,0.5554149448126591
1999-11-17,0.5559280967380302
1999-11-18,0.5559280967380302
1999-11-19,0.5559280967380302
1999-11-22,0.5556730311086732
1999-11-23,0.5563021899346549
1999-11-24,0.5568623216840608
1999-11-26,0.5552966685582925
1999-11-29,0.5555158345300311
1999-11-30,0.5556625292579097
1999-12-01,0.55483148527066
1999-12-02,0.5557366890438905
1999-12-03,0.555664251086458
1999-12-06,0.5557366890438905
1999-12-07,0.5556280455582057
1999-12-08,0.5554851584692908
1999-12-09,0.5548743342733016
1999-12-10,0.555128388439146
1999-12-13,0.5549822653737813
1999-12-14,0.5550542638017658
1999-12-15,0.5557762064507374
1999-12-16,0.5558863693327424
1999-12-17,0.556284979995107
1999-12-20,0.556322528967234
1999-12-21,0.5572733270683472
1999-12-22,0.5573812466232436
1999-12-23,0.557454021987837
1999-12-27,0.5569065503487487
1999-12-28,0.5569420714589775
1999-12-29,0.5570905052159729
1999-12-30,0.5571275064505785
1999-12-31,0.5576014706253651
2000-01-03,0.5570940722351779
2000-01-04,0.5572032877619071
2000-01-05,0.5570217296532682
2000-01-06,0.5573475523499174
2000-01-07,0.5572750848030417
2000-01-10,0.5572026529959251
2000-01-11,0.5572026529959251
2000-01-12,0.5570217296532682
2000-01-13,0.5572382540546708
2000-01-14,0.5571657895679845
2000-01-18,0.5570202048947034
2000-01-19,0.5565884216228222
2000-01-20,0.5559737756827091
2000-01-21,0.5563312841369474
2000-01-24,0.5559647935023183
2000-01-25,0.5554851584692908
2000-01-26,0.556682666937886
2000-01-27,0.5567920183116375
2000-01-28,0.5565369918455724
2000-01-31,0.5563890353815606
2000-02-01,0.5577058889312273
2000-02-02,0.5575589873432027
2000-02-03,0.5573389099131697
2000-02-04,0.5575218678533881
2000-02-07,0.5574117375942094
2000-02-08,0.5573016898266451
2000-02-09,0.5566755821618157
2000-02-10,0.5557096635155188
2000-02-11,0.5540268941623123
2000-02-14,0.5542356326330456
2000-02-15,0.554227271166888
2000-02-16,0.554335141571232
2000-02-17,0.5541138944038506
2000-02-18,0.554335141571232
2000-02-22,0.5541734382801655
2000-02-23,0.5528349692052699
2000-02-24,0.5538035606025249
2000-02-25,0.5628906442267209
2000-02-28,0.5628511392579659
2000-02-29,0.576106518111946
2000-03-01,0.5772418235226123
2000-03-02,0.5847754369984453
2000-03-03,0.5846199552361792
2000-03-06,0.5840834900122661
2000-03-07,0.5831250857878056
2000-03-08,0.5826069874291626
2000-03-09,0.5813148599182522
2000-03-10,0.5829872595757527
2000-03-13,0.5833343930546808
2000-03-14,0.5833687476106955
2000-03-15,0.5834873217902192
2000-03-16,0.5839539271624173
2000-03-17,0.5840788768370432
2000-03-20,0.5976803049368562
2000-03-21,0.5979259737785806
2000-03-22,0.5991073501955003
2000-03-23,0.5993662296496538
2000-03-24,0.5994336052260144
2000-03-27,0.5992418487251678
2000-03-28,0.5993325522772798
2000-03-29,0.5996358987733995
2000-03-30,0.6086704357230451
2000-03-31,0.6086648184447383
2000-04-03,0.6087246522736273
2000-04-04,0.6088016873100321
2000-04-05,0.6083419064362955
2000-04-06,0.60884555359367
2000-04-07,0.6091240452348069
2000-04-10,0.6098541478570478
2000-04-11,0.6222123578265958
2000-04-12,0.6235523947221876
2000-04-13,0.6236837242227309
2000-04-14,0.6310894603509828
2000-04-17,0.6314290517554625
2000-04-18,0.6316766945342608
2000-04-19,0.6313212855651514
2000-04-20,0.632085240107731
2000-04-24,0.6324491408041227
2000-04-25,0.632171649166576
2000-04-26,0.6320511481159372
2000-04-27,0.6434399777204144
2000-04-28,0.6439287649318324
2000-05-01,0.6425631550944143
2000-05-02,0.6448760358780972
2000-05-03,0.6448851970259848
2000-05-04,0.6449173114329696
2000-05-05,0.6449815572855723
2000-05-08,0.6439891687353969
2000-05-09,0.643263608303054
2000-05-10,0.6421344052335693
2000-05-11,0.6412971109386073
2000-05-12,0.6407626524810923
2000-05-15,0.6506727084118458
2000-05-16,0.6502006630284478
2000-05-17,0.6496836832192067
2000-05-18,0.6482141679780303
2000-05-19,0.648616575577385
2000-05-22,0.6482288188519932
2000-05-23,0.6496805322648741
2000-05-24,0.6492493494786932
2000-05-25,0.6486988838304235
2000-05-26,0.6485028008283474
2000-05-30,0.664986687426467
2000-05-31,0.664907264128791
2000-06-01,0.6655972448254511
2000-06-02,0.6664014999646148
2000-06-05,0.6753578767798001
2000-06-06,0.6750461237697072
2000-06-07,0.674189170940821
2000-06-08,0.6719170998265909
2000-06-09,0.674084143352231
2000-06-12,0.6743039767741876
2000-06-13,0.6731324158502103
2000-06-14,0.6729772550558121
2000-06-15,0.6731242998626168
2000-06-16,0.6715810383553502
2000-06-19,0.6712510217796104
2000-06-20,0.6699448773500681
2000-06-21,0.6823819942645781
2000-06-22,0.6831032250176283
2000-06-23,0.6819714384107116
2000-06-26,0.682013944662276
2000-06-27,0.6813438611722171
2000-06-28,0.6805451677448119
2000-06-29,0.6799473612858001
2000-06-30,0.6797860314712457
2000-07-03,0.6778646066818101
2000-07-05,0.6769215304447093
2000-07-06,0.6759394950269646
2000-07-07,0.674713070968597
2000-07-10,0.6751760834380258
2000-07-11,0.6745237848436808
2000-07-12,0.674425337759301
2000-07-13,0.6743131427167243
2000-07-14,0.6745986956004887
2000-07-17,0.6765180081344897
2000-07-18,0.6763429444429341
2000-07-19,0.6766221291886928
2000-07-20,0.6862527540738668
2000-07-21,0.6850972244255927
2000-07-24,0.6851343297447413
2000-07-25,0.6861071520257528
2000-07-26,0.6860018285569227
2000-07-27,0.6862826382999714
2000-07-28,0.6841516849419165
2000-07-31,0.6844958006545079
2000-08-01,0.6826163021308331
2000-08-02,0.6803090285210459
2000-08-03,0.6826567435328535
2000-08-04,0.6938634759520462
2000-08-07,0.6931624863385906
2000-08-08,0.6922823900128559
2000-08-09,0.6906614556624956
2000-08-10,0.6895476805230579
2000-08-11,0.6885494484544633
2000-08-14,0.687764225313315
2000-08-15,0.687159057170686
2000-08-16,0.6864505444101863
2000-08-17,0.695909729779559
2000-08-18,0.6956876933401477
2000-08-21,0.6934459862578188
2000-08-22,0.6935257763802792
2000-08-23,0.6919969546630365
2000-08-24,0.6918174334290985
2000-08-25,0.6929712322521456
2000-08-28,0.6929634518019392
2000-08-29,0.6916276880509336
2000-08-30,0.6915783265438661
2000-08-31,0.6914627048559295
2000-09-01,0.6917446322776855
2000-09-05,0.6914303277226476
2000-09-06,0.7024003785024847
2000-09-07,0.701409346788198
2000-09-08,0.700413794063621
2000-09-11,0.6996194422864125
2000-09-12,0.7094269486204811
2000-09-13,0.7084023892001412
2000-09-14,0.7082938940527506
2000-09-15,0.708315256131391
2000-09-18,0.7084645253567814
2000-09-19,0.7104358728001159
2000-09-20,0.710502132475009
2000-09-21,0.7104330206232319
2000-09-22,0.7219994325341323
2000-09-25,0.721934298552968
2000-09-26,0.7217715674369715
2000-09-27,0.7213475204444817
2000-09-28,0.7217411886801437
2000-09-29,0.7209206841340533
2000-10-02,0.7335652164367938
2000-10-03,0.7316303308433377
2000-10-04,0.7305189315089504
2000-10-05,0.7284972866730957
2000-10-06,0.7265589608632103
2000-10-09,0.7255093265019976
2000-10-10,0.7247093797096964
2000-10-11,0.7243944101945172
2000-10-12,0.7237463477797973
2000-10-13,0.7226007547072767
2000-10-16,0.7205197161242054
2000-10-17,0.7185561551351809
2000-10-18,0.7179758933913625
2000-10-19,0.716654583214883
2000-10-20,0.717437606492554
2000-10-23,0.7339092950828404
2000-10-24,0.7331282155680361
2000-10-25,0.731288554055338
2000-10-26,0.7307748163874338
2000-10-27,0.7313117947233679
2000-10-30,0.7309988382756853
2000-10-31,0.7320180236346371
2000-11-01,0.7322476121259714
2000-11-02,0.7317830171843036
2000-11-03,0.7317023063314646
2000-11-06,0.7304466442721257
2000-11-07,0.7306764658727711
2000-11-08,0.7321483069600516
2000-11-09,0.7319426697409348
2000-11-10,0.7319426697409348
2000-11-13,0.7320537185808352
2000-11-14,0.7317747175096584
2000-11-15,0.7323822501481959
2000-11-16,0.7320996127359921
2000-11-17,0.7322202208969212
2000-11-20,0.7309650635356437
2000-11-21,0.7313475963380245
2000-11-22,0.7312593255676317
2000-11-24,0.7303869304791442
2000-11-27,0.7304380714993882
2000-11-28,0.7302835471217548
2000-11-29,0.7307793985590219
2000-11-30,0.7318381802883311
2000-12-01,0.73216313517449
2000-12-04,0.7323654378899757
2000-12-05,0.7314399106123874
2000-12-06,0.7315212552757988
2000-12-07,0.7303823994474824
2000-12-08,0.7290416912548295
2000-12-11,0.7291376166542181
2000-12-12,0.7278655367445884
2000-12-13,0.7273989268569392
2000-12-14,0.7270982222181803
2000-12-15,0.7252531586541133
2000-12-18,0.7257164532429701
2000-12-19,0.7248321833764177
2000-12-20,0.7247995014323194
2000-12-21,0.7328937679861626
2000-12-22,0.7338469907111181
2000-12-26,0.7336842281024277
2000-12-27,0.7335916179656959
2000-12-28,0.7347700571510951
2000-12-29,0.7347523327072825
2001-01-02,0.7352064222017501
2001-01-03,0.7325830899697698
2001-01-04,0.7321793883673122
2001-01-05,0.7315215046805059
2001-01-08,0.7294457579086274
2001-01-09,0.7278375632643385
2001-01-10,0.7252674630033918
2001-01-11,0.725429671596919
2001-01-12,0.7250176384941743
2001-01-16,0.724713041898086
2001-01-17,0.7250826223811061
2001-01-18,0.7210640666082953
2001-01-19,0.7224155935733638
2001-01-22,0.7221315372487243
2001-01-23,0.7213475204444817
2001-01-24,0.7211685623931435
2001-01-25,0.7184903948802732
2001-01-26,0.7185847065928002
2001-01-29,0.7184008536529666
2001-01-30,0.7190409977294014
2001-01-31,0.7186403314357439
2001-02-01,0.7186312870821076
2001-02-02,0.7173533446798678
2001-02-05,0.719594371750254
2001-02-06,0.7194831854232078
2001-02-07,0.7190793892942559
2001-02-08,0.7175032158259171
2001-02-09,0.7162822668133118
2001-02-12,0.7147745896996422
2001-02-13,0.7137158154333931
2001-02-14,0.722442893535654
2001-02-15,0.7215604747710773
2001-02-16,0.7198852904175643
2001-02-20,0.719018062510739
2001-02-21,0.7200520590810479
2001-02-22,0.71925791100795
2001-02-23,0.7183135711705398
2001-02-26,0.7178662900671665
2001-02-27,0.7170165690031974
2001-02-28,0.7167800943287618
2001-03-01,0.7158836855347517
2001-03-02,0.7153453793181616
2001-03-05,0.713689896782638
2001-03-06,0.712377651482631
2001-03-07,0.7126612081784321
2001-03-08,0.7117354968549819
2001-03-09,0.7111038219462066
2001-03-12,0.7097906929318786
2001-03-13,0.7093218769662488
2001-03-14,0.708394894919286
2001-03-15,0.7083826187883775
2001-03-16,0.7079081470230091
2001-03-19,0.7069390877630024
2001-03-20,0.7073710835362954
2001-03-21,0.7066293187366548
2001-03-22,0.7053844975681071
2001-03-23,0.7044465625560399
2001-03-26,0.7131097559590069
2001-03-27,0.7115898032408355
2001-03-28,0.7118301548138101
2001-03-29,0.711878504724413
2001-03-30,0.7097180898546223
2001-04-02,0.7084136143741602
2001-04-03,0.7069695037576521
2001-04-04,0.7065644057558284
2001-04-05,0.7068559890965728
2001-04-06,0.707084163010576
2001-04-09,0.7063629739639906
2001-04-10,0.704975684702179
2001-04-11,0.7060112379594444
2001-04-12,0.7060256242547558
2001-04-16,0.7167464504586413
2001-04-17,0.7165901852526232
2001-04-18,0.7167280030410106
2001-04-19,0.7162201519520762
2001-04-20,0.7168021262267521
2001-04-23,0.7171692724846772
2001-04-24,0.7170922772014833
2001-04-25,0.7171271181540404
2001-04-26,0.716735667783398
2001-04-27,0.7145187047219065
2001-04-30,0.7138413199543385
2001-05-01,0.7135873110277311
2001-05-02,0.7145932006170054
2001-05-03,0.7130030338022219
2001-05-04,0.7130781060582397
2001-05-07,0.7130030338022219
2001-05-08,0.7130030338022219
2001-05-09,0.714472589279494
2001-05-10,0.7120096552070068
2001-05-11,0.7121609051531036
2001-05-14,0.7126265080405766
2001-05-15,0.7108375717954625
2001-05-16,0.7096380383624719
2001-05-17,0.7086903658311812
2001-05-18,0.7077749480140004
2001-05-21,0.7084251755157314
2001-05-22,0.7079876924209058
2001-05-23,0.708326289319003
2001-05-24,0.7089074791593105
2001-05-25,0.7101303245791912
2001-05-29,0.7084852950041011
2001-05-30,0.7080819371189773
2001-05-31,0.7077439042234465
2001-06-01,0.7068446428090452
2001-06-04,0.7061389642663621
2001-06-05,0.7014492386030444
2001-06-06,0.7027132374162914
2001-06-07,0.7026480701378175
2001-06-08,0.7022300844581845
2001-06-11,0.7018993780618811
2001-06-12,0.7013976609999357
2001-06-13,0.7006450311037484
2001-06-14,0.6999121180779158
2001-06-15,0.701632472799643
2001-06-18,0.7012431662796225
2001-06-19,0.7028511324891508
2001-06-20,0.702856799340897
2001-06-21,0.7027919220863937
2001-06-22,0.702323677202675
2001-06-25,0.702268137918121
2001-06-26,0.7012195463734981
2001-06-27,0.6999260690640002
2001-06-28,0.6989221691171498
2001-06-29,0.7003420327405419
2001-07-02,0.7001939818143156
2001-07-03,0.6994622936318815
2001-07-05,0.6970452946144785
2001-07-06,0.6940917175071825
2001-07-09,0.6944154249644916
2001-07-10,0.6944243917888165
2001-07-11,0.6935134799692677
2001-07-12,0.6938513337938597
2001-07-13,0.6952338797741789
2001-07-16,0.6944081768461529
2001-07-17,0.6943218941057233
2001-07-18,0.6942873960697863
2001-07-19,0.6910757084524707
2001-07-20,0.6930701792184608
2001-07-23,0.6927014860514323
2001-07-24,0.691989799038171
2001-07-25,0.6925267473475892
2001-07-26,0.691585469939068
2001-07-27,0.691277926853222
2001-07-30,0.6908049961540738
2001-07-31,0.6903192099487181
2001-08-01,0.690082881551896
2001-08-02,0.6900511786167636
2001-08-03,0.6885961503067676
2001-08-06,0.6877863483861701
2001-08-07,0.686333127652988
2001-08-08,0.6838980726454745
2001-08-09,0.6808879635833182
2001-08-10,0.6800512549812338
2001-08-13,0.6809162839608891
2001-08-14,0.6801383276841066
2001-08-15,0.6794103657578303
2001-08-16,0.6780231845456794
2001-08-17,0.6759387463555107
2001-08-20,0.6746033826069053
2001-08-21,0.6719642053062501
2001-08-22,0.6711431707439827
2001-08-23,0.6711745816133304
2001-08-24,0.6766658384382946
2001-08-27,0.675655098562485
2001-08-28,0.6766695814494808
2001-08-29,0.6768787004857747
2001-08-30,0.6769169803375858
2001-08-31,0.6767785333870686
2001-09-04,0.6770372154137864
2001-09-05,0.677186213588753
2001-09-06,0.6782027631306299
2001-09-07,0.6782229904548946
2001-09-10,0.6779347113445583
2001-09-17,0.6756271895947252
2001-09-18,0.674150040697986
2001-09-19,0.6712891501947618
2001-09-20,0.6695553084770978
2001-09-21,0.6685363772752102
2001-09-24,0.6695502448303712
2001-09-25,0.6697479894805772
2001-09-26,0.6678928498868345
2001-09-27,0.6681417400154465
2001-09-28,0.6683728628400089
2001-10-01,0.668601354081223
2001-10-02,0.667311086386159
2001-10-03,0.6678045039768485
2001-10-04,0.6694893523953869
2001-10-05,0.6690368141664633
2001-10-08,0.6686520654147573
2001-10-09,0.6685610654687507
2001-10-10,0.6686549817783237
2001-10-11,0.6677416829626052
2001-10-12,0.6677796500372046
2001-10-15,0.6676521528505553
2001-10-16,0.6681902720444727
2001-10-17,0.6671909402604018
2001-10-18,0.6651831817723459
2001-10-19,0.6625457579914826
2001-10-22,0.6614810963900976
2001-10-23,0.6602422865672128
2001-10-24,0.6596567441982308
2001-10-25,0.6590905769668229
2001-10-26,0.6577908790375152
2001-10-29,0.6588008619213768
2001-10-30,0.6588080316142894
2001-10-31,0.658079785943956
2001-11-01,0.6560419195961941
2001-11-02,0.6534071481515571
2001-11-05,0.6520378767657479
2001-11-06,0.6512385080185235
2001-11-07,0.6504332422254226
2001-11-08,0.6507164910835845
2001-11-09,0.6501073213622258
2001-11-12,0.6490734089087749
2001-11-13,0.6489195309746822
2001-11-14,0.6492656801224206
2001-11-15,0.649573917703448
2001-11-16,0.6471816488666423
2001-11-19,0.6472436003802795
2001-11-20,0.6463070246645835
2001-11-21,0.6466801492341021
2001-11-23,0.6442286322006565
2001-11-26,0.6423845129389599
2001-11-27,0.6399866823330286
2001-11-28,0.6389668384132304
2001-11-29,0.6390031146116665
2001-11-30,0.6379967477810656
2001-12-03,0.6369141556457264
2001-12-04,0.6354946728062648
2001-12-05,0.6345158473361129
2001-12-06,0.6332207672642997
2001-12-07,0.6313264618726948
2001-12-10,0.6317331233751935
2001-12-11,0.6311942907627508
2001-12-12,0.6300708527974146
2001-12-13,0.6295979044144575
2001-12-14,0.6288795714612176
2001-12-17,0.6275000247803744
2001-12-18,0.6263628981421
2001-12-19,0.6266307505876546
2001-12-20,0.6274105553801779
2001-12-21,0.627358408486406
2001-12-24,0.6268538748374803
2001-12-26,0.6259881888473653
2001-12-27,0.6265380918416457
2001-12-28,0.6261379757900246
2001-12-31,0.6255182551188639
2002-01-02,0.6244124533947861
2002-01-03,0.6222627814281796
2002-01-04,0.6208872652916807
2002-01-07,0.6197983457904569
2002-01-08,0.6196425995532492
2002-01-09,0.6186219790586022
2002-01-10,0.6165108209247138
2002-01-11,0.6169509130012377
2002-01-14,0.617019216253011
2002-01-15,0.616335407998221
2002-01-16,0.6162980858333978
2002-01-17,0.6155764235670136
2002-01-18,0.6150340768568581
2002-01-22,0.6148254706007933
2002-01-23,0.61403704746168
2002-01-24,0.6121746000454493
2002-01-25,0.6136851492442821
2002-01-28,0.6138806282945858
2002-01-29,0.6113681924835098
2002-01-30,0.6101349360029197
2002-01-31,0.615092385821866
2002-02-01,0.6150740893980703
2002-02-04,0.6145603126677067
2002-02-05,0.6142731099347757
2002-02-06,0.6144930314412879
2002-02-07,0.6138313433623424
2002-02-08,0.6133572819368897
2002-02-11,0.6138016121921982
2002-02-12,0.612752276197244
2002-02-13,0.6117313399976468
2002-02-14,0.6131982640904635
2002-02-15,0.6133072528296921
2002-02-19,0.6130729646774675
2002-02-20,0.6117440010683296
2002-02-21,0.6095576938494014
2002-02-22,0.6081034878116375
2002-02-25,0.6069055919051213
2002-02-26,0.6055085529435463
2002-02-27,0.606177794546919
2002-02-28,0.6041124804582819
2002-03-01,0.6039103142189188
2002-03-04,0.603090679038056
2002-03-05,0.6022858803303381
2002-03-06,0.6020102420834098
2002-03-07,0.6012611840420309
2002-03-08,0.602513943936417
2002-03-11,0.6021840764892118
2002-03-12,0.6026099036098884
2002-03-13,0.6040752028271995
2002-03-14,0.6037156639211602
2002-03-15,0.6041446343332265
2002-03-18,0.6039000595184052
2002-03-19,0.6017965996100079
2002-03-20,0.6014140529911737
2002-03-21,0.6003543881681834
2002-03-22,0.6007280572482777
2002-03-25,0.5997089919714004
2002-03-26,0.5985561370176296
2002-03-27,0.5965272743637515
2002-03-28,0.5976692407040796
2002-04-01,0.5960644413507865
2002-04-02,0.5960798415038405
2002-04-03,0.595845158003197
2002-04-04,0.5956292727738147
2002-04-05,0.5945549807151924
2002-04-08,0.5941052088853125
2002-04-09,0.5943712488652704
2002-04-10,0.5952964537116499
2002-04-11,0.5949915631487532
2002-04-12,0.5948367798134151
2002-04-15,0.595306653041807
2002-04-16,0.5926127480906022
2002-04-17,0.5912523953026396
2002-04-18,0.5904628433625432
2002-04-19,0.5906914332297688
2002-04-22,0.5905001161593709
2002-04-23,0.5894021517720283
2002-04-24,0.5883340600373103
2002-04-25,0.5886563495896324
2002-04-26,0.588307002694152
2002-04-29,0.5884831351029354
2002-04-30,0.5880756558055082
2002-05-01,0.5873295855990718
2002-05-02,0.5860695358587833
2002-05-03,0.5842577683158813
2002-05-06,0.5828302278192518
2002-05-07,0.5820993825812604
2002-05-08,0.5813401194099808
2002-05-09,0.5814396198086175
2002-05-10,0.5811579015949443
2002-05-13,0.579039231077965
2002-05-14,0.5779201620814118
2002-05-15,0.5762663689071714
2002-05-16,0.5756693753042358
2002-05-17,0.5756288985324336
2002-05-20,0.5750278037583593
2002-05-21,0.5744990148925283
2002-05-22,0.5739041079125765
2002-05-23,0.5727396405769115
2002-05-24,0.5726676452347713
2002-05-28,0.5729533514907498
2002-05-29,0.573893340204104
2002-05-30,0.5745213496539834
2002-05-31,0.5756494135532696
2002-06-03,0.5750019903291222
2002-06-04,0.5738183754806249
2002-06-05,0.5737176627319063
2002-06-06,0.5738183754806249
2002-06-07,0.5746589165093282
2002-06-10,0.5753308763942834
2002-06-11,0.5753075879917788
2002-06-12,0.5744473744925936
2002-06-13,0.5741572517174931
2002-06-14,0.5742315166551768
2002-06-17,0.5733840125292298
2002-06-18,0.5729065010837783
2002-06-19,0.5728183890932536
2002-06-20,0.5722638748202052
2002-06-21,0.5720060673885297
2002-06-24,0.5714192702009852
2002-06-25,0.5700985096935872
2002-06-26,0.5686737246087887
2002-06-27,0.5665332536475176
2002-06-28,0.5668345382331537
2002-07-01,0.5657190382479974
2002-07-02,0.5655769903291014
2002-07-03,0.5663661015839401
2002-07-05,0.566297971062979
2002-07-08,0.565248781341418
2002-07-09,0.5645152068508865
2002-07-10,0.564533113168009
2002-07-11,0.5640684860015612
2002-07-12,0.5644915788262005
2002-07-15,0.563598908543816
2002-07-16,0.563254287189383
2002-07-17,0.5626872410463286
2002-07-18,0.5614423835233988
2002-07-19,0.5608237894952558
2002-07-22,0.5589545017244574
2002-07-23,0.5579271674750576
2002-07-24,0.5564891669150329
2002-07-25,0.5556678174645558
2002-07-26,0.5550276051466058
2002-07-29,0.5551315189839529
2002-07-30,0.555910854605077
2002-07-31,0.5540122398809171
2002-08-01,0.5518066713025713
2002-08-02,0.5529906562855054
2002-08-05,0.5518341602466369
2002-08-06,0.5515182304248435
2002-08-07,0.5516507977721917
2002-08-08,0.5518893971802808
2002-08-09,0.552762786922279
2002-08-12,0.5519438995734679
2002-08-13,0.5520493567321535
2002-08-14,0.5504435752875154
2002-08-15,0.5487033483298159
2002-08-16,0.5470881047658976
2002-08-19,0.5462724059435231
2002-08-20,0.5457054266001434
2002-08-21,0.5441465307477492
2002-08-22,0.5432872218541877
2002-08-23,0.5422988312135795
2002-08-26,0.5422398931893282
2002-08-27,0.5408569029256449
2002-08-28,0.5413444939011565
2002-08-29,0.5410443341803717
2002-08-30,0.54166675611345
2002-09-03,0.5402513708020535
2002-09-04,0.539340098042734
2002-09-05,0.538485767219633
2002-09-06,0.5387351327914637
2002-09-09,0.5392410967455684
2002-09-10,0.5386425096933386
2002-09-11,0.5386638400419601
2002-09-12,0.5378076329287663
2002-09-13,0.5369542687081583
2002-09-16,0.5366352970009316
2002-09-17,0.5361332524270919
2002-09-18,0.5364346644113268
2002-09-19,0.5362228985975963
2002-09-20,0.5346468014596675
2002-09-23,0.5337543521498854
2002-09-24,0.5325766373005845
2002-09-25,0.5323454180157796
2002-09-26,0.5322946000123076
2002-09-27,0.531984604177901
2002-09-30,0.5307771572625894
2002-10-01,0.5315639606708943
2002-10-02,0.5311284165350514
2002-10-03,0.5321775153692503
2002-10-04,0.5333690687939561
2002-10-07,0.5336514395451885
2002-10-08,0.5332509125119425
2002-10-09,0.5332327419188984
2002-10-10,0.533913554677812
2002-10-11,0.5325047117419045
2002-10-14,0.5328139828991126
2002-10-15,0.5328302150182513
2002-10-16,0.5321684121949138
2002-10-17,0.5322187568601975
2002-10-18,0.5315033261407697
2002-10-21,0.5323922182213197
2002-10-22,0.5330571658607719
2002-10-23,0.5337040944474697
2002-10-24,0.5346474435293036
2002-10-25,0.5348932962105379
2002-10-28,0.5350000029623679
2002-10-29,0.5350548134204446
2002-10-30,0.5355316247769909
2002-10-31,0.5349488492222664
2002-11-01,0.5338401366505001
2002-11-04,0.5342093102536152
2002-11-05,0.5340686795860976
2002-11-06,0.5336817832489545
2002-11-07,0.533576530956298
2002-11-08,0.5336514395451885
2002-11-11,0.5333204039214642
2002-11-12,0.5337900290686498
2002-11-13,0.5340168911315922
2002-11-14,0.5339646446491825
2002-11-15,0.5333509044253524
2002-11-18,0.5343321285587476
2002-11-19,0.5351016352243534
2002-11-20,0.5355730391408974
2002-11-21,0.5338953280434362
2002-11-22,0.5346468014596675
2002-11-25,0.5339995943217916
2002-11-26,0.5344894307587321
2002-11-27,0.5346474435293036
2002-11-29,0.5354363834632375
2002-12-02,0.5371490232926653
2002-12-03,0.5378614147972425
2002-12-04,0.5373715920745429
2002-12-05,0.5363447138185371
2002-12-06,0.5363480676244846
2002-12-09,0.5364027921211684
2002-12-10,0.5364187399792062
2002-12-11,0.5354030303539491
2002-12-12,0.5352620831280216
2002-12-13,0.5364540896539425
2002-12-16,0.5367842678389994
2002-12-17,0.537411974316714
2002-12-18,0.5364118162946504
2002-12-19,0.5353140666390969
2002-12-20,0.5350365116429915
2002-12-23,0.5355316247769909
2002-12-24,0.5353006829903493
2002-12-26,0.5350170040087399
2002-12-27,0.5362260589941013
2002-12-30,0.5367645814258221
2002-12-31,0.5370385221169053
2003-01-02,0.5375881537198237
2003-01-03,0.5389398851607868
2003-01-06,0.5394549644664408
2003-01-07,0.5395392880711399
2003-01-08,0.5402298649331306
2003-01-09,0.5413209770864589
2003-01-10,0.5425365851516731
2003-01-13,0.5427493689717399
2003-01-14,0.5451097164544486
2003-01-15,0.5465251862911271
2003-01-16,0.5457684577468357
2003-01-17,0.547571463112868
2003-01-21,0.5490005243416103
2003-01-22,0.5502001788983505
2003-01-23,0.5500855094632853
2003-01-24,0.5521355922160915
2003-01-27,0.5538347871284037
2003-01-28,0.5556660746235381
2003-01-29,0.5560412426656823
2003-01-30,0.5579630062199719
2003-01-31,0.5588088730262217
2003-02-03,0.5601606773502957
2003-02-04,0.5619769860995338
2003-02-05,0.5639488809031166
2003-02-06,0.5646118356353816
2003-02-07,0.5655756372172588
2003-02-10,0.5668891779842367
2003-02-11,0.5690761332092641
2003-02-12,0.5734564290957219
2003-02-13,0.576106858410555
2003-02-14,0.5770588512717488
2003-02-18,0.5786353921823991
2003-02-19,0.5790407519967735
2003-02-20,0.5792021314525284
2003-02-21,0.5790407519967735
2003-02-24,0.5770307269468363
2003-02-25,0.5770566924406607
2003-02-26,0.5775751971777152
2003-02-27,0.5797391989089886
2003-02-28,0.5827319796750962
2003-03-03,0.5841908821687911
2003-03-04,0.5856023446233497
2003-03-05,0.5878203993518851
2003-03-06,0.5906246648415392
2003-03-07,0.5939084694295359
2003-03-10,0.5953432557957359
2003-03-11,0.5989296196774698
2003-03-12,0.6030835777839606
2003-03-13,0.6035557903792262
2003-03-14,0.6049214981721946
2003-03-17,0.6057019969852755
2003-03-18,0.6097101004593772
2003-03-19,0.613944019522404
2003-03-20,0.6179195329364071
2003-03-21,0.616886285259838
2003-03-24,0.6182739208646748
2003-03-25,0.6184880320066348
2003-03-26,0.6207513068416128
2003-03-27,0.6233304580263214
2003-03-28,0.6284235004001616
2003-03-31,0.6289132605478838
2003-04-01,0.6301663649274702
2003-04-02,0.6301708917415317
2003-04-03,0.6314435139587884
2003-04-04,0.6345569935170676
2003-04-07,0.6364969416537786
2003-04-08,0.6397825580456744
2003-04-09,0.6417145426271902
2003-04-10,0.6461602700138385
2003-04-11,0.6491774109418875
2003-04-14,0.6519789941411579
2003-04-15,0.6548925632296279
2003-04-16,0.6591484005341651
2003-04-17,0.6597714912125517
2003-04-21,0.6620282409337905
2003-04-22,0.6622596193005841
2003-04-23,0.6625536061835624
2003-04-24,0.6636311063973277
2003-04-25,0.663938258128526
2003-04-28,0.66253073969888
2003-04-29,0.6635460205760273
2003-04-30,0.6658188979989234
2003-05-01,0.6691454652854565
2003-05-02,0.6715276567597283
2003-05-05,0.6749528497161169
2003-05-06,0.6778351559876971
2003-05-07,0.68052578623642
2003-05-08,0.6842060667179415
2003-05-09,0.6851032570658644
2003-05-12,0.6855277991361217
2003-05-13,0.6851091336717331
2003-05-14,0.6851404318462528
2003-05-15,0.6860824143566804
2003-05-16,0.6877891964379423
2003-05-19,0.6916252478803051
2003-05-20,0.6937109799059272
2003-05-21,0.697438262864578
2003-05-22,0.7009062767533312
2003-05-23,0.7063776717698531
2003-05-27,0.7042635833524804
2003-05-28,0.7045996594931786
2003-05-29,0.7042825241756117
2003-05-30,0.7047874669656001
2003-06-02,0.7055333803374378
2003-06-03,0.7076752711028622
2003-06-04,0.7065298617787747
2003-06-05,0.7064141680189661
2003-06-06,0.7066133755550351
2003-06-09,0.7067718969813952
2003-06-10,0.7064228091641485
2003-06-11,0.7071740331659762
2003-06-12,0.706360909136795
2003-06-13,0.7084523124541878
2003-06-16,0.710506351737193
2003-06-17,0.7145138940978243
2003-06-18,0.7189520691077275
2003-06-19,0.7212072874353614
2003-06-20,0.7218624992199296
2003-06-23,0.7199977245843779
2003-06-24,0.7195336095861647
2003-06-25,0.7168225618707218
2003-06-26,0.7143354719122517
2003-06-27,0.720129112390168
2003-06-30,0.7244730811711612
2003-07-01,0.725012729916193
2003-07-02,0.7230200458242173
2003-07-03,0.7219527795547934
2003-07-07,0.7203695775130656
2003-07-08,0.7217681687109578
2003-07-09,0.7219556088548955
2003-07-10,0.722518042875816
2003-07-11,0.7229862839883692
2003-07-14,0.7274753156607249
2003-07-15,0.7313818630006802
2003-07-16,0.7349345211524727
2003-07-17,0.7348575133873149
2003-07-18,0.7346995586036028
2003-07-21,0.7351487288963677
2003-07-22,0.7375412941461766
2003-07-23,0.7352345937356776
2003-07-24,0.7353618152255887
2003-07-25,0.736109678733779
2003-07-28,0.7394269552330088
2003-07-29,0.7424309654953116
2003-07-30,0.7490825782292817
2003-07-31,0.7516287841188055
2003-08-01,0.7512692087248777
2003-08-04,0.7531464417904783
2003-08-05,0.7527292997021986
2003-08-06,0.7518367384093502
2003-08-07,0.7508760626756846
2003-08-08,0.7536565419550936
2003-08-11,0.7537349727161128
2003-08-12,0.7536228978527066
2003-08-13,0.7559815589545498
2003-08-14,0.7590850886153386
2003-08-15,0.758573846196894
2003-08-18,0.7630503035142843
2003-08-19,0.7619538914021562
2003-08-20,0.7617865158706066
2003-08-21,0.7614660431461414
2003-08-22,0.7633470897617007
2003-08-25,0.7649870681300119
2003-08-26,0.7672358667922365
2003-08-27,0.7710481938277692
2003-08-28,0.7745668499114962
2003-08-29,0.776312373249285
2003-09-02,0.7788810572939743
2003-09-03,0.7801357523273703
2003-09-04,0.7826746880146201
2003-09-05,0.7871367209955844
2003-09-08,0.7850456502222285
2003-09-09,0.7855741706279153
2003-09-10,0.7845139512526501
2003-09-11,0.7856796527069464
2003-09-12,0.7861500606512102
2003-09-15,0.7871210447652204
2003-09-16,0.7857279333285055
2003-09-17,0.7852662924565798
2003-09-18,0.78939506666956
2003-09-19,0.7895500188301777
2003-09-22,0.7885400516640608
2003-09-23,0.7898994864827408
2003-09-24,0.7903034438029003
2003-09-25,0.7899594500798401
2003-09-26,0.7907408846351142
2003-09-29,0.7905357029995909
2003-09-30,0.7955545696003473
2003-10-01,0.7993841998954107
2003-10-02,0.8040276183938212
2003-10-03,0.8071699092833142
2003-10-06,0.8121296766450886
2003-10-07,0.8125428261438777
2003-10-08,0.8147571897507507
2003-10-09,0.8173154937884494
2003-10-10,0.8204522010173289
2003-10-13,0.8245490702147258
2003-10-14,0.8305492340468844
2003-10-15,0.8346473026143323
2003-10-16,0.8400277682786145
2003-10-17,0.8450091209780842
2003-10-20,0.8471327479059942
2003-10-21,0.8453646928022077
2003-10-22,0.8475753881348482
2003-10-23,0.8527142080888741
2003-10-24,0.8563744039848837
2003-10-27,0.8554534765143761
2003-10-28,0.8557073558379581
2003-10-29,0.8554435890577533
2003-10-30,0.8562185306425466
2003-10-31,0.856573184510978
2003-11-03,0.8591137303329933
2003-11-04,0.863284747263319
2003-11-05,0.8676232274348408
2003-11-06,0.8727064528154255
2003-11-07,0.8760536708378288
2003-11-10,0.8766467379959119
2003-11-11,0.8774347974240079
2003-11-12,0.8771551169602168
2003-11-13,0.8793900012524556
2003-11-14,0.8832783568448863
2003-11-17,0.884908338323088
2003-11-18,0.8825583205900879
2003-11-19,0.8902874167343405
2003-11-20,0.8941050560357182
2003-11-21,0.8988199930839567
2003-11-24,0.901387164852242
2003-11-25,0.8966762149645289
2003-11-26,0.9005013208093631
2003-11-28,0.904359320708052
2003-12-01,0.9095207473933714
2003-12-02,0.9121622666066403
2003-12-03,0.913794395461792
2003-12-04,0.9161232351600622
2003-12-05,0.9184906424948166
2003-12-08,0.9211186996937902
2003-12-09,0.924843406933504
2003-12-10,0.9273813329231182
2003-12-11,0.9284454680042448
2003-12-12,0.9316248378947684
2003-12-15,0.9305702616036642
2003-12-16,0.9316860415033849
2003-12-17,0.9352992854852722
2003-12-18,0.9337425209507813
2003-12-19,0.930324475753491
2003-12-22,0.9319912438231476
2003-12-23,0.934947836617444
2003-12-24,0.9315007022082028
2003-12-26,0.9317284465356912
2003-12-29,0.931892823806944
2003-12-30,0.9327915523954134
2003-12-31,0.933849693335386
2004-01-02,0.9373746365158656
2004-01-05,0.9387489288692832
2004-01-06,0.9392980759944196
2004-01-07,0.9418254010530892
2004-01-08,0.9429306607448764
2004-01-09,0.9438726827451804
2004-01-12,0.9438033942898194
2004-01-13,0.943363852123962
2004-01-14,0.9451532890186082
2004-01-15,0.9488690048188811
2004-01-16,0.954055857985138
2004-01-20,0.9529677002855116
2004-01-21,0.957193335190606
2004-01-22,0.9600189941911836
2004-01-23,0.9625898128088968
2004-01-26,0.9642260546641136
2004-01-27,0.9644416831459426
2004-01-28,0.9686537689940552
2004-01-29,0.9652314702931388
2004-01-30,0.9656329689916132
2004-02-02,0.9671888789836928
2004-02-03,0.9705695734018496
2004-02-04,0.9789025602679604
2004-02-05,0.9805516436453104
2004-02-06,0.9781444085805862
2004-02-09,0.9788450759422348
2004-02-10,0.981461358137384
2004-02-11,0.9852572647091228
2004-02-12,0.9863464693556928
2004-02-13,0.9891370093440812
2004-02-17,0.992157830397356
2004-02-18,0.9924174242866862
2004-02-19,0.9907156236395356
2004-02-20,0.991198678469618
2004-02-23,0.9900223543468852
2004-02-24,0.989564456080954
2004-02-25,0.9938479522109828
2004-02-26,0.9959818265305124
2004-02-27,1.0017664998177085
2004-03-01,1.0057809539995342
2004-03-02,1.0048932532787571
2004-03-03,1.005238644696052
2004-03-04,1.0058987086751408
2004-03-05,1.0072637484747218
2004-03-08,1.0053564893232136
2004-03-09,1.0060333776222865
2004-03-10,1.0049619873422264
2004-03-11,1.0052612286574425
2004-03-12,1.00493813276398
2004-03-15,1.0086806640318762
2004-03-16,1.009516916539784
2004-03-17,1.0084448911257975
2004-03-18,1.0085079130306682
2004-03-19,1.0096385782261257
2004-03-22,1.0095658927544018
2004-03-23,1.0107539965360388
2004-03-24,1.0156119553733685
2004-03-25,1.0193216896592927
2004-03-26,1.0210661377396713
2004-03-29,1.024300146354412
2004-03-30,1.0264757043125827
2004-03-31,1.0260572433745978
2004-04-01,1.0276898489685171
2004-04-02,1.0253233191594788
2004-04-05,1.025735041972237
2004-04-06,1.0196554859402291
2004-04-07,1.020132147083916
2004-04-08,1.023182041789064
2004-04-12,1.0263138768222029
2004-04-13,1.0299107574004909
2004-04-14,1.0280111648278567
2004-04-15,1.0267624000452558
2004-04-16,1.0266799824425288
2004-04-19,1.0275147344564473
2004-04-20,1.0277978318966905
2004-04-21,1.0304328675005994
2004-04-22,1.0326946133613908
2004-04-23,1.0363390793868898
2004-04-26,1.0411744737344903
2004-04-27,1.0324948377840286
2004-04-28,1.021750262625211
2004-04-29,1.0150897834896495
2004-04-30,1.017446827333153
2004-05-03,1.0169612795715075
2004-05-04,1.016946891140901
2004-05-05,1.0181253054797703
2004-05-06,1.0205124670039032
2004-05-07,1.0207924670564736
2004-05-10,1.0173217615812429
2004-05-11,1.0194917602540663
2004-05-12,1.0229224045168948
2004-05-13,1.0247826139218008
2004-05-14,1.025395216268229
2004-05-17,1.0202672637180874
2004-05-18,1.0236657744499005
2004-05-19,1.0190925736020462
2004-05-20,1.0199600181567872
2004-05-21,1.0233183697936723
2004-05-24,1.02698768145272
2004-05-25,1.0272941037384282
2004-05-26,1.0270214957818564
2004-05-27,1.0221961101535466
2004-05-28,1.0226373578757333
2004-06-01,1.0228630674213433
2004-06-02,1.0240499193054913
2004-06-03,1.016532057082818
2004-06-04,1.0163058009342376
2004-06-07,1.015994356169754
2004-06-08,1.0180943766840622
2004-06-09,1.019245744793622
2004-06-10,1.0151233134122677
2004-06-14,1.0160616332517305
2004-06-15,1.0137789219669169
2004-06-16,1.009927022304263
2004-06-17,1.0048919968223626
2004-06-18,1.0086310394448357
2004-06-21,1.0127520577825786
2004-06-22,1.01611930229756
2004-06-23,1.0098819551867682
2004-06-24,1.0107441272606477
2004-06-25,1.0101649021433206
2004-06-28,1.0101554997651054
2004-06-29,1.008468966479103
2004-06-30,1.0102215359152111
2004-07-01,1.002172246857846
2004-07-02,1.0028311180447165
2004-07-06,0.9995639955220018
2004-07-07,0.9999129379643172
2004-07-08,1.001355661873132
2004-07-09,0.9961993402200156
2004-07-12,0.9952941292424596
2004-07-13,0.9976462725141928
2004-07-14,0.9848267491303084
2004-07-15,0.9854518447071804
2004-07-16,0.9868071647397978
2004-07-19,0.9899380679802527
2004-07-20,0.9807923429159078
2004-07-21,0.9791105289854009
2004-07-22,0.9783628636532932
2004-07-23,0.9764947957389706
2004-07-26,0.9776780918246004
2004-07-27,0.9809333435510812
2004-07-28,0.9773919507928446
2004-07-29,0.9738761444603312
2004-07-30,0.9701475932380976
2004-08-02,0.9666778347999678
2004-08-03,0.9614367248646124
2004-08-04,0.9634691778037492
2004-08-05,0.9577639167616372
2004-08-06,0.9593395687201772
2004-08-09,0.96250113735656
2004-08-10,0.9645717569243152
2004-08-11,0.9634111802043202
2004-08-12,0.961547659205552
2004-08-13,0.9621168672069638
2004-08-16,0.9624032673177532
2004-08-17,0.963836863573061
2004-08-18,0.9502480998179138
2004-08-19,0.9453727618118334
2004-08-20,0.944516073526696
2004-08-23,0.94580887919378
2004-08-24,0.9466099691714884
2004-08-25,0.947858372333337
2004-08-26,0.948736601752886
2004-08-27,0.9504782743351732
2004-08-30,0.950285917797034
2004-08-31,0.95335094082935
2004-09-01,0.9567187731184206
2004-09-02,0.9593841639776272
2004-09-03,0.953918662035078
2004-09-07,0.9564360287138182
2004-09-08,0.9598463440274868
2004-09-09,0.9600617199255812
2004-09-10,0.9581961799424336
2004-09-13,0.9503673885297472
2004-09-14,0.950484840735957
2004-09-15,0.9506167650430156
2004-09-16,0.9514563718139796
2004-09-17,0.9503180137781412
2004-09-20,0.9455625767305252
2004-09-21,0.9413209950303626
2004-09-22,0.941989091911957
2004-09-23,0.9434630452756236
2004-09-24,0.9384437423440584
2004-09-27,0.941495853124678
2004-09-28,0.9449504342488316
2004-09-29,0.9480003134847776
2004-09-30,0.951418382875382
2004-10-01,0.9516846298044958
2004-10-04,0.9537358462441212
2004-10-05,0.9558262766608054
2004-10-06,0.9563972066617044
2004-10-07,0.9504722440688286
2004-10-08,0.9505792059493664
2004-10-11,0.9525027564384646
2004-10-12,0.951768337896376
2004-10-13,0.9481707119040332
2004-10-14,0.9465443093705062
2004-10-15,0.940357804453756
2004-10-18,0.9431987561009344
2004-10-19,0.9460831997901196
2004-10-20,0.9477985379978766
2004-10-21,0.9492167298159964
2004-10-22,0.9426929177943006
2004-10-25,0.9448535291295372
2004-10-26,0.9473228391007804
2004-10-27,0.9465417337062026
2004-10-28,0.9466407147897826
2004-10-29,0.9410964810450548
2004-11-01,0.9338532999944948
2004-11-02,0.9352541981466438
2004-11-03,0.9328990908813006
2004-11-04,0.931027692925376
2004-11-05,0.9339068666285724
2004-11-08,0.930369084114354
2004-11-09,0.9269779287957984
2004-11-10,0.9270793925487226
2004-11-11,0.9285715385265711
2004-11-12,0.9294368223829762
2004-11-15,0.9240915379306008
2004-11-16,0.925183306766848
2004-11-17,0.9233527900957108
2004-11-18,0.9153156987155796
2004-11-19,0.9103319964312788
2004-11-22,0.8911153810588561
2004-11-23,0.8869362326775074
2004-11-24,0.8885883881558045
2004-11-26,0.8908388757537103
2004-11-29,0.8924362692407425
2004-11-30,0.8869460907605914
2004-12-01,0.8868353105032598
2004-12-02,0.8879189814813399
2004-12-03,0.8825481707646817
2004-12-06,0.8832651359651424
2004-12-07,0.883663410096174
2004-12-08,0.8851747701881896
2004-12-09,0.8879895029056111
2004-12-10,0.885398874396931
2004-12-13,0.8867250773163878
2004-12-14,0.8878333132204866
2004-12-15,0.8804179604234375
2004-12-16,0.880554622606981
2004-12-17,0.8812743831454766
2004-12-20,0.8834859641757069
2004-12-21,0.8803688658934592
2004-12-22,0.8804657118403123
2004-12-23,0.8821031003562245
2004-12-27,0.8826411900123515
2004-12-28,0.8830090085265446
2004-12-29,0.8836279540023092
2004-12-30,0.877373610292188
2004-12-31,0.8787376152694405
2005-01-03,0.8784449931345596
2005-01-04,0.8777660745294612
2005-01-05,0.8778401108182706
2005-01-06,0.8799803117602634
2005-01-07,0.8811949405577879
2005-01-10,0.8830198368004112
2005-01-11,0.8825909253785649
2005-01-12,0.8829366616706184
2005-01-13,0.8841171947626214
2005-01-14,0.8791840358536822
2005-01-18,0.8837855399948817
2005-01-19,0.8842612286169172
2005-01-20,0.8861634768815181
2005-01-21,0.8824219322610354
2005-01-24,0.8822752035782276
2005-01-25,0.882947933722222
2005-01-26,0.8828549991497782
2005-01-27,0.874181286154488
2005-01-28,0.8744208720561997
2005-01-31,0.8746207136941211
2005-02-01,0.8748355632299806
2005-02-02,0.8766063636434889
2005-02-03,0.8700155005713776
2005-02-04,0.8710274385079838
2005-02-07,0.8722778195462338
2005-02-08,0.8739707564181494
2005-02-09,0.875661991228708
2005-02-10,0.8761689205310162
2005-02-11,0.8769088069732146
2005-02-14,0.877777642910387
2005-02-15,0.8799214612378775
2005-02-16,0.8819361010096411
2005-02-17,0.8825031551851831
2005-02-18,0.8776508419365187
2005-02-22,0.8806000430056314
2005-02-23,0.8834018911839153
2005-02-24,0.884844564025367
2005-02-25,0.8797507233623533
2005-02-28,0.8804047362712265
2005-03-01,0.8829991666090898
2005-03-02,0.8844415423381348
2005-03-03,0.8788276510896543
2005-03-04,0.8769822746594819
2005-03-07,0.8778008575572815
2005-03-08,0.8779224978632927
2005-03-09,0.8790160634849766
2005-03-10,0.8810679167161448
2005-03-11,0.8814262483032252
2005-03-14,0.8839298500517938
2005-03-15,0.8878381679958793
2005-03-16,0.8895572108429421
2005-03-17,0.8835374183336128
2005-03-18,0.8847305954910788
2005-03-21,0.8769149930769972
2005-03-22,0.8792183717707148
2005-03-23,0.881216456978333
2005-03-24,0.8833279416595499
2005-03-28,0.8847563677465783
2005-03-29,0.886712559999602
2005-03-30,0.8862476564365386
2005-03-31,0.8869639190988189
2005-04-01,0.887778737040137
2005-04-04,0.8889673496142577
2005-04-05,0.8850384343371556
2005-04-06,0.8877287690892377
2005-04-07,0.8896670130753125
2005-04-08,0.8916601423381101
2005-04-11,0.8940233127260155
2005-04-12,0.895315536569662
2005-04-13,0.8957920723910104
2005-04-14,0.8884916745743292
2005-04-15,0.8879074499331082
2005-04-18,0.8887988506036384
2005-04-19,0.8837838131034599
2005-04-20,0.8854716116735102
2005-04-21,0.884704260523895
2005-04-22,0.875392289981449
2005-04-25,0.874962442641554
2005-04-26,0.8763962271454198
2005-04-27,0.8781008837586866
2005-04-28,0.8791531597836073
2005-04-29,0.8807118925297914
2005-05-02,0.8820554980573054
2005-05-03,0.8651671544312625
2005-05-04,0.8643748229801155
2005-05-05,0.8654167715759048
2005-05-06,0.8665045137704732
2005-05-09,0.8679320389870132
2005-05-10,0.8689260442420697
2005-05-11,0.87096230111901
2005-05-12,0.872320972805191
2005-05-13,0.871721432585295
2005-05-16,0.8715912115656305
2005-05-17,0.8717714547975128
2005-05-18,0.8727706881956188
2005-05-19,0.8645178693843165
2005-05-20,0.8550019956506594
2005-05-23,0.8567531871880313
2005-05-24,0.8574286325563334
2005-05-25,0.8585431546203544
2005-05-26,0.8575730842440801
2005-05-27,0.8502480561811411
2005-05-31,0.8420570041059209
2005-06-01,0.8331975790188905
2005-06-02,0.8242756482299559
2005-06-03,0.8244747667918408
2005-06-06,0.8254983891758501
2005-06-07,0.8268970015310282
2005-06-08,0.8286486877076515
2005-06-09,0.8279869786752205
2005-06-10,0.8167944521881092
2005-06-13,0.8178046640013467
2005-06-14,0.8196600564909643
2005-06-15,0.8109484343324566
2005-06-16,0.8119389292762623
2005-06-17,0.8140432566666573
2005-06-20,0.8154855931374223
2005-06-21,0.8102263630526134
2005-06-22,0.8120453867240096
2005-06-23,0.8136170500736601
2005-06-24,0.8134336751204518
2005-06-27,0.8025885912645845
2005-06-28,0.8034643137560968
2005-06-29,0.80466558796393
2005-06-30,0.8046842870346665
2005-07-01,0.8069296567459331
2005-07-05,0.8073606504123048
2005-07-06,0.8082201794446812
2005-07-07,0.8086983915955581
2005-07-08,0.8078943550526764
2005-07-11,0.8077872143871742
2005-07-12,0.8079651606891003
2005-07-13,0.8076024358165943
2005-07-14,0.8081855340930956
2005-07-15,0.8085765072866985
2005-07-18,0.809878964454065
2005-07-19,0.808741734356748
2005-07-20,0.8101657570034986
2005-07-21,0.8113396118710305
2005-07-22,0.8127309600009822
2005-07-25,0.8126910494655376
2005-07-26,0.8132844108590292
2005-07-27,0.8028767631637991
2005-07-28,0.8043143460372204
2005-07-29,0.8058650746794307
2005-08-01,0.8047593956031556
2005-08-02,0.8059199196070042
2005-08-03,0.8066895738959914
2005-08-04,0.7985804063121581
2005-08-05,0.8004608738952202
2005-08-08,0.8000071253609776
2005-08-09,0.8008271118009643
2005-08-10,0.8002578314069847
2005-08-11,0.8011507141620279
2005-08-12,0.8007232881015023
2005-08-15,0.7884140097309434
2005-08-16,0.7885812488912701
2005-08-17,0.7892036114812054
2005-08-18,0.7898248419047239
2005-08-19,0.7911592075739267
2005-08-22,0.7927628809318373
2005-08-23,0.7941540750846928
2005-08-24,0.7945086252539091
2005-08-25,0.7956641905739168
2005-08-26,0.7968277897286199
2005-08-29,0.7987422537110241
2005-08-30,0.7998063548733062
2005-08-31,0.7978115145866765
2005-09-01,0.797657972429518
2005-09-02,0.7914608684551065
2005-09-06,0.7895706315081019
2005-09-07,0.7897397742006123
2005-09-08,0.7890890185716133
2005-09-09,0.7902759716376871
2005-09-12,0.7912254102254205
2005-09-13,0.7939537375180155
2005-09-14,0.7923181987322386
2005-09-15,0.7920338851222022
2005-09-16,0.7919241285697518
2005-09-19,0.7905434316299763
2005-09-20,0.7909366312651362
2005-09-21,0.7920306337168398
2005-09-22,0.7926793524847744
2005-09-23,0.7843522445375608
2005-09-26,0.785687766177858
2005-09-27,0.784155282491929
2005-09-28,0.7848871076510192
2005-09-29,0.7836604419480397
2005-09-30,0.7828686545344585
2005-10-03,0.782906299272433
2005-10-04,0.7827933828519453
2005-10-05,0.7743607359219977
2005-10-06,0.7742847007090806
2005-10-07,0.775319691709382
2005-10-10,0.7753896572501057
2005-10-11,0.7762204176126527
2005-10-12,0.7778250201685455
2005-10-13,0.7774110961485139
2005-10-14,0.7778265693425238
2005-10-17,0.7777523223381175
2005-10-18,0.7792291470459153
2005-10-19,0.7796169889060838
2005-10-20,0.7806953775593402
2005-10-21,0.7822346546305027
2005-10-24,0.7725338426410108
2005-10-25,0.7740200577863361
2005-10-26,0.7745858425429635
2005-10-27,0.7756820483771989
2005-10-28,0.7765597564197334
2005-10-31,0.7756577785997506
2005-11-01,0.7762363349589576
2005-11-02,0.7756948343856249
2005-11-03,0.7745596532111495
2005-11-04,0.7638018816410868
2005-11-07,0.7634606772097178
2005-11-08,0.7558442173870866
2005-11-09,0.736134118784045
2005-11-10,0.7303477121942926
2005-11-11,0.7312701402559618
2005-11-14,0.7311197920756676
2005-11-15,0.7319093076318832
2005-11-16,0.7250058120961046
2005-11-17,0.7244574809851894
2005-11-18,0.7237695107175441
2005-11-21,0.7238427379101965
2005-11-22,0.7238032860972085
2005-11-23,0.7237645886106483
2005-11-25,0.7239902935397274
2005-11-28,0.723791220686252
2005-11-29,0.7230343841501113
2005-11-30,0.7226583717197025
2005-12-01,0.7229943805011401
2005-12-02,0.7236597791092709
2005-12-05,0.7166199778158139
2005-12-06,0.7150407374790497
2005-12-07,0.7150518367485974
2005-12-08,0.714340836199756
2005-12-09,0.7046622214160775
2005-12-12,0.7044359728171512
2005-12-13,0.7042099724319222
2005-12-14,0.7046046384135631
2005-12-15,0.7056505079456723
2005-12-16,0.7069659403488338
2005-12-19,0.7083069213474036
2005-12-20,0.7091458679271814
2005-12-21,0.708214707438265
2005-12-22,0.7082556765899147
2005-12-23,0.7084117780552838
2005-12-27,0.7090417348189658
2005-12-28,0.7108219988940017
2005-12-29,0.7115418264258402
2005-12-30,0.713311416580441
2006-01-03,0.7063462712483178
2006-01-04,0.7057438875538008
2006-01-05,0.7058785322134553
2006-01-06,0.7059340028645745
2006-01-09,0.7068819096888657
2006-01-10,0.7067458683307649
2006-01-11,0.7067588311922941
2006-01-12,0.7071441960788887
2006-01-13,0.7079314071097442
2006-01-17,0.7060141386101145
2006-01-18,0.7061746456220593
2006-01-19,0.7054405396491096
2006-01-20,0.7058756912238537
2006-01-23,0.705327690950273
2006-01-24,0.7054515308785292
2006-01-25,0.7067203642771607
2006-01-26,0.7061969788722484
2006-01-27,0.6996135867173614
2006-01-30,0.699492563103225
2006-01-31,0.6900223128302271
2006-02-01,0.6901353555582338
2006-02-02,0.6897848918548537
2006-02-03,0.6907340975015621
2006-02-06,0.6885955734622072
2006-02-07,0.6883655846099788
2006-02-08,0.6884288375308982
2006-02-09,0.6883087777064738
2006-02-10,0.6884388866420926
2006-02-13,0.6885124813647447
2006-02-14,0.6874035920830799
2006-02-15,0.6883571756109037
2006-02-16,0.6885921761532815
2006-02-17,0.688776942004371
2006-02-21,0.6883154146058668
2006-02-22,0.6882429957013558
2006-02-23,0.6879275082408229
2006-02-24,0.6879115241331147
2006-02-27,0.6772398099056964
2006-02-28,0.6772092397756376
2006-03-01,0.6762158579127123
2006-03-02,0.6762217372756529
2006-03-03,0.676703562223491
2006-03-06,0.6761195726010764
2006-03-07,0.6753491210197237
2006-03-08,0.6753847040026335
2006-03-09,0.6753847040026335
2006-03-10,0.6753847040026335
2006-03-13,0.6647518030668995
2006-03-14,0.6644651681323819
2006-03-15,0.6649309609876205
2006-03-16,0.6649844195258783
2006-03-17,0.664912932471582
2006-03-20,0.6648771798650734
2006-03-21,0.6656558176427348
2006-03-22,0.6642779000171699
2006-03-23,0.6647714345607396
2006-03-24,0.6666833380695418
2006-03-27,0.653140437913649
2006-03-28,0.6532014460406275
2006-03-29,0.652252698068319
2006-03-30,0.6523757024277516
2006-03-31,0.6530777876218847
2006-04-03,0.6518258692365623
2006-04-04,0.6515498006381345
2006-04-05,0.6514782134992632
2006-04-06,0.6431932966771854
2006-04-07,0.643198084531159
2006-04-10,0.6430050993545702
2006-04-11,0.6435072021641605
2006-04-12,0.6434790163887297
2006-04-13,0.6371268764940001
2006-04-17,0.6380797600798591
2006-04-18,0.6367337342176798
2006-04-19,0.6366631711333599
2006-04-20,0.636627900060137
2006-04-21,0.6366564705683825
2006-04-24,0.636621215576302
2006-04-25,0.6291146401993039
2006-04-26,0.6216998697288174
2006-04-27,0.6206803034703876
2006-04-28,0.6206440080436627
2006-05-01,0.6206077202803933
2006-05-02,0.6207183493044709
2006-05-03,0.6220580524493244
2006-05-04,0.6213349345596119
2006-05-05,0.6151782501872937
2006-05-08,0.6150430616968341
2006-05-09,0.6146520370003604
2006-05-10,0.6135572301505906
2006-05-11,0.6137064741693459
2006-05-12,0.6137829102666138
2006-05-15,0.6138956964684836
2006-05-16,0.6138229225689608
2006-05-17,0.6135684602555027
2006-05-18,0.6134746497042721
2006-05-19,0.6126794010732153
2006-05-22,0.6128679279267548
2006-05-23,0.6124653664846308
2006-05-24,0.6075738334731411
2006-05-25,0.6065024717098271
2006-05-26,0.6068902622366015
2006-05-30,0.6072341347211173
2006-05-31,0.6071974817028052
2006-06-01,0.6072114617991761
2006-06-02,0.6073282685322905
2006-06-05,0.6072619979224086
2006-06-06,0.607582156114443
2006-06-07,0.6068156857065949
2006-06-08,0.6069826155630461
2006-06-09,0.6077091393485706
2006-06-12,0.6072358231302682
2006-06-13,0.6072496528469279
2006-06-14,0.6071476750001968
2006-06-15,0.6070026089787369
2006-06-16,0.6070821092083859
2006-06-19,0.6008652640461216
2006-06-20,0.6007903301506036
2006-06-21,0.602282547673223
2006-06-22,0.6014627851895908
2006-06-23,0.6011423744625466
2006-06-26,0.6007560559663647
2006-06-27,0.6004607685719247
2006-06-28,0.6005819914900761
2006-06-29,0.591151201302975
2006-06-30,0.5994791632139699
2006-07-03,0.5913391123039069
2006-07-05,0.5914302874414337
2006-07-06,0.5906799735221515
2006-07-07,0.5908247587630258
2006-07-10,0.5908945384678626
2006-07-11,0.5905210655942448
2006-07-12,0.5902973998505574
2006-07-13,0.5894765805694202
2006-07-14,0.5899136195613797
2006-07-17,0.589449709807393
2006-07-18,0.5892453197500371
2006-07-19,0.5890810965228839
2006-07-20,0.5891885633366704
2006-07-21,0.5899962692510937
2006-07-24,0.5902465576375894
2006-07-25,0.5893629856350765
2006-07-26,0.5891825291184499
2006-07-27,0.588928446442637
2006-07-28,0.5895167056664958
2006-07-31,0.5893694371980253
2006-08-01,0.5894229987660151
2006-08-02,0.5893964460253515
2006-08-03,0.589829679131194
2006-08-04,0.5895065214416519
2006-08-07,0.5850226126536731
2006-08-08,0.5849155274811999
2006-08-09,0.5849768065919912
2006-08-10,0.5841199835023684
2006-08-11,0.580826054155216
2006-08-14,0.5804229958615071
2006-08-15,0.5791132941258965
2006-08-16,0.5789072884410604
2006-08-17,0.5789169210421113
2006-08-18,0.5788262242422992
2006-08-21,0.5788501682039254
2006-08-22,0.5786693387347976
2006-08-23,0.5786370717475504
2006-08-24,0.5787185185366825
2006-08-25,0.578662525429571
2006-08-28,0.5684750752882878
2006-08-29,0.56782493544529
2006-08-30,0.5677867789281626
2006-08-31,0.5677867789281626
2006-09-01,0.5677867789281626
2006-09-05,0.5683164924436135
2006-09-06,0.567990757949961
2006-09-07,0.5681285226229758
2006-09-08,0.5673336555578276
2006-09-11,0.5673336555578276
2006-09-12,0.5672959089956738
2006-09-13,0.5672581718815582
2006-09-14,0.5672204442116742
2006-09-15,0.5606129422733029
2006-09-18,0.5605704748116825
2006-09-19,0.5597973631280884
2006-09-20,0.5602528237055273
2006-09-21,0.5610468617420519
2006-09-22,0.5604302172246277
2006-09-25,0.5596275507714409
2006-09-26,0.5595883576852281
2006-09-27,0.561095400445534
2006-09-28,0.5611584390983367
2006-09-29,0.5621648850689891
2006-10-02,0.5621882028538745
2006-10-03,0.5630725807891969
2006-10-04,0.5621590301864642
2006-10-05,0.5622690562562591
2006-10-06,0.5620809031882649
2006-10-09,0.5620809031882649
2006-10-10,0.5620809031882649
2006-10-11,0.5621185147688675
2006-10-12,0.5626083323782519
2006-10-13,0.5623820624036825
2006-10-16,0.5619223827049558
2006-10-17,0.554591941564138
2006-10-18,0.5548263813774441
2006-10-19,0.5547129972432906
2006-10-20,0.555419660740663
2006-10-23,0.555307985408612
2006-10-24,0.5553100852698647
2006-10-25,0.5571760927202911
2006-10-26,0.5571007543171568
2006-10-27,0.5573343490763195
2006-10-30,0.5573736168378562
2006-10-31,0.5574529890755369
2006-11-01,0.5571864900581348
2006-11-02,0.5580722047874442
2006-11-03,0.5588382317135976
2006-11-06,0.545814409008153
2006-11-07,0.5457074582032649
2006-11-08,0.5459303254308373
2006-11-09,0.5454366506725201
2006-11-10,0.5455623689352156
2006-11-13,0.5458521764142257
2006-11-14,0.5448890615251993
2006-11-15,0.5451580769663925
2006-11-16,0.5454374327902907
2006-11-17,0.5456012636113583
2006-11-20,0.5457360706831776
2006-11-21,0.5467249425695112
2006-11-22,0.5460130258674306
2006-11-24,0.5465384877143415
2006-11-27,0.5462029460329777
2006-11-28,0.5350009653686724
2006-11-29,0.536042513563005
2006-11-30,0.5362302474454194
2006-12-01,0.5366496428121634
2006-12-04,0.5370962172239637
2006-12-05,0.5360735183056973
2006-12-06,0.5363176646693528
2006-12-07,0.5366546656627726
2006-12-08,0.5372747223296481
2006-12-11,0.5362445963565904
2006-12-12,0.5360926329447985
2006-12-13,0.5357513229375293
2006-12-14,0.5355998990002662
2006-12-15,0.5359932355150371
2006-12-18,0.5295441159428378
2006-12-19,0.5300005992751431
2006-12-20,0.5309301989173479
2006-12-21,0.5307015031557497
2006-12-22,0.5301786083717923
2006-12-26,0.5301628317280532
2006-12-27,0.5301859056825637
2006-12-28,0.5303094975303689
2006-12-29,0.5308106503173848
2007-01-03,0.5317617955151228
2007-01-04,0.5312477063247532
2007-01-05,0.5324590686028902
2007-01-08,0.5227726201780537
2007-01-09,0.5230523161381994
2007-01-10,0.5223998223490468
2007-01-11,0.5231614674595326
2007-01-12,0.523339933889289
2007-01-16,0.5231728366619496
2007-01-17,0.5228582360217391
2007-01-18,0.5224660239462353
2007-01-19,0.522270349134883
2007-01-22,0.5226052606204314
2007-01-23,0.5233317899899516
2007-01-24,0.523144886286359
2007-01-25,0.5224832784498812
2007-01-26,0.5228975206363996
2007-01-29,0.5232532822265681
2007-01-30,0.5235878272360757
2007-01-31,0.5068392691196439
2007-02-01,0.507143232468245
2007-02-02,0.5071647631710421
2007-02-05,0.5061594898168347
2007-02-06,0.5070013392515579
2007-02-07,0.5068213132309205
2007-02-08,0.5073627424985009
2007-02-09,0.507842676775891
2007-02-12,0.5074540958121023
2007-02-13,0.5073833887144695
2007-02-14,0.4974546487404778
2007-02-15,0.4972949961324057
2007-02-16,0.4972130429689103
2007-02-20,0.4962226898443257
2007-02-21,0.4974305822832584
2007-02-22,0.498533433362178
2007-02-23,0.4992222888807184
2007-02-26,0.4992152865788754
2007-02-27,0.4992152865788754
2007-02-28,0.49972600906873
2007-03-01,0.4995746588721734
2007-03-02,0.4994084853730136
2007-03-05,0.4995986397199904
2007-03-06,0.4997643350277403
2007-03-07,0.500323362917014
2007-03-08,0.5011579814535032
2007-03-09,0.5034489900660822
2007-03-12,0.5037738462915731
2007-03-13,0.5035177273285096
2007-03-14,0.5034330296579165
2007-03-15,0.5039017257401248
2007-03-16,0.5046369609487003
2007-03-19,0.5044205694449718
2007-03-20,0.5040773119406639
2007-03-21,0.504667617715404
2007-03-22,0.5047657995062148
2007-03-23,0.5048049796845292
2007-03-26,0.505500084527563
2007-03-27,0.5052254910445397
2007-03-28,0.5051769437294592
2007-03-29,0.5057665176784147
2007-03-30,0.505578648945574
2007-04-02,0.5064387233441222
2007-04-03,0.5058885127544144
2007-04-04,0.5057709193253793
2007-04-05,0.505009677798569
2007-04-09,0.5052831959823257
2007-04-10,0.5053223181575222
2007-04-11,0.5053823289089848
2007-04-12,0.5061860667244865
2007-04-13,0.5056749609477548
2007-04-16,0.5065098805144606
2007-04-17,0.5067848159880933
2007-04-18,0.5082447421849658
2007-04-19,0.5094641477089578
2007-04-20,0.5104409636149649
2007-04-23,0.511049555156955
2007-04-24,0.5108972893098126
2007-04-25,0.5111744637024579
2007-04-26,0.5108149364545556
2007-04-27,0.510848037310432
2007-04-30,0.5106359852733316
2007-05-01,0.512283976517732
2007-05-02,0.5131323057503927
2007-05-03,0.5141807974040908
2007-05-04,0.5137373859306588
2007-05-07,0.5138580846033962
2007-05-08,0.5138580415996166
2007-05-09,0.5134542978317084
2007-05-10,0.5132919051514341
2007-05-11,0.5140605372224014
2007-05-14,0.5146274577886667
2007-05-15,0.5140193195535756
2007-05-16,0.5143016057111109
2007-05-17,0.5137776063900823
2007-05-18,0.513333457329911
2007-05-21,0.5139792407102953
2007-05-22,0.5138174942495307
2007-05-23,0.5139386987370629
2007-05-24,0.5134954652405017
2007-05-25,0.5138176671331256
2007-05-29,0.5142211981476494
2007-05-30,0.5148257328013088
2007-05-31,0.5140190614869303
2007-06-01,0.5135360837786186
2007-06-04,0.513979067612084
2007-06-05,0.513493736984974
2007-06-06,0.5138983423697506
2007-06-07,0.5135749044713177
2007-06-08,0.5134124457226444
2007-06-11,0.5134119236671747
2007-06-12,0.5142627811185062
2007-06-13,0.5143020372159197
2007-06-14,0.5139386125842202
2007-06-15,0.5136569822751497
2007-06-18,0.5138983423697506
2007-06-19,0.5141393781543072
2007-06-20,0.5138180961245264
2007-06-21,0.5135773126453319
2007-06-22,0.5137776063900823
2007-06-25,0.5137772187674712
2007-06-26,0.5133340608221071
2007-06-27,0.5127296875276705
2007-06-28,0.5120455243787944
2007-06-29,0.5130921127667429
2007-07-02,0.5140996030893493
2007-07-03,0.513417094277015
2007-07-05,0.5125763715510707
2007-07-06,0.5123374522876133
2007-07-09,0.5122976751736914
2007-07-10,0.5128157316164675
2007-07-11,0.5121729291887352
2007-07-12,0.5119676247834689
2007-07-13,0.511923495081271
2007-07-16,0.5108780690937114
2007-07-17,0.5118413273789978
2007-07-18,0.5125707328013883
2007-07-19,0.5127346594830117
2007-07-20,0.5128578798625761
2007-07-23,0.5138185205777269
2007-07-24,0.512982369221957
2007-07-25,0.5142573860001829
2007-07-26,0.5138186891044079
2007-07-27,0.5138585096467971
2007-07-30,0.5136592764056175
2007-07-31,0.5136988795701682
2007-08-01,0.5136592764056175
2007-08-02,0.5138585096467971
2007-08-03,0.5137395871501467
2007-08-06,0.5133441264187875
2007-08-07,0.5137795078748602
2007-08-08,0.5129092859303533
2007-08-09,0.5130248269051272
2007-08-10,0.5119879922039848
2007-08-13,0.5125026091546635
2007-08-14,0.5125833529859725
2007-08-15,0.5124248612306593
2007-08-16,0.5121461183434646
2007-08-17,0.5118234965353885
2007-08-20,0.5122163740554952
2007-08-21,0.5122163740554952
2007-08-22,0.5129376204210864
2007-08-23,0.512739589311878
2007-08-24,0.5129396548271278
2007-08-27,0.5135796852239943
2007-08-28,0.502268228913958
2007-08-29,0.5017091843404968
2007-08-30,0.5013974998023581
2007-08-31,0.5020353873489777
2007-09-04,0.501424027920944
2007-09-05,0.5003343694251567
2007-09-06,0.5009999994964534
2007-09-07,0.5017091843404968
2007-09-10,0.5011683203228925
2007-09-11,0.501425715330887
2007-09-12,0.5011017632343341
2007-09-13,0.5011161699482627
2007-09-14,0.5006070184062393
2007-09-17,0.5014956999256428
2007-09-18,0.5004965999180067
2007-09-19,0.5014397753757257
2007-09-20,0.5020349063163834
2007-09-21,0.5030458400961808
2007-09-24,0.5031633472832909
2007-09-25,0.5031469081210496
2007-09-26,0.5023279206628619
2007-09-27,0.5022877081932523
2007-09-28,0.5022073217793488
2007-10-01,0.5020868383719121
2007-10-02,0.501806158487209
2007-10-03,0.5016724565064281
2007-10-04,0.5019398312209556
2007-10-05,0.5025568030653218
2007-10-08,0.5026500836045812
2007-10-09,0.5024613981258543
2007-10-10,0.5026724450718221
2007-10-11,0.5024701387190484
2007-10-12,0.5031694973705405
2007-10-15,0.5038646941882932
2007-10-16,0.5041868656327682
2007-10-17,0.5045056189410323
2007-10-18,0.5044362308544286
2007-10-19,0.5029233350330526
2007-10-22,0.5034894240689456
2007-10-23,0.5040385840365335
2007-10-24,0.5036533696846792
2007-10-25,0.5034558412561063
2007-10-26,0.5039304291759248
2007-10-29,0.504258352681663
2007-10-30,0.5036645318660365
2007-10-31,0.5037940871835264
2007-11-01,0.5037151299009762
2007-11-02,0.5038445331152789
2007-11-05,0.5038160433934777
2007-11-06,0.5035011673673395
2007-11-07,0.5031870743107532
2007-11-08,0.5029793375869429
2007-11-09,0.5026931527584455
2007-11-12,0.5030969702135999
2007-11-13,0.5041240980184029
2007-11-14,0.5041950390855139
2007-11-15,0.5044324484404324
2007-11-16,0.5045019760799647
2007-11-19,0.5036457972030098
2007-11-20,0.5035959951631834
2007-11-21,0.5028790233576772
2007-11-23,0.5035684234327394
2007-11-26,0.5031320026950084
2007-11-27,0.5046376700262497
2007-11-28,0.504283978944761
2007-11-29,0.5039489510965507
2007-11-30,0.5040773119406639
2007-12-03,0.504302500028029
2007-12-04,0.5026931527584455
2007-12-05,0.5021862288521984
2007-12-06,0.5007247352070014
2007-12-07,0.5004472030983248
2007-12-10,0.5001293002438965
2007-12-11,0.5003247748882873
2007-12-12,0.5004569156953244
2007-12-13,0.5001833630083654
2007-12-14,0.4987810296240866
2007-12-17,0.4990530926549556
2007-12-18,0.4989752997250864
2007-12-19,0.4989364214630502
2007-12-20,0.4996069035573424
2007-12-21,0.4991338048292824
2007-12-24,0.4990725260859605
2007-12-26,0.4999475346544284
2007-12-27,0.5006266323961303
2007-12-28,0.5006022582815313
2007-12-31,0.5017959530246279
2008-01-02,0.5027535645044598
2008-01-03,0.5042471928642933
2008-01-04,0.5034796075944512
2008-01-07,0.5033633271746809
2008-01-08,0.502825204133778
2008-01-09,0.5028133282333503
2008-01-10,0.5031352398094229
2008-01-11,0.5024773230472563
2008-01-14,0.5020660739359887
2008-01-15,0.5010543404912177
2008-01-16,0.5018996488418882
2008-01-17,0.5022209712333897
2008-01-18,0.5019637757653357
2008-01-22,0.5034244936256487
2008-01-23,0.5035018670000083
2008-01-24,0.5045710785133501
2008-01-25,0.5048829847073395
2008-01-28,0.5052831959823257
2008-01-29,0.5057969697943983
2008-01-30,0.5057276046625949
2008-01-31,0.5050570241691033
2008-02-01,0.5047080232792917
2008-02-04,0.5045432731724933
2008-02-05,0.5049214660698929
2008-02-06,0.5048729669457673
2008-02-07,0.5049118765630551
2008-02-08,0.5048536459839721
2008-02-11,0.5057142039479595
2008-02-12,0.5057142039479595
2008-02-13,0.5054397570390683
2008-02-14,0.5059362741603443
2008-02-15,0.505545003538668
2008-02-19,0.5054069875329409
2008-02-20,0.5002764332610969
2008-02-21,0.5000967192979082
2008-02-22,0.4998348885848893
2008-02-25,0.4994259932670918
2008-02-26,0.5009376673047087
2008-02-27,0.5018311037728133
2008-02-28,0.5013796417987262
2008-02-29,0.5014348337346427
2008-03-03,0.501096068698493
2008-03-04,0.5011105845752076
2008-03-05,0.5011105845752076
2008-03-06,0.5011657160559548
2008-03-07,0.5017774646719575
2008-03-10,0.5010699055255811
2008-03-11,0.501463170624116
2008-03-12,0.5014899179786072
2008-03-13,0.50207740202395
2008-03-14,0.50161372064506
2008-03-17,0.5014098839555183
2008-03-18,0.5020358718152933
2008-03-19,0.502021951881921
2008-03-20,0.5030091274786026
2008-03-24,0.5034121164701021
2008-03-25,0.5035693362065482
2008-03-26,0.5038474273377155
2008-03-27,0.5059162295747123
2008-03-28,0.5069751346596917
2008-03-31,0.5064094247799886
2008-04-01,0.5066220532076318
2008-04-02,0.5064502999422511
2008-04-03,0.5056391684978704
2008-04-04,0.5054571897865334
2008-04-07,0.5054068523300661
2008-04-08,0.5057981025750521
2008-04-09,0.5055517565837122
2008-04-10,0.5053155173775349
2008-04-11,0.5053251259993417
2008-04-14,0.5057208135342113
2008-04-15,0.5063361448266075
2008-04-16,0.505743756443303
2008-04-17,0.5055817961295657
2008-04-18,0.5056444569835662
2008-04-21,0.5057978666541162
2008-04-22,0.5063445571175894
2008-04-23,0.5069958255128777
2008-04-24,0.5066378240080961
2008-04-25,0.5073583861927942
2008-04-28,0.5079205348277941
2008-04-29,0.5078931916318885
2008-04-30,0.5091901026203955
2008-05-01,0.5082668306580297
2008-05-02,0.5084799073293649
2008-05-05,0.5083252772954332
2008-05-06,0.5087671898614453
2008-05-07,0.5088988610218811
2008-05-08,0.5096429626971692
2008-05-09,0.5105167661261617
2008-05-12,0.5104438219370936
2008-05-13,0.5106149538219794
2008-05-14,0.5106149538219794
2008-05-15,0.5089472631227249
2008-05-16,0.5101111679387191
2008-05-19,0.5106007815537703
2008-05-20,0.5100350984030868
2008-05-21,0.5103961803280553
2008-05-22,0.5109291692714654
2008-05-23,0.5116292845653687
2008-05-27,0.5120796972078641
2008-05-28,0.4952746142217007
2008-05-29,0.4947477197176111
2008-05-30,0.4943825016425884
2008-06-02,0.4942382004768448
2008-06-03,0.4940937066917839
2008-06-04,0.494869700450445
2008-06-05,0.4949324426657261
2008-06-06,0.4952822672501089
2008-06-09,0.4949983014423773
2008-06-10,0.4947554223213017
2008-06-11,0.4945937688396311
2008-06-12,0.4947149890308279
2008-06-13,0.4946705277549405
2008-06-16,0.4945671336060503
2008-06-17,0.4947293592915128
2008-06-18,0.4950763268003282
2008-06-19,0.4952010673462453
2008-06-20,0.4951011324883738
2008-06-23,0.4953681596021034
2008-06-24,0.4951070550260791
2008-06-25,0.4952898070844395
2008-06-26,0.494441535641162
2008-06-27,0.494441535641162
2008-06-30,0.4946423829378345
2008-07-01,0.4944191508932274
2008-07-02,0.4950637041985874
2008-07-03,0.4952253712711877
2008-07-07,0.4954682702761095
2008-07-08,0.495874168132115
2008-07-09,0.4956110383634973
2008-07-10,0.495512708406377
2008-07-11,0.4960190046060256
2008-07-14,0.496564010419584
2008-07-15,0.4969069945659891
2008-07-16,0.4972691548658863
2008-07-17,0.4972881779489634
2008-07-18,0.4984500798595127
2008-07-21,0.4980053303694779
2008-07-22,0.4976023893988693
2008-07-23,0.4975033216464391
2008-07-24,0.4981264679821658
2008-07-25,0.4984448394082038
2008-07-28,0.4985202612469966
2008-07-29,0.4986183101635857
2008-07-30,0.498837152146059
2008-07-31,0.4986931472715784
2008-08-01,0.5005017807971363
2008-08-04,0.5012231472735259
2008-08-05,0.501009536371299
2008-08-06,0.5009692263479523
2008-08-07,0.5006323222536743
2008-08-08,0.5000792633457152
2008-08-11,0.4989958572167142
2008-08-12,0.4998556370668731
2008-08-13,0.5000883845469876
2008-08-14,0.5002553510453615
2008-08-15,0.5003412206847061
2008-08-18,0.5004114893149262
2008-08-19,0.5003219244150754
2008-08-20,0.4998998013756398
2008-08-21,0.4998360889582871
2008-08-22,0.4994800842166241
2008-08-25,0.4990234363440745
2008-08-26,0.4989550651835026
2008-08-27,0.4992777433020449
2008-08-28,0.4993878758597558
2008-08-29,0.4994585989393244
2008-09-02,0.4995523005820667
2008-09-03,0.4990789895385527
2008-09-04,0.4994135736793499
2008-09-05,0.499159199448496
2008-09-08,0.4993834963841848
2008-09-09,0.4997380221265526
2008-09-10,0.4991618801258163
2008-09-11,0.4992385455166721
2008-09-12,0.4991618801258163
2008-09-15,0.4990309753411736
2008-09-16,0.4990149458253549
2008-09-17,0.4999390786514813
2008-09-18,0.4999390786514813
2008-09-19,0.4999777330097408
2008-09-22,0.5001324700806412
2008-09-23,0.4999239562867739
2008-09-24,0.5002873988611594
2008-09-25,0.4998231872632732
2008-09-26,0.5005392808353369
2008-09-29,0.4998302239175761
2008-09-30,0.5000613342148124
2008-10-01,0.5000377391038614
2008-10-02,0.4998220903205578
2008-10-03,0.500380465860508
2008-10-06,0.4886530489987388
2008-10-07,0.4898990067901848
2008-10-08,0.4896352328000681
2008-10-09,0.4893162625653906
2008-10-10,0.4889584232342299
2008-10-13,0.4884829462666226
2008-10-14,0.4885224979214909
2008-10-15,0.4884634551735831
2008-10-16,0.4882453479986813
2008-10-17,0.4896751632211014
2008-10-20,0.4892653256524261
2008-10-21,0.4896916811870363
2008-10-22,0.4897315279022943
2008-10-23,0.4902382940778513
2008-10-24,0.50146445144459
2008-10-27,0.501026861420451
2008-10-28,0.5013207406096664
2008-10-29,0.501359251571407
2008-10-30,0.5008211710677737
2008-10-31,0.5007828249717043
2008-11-03,0.5008211710677737
2008-11-04,0.5006153551493749
2008-11-05,0.5018996488418882
2008-11-06,0.5017706266036588
2008-11-07,0.5008348002973251
2008-11-10,0.5017319457473479
2008-11-11,0.5017706266036588
2008-11-12,0.5008911111688148
2008-11-13,0.500224723328224
2008-11-14,0.4999560300670218
2008-11-17,0.49949011919589
2008-11-18,0.498942606855893
2008-11-19,0.4991442599960312
2008-11-20,0.4989714929259835
2008-11-21,0.4992686609791664
2008-11-24,0.5000714000037394
2008-11-25,0.4996460380164768
2008-11-26,0.5002838797221824
2008-11-28,0.4996774626553943
2008-12-01,0.4996774626553943
2008-12-02,0.4997168005401453
2008-12-03,0.5001563896393894
2008-12-04,0.4991833845185373
2008-12-05,0.4989159211271364
2008-12-08,0.4994097797209816
2008-12-09,0.500056115810675
2008-12-10,0.5009711009453892
2008-12-11,0.5006000946095464
2008-12-12,0.5004567337340605
2008-12-15,0.5005853810134884
2008-12-16,0.5008774391988022
2008-12-17,0.501024989642281
2008-12-18,0.5000866504729489
2008-12-19,0.4997955134985433
2008-12-22,0.4996460380164768
2008-12-23,0.4998672268828816
2008-12-24,0.4993850336100172
2008-12-26,0.5007293747953322
2008-12-29,0.5012232413059159
2008-12-30,0.50011086211648
2008-12-31,0.5003478966317823
2009-01-02,0.4997955134985433
2009-01-05,0.4998587861698382
2009-01-06,0.4997643350277403
2009-01-07,0.5002386461917419
2009-01-08,0.5011412685312114
2009-01-09,0.5015013209586577
2009-01-12,0.5015286972927775
2009-01-13,0.5018864276571693
2009-01-14,0.5022159123589822
2009-01-15,0.5016235694136785
2009-01-16,0.5014010920229366
2009-01-20,0.5014130714872301
2009-01-21,0.5007270335249461
2009-01-22,0.5005010770601437
2009-01-23,0.5005944605355371
2009-01-26,0.4997087489878017
2009-01-27,0.4993791914526071
2009-01-28,0.4997480052089771
2009-01-29,0.4993559973313918
2009-01-30,0.4984301606025871
2009-02-02,0.4989159211271364
2009-02-03,0.4982179306868152
2009-02-04,0.4978107740609283
2009-02-05,0.4973263302259476
2009-02-06,0.4978673349628902
2009-02-09,0.497651980336143
2009-02-10,0.4979975691638895
2009-02-11,0.4985030581074399
2009-02-12,0.4994660172367771
2009-02-13,0.4999579133465389
2009-02-17,0.4993965006264703
2009-02-18,0.4996146570035707
2009-02-19,0.4997554211530177
2009-02-20,0.4999120321897629
2009-02-23,0.5002800874322944
2009-02-24,0.5001231965812452
2009-02-25,0.5001624008472483
2009-02-26,0.4997863656886908
2009-02-27,0.5004325176573498
2009-03-02,0.5010369712208488
2009-03-03,0.5005543989774341
2009-03-04,0.5009197915431248
2009-03-05,0.5012347930126719
2009-03-06,0.5010009763098767
2009-03-09,0.5001801882782932
2009-03-10,0.4995527485634347
2009-03-11,0.4991631648798398
2009-03-12,0.4985703347313416
2009-03-13,0.4993488235147871
2009-03-16,0.499309783390554
2009-03-17,0.4994427870236885
2009-03-18,0.4993027357812133
2009-03-19,0.4997627861521372
2009-03-20,0.4998714622798466
2009-03-23,0.4998478501887161
2009-03-24,0.4992957211197472
2009-03-25,0.498238680534462
2009-03-26,0.4974527911333594
2009-03-27,0.4970128007562798
2009-03-30,0.4970329293723897
2009-03-31,0.4967057847516657
2009-04-01,0.4957460830643827
2009-04-02,0.495285695386761
2009-04-03,0.4961480706748302
2009-04-06,0.4964363163725384
2009-04-07,0.4967432936060419
2009-04-08,0.4965316803694076
2009-04-09,0.4966272094918559
2009-04-13,0.4967225900051062
2009-04-14,0.4961105627402285
2009-04-15,0.4957473770508545
2009-04-16,0.4952880625050654
2009-04-17,0.4948075496161635
2009-04-20,0.4944397864702869
2009-04-21,0.4939943001781905
2009-04-22,0.493531473983502
2009-04-23,0.4940106684795541
2009-04-24,0.4949743927778968
2009-04-27,0.4949774957280332
2009-04-28,0.4952678108933083
2009-04-29,0.4946002555229681
2009-04-30,0.4938316416690848
2009-05-01,0.4942328134471325
2009-05-04,0.4936800750854409
2009-05-05,0.4936739501505715
2009-05-06,0.493394979991629
2009-05-07,0.493098690963627
2009-05-08,0.4920586156231435
2009-05-11,0.4913765136424834
2009-05-12,0.4914410773407945
2009-05-13,0.4905143111815017
2009-05-14,0.4899144361676815
2009-05-15,0.4898992031860779
2009-05-18,0.4888760701848761
2009-05-19,0.4885734110282906
2009-05-20,0.4892781682126634
2009-05-21,0.4895461138388225
2009-05-22,0.4886694965852558
2009-05-26,0.4884499801018125
2009-05-27,0.4877612163586311
2009-05-28,0.4886511180659343
2009-05-29,0.4881343398431503
2009-06-01,0.4875876142249985
2009-06-02,0.4876727950453867
2009-06-03,0.4876518944481753
2009-06-04,0.4859312087226498
2009-06-05,0.4863508139378218
2009-06-08,0.4857534770862032
2009-06-09,0.4856010982553522
2009-06-10,0.486052150778514
2009-06-11,0.4864727123235073
2009-06-12,0.4873401239172874
2009-06-15,0.4881134155463196
2009-06-16,0.4889610997460455
2009-06-17,0.4896902459598429
2009-06-18,0.4905575244154901
2009-06-19,0.4912707468023791
2009-06-22,0.4893537594520484
2009-06-23,0.4892595762669512
2009-06-24,0.4891050400493464
2009-06-25,0.4879887038497689
2009-06-26,0.488652601170893
2009-06-29,0.4874984462964046
2009-06-30,0.486840918024105
2009-07-01,0.4877463767867586
2009-07-02,0.4867027326768907
2009-07-06,0.4881227589112485
2009-07-07,0.4887397685615069
2009-07-08,0.4893537594520484
2009-07-09,0.4887580540601218
2009-07-10,0.4888839012276957
2009-07-13,0.487592422136782
2009-07-14,0.4873099556498282
2009-07-15,0.4878800575455593
2009-07-16,0.4876571290847627
2009-07-17,0.4881215896673648
2009-07-20,0.4879370003059275
2009-07-21,0.4880828161690096
2009-07-22,0.4870339900838407
2009-07-23,0.485727157416275
2009-07-24,0.48641495828658
2009-07-27,0.4851347892512072
2009-07-28,0.4849477028484555
2009-07-29,0.484755376071738
2009-07-30,0.4855083984501633
2009-07-31,0.4860606702473412
2009-08-03,0.4854579572247181
2009-08-04,0.4846017375459677
2009-08-05,0.4846884446466771
2009-08-06,0.4854551851179534
2009-08-07,0.4861651848244242
2009-08-10,0.4859008567477622
2009-08-11,0.4862744127236458
2009-08-12,0.4866234569271623
2009-08-13,0.4872687869792788
2009-08-14,0.4871130932996431
2009-08-17,0.4878062247857442
2009-08-18,0.4879441032951045
2009-08-19,0.489048778373003
2009-08-20,0.4897614215409295
2009-08-21,0.4897105728255795
2009-08-24,0.4904854068649649
2009-08-25,0.4905643227861233
2009-08-26,0.4907360130163937
2009-08-27,0.49090708370299
2009-08-28,0.4909595740070015
2009-08-31,0.4910642781225537
2009-09-01,0.4906720405113248
2009-09-02,0.4902663606622001
2009-09-03,0.4902272393266335
2009-09-04,0.4894529758148324
2009-09-08,0.4871968005760335
2009-09-09,0.4870580537688221
2009-09-10,0.4860877286026829
2009-09-11,0.4861401902634854
2009-09-14,0.485732820845013
2009-09-15,0.4858429132364801
2009-09-16,0.4854999472985172
2009-09-17,0.4849021749786039
2009-09-18,0.4842624119307003
2009-09-21,0.4859081266635554
2009-09-22,0.4858300357721523
2009-09-23,0.4859862685164588
2009-09-24,0.4853412738148424
2009-09-25,0.4852748425784398
2009-09-28,0.4857385877887348
2009-09-29,0.4855488930601945
2009-09-30,0.4847387976888569
2009-10-01,0.4833128685786958
2009-10-02,0.4835489271935599
2009-10-05,0.4830147293950541
2009-10-06,0.4824787088755909
2009-10-07,0.4825175193165794
2009-10-08,0.4836766063025311
2009-10-09,0.4836840432144461
2009-10-12,0.4836915200483128
2009-10-13,0.4825719687522936
2009-10-14,0.4821875669848446
2009-10-15,0.4817204568243679
2009-10-16,0.4813300125761485
2009-10-19,0.4803082603393266
2009-10-20,0.4798718253803429
2009-10-21,0.4805030122142312
2009-10-22,0.480700784167876
2009-10-23,0.4815688671327737
2009-10-26,0.483421864556064
2009-10-27,0.4830637300185306
2009-10-28,0.4827859260901996
2009-10-29,0.4827066729052465
2009-10-30,0.4824317862023803
2009-11-02,0.4828281982621754
2009-11-03,0.4839685240268565
2009-11-04,0.4843538039695285
2009-11-05,0.4839518928514164
2009-11-06,0.4846678517992163
2009-11-09,0.4847077536703477
2009-11-10,0.4843538039695285
2009-11-11,0.4841990169061357
2009-11-12,0.4846279632716719
2009-11-13,0.4833685433400201
2009-11-16,0.483649951193707
2009-11-17,0.4832529318067822
2009-11-18,0.4837218331022781
2009-11-19,0.4836350655875525
2009-11-20,0.4836708725524737
2009-11-23,0.483548823601839
2009-11-24,0.4834665547705226
2009-11-25,0.4846223262069734
2009-11-27,0.4853948941504737
2009-11-30,0.4857709641308983
2009-12-01,0.4848771049093477
2009-12-02,0.4831432221742844
2009-12-03,0.4834954088173427
2009-12-04,0.4838839452266456
2009-12-07,0.4831130491093724
2009-12-08,0.481794197918048
2009-12-09,0.4815616272139458
2009-12-10,0.4814834005162304
2009-12-11,0.481601709472141
2009-12-14,0.4812891137943464
2009-12-15,0.4803497476221315
2009-12-16,0.4804670896695352
2009-12-17,0.4805845487951709
2009-12-18,0.4808983469629878
2009-12-21,0.4806632391375174
2009-12-22,0.4805841224277678
2009-12-23,0.4810163974837494
2009-12-24,0.4810951635370665
2009-12-28,0.4811345662970316
2009-12-29,0.4813311877347175
2009-12-30,0.481212982671421
2009-12-31,0.4812917728914589
2010-01-04,0.4808193900730713
2010-01-05,0.4800267876727971
2010-01-06,0.4802233775693131
2010-01-07,0.480421496631526
2010-01-08,0.4804208402385765
2010-01-11,0.4802621006919303
2010-01-12,0.4799452628136774
2010-01-13,0.480063976993172
2010-01-14,0.4803025851695783
2010-01-15,0.4801046660841536
2010-01-19,0.4805811051025693
2010-01-20,0.480063976993172
2010-01-21,0.4801818258514137
2010-01-22,0.4797841042466604
2010-01-25,0.4795448442035436
2010-01-26,0.4790211035491701
2010-01-27,0.4781335804045359
2010-01-28,0.4790106708656118
2010-01-29,0.4787718612323283
2010-02-01,0.4789310135501938
2010-02-02,0.4789708354386155
2010-02-03,0.4786588522231715
2010-02-04,0.4788260129374101
2010-02-05,0.4785860510591613
2010-02-08,0.4785860510591613
2010-02-09,0.4791424624702475
2010-02-10,0.4781844743711839
2010-02-11,0.4780583421438387
2010-02-12,0.4787777477937911
2010-02-16,0.4791844452067104
2010-02-17,0.4797049180100664
2010-02-18,0.4797841042466604
2010-02-19,0.4789105279486838
2010-02-22,0.4794676792022973
2010-02-23,0.4786349008345886
2010-02-24,0.4789105279486838
2010-02-25,0.4795033495556573
2010-02-26,0.4798647671979143
2010-03-01,0.4790758452878871
2010-03-02,0.4792332058514041
2010-03-03,0.4789553016397089
2010-03-04,0.4787617566482427
2010-03-05,0.4800279804528325
2010-03-08,0.4812533373026206
2010-03-09,0.4819621686138772
2010-03-10,0.4817226895335701
2010-03-11,0.4818396450298061
2010-03-12,0.4814465250869748
2010-03-15,0.4810159173642599
2010-03-16,0.4807023912122399
2010-03-17,0.4799556232595947
2010-03-18,0.4801111499563951
2010-03-19,0.4805434568691007
2010-03-22,0.4796396376517378
2010-03-23,0.4792100513421257
2010-03-24,0.479171075937483
2010-03-25,0.4800752893601633
2010-03-26,0.480193473352106
2010-03-29,0.4808983469629878
2010-03-30,0.4802343217857704
2010-03-31,0.4801574476472248
2010-04-01,0.4800408887532567
2010-04-05,0.4685770868120692
2010-04-06,0.468218017615326
2010-04-07,0.4681993201352853
2010-04-08,0.4688012643338793
2010-04-09,0.4697196229081148
2010-04-12,0.4698332212091303
2010-04-13,0.4702849456759146
2010-04-14,0.4697610049263012
2010-04-15,0.4703562005304821
2010-04-16,0.4705729456818824
2010-04-19,0.471207582706607
2010-04-20,0.4720446430764232
2010-04-21,0.4728827479375994
2010-04-22,0.4719360105799054
2010-04-23,0.4721791954339117
2010-04-26,0.4737836333763757
2010-04-27,0.4734167017730301
2010-04-28,0.473712454007756
2010-04-29,0.4743035752043078
2010-04-30,0.4740588206879311
2010-05-03,0.4738450247388436
2010-05-04,0.4740080783718647
2010-05-05,0.4738857665357018
2010-05-06,0.4738857665357018
2010-05-07,0.4738857665357018
2010-05-10,0.4728944298321429
2010-05-11,0.4728302200406514
2010-05-12,0.4724228971298238
2010-05-13,0.4718692466070254
2010-05-14,0.4719649781438262
2010-05-17,0.4725082038482357
2010-05-18,0.472140909504222
2010-05-19,0.473332001973206
2010-05-20,0.4731389151132461
2010-05-21,0.4729758671725768
2010-05-24,0.4735174055905182
2010-05-25,0.4730801666951462
2010-05-26,0.4729698124121443
2010-05-27,0.4723228777688303
2010-05-28,0.4728482342951659
2010-06-01,0.4729292720823367
2010-06-02,0.472888746046085
2010-06-03,0.4728077368213632
2010-06-04,0.4735409503268579
2010-06-07,0.4732356204025757
2010-06-08,0.4739672933438996
2010-06-09,0.4741811330598964
2010-06-10,0.47415991809499
2010-06-11,0.4740884768095269
2010-06-14,0.474432273304066
2010-06-15,0.4743511458725887
2010-06-16,0.4744542551277626
2010-06-17,0.4748620386143238
2010-06-18,0.4751566817261611
2010-06-21,0.4749115795186057
2010-06-22,0.474698752538833
2010-06-23,0.4740588206879311
2010-06-24,0.4736415314950462
2010-06-25,0.4739873796895507
2010-06-28,0.4738552545089532
2010-06-29,0.4731727287527816
2010-06-30,0.4736204083479687
2010-07-01,0.4736204083479687
2010-07-02,0.4736611929326852
2010-07-06,0.474212220083455
2010-07-07,0.4740080783718647
2010-07-08,0.4745989448426654
2010-07-09,0.4746716825230506
2010-07-12,0.4749674439583557
2010-07-13,0.4753613307503452
2010-07-14,0.4752712649853502
2010-07-15,0.474853272253548
2010-07-16,0.474853272253548
2010-07-19,0.4754023039844097
2010-07-20,0.4762518947866799
2010-07-21,0.4758903813183299
2010-07-22,0.4751491314451505
2010-07-23,0.4756938188347146
2010-07-26,0.4758379232634001
2010-07-27,0.4752710245453709
2010-07-28,0.4762306599702636
2010-07-29,0.47566515172225
2010-07-30,0.4753353187731332
2010-08-02,0.4750858569332139
2010-08-03,0.4752065540293477
2010-08-04,0.475053985718294
2010-08-05,0.4754715799136583
2010-08-06,0.4750788435299596
2010-08-09,0.4752149550323417
2010-08-10,0.4744988638848622
2010-08-11,0.4751034907703966
2010-08-12,0.4754224104800102
2010-08-13,0.4755822001940797
2010-08-16,0.4761233532684116
2010-08-17,0.4765086350049259
2010-08-18,0.476203128679401
2010-08-19,0.4767656790855299
2010-08-20,0.4774238933516331
2010-08-23,0.4778397695840299
2010-08-24,0.4774480041706986
2010-08-25,0.4782524413023506
2010-08-26,0.477698788864565
2010-08-27,0.4782202344084888
2010-08-30,0.4780267751705722
2010-08-31,0.4784350399880398
2010-09-01,0.4784316497494497
2010-09-02,0.4782742759118453
2010-09-03,0.4776032725901122
2010-09-07,0.4779561212080335
2010-09-08,0.4782742759118453
2010-09-09,0.4785562692744316
2010-09-10,0.4782850586323537
2010-09-13,0.4775778113381234
2010-09-14,0.4780464486083419
2010-09-15,0.4782067703710365
2010-09-16,0.4781676458939731
2010-09-17,0.4776212747229471
2010-09-20,0.4774656372855348
2010-09-21,0.4784974653442031
2010-09-22,0.4788152300859264
2010-09-23,0.4797195180146428
2010-09-24,0.4784229432593619
2010-09-27,0.4782567608243091
2010-09-28,0.4780581238056872
2010-09-29,0.4785722404187407
2010-09-30,0.4797163045245272
2010-10-01,0.4794030903407696
2010-10-04,0.4786984163100111
2010-10-05,0.4792054527465028
2010-10-06,0.4792490397060124
2010-10-07,0.4784296543036506
2010-10-08,0.4778108783728405
2010-10-11,0.4776908877088388
2010-10-12,0.4776865417362802
2010-10-13,0.4783486728785308
2010-10-14,0.4782323237377396
2010-10-15,0.47815853659418
2010-10-18,0.4778535731036616
2010-10-19,0.4780963600247941
2010-10-20,0.477678446847476
2010-10-21,0.4681108296154032
2010-10-22,0.4678506540254945
2010-10-25,0.4694965011381711
2010-10-26,0.4700099570906066
2010-10-27,0.4695296008243244
2010-10-28,0.4702171692610105
2010-10-29,0.4699134805789499
2010-11-01,0.4699293322647591
2010-11-02,0.4694133294739726
2010-11-03,0.4694068188255515
2010-11-04,0.4682706251484229
2010-11-05,0.4686416131586427
2010-11-08,0.4694463065592602
2010-11-09,0.4688034695994011
2010-11-10,0.4673145574286884
2010-11-11,0.4680031456572985
2010-11-12,0.4680821160628918
2010-11-15,0.4679035482320048
2010-11-16,0.4680217396710392
2010-11-17,0.4682402223811045
2010-11-18,0.4677490464379791
2010-11-19,0.4680263344695489
2010-11-22,0.4669788082288182
2010-11-23,0.466860440332307
2010-11-24,0.4664091745940116
2010-11-26,0.4664692512941024
2010-11-29,0.4663727302016782
2010-11-30,0.465593750966944
2010-12-01,0.4504366617817738
2010-12-02,0.4499992593940374
2010-12-03,0.450285945203934
2010-12-06,0.4503570005579182
2010-12-07,0.4515771028467936
2010-12-08,0.4510975139061848
2010-12-09,0.4513105425676753
2010-12-10,0.451277501081869
2010-12-13,0.4515287759855918
2010-12-14,0.4514558650002387
2010-12-15,0.4510931780639508
2010-12-16,0.4522654951880985
2010-12-17,0.452230876188038
2010-12-20,0.4527195680662729
2010-12-21,0.4536832239836214
2010-12-22,0.4536832239836214
2010-12-23,0.4533270907413066
2010-12-27,0.4532844171233485
2010-12-28,0.4531262992630034
2010-12-29,0.4528895568769525
2010-12-30,0.4529289778060745
2010-12-31,0.4540046482340645
2011-01-03,0.4540084931488156
2011-01-04,0.4535330429874859
2011-01-05,0.4538879963923425
2011-01-06,0.4540084931488156
2011-01-07,0.4540104056790021
2011-01-10,0.4546461157054837
2011-01-11,0.4546076284656978
2011-01-12,0.4538202282130839
2011-01-13,0.4539356843819722
2011-01-14,0.4540927948496415
2011-01-18,0.4534571868137557
2011-01-19,0.4540084931488156
2011-01-20,0.4540461288287863
2011-01-21,0.4541648802318487
2011-01-24,0.453967033672691
2011-01-25,0.4536461495177266
2011-01-26,0.4550000179117637
2011-01-27,0.4538067514034262
2011-01-28,0.4538044780424297
2011-01-31,0.4533635631433772
2011-02-01,0.4541997221477175
2011-02-02,0.4542410822317401
2011-02-03,0.4546809819593642
2011-02-04,0.4547612223119218
2011-02-07,0.4537695488372641
2011-02-08,0.4536881871834057
2011-02-09,0.4534090915331341
2011-02-10,0.4525309451682536
2011-02-11,0.4517801016301447
2011-02-14,0.4516627290450099
2011-02-15,0.4518249467948318
2011-02-16,0.4516686870777732
2011-02-17,0.4513179336011709
2011-02-18,0.4523534975325795
2011-02-22,0.4522706096997227
2011-02-23,0.4523831188873256
2011-02-24,0.4518192543968649
2011-02-25,0.4520098550785075
2011-02-28,0.4518864264103314
2011-03-01,0.4523198471399655
2011-03-02,0.4522852976922172
2011-03-03,0.4521278153867233
2011-03-04,0.4532844171233485
2011-03-07,0.4531262992630034
2011-03-08,0.4533635631433772
2011-03-09,0.452609676625981
2011-03-10,0.4669121705716844
2011-03-11,0.4673517502790354
2011-03-14,0.4530042006745457
2011-03-15,0.4533239828686026
2011-03-16,0.4536013504018595
2011-03-17,0.4533177346799404
2011-03-18,0.4522359033817758
2011-03-21,0.4518751721730066
2011-03-22,0.4535960605409345
2011-03-23,0.4533177346799404
2011-03-24,0.4663151163109718
2011-03-25,0.4661764194977
2011-03-28,0.4659596708523218
2011-03-29,0.4663242857232726
2011-03-30,0.4666339303635988
2011-03-31,0.4666523688337714
2011-04-01,0.4664403026738284
2011-04-04,0.4674109608634295
2011-04-05,0.4668305853130728
2011-04-06,0.4673526720124143
2011-04-07,0.4673721761535297
2011-04-08,0.467797961748991
2011-04-11,0.4669850603658167
2011-04-12,0.4672752726328232
2011-04-13,0.4672365928371153
2011-04-14,0.4684383447382881
2011-04-15,0.4679716795722438
2011-04-18,0.4677203735788769
2011-04-19,0.4675851889921119
2011-04-20,0.4673913916111589
2011-04-21,0.4671976926998
2011-04-25,0.4669444286191882
2011-04-26,0.4664170661259894
2011-04-27,0.4666115398995055
2011-04-28,0.4653223796609819
2011-04-29,0.4648282777080974
2011-05-02,0.4654940468366654
2011-05-03,0.4649516099449675
2011-05-04,0.4651385336084723
2011-05-05,0.4654663592381134
2011-05-06,0.46471197275223
2011-05-09,0.4649692293996511
2011-05-10,0.4641821251444615
2011-05-11,0.4636947982704563
2011-05-12,0.463747785379193
2011-05-13,0.4640212394879296
2011-05-16,0.4645240006291878
2011-05-17,0.4638116719585047
2011-05-18,0.4640212394879296
2011-05-19,0.4643738100234948
2011-05-20,0.4633340130742606
2011-05-23,0.4623298146634795
2011-05-24,0.4635435797408998
2011-05-25,0.4643889635536493
2011-05-26,0.4643978824945263
2011-05-27,0.4644218848985197
2011-05-31,0.4649621300036227
2011-06-01,0.4645087128769933
2011-06-02,0.4642021370080215
2011-06-03,0.4640357925910586
2011-06-06,0.464585652827732
2011-06-07,0.465161301693878
2011-06-08,0.464419420008059
2011-06-09,0.4647116037766408
2011-06-10,0.4649259670790961
2011-06-13,0.464727433708934
2011-06-14,0.4652904321947567
2011-06-15,0.4650522108743391
2011-06-16,0.4649729161603383
2011-06-17,0.4646720074670368
2011-06-20,0.4641883362651711
2011-06-21,0.4633623755234215
2011-06-22,0.4639951880850046
2011-06-23,0.4632835258787914
2011-06-24,0.4628242832129117
2011-06-27,0.4632180904152431
2011-06-28,0.46337600408634
2011-06-29,0.4630735326268002
2011-06-30,0.4629021150105813
2011-07-01,0.4627172371266112
2011-07-05,0.46181691894482
2011-07-06,0.4626632368976784
2011-07-07,0.462386152296554
2011-07-08,0.4621375493443329
2011-07-11,0.4626257663465709
2011-07-12,0.4636528925297766
2011-07-13,0.4629946363749978
2011-07-14,0.4630340775110389
2011-07-15,0.4634807546960131
2011-07-18,0.4627976401074705
2011-07-19,0.462377437431398
2011-07-20,0.462310778251229
2011-07-21,0.4631653559561138
2011-07-22,0.4622361747341073
2011-07-25,0.4620913301099008
2011-07-26,0.4627456887380112
2011-07-27,0.4619237856751517
2011-07-28,0.461467250599129
2011-07-29,0.4612052967564096
2011-08-01,0.4609819685712243
2011-08-02,0.4604569160289325
2011-08-03,0.4608360696130161
2011-08-04,0.4604481515590437
2011-08-05,0.4603406103921139
2011-08-08,0.4603492075772034
2011-08-09,0.4606303220897729
2011-08-10,0.4606693040408143
2011-08-11,0.4605823342775542
2011-08-12,0.4607082997546243
2011-08-15,0.46078633250235
2011-08-16,0.4606693040408143
2011-08-17,0.4598381566692509
2011-08-18,0.4594183555343845
2011-08-19,0.4592381363871133
2011-08-22,0.4588688144527503
2011-08-23,0.459571628580496
2011-08-24,0.459571628580496
2011-08-25,0.4594469677986643
2011-08-26,0.4597130896602199
2011-08-29,0.4595884444189342
2011-08-30,0.4592839059112965
2011-08-31,0.4590701631389841
2011-09-01,0.4598382835338873
2011-09-02,0.4603316640340543
2011-09-06,0.459336857633892
2011-09-07,0.4587642252276928
2011-09-08,0.4584246877188059
2011-09-09,0.4591225707696515
2011-09-12,0.4590115307625045
2011-09-13,0.459247148972782
2011-09-14,0.4592078441747513
2011-09-15,0.4591685534261923
2011-09-16,0.4590507653952447
2011-09-19,0.458580872564994
2011-09-20,0.4586862308482537
2011-09-21,0.4588422750694561
2011-09-22,0.4580740833858718
2011-09-23,0.4588422750694561
2011-09-26,0.459571628580496
2011-09-27,0.4602446624628889
2011-09-28,0.4597680995454798
2011-09-29,0.459495980425019
2011-09-30,0.4596125205396699
2011-10-03,0.4596125205396699
2011-10-04,0.459690282560951
2011-10-05,0.4593866156786694
2011-10-06,0.4594254730686769
2011-10-07,0.4599938025204462
2011-10-10,0.4592564366248424
2011-10-11,0.459211018515572
2011-10-12,0.4597685375780321
2011-10-13,0.458370403687223
2011-10-14,0.4585239833969212
2011-10-17,0.4589796589789736
2011-10-18,0.4587162609559944
2011-10-19,0.4582221309986782
2011-10-20,0.4575070975758305
2011-10-21,0.4584141905597206
2011-10-24,0.4598766104703213
2011-10-25,0.4597533175700892
2011-10-26,0.4609918668647521
2011-10-27,0.4612814497823674
2011-10-28,0.4617353423944312
2011-10-31,0.46187937135525
2011-11-01,0.4619568612216017
2011-11-02,0.4620344052601042
2011-11-03,0.4620344052601042
2011-11-04,0.4619292239170692
2011-11-07,0.4625008105822902
2011-11-08,0.4635804321028206
2011-11-09,0.4631124431077258
2011-11-10,0.4629825082360813
2011-11-11,0.4630735326268002
2011-11-14,0.4632299947417483
2011-11-15,0.4644130532697084
2011-11-16,0.4630735326268002
2011-11-17,0.4635413578772411
2011-11-18,0.46365862165049
2011-11-21,0.4641386394291099
2011-11-22,0.4649549867597153
2011-11-23,0.464328645303884
2011-11-25,0.4653541795229451
2011-11-28,0.4660454820578875
2011-11-29,0.4660238239169133
2011-11-30,0.4650728168918219
2011-12-01,0.4647117897078497
2011-12-02,0.4654270523072689
2011-12-05,0.4660060342316297
2011-12-06,0.464226403063448
2011-12-07,0.4644610223137491
2011-12-08,0.4641630290180802
2011-12-09,0.4633071997056169
2011-12-12,0.463502297340039
2011-12-13,0.4634886263193836
2011-12-14,0.4637087751446127
2011-12-15,0.4640557201706349
2011-12-16,0.4635780468985597
2011-12-19,0.4642598812839714
2011-12-20,0.4635620175037054
2011-12-21,0.4632664000392456
2011-12-22,0.4635369765749015
2011-12-23,0.4633569612833483
2011-12-27,0.4636669805624835
2011-12-28,0.4636669805624835
2011-12-29,0.4640511246584754
2011-12-30,0.4638434029965521
2012-01-03,0.4629964791074896
2012-01-04,0.4628289515068943
2012-01-05,0.4627503140330711
2012-01-06,0.4620231316695963
2012-01-09,0.4616966067459558
2012-01-10,0.4624379204866788
2012-01-11,0.4618573809425009
2012-01-12,0.4620280631464801
2012-01-13,0.4625712943583311
2012-01-17,0.4641915855973316
2012-01-18,0.4635733432033872
2012-01-19,0.4635733432033872
2012-01-20,0.463471252762072
2012-01-23,0.4634847458165381
2012-01-24,0.4642303396334826
2012-01-25,0.4650380732152515
2012-01-26,0.4650836393055451
2012-01-27,0.4657320338169879
2012-01-30,0.4660678580140237
2012-01-31,0.4659303091234649
2012-02-01,0.4661066054157482
2012-02-02,0.4659516958776163
2012-02-03,0.4658743211022531
2012-02-06,0.4661664335607728
2012-02-07,0.4659343790859522
2012-02-08,0.4657629385901859
2012-02-09,0.4654936336529012
2012-02-10,0.4650109271707323
2012-02-13,0.464934315002357
2012-02-14,0.4647812477028621
2012-02-15,0.4648194949163467
2012-02-16,0.4644757396189183
2012-02-17,0.465017730631734
2012-02-21,0.4642326959353375
2012-02-22,0.4644228364057252
2012-02-23,0.4651769646556623
2012-02-24,0.4647961747126837
2012-02-27,0.4646821897486947
2012-02-28,0.4636777310836819
2012-02-29,0.4630735326268002
2012-03-01,0.4626941073553095
2012-03-02,0.4621007782718693
2012-03-05,0.4622896091762243
2012-03-06,0.4621118839250511
2012-03-07,0.4628457222206057
2012-03-08,0.4634409783419023
2012-03-09,0.4631367989164013
2012-03-12,0.463465761508287
2012-03-13,0.4630103990728145
2012-03-14,0.46355304888172
2012-03-15,0.4638672165143828
2012-03-16,0.4637292300300874
2012-03-19,0.4635664498434626
2012-03-20,0.4618583340716239
2012-03-21,0.4627182724565363
2012-03-22,0.4631367989164013
2012-03-23,0.4624931644483789
2012-03-26,0.4631743120318704
2012-03-27,0.4635508579488281
2012-03-28,0.464303076366606
2012-03-29,0.4650000369842159
2012-03-30,0.4643959969937841
2012-04-02,0.4646072329089158
2012-04-03,0.4643814690348012
2012-04-04,0.4645025182431449
2012-04-05,0.4642312126269122
2012-04-09,0.465066698905405
2012-04-10,0.4654498250733979
2012-04-11,0.4664777382021547
2012-04-12,0.4659074751964653
2012-04-13,0.4656008188573785
2012-04-16,0.4652931692120299
2012-04-17,0.465406576127834
2012-04-18,0.4655252965711502
2012-04-19,0.466079313879073
2012-04-20,0.4648550218882955
2012-04-23,0.4640020063220435
2012-04-24,0.4640020063220435
2012-04-25,0.46470547486004
2012-04-26,0.4651235534671987
2012-04-27,0.4657863820162977
2012-04-30,0.4654711923813628
2012-05-01,0.4656414929173227
2012-05-02,0.4657950700571516
2012-05-03,0.4652165177472599
2012-05-04,0.4655719236404924
2012-05-07,0.4650312156350475
2012-05-08,0.4653121456401691
2012-05-09,0.4656880699733803
2012-05-10,0.4660967329212656
2012-05-11,0.4666209171946153
2012-05-14,0.4671071373453063
2012-05-15,0.4669206138144934
2012-05-16,0.4671821043307943
2012-05-17,0.467052121378871
2012-05-18,0.4669597284933195
2012-05-21,0.4667375218880069
2012-05-22,0.4664788335399203
2012-05-23,0.4661839158079782
2012-05-24,0.4658897694050886
2012-05-25,0.4657429844229208
2012-05-29,0.4665916000074707
2012-05-30,0.4663707562699447
2012-05-31,0.4666284494473211
2012-06-01,0.464837622432364
2012-06-04,0.4661069428973501
2012-06-05,0.4658653274923641
2012-06-06,0.4659022058687533
2012-06-07,0.4657179349335182
2012-06-08,0.4651822393913619
2012-06-11,0.4650873681747234
2012-06-12,0.4650290533318296
2012-06-13,0.4651761850776678
2012-06-14,0.464955559842395
2012-06-15,0.4656443111314212
2012-06-18,0.4662007779341829
2012-06-19,0.4669976082173239
2012-06-20,0.4660735206939436
2012-06-21,0.4652095297919536
2012-06-22,0.4645235452564937
2012-06-25,0.4639086469662928
2012-06-26,0.4641640580003593
2012-06-27,0.464903896861343
2012-06-28,0.4642371399731693
2012-06-29,0.4633771660455401
2012-07-02,0.4635123204204303
2012-07-03,0.4629023495951691
2012-07-05,0.4631224904555014
2012-07-06,0.4633798727333872
2012-07-09,0.4640169579963429
2012-07-10,0.4636852371051603
2012-07-11,0.4636615765526016
2012-07-12,0.4635032838419157
2012-07-13,0.4629999178595297
2012-07-16,0.4628528342406917
2012-07-17,0.4632820618885956
2012-07-18,0.4639704160811096
2012-07-19,0.4631596062232065
2012-07-20,0.46292569218258
2012-07-23,0.4629378019590872
2012-07-24,0.462789920711688
2012-07-25,0.4634310908088609
2012-07-26,0.4640953632795948
2012-07-27,0.4637989308921395
2012-07-30,0.4643782343890345
2012-07-31,0.4643410984379487
2012-08-01,0.4647427876868708
2012-08-02,0.4646762055281397
2012-08-03,0.4644320431472944
2012-08-06,0.4649201812764971
2012-08-07,0.464809256881572
2012-08-08,0.4645284353285036
2012-08-09,0.4638459781393951
2012-08-10,0.4653807892271528
2012-08-13,0.4660595202753935
2012-08-14,0.4669578938464591
2012-08-15,0.4662516741754759
2012-08-16,0.4660665610248703
2012-08-17,0.4530716819552138
2012-08-20,0.454850092511367
2012-08-21,0.4559241006144656
2012-08-22,0.4561900242220081
2012-08-23,0.4561115685806376
2012-08-24,0.4566853911591164
2012-08-27,0.4561481967102041
2012-08-28,0.4568308384015506
2012-08-29,0.4565269691699805
2012-08-30,0.4560700978324802
2012-08-31,0.4552334203243688
2012-09-04,0.4561066598426831
2012-09-05,0.4564482334700178
2012-09-06,0.4555748078549417
2012-09-07,0.4560319183882915
2012-09-10,0.4558793345080701
2012-09-11,0.4559542216778292
2012-09-12,0.4558768349160621
2012-09-13,0.455913528642193
2012-09-14,0.4561759866413528
2012-09-17,0.4568899637279501
2012-09-18,0.4575295430692627
2012-09-19,0.4595154884076709
2012-09-20,0.4600374078737982
2012-09-21,0.4601444528618056
2012-09-24,0.4598533137715094
2012-09-25,0.460237907602464
2012-09-26,0.4607306958608038
2012-09-27,0.4609822773877378
2012-09-28,0.460298045031034
2012-10-01,0.4603749213882334
2012-10-02,0.4608571670535276
2012-10-03,0.4618296986007372
2012-10-04,0.4626464128846964
2012-10-05,0.463241713722701
2012-10-08,0.4634614176337039
2012-10-09,0.464415556027852
2012-10-10,0.4648985135257947
2012-10-11,0.4660994729893729
2012-10-12,0.4670994659134659
2012-10-15,0.4683849292365542
2012-10-16,0.4692370654645745
2012-10-17,0.4693319598523368
2012-10-18,0.4688849423789015
2012-10-19,0.4687505263734838
2012-10-22,0.4690413066983676
2012-10-23,0.4692596611634674
2012-10-24,0.4702362148519514
2012-10-25,0.4696134808748721
2012-10-26,0.4700869591758646
2012-10-31,0.4705524289723476
2012-11-01,0.4702908633257432
2012-11-02,0.4710707015277594
2012-11-05,0.4709267114543842
2012-11-06,0.4713235559298765
2012-11-07,0.4707190988409144
2012-11-08,0.4707727740565253
2012-11-09,0.4705521947618124
2012-11-12,0.4704887186048619
2012-11-13,0.4705277589016483
2012-11-14,0.4708938783540673
2012-11-15,0.4698503240098993
2012-11-16,0.4707518520234574
2012-11-19,0.4711447858259273
2012-11-20,0.471613508035083
2012-11-21,0.4728450644128096
2012-11-23,0.4720534796231967
2012-11-26,0.4726107354989907
2012-11-27,0.4722212470390848
2012-11-28,0.4717943321124574
2012-11-29,0.4720516816116532
2012-11-30,0.4724629783667666
2012-12-03,0.4722814052871845
2012-12-04,0.4722667216041061
2012-12-05,0.4719713993986284
2012-12-06,0.4721610804475019
2012-12-07,0.4693953922293402
2012-12-10,0.4705374221668897
2012-12-11,0.4706664260669457
2012-12-12,0.4697285722739882
2012-12-13,0.4705230620428904
2012-12-14,0.4705517425879198
2012-12-17,0.46975217289783
2012-12-18,0.4691305602992139
2012-12-19,0.469555965468832
2012-12-20,0.4694207373962225
2012-12-21,0.4689484394017416
2012-12-24,0.469151923699649
2012-12-26,0.4690770068035705
2012-12-27,0.4692427918593466
2012-12-28,0.4698136751300817
2012-12-31,0.4700307864685251
2013-01-02,0.470396791362021
2013-01-03,0.4701349204515078
2013-01-04,0.4702988505190756
2013-01-07,0.470074862994622
2013-01-08,0.4704393308267086
2013-01-09,0.4711150820238503
2013-01-10,0.4635202423740495
2013-01-11,0.4639513287628134
2013-01-14,0.4645223405146798
2013-01-15,0.4646725031088971
2013-01-16,0.4644218848985197
2013-01-17,0.4644849022536117
2013-01-18,0.4645477586531681
2013-01-22,0.4648912214186611
2013-01-23,0.4649762853503011
2013-01-24,0.4648282777080974
2013-01-25,0.4648282777080974
2013-01-28,0.466336520401381
2013-01-29,0.4669044459439894
2013-01-30,0.4668077724093187
2013-01-31,0.4659303091234649
2013-02-01,0.4653060150783674
2013-02-04,0.4658096657673635
2013-02-05,0.4669244658910778
2013-02-06,0.46807234599678
2013-02-07,0.4667704324441135
2013-02-08,0.4670419886206966
2013-02-11,0.4676639739286863
2013-02-12,0.4683604335207722
2013-02-13,0.4688582419612985
2013-02-14,0.4702937173686111
2013-02-15,0.4691913968543172
2013-02-19,0.4688657302265184
2013-02-20,0.4685612245174091
2013-02-21,0.4681399370950206
2013-02-22,0.4668332468833747
2013-02-25,0.4665810579583393
2013-02-26,0.4668902279537065
2013-02-27,0.4670064098280095
2013-02-28,0.4672752726328232
2013-03-01,0.4669307394097228
2013-03-04,0.4671986187128177
2013-03-05,0.4662798558222656
2013-03-06,0.4657978132097657
2013-03-07,0.4653354624560402
2013-03-08,0.4656405368528708
2013-03-11,0.4659081587171096
2013-03-12,0.4661589122408252
2013-03-13,0.4665245261950722
2013-03-14,0.467121558293017
2013-03-15,0.467083162408241
2013-03-18,0.4675636201975772
2013-03-19,0.4678518415740323
2013-03-20,0.4682765354129097
2013-03-21,0.4686985526091599
2013-03-22,0.4680423889398035
2013-03-25,0.4679675091619784
2013-03-26,0.4676417346951808
2013-03-27,0.4687244199806321
2013-03-28,0.46884115692858
2013-04-01,0.4688022312611666
2013-04-02,0.4689410378732548
2013-04-03,0.4694657898672947
2013-04-04,0.4690581732056933
2013-04-05,0.4691811839559328
2013-04-08,0.4696064078234396
2013-04-09,0.4699913982629353
2013-04-10,0.4693093092743743
2013-04-11,0.4689800695532859
2013-04-12,0.4693711261553179
2013-04-15,0.4686118223594908
2013-04-16,0.4687287932616973
2013-04-17,0.4684560486842162
2013-04-18,0.4675472230178502
2013-04-19,0.4667689014162444
2013-04-22,0.4673337577045584
2013-04-23,0.4675090398183614
2013-04-24,0.4673531412613889
2013-04-25,0.4692989201086173
2013-04-26,0.4697476222978
2013-04-29,0.4701879160848031
2013-04-30,0.4700615442811357
2013-05-01,0.4694754022829046
2013-05-02,0.4701855849983147
2013-05-03,0.4696243473661101
2013-05-06,0.469507674516455
2013-05-07,0.4690642101975817
2013-05-08,0.4686813046786044
2013-05-09,0.4688971287188831
2013-05-10,0.4693484092261488
2013-05-13,0.4700699647075735
2013-05-14,0.4708083470633137
2013-05-15,0.470557266173165
2013-05-16,0.470557266173165
2013-05-17,0.4697793986744387
2013-05-20,0.4691978867048876
2013-05-21,0.4693154635468876
2013-05-22,0.4678384738648924
2013-05-23,0.4684632100463348
2013-05-24,0.4678401822198108
2013-05-28,0.4684418660888963
2013-05-29,0.4688506415960338
2013-05-30,0.4697869910111349
2013-05-31,0.4699602454487429
2013-06-03,0.4698815197315651
2013-06-04,0.4698186606380538
2013-06-05,0.4694887061186453
2013-06-06,0.4699996287315217
2013-06-07,0.4699208757846534
2013-06-10,0.4697869910111349
2013-06-11,0.469826373350116
2013-06-12,0.470284824366763
2013-06-13,0.4697391455772356
2013-06-14,0.469294583734117
2013-06-17,0.4690799571400872
2013-06-18,0.475970785826081
2013-06-19,0.47622672027579
2013-06-20,0.4752623533588965
2013-06-21,0.4749692367437368
2013-06-24,0.474923749727031
2013-06-25,0.474923749727031
2013-06-26,0.4738857665357018
2013-06-27,0.4741477979271147
2013-06-28,0.4741103284098698
2013-07-01,0.4749157721079574
2013-07-02,0.4758870421403046
2013-07-03,0.4755926431078478
2013-07-05,0.4762519503934551
2013-07-08,0.4758010773723498
2013-07-09,0.4760262949819014
2013-07-10,0.4761014647392391
2013-07-11,0.4759003722047058
2013-07-12,0.4755784917969897
2013-07-15,0.4754132363657546
2013-07-16,0.4746192172774053
2013-07-17,0.474375567749187
2013-07-18,0.4741219681220727
2013-07-19,0.4742175058742787
2013-07-22,0.4749953748428582
2013-07-23,0.4740278237330048
2013-07-24,0.4734506089502839
2013-07-25,0.4740472273596102
2013-07-26,0.4741613359329824
2013-07-29,0.4743047158720055
2013-07-30,0.4748318761324783
2013-07-31,0.4749774383378261
2013-08-01,0.4752471527552264
2013-08-02,0.4752394162620393
2013-08-05,0.4756967356589791
2013-08-06,0.4757673798601015
2013-08-07,0.475597255218617
2013-08-08,0.4756289600221083
2013-08-09,0.4757389831921848
2013-08-12,0.4762223791107263
2013-08-13,0.4753560654674829
2013-08-14,0.4753094250889911
2013-08-15,0.4755044814242992
2013-08-16,0.4757318348432816
2013-08-19,0.4755212316757853
2013-08-20,0.47481436047651
2013-08-21,0.474307570709022
2013-08-22,0.4738857665357018
2013-08-23,0.4737578114219975
2013-08-26,0.473934875711299
2013-08-27,0.4732581074769918
2013-08-28,0.4735715094596417
2013-08-29,0.4736107447532411
2013-08-30,0.4737871843154509
2013-09-03,0.4728729277123893
2013-09-04,0.4842170613462477
2013-09-05,0.4839259916293439
2013-09-06,0.4837089898818434
2013-09-09,0.482936068200077
2013-09-10,0.4822349847093443
2013-09-11,0.4824612433628208
2013-09-12,0.4829116032953697
2013-09-13,0.4826908286235821
2013-09-16,0.4813099000478009
2013-09-17,0.4808983469629878
2013-09-18,0.4813861454124654
2013-09-19,0.4813867794064631
2013-09-20,0.481162125266064
2013-09-23,0.4820300373220429
2013-09-24,0.4817271915326357
2013-09-25,0.4803718709835979
2013-09-26,0.4792803726468273
2013-09-27,0.4799173779665235
2013-09-30,0.4801043546630678
2013-10-01,0.4790794806975232
2013-10-02,0.4789667316330672
2013-10-03,0.479345022753273
2013-10-04,0.4792299816866957
2013-10-07,0.47934094054389
2013-10-08,0.4797931799863868
2013-10-09,0.4795243460836237
2013-10-10,0.4789867679843649
2013-10-11,0.4784884552076198
2013-10-14,0.4784094634392041
2013-10-15,0.4781372481278693
2013-10-16,0.4777842662034299
2013-10-17,0.4775054745918619
2013-10-18,0.4779584622166176
2013-10-21,0.4772728549553851
2013-10-22,0.4778098866940056
2013-10-23,0.477928214765484
2013-10-24,0.477733709189725
2013-10-25,0.4776532503890349
2013-10-28,0.4786249499114798
2013-10-29,0.4779021249055841
2013-10-30,0.4777463335599839
2013-10-31,0.4778222111772633
2013-11-01,0.4780919090673752
2013-11-04,0.478122518535376
2013-11-05,0.4780844245549294
2013-11-06,0.4782785150179193
2013-11-07,0.4782439586604738
2013-11-08,0.4780082738342885
2013-11-11,0.4781533017690141
2013-11-12,0.4774963998612073
2013-11-13,0.4783027815449445
2013-11-14,0.4783794348837984
2013-11-15,0.477984972309442
2013-11-18,0.4776697813306308
2013-11-19,0.4776952219358141
2013-11-20,0.47815853659418
2013-11-21,0.4778108783728405
2013-11-22,0.4847999045884673
2013-11-25,0.4779266495044443
2013-11-26,0.4847287160886561
2013-11-27,0.4855356535418765
2013-11-29,0.4858660274405007
2013-12-02,0.4859027920063734
2013-12-03,0.4858292741606366
2013-12-04,0.4858660274405007
2013-12-05,0.4862039317180978
2013-12-06,0.4859458554657538
2013-12-09,0.485909032778644
2013-12-10,0.485909032778644
2013-12-11,0.4858415839047681
2013-12-12,0.485847761854359
2013-12-13,0.4858354213593753
2013-12-16,0.4856266366137164
2013-12-17,0.4856943094468152
2013-12-18,0.4848974700052014
2013-12-19,0.4851175189057873
2013-12-20,0.4851175189057873
2013-12-23,0.4851909587298136
2013-12-24,0.4851595497950775
2013-12-26,0.4849492654416346
2013-12-27,0.4863147061976153
2013-12-30,0.4867738520661885
2013-12-31,0.4865892530972124
2014-01-02,0.4865154929438405
2014-01-03,0.4858536856649101
2014-01-06,0.4851856087726046
2014-01-07,0.4846599909354656
2014-01-08,0.4836193641107368
2014-01-09,0.4940634486514937
2014-01-10,0.4944827331267014
2014-01-13,0.4944078289845993
2014-01-14,0.4946918522706299
2014-01-15,0.4945181441300926
2014-01-16,0.4936653771085185
2014-01-17,0.4936596445811673
2014-01-21,0.4940439073099004
2014-01-22,0.4938762680631597
2014-01-23,0.49415655377071
2014-01-24,0.4941720879479651
2014-01-27,0.494008636079694
2014-01-28,0.4937584424109245
2014-01-29,0.4936157033609642
2014-01-30,0.4923344657068237
2014-01-31,0.4916187328389742
2014-02-03,0.4916210102853229
2014-02-04,0.4921204375422384
2014-02-05,0.4930965509375941
2014-02-06,0.4926080688852963
2014-02-07,0.4920168772366793
2014-02-10,0.4919257927049192
2014-02-11,0.4904906542681512
2014-02-12,0.4917543397834926
2014-02-13,0.4918138453994454
2014-02-14,0.4924856627327635
2014-02-18,0.4913779022088703
2014-02-19,0.4914139236817402
2014-02-20,0.4921325163082095
2014-02-21,0.4916767348341548
2014-02-24,0.4909943896411262
2014-02-25,0.4916895918366369
2014-02-26,0.4916663726799123
2014-02-27,0.4915347454209655
2014-02-28,0.4919193456431715
2014-03-03,0.4918339461953518
2014-03-04,0.4913071281568876
2014-03-05,0.4918138453994454
2014-03-06,0.492054606487687
2014-03-07,0.4915836233653852
2014-03-10,0.491909494772982
2014-03-11,0.4915602233655601
2014-03-12,0.4909344842491416
2014-03-13,0.4900246115536714
2014-03-14,0.4902036470033434
2014-03-17,0.490239485819882
2014-03-18,0.4901320011121138
2014-03-19,0.4904188388154261
2014-03-20,0.4906227970180099
2014-03-21,0.4906470860654323
2014-03-24,0.4909823679156929
2014-03-25,0.4916639084367972
2014-03-26,0.4918209094688569
2014-03-27,0.4921593695267377
2014-03-28,0.4921365979879182
2014-03-31,0.4924268705602302
2014-04-01,0.4925134638254486
2014-04-02,0.5068828004161937
2014-04-03,0.5069535704649689
2014-04-04,0.5068269921538348
2014-04-07,0.5070266702915319
2014-04-08,0.5069420314929542
2014-04-09,0.5070647586770972
2014-04-10,0.5068158006485683
2014-04-11,0.5067949631965086
2014-04-14,0.5071126427362691
2014-04-15,0.5072933627140619
2014-04-16,0.5069253292241145
2014-04-17,0.5238996542566653
2014-04-21,0.5247231980763865
2014-04-22,0.524378768318879
2014-04-23,0.5336941257812753
2014-04-24,0.5332618349598977
2014-04-25,0.5327380058744515
2014-04-28,0.5334787134425167
2014-04-29,0.533511103573791
2014-04-30,0.5343846263225978
2014-05-01,0.5344022792303613
2014-05-02,0.5347191580075564
2014-05-05,0.535337782134134
2014-05-06,0.5360285145027109
2014-05-07,0.5357467741715387
2014-05-08,0.5353413058571407
2014-05-09,0.5355713206710717
2014-05-12,0.5353581705070659
2014-05-13,0.5355546012169399
2014-05-14,0.5350600483248904
2014-05-15,0.5344222355496518
2014-05-16,0.5343516302892677
2014-05-19,0.5329359338488977
2014-05-20,0.5333805514557824
2014-05-21,0.5332012442348584
2014-05-22,0.5333991880525703
2014-05-23,0.5338844488480088
2014-05-27,0.5337047800846543
2014-05-28,0.5337942161055975
2014-05-29,0.5337758512651903
2014-05-30,0.5492147229625375
2014-06-02,0.5493670625942317
2014-06-03,0.5486675412652537
2014-06-04,0.5484972611523242
2014-06-05,0.5485747247716136
2014-06-06,0.548108773841417
2014-06-09,0.5479463342610696
2014-06-10,0.5473648325365108
2014-06-11,0.5467331627919464
2014-06-12,0.5464887276077507
2014-06-13,0.5464285692393055
2014-06-16,0.5469366900969098
2014-06-17,0.547528114842747
2014-06-18,0.5474130938344443
2014-06-19,0.5475563727702829
2014-06-20,0.5478148339692049
2014-06-23,0.5466002278842299
2014-06-24,0.5466358046248063
2014-06-25,0.5469127450526433
2014-06-26,0.5470912400599623
2014-06-27,0.5469127450526433
2014-06-30,0.5467701094470435
2014-07-01,0.5467344727935438
2014-07-02,0.547735673402493
2014-07-03,0.5475488113805752
2014-07-07,0.5477282358217532
2014-07-08,0.5481237627341407
2014-07-09,0.5482537028176129
2014-07-10,0.5478202730478609
2014-07-11,0.5479280999839026
2014-07-14,0.5472089270821552
2014-07-15,0.5468064276391745
2014-07-16,0.5461860715796463
2014-07-17,0.5451503601791523
2014-07-18,0.5465014984983351
2014-07-21,0.5464648123194535
2014-07-22,0.5465748991625289
2014-07-23,0.5464929516032108
2014-07-24,0.5464648123194535
2014-07-25,0.5464843921124332
2014-07-28,0.5558582955330807
2014-07-29,0.5557502751558094
2014-07-30,0.5555695012060607
2014-07-31,0.556102701074218
2014-08-01,0.5561013132981468
2014-08-04,0.5554484164895918
2014-08-05,0.5563782893627337
2014-08-06,0.5567035076630032
2014-08-07,0.5562732481030812
2014-08-08,0.5562003354905238
2014-08-11,0.5562706943895078
2014-08-12,0.5561604689252627
2014-08-13,0.5554391600561587
2014-08-14,0.5550355002271506
2014-08-15,0.5542257042715851
2014-08-18,0.554546031122705
2014-08-19,0.5545101017686705
2014-08-20,0.5544741812668852
2014-08-21,0.5544741812668852
2014-08-22,0.5544741812668852
2014-08-25,0.5544741812668852
2014-08-26,0.5542588439566296
2014-08-27,0.5543690927240028
2014-08-28,0.5541926190474221
2014-08-29,0.5536084470224205
2014-09-02,0.5518188750877566
2014-09-03,0.5504846371395778
2014-09-04,0.549425840421392
2014-09-05,0.5500503920183448
2014-09-08,0.5601116318074715
2014-09-09,0.5605638748092054
2014-09-10,0.5610583501102102
2014-09-11,0.5613761109806694
2014-09-12,0.5608519975815169
2014-09-15,0.5603394566910391
2014-09-16,0.5598935490490706
2014-09-17,0.559585282544693
2014-09-18,0.5602927096368522
2014-09-19,0.5601523368095686
2014-09-22,0.5602587139286568
2014-09-23,0.5602941899644397
2014-09-24,0.5605460676853855
2014-09-25,0.5604781260732028
2014-09-26,0.5605934785365736
2014-09-29,0.5685347315715001
2014-09-30,0.5691945572036643
2014-10-01,0.5686090593825024
2014-10-02,0.5685664695131732
2014-10-03,0.5688811696239081
2014-10-06,0.5661687171909451
2014-10-07,0.5655998371181197
2014-10-08,0.5653202944107233
2014-10-09,0.5657941128352678
2014-10-10,0.5742879994340071
2014-10-13,0.5871466817894989
2014-10-14,0.5873315307221726
2014-10-15,0.5876168118892928
2014-10-16,0.5883247051254215
2014-10-17,0.5885293008969451
2014-10-20,0.5887345983610465
2014-10-21,0.5969068161019853
2014-10-22,0.597214599717228
2014-10-23,0.5970489018468623
2014-10-24,0.5971362778092874
2014-10-27,0.5972136129072921
2014-10-28,0.5967363718512424
2014-10-29,0.596345107231803
2014-10-30,0.5967439660746074
2014-10-31,0.5973129093310787
2014-11-03,0.597346438696247
2014-11-04,0.5978838506873709
2014-11-05,0.5979848133075646
2014-11-06,0.5990213063277953
2014-11-07,0.5990447446081566
2014-11-10,0.5984046625445459
2014-11-11,0.5996872759590506
2014-11-12,0.5998240206225419
2014-11-13,0.6006614682691686
2014-11-14,0.599693973097133
2014-11-17,0.5998886170526035
2014-11-18,0.5996463162166294
2014-11-19,0.5991416800788043
2014-11-20,0.5987992157838286
2014-11-21,0.5996464203716251
2014-11-24,0.599443274138215
2014-11-25,0.5991736777686131
2014-11-26,0.5992589265591478
2014-11-28,0.6001602220314034
2014-12-01,0.5998167433460628
2014-12-02,0.5993929728051887
2014-12-03,0.5991875664802019
2014-12-04,0.5996745409404255
2014-12-05,0.5986863618629027
2014-12-08,0.5974961222625773
2014-12-09,0.5978465217979242
2014-12-10,0.6093695644241851
2014-12-11,0.6088659721187913
2014-12-12,0.6087164112520828
2014-12-15,0.607995469423346
2014-12-16,0.6071943831294695
2014-12-17,0.607832477117087
2014-12-18,0.6079810473487783
2014-12-19,0.6087714043930491
2014-12-22,0.6082453462642722
2014-12-23,0.6073071222306942
2014-12-24,0.6062387758963191
2014-12-26,0.6076012729878817
2014-12-29,0.6065326612382417
2014-12-30,0.6069540721039887
2014-12-31,0.6072556948192052
2015-01-02,0.6070312096138963
2015-01-05,0.6061112205459591
2015-01-06,0.6056536893212551
2015-01-07,0.6182697782241844
2015-01-08,0.6188196080053192
2015-01-09,0.6064760533550667
2015-01-12,0.6177036041441285
2015-01-13,0.6177694904621288
2015-01-14,0.617127017705731
2015-01-15,0.6160874443972499
2015-01-16,0.616630372750367
2015-01-20,0.616302831047916
2015-01-21,0.6157917822860667
2015-01-22,0.6265628524363165
2015-01-23,0.6266016994101709
2015-01-26,0.6276648174442179
2015-01-27,0.6276992943432111
2015-01-28,0.6271689103583612
2015-01-29,0.6270460342854223
2015-01-30,0.6263114216001737
2015-02-02,0.6271162371595198
2015-02-03,0.6269224992414366
2015-02-04,0.6261486703894988
2015-02-05,0.6242532025800653
2015-02-06,0.6236791216373437
2015-02-09,0.6230284650654684
2015-02-10,0.6225483243767945
2015-02-11,0.622587054257222
2015-02-12,0.6218935745100594
2015-02-13,0.6211596230990597
2015-02-17,0.6223562053970721
2015-02-18,0.6223566714129382
2015-02-19,0.6220408630095822
2015-02-20,0.6217239031116016
2015-02-23,0.6204521574378002
2015-02-24,0.6297280499581552
2015-02-25,0.629830102528161
2015-02-26,0.6296101143459212
2015-02-27,0.62955532846229
2015-03-02,0.6287172968085061
2015-03-03,0.628090851425037
2015-03-04,0.6283232753820487
2015-03-05,0.6281417320406663
2015-03-06,0.6295426439895359
2015-03-09,0.6296833530239138
2015-03-10,0.6296870694917891
2015-03-11,0.6297260162654732
2015-03-12,0.6298040374945423
2015-03-13,0.6295646070223005
2015-03-16,0.6293501134009007
2015-03-17,0.6293290689412682
2015-03-18,0.6286871186752692
2015-03-19,0.6281811453853849
2015-03-20,0.6276884710607101
2015-03-23,0.6277238356897938
2015-03-24,0.6274493614970625
2015-03-25,0.6259189235829151
2015-03-26,0.6258234755161131
2015-03-27,0.6253415022248053
2015-03-30,0.6252481535723167
2015-03-31,0.6252924495449018
2015-04-01,0.6250547647779745
2015-04-02,0.6250564562296168
2015-04-06,0.6248855578777821
2015-04-07,0.6235927427498702
2015-04-08,0.6246659067552586
2015-04-09,0.6232823388934887
2015-04-10,0.6229324820772844
2015-04-13,0.6231141776118159
2015-04-14,0.6227972703937029
2015-04-15,0.624126358368172
2015-04-16,0.6238716467477123
2015-04-17,0.6246499074856027
2015-04-20,0.6250616367919181
2015-04-21,0.6256188689821237
2015-04-22,0.6241313296178601
2015-04-23,0.6232163134789731
2015-04-24,0.624977473169206
2015-04-27,0.6250169727865356
2015-04-28,0.6246169527106267
2015-04-29,0.6250084687158728
2015-04-30,0.6249724259883772
2015-05-01,0.6249363907424955
2015-05-04,0.6249724259883772
2015-05-05,0.6241429154823871
2015-05-06,0.6238622907675251
2015-05-07,0.6244398407051395
2015-05-08,0.6239424385711045
2015-05-11,0.6235954478117982
2015-05-12,0.6247614544762182
2015-05-13,0.6244397072081903
2015-05-14,0.6244894150288269
2015-05-15,0.6250024470974448
2015-05-18,0.6249290638761514
2015-05-19,0.6248573675530535
2015-05-20,0.6246373923772087
2015-05-21,0.6249674597931473
2015-05-22,0.6247106864522131
2015-05-26,0.6250197767890298
2015-05-27,0.6242609276725216
2015-05-28,0.6246348762443108
2015-05-29,0.6247153504124403
2015-06-01,0.6244246413385915
2015-06-02,0.6218149479581921
2015-06-03,0.6227458835721392
2015-06-04,0.6227492843125984
2015-06-05,0.6342664846502206
2015-06-08,0.6334259694975732
2015-06-09,0.6333596555922261
2015-06-10,0.6341258468825642
2015-06-11,0.6341497018545152
2015-06-12,0.6356120835990045
2015-06-15,0.6356806851611855
2015-06-16,0.635762754178251
2015-06-17,0.6362393352830515
2015-06-18,0.6361916905557176
2015-06-19,0.6367702754961252
2015-06-22,0.6375953058043876
2015-06-23,0.6371951440520124
2015-06-24,0.6373162137576052
2015-06-25,0.6377005614424408
2015-06-26,0.6457162939413281
2015-06-29,0.6576786628978073
2015-06-30,0.6588704240701437
2015-07-01,0.6589510386040675
2015-07-02,0.6592741418219211
2015-07-06,0.6600272834297073
2015-07-07,0.6601758460190202
2015-07-08,0.6590378080119144
2015-07-09,0.6604530581985463
2015-07-10,0.6605245024618899
2015-07-13,0.6601228055516482
2015-07-14,0.6581612575430166
2015-07-15,0.6587918993365746
2015-07-16,0.6590991935396043
2015-07-17,0.6588387972938052
2015-07-20,0.6590178982082013
2015-07-21,0.6595046724732663
2015-07-22,0.6589784020656101
2015-07-23,0.6596988084985543
2015-07-24,0.6597748019777072
2015-07-27,0.6598377257805725
2015-07-28,0.6688950126566159
2015-07-29,0.6691176101905496
2015-07-30,0.6696007942667573
2015-07-31,0.6692694498116091
2015-08-03,0.6693099619745615
2015-08-04,0.6693166378960909
2015-08-05,0.6696523613692912
2015-08-06,0.6706874477926489
2015-08-07,0.6691846160575085
2015-08-10,0.6686326196860588
2015-08-11,0.6676047107598144
2015-08-12,0.6680007314733762
2015-08-13,0.668192155538771
2015-08-14,0.6683896795268609
2015-08-17,0.6694427658160818
2015-08-18,0.6694050556825191
2015-08-19,0.6693879210215091
2015-08-20,0.6695595077531935
2015-08-21,0.6699413951264217
2015-08-24,0.6704808583091519
2015-08-25,0.6702270936987754
2015-08-26,0.6702394288709433
2015-08-27,0.6704984148038727
2015-08-28,0.6702513269968601
2015-08-31,0.6705376619637365
2015-09-01,0.6707145769493054
2015-09-02,0.6703058746077297
2015-09-03,0.6697851009215061
2015-09-04,0.6686874196923168
2015-09-08,0.6672752077244273
2015-09-09,0.6678643423348171
2015-09-10,0.6681025567171575
2015-09-11,0.6660158593496296
2015-09-14,0.6667549174620021
2015-09-15,0.6670627165261032
2015-09-16,0.66682803543706
2015-09-17,0.6674908682256843
2015-09-18,0.6655154062882813
2015-09-21,0.6651493333197869
2015-09-22,0.6642788165340053
2015-09-23,0.6647623235207852
2015-09-24,0.6645091808257066
2015-09-25,0.6651712551289297
2015-09-28,0.6644507114281322
2015-09-29,0.6644895965032495
2015-09-30,0.6645089031283453
2015-10-01,0.6646062996015342
2015-10-02,0.6636746811107982
2015-10-05,0.6685571356613482
2015-10-06,0.6692953339798667
2015-10-07,0.6693432611366955
2015-10-08,0.6693914170700425
2015-10-09,0.6699057135242608
2015-10-12,0.6698125815308912
2015-10-13,0.6698600592207226
2015-10-14,0.6692331983130406
2015-10-15,0.6693260572342208
2015-10-16,0.6682628774795644
2015-10-19,0.6682530545004058
2015-10-20,0.6690144268226337
2015-10-21,0.6688480173208806
2015-10-22,0.6687399221404007
2015-10-23,0.6687342674931831
2015-10-26,0.6690257212577891
2015-10-27,0.6697012583927233
2015-10-28,0.6697320662639406
2015-10-29,0.6680964614551502
2015-10-30,0.6678377574595142
2015-11-02,0.6681242007686062
2015-11-03,0.6675961858876166
2015-11-04,0.667692351537044
2015-11-05,0.6763762376716448
2015-11-06,0.6766297631539537
2015-11-09,0.676927887342326
2015-11-10,0.6763925977794699
2015-11-11,0.6767763156456473
2015-11-12,0.6773260508406572
2015-11-13,0.6769641203982234
2015-11-16,0.6771451330140649
2015-11-17,0.6748983815636629
2015-11-18,0.6767999722108706
2015-11-19,0.6773379364093681
2015-11-20,0.677530427105261
2015-11-23,0.677530427105261
2015-11-24,0.6774248086677848
2015-11-25,0.669690512732716
2015-11-27,0.6717112569673118
2015-11-30,0.6695399851044943
2015-12-01,0.6694907778958014
2015-12-02,0.6686156555631749
2015-12-03,0.668240222132533
2015-12-04,0.6772951191573288
2015-12-07,0.6764401515726647
2015-12-08,0.6770011324647296
2015-12-09,0.6771497074753164
2015-12-10,0.6778009722813704
2015-12-11,0.6779613688054109
2015-12-14,0.6764597097497742
2015-12-15,0.6753555598695098
2015-12-16,0.6746868307033935
2015-12-17,0.6715617690318905
2015-12-18,0.6723184091849997
2015-12-21,0.6716316405110081
2015-12-22,0.6717418136519046
2015-12-23,0.6718081497799031
2015-12-24,0.6720861283611652
2015-12-28,0.6718637566428999
2015-12-29,0.6721579932126298
2015-12-30,0.6724466237620648
2015-12-31,0.673303770948343
2016-01-04,0.6744988876969152
2016-01-05,0.673332574594167
2016-01-06,0.6730903221993396
2016-01-07,0.6727703386203348
2016-01-08,0.6731350610036804
2016-01-11,0.6742685246497822
2016-01-12,0.6743077283124173
2016-01-13,0.6742293289248892
2016-01-14,0.6742991532308924
2016-01-15,0.6745030291433781
2016-01-19,0.6756396167823076
2016-01-20,0.6761153783269057
2016-01-21,0.6757997087734048
2016-01-22,0.6751342905553801
2016-01-25,0.6762973626360218
2016-01-26,0.6762664255697555
2016-01-27,0.6750393089020833
2016-01-28,0.673202929510734
2016-01-29,0.6725403197047913
2016-02-01,0.6742215516101581
2016-02-02,0.6739249567928774
2016-02-03,0.6736731052524836
2016-02-04,0.6707317861270994
2016-02-05,0.6714592741165819
2016-02-08,0.6707728776659482
2016-02-09,0.6705072862089663
2016-02-10,0.6705609435029776
2016-02-11,0.6707980578833421
2016-02-12,0.6718694671253035
2016-02-16,0.6716783338368201
2016-02-17,0.6728150239509681
2016-02-18,0.6731343023409272
2016-02-19,0.6728386225120115
2016-02-22,0.6726241538760742
2016-02-23,0.6716181950566513
2016-02-24,0.6678302075411604
2016-02-25,0.6697084786840605
2016-02-26,0.6696636047154018
2016-02-29,0.6732911469095123
2016-03-01,0.6709194568796139
2016-03-02,0.6699366501740324
2016-03-03,0.6701704210956905
2016-03-04,0.6696032311517949
2016-03-07,0.6684716871792988
2016-03-08,0.6658926005101473
2016-03-09,0.6643302667304518
2016-03-10,0.6661493016653134
2016-03-11,0.6664570480113998
2016-03-14,0.6663972749980813
2016-03-15,0.6644502087958917
2016-03-16,0.663896390161485
2016-03-17,0.6641002433058485
2016-03-18,0.6644074554552349
2016-03-21,0.6639543142827145
2016-03-22,0.663788422826064
2016-03-23,0.6636421625480535
2016-03-24,0.6631177750478491
2016-03-28,0.6613656205875057
2016-03-29,0.6606413911852855
2016-03-30,0.6608377347555764
2016-03-31,0.6607358989024117
2016-04-01,0.6589667256111336
2016-04-04,0.6592731837371604
2016-04-05,0.6591167092517054
2016-04-06,0.6587298398642755
2016-04-07,0.6619724018605497
2016-04-08,0.6618989284354772
2016-04-11,0.6625249450316952
2016-04-12,0.6625687153670751
2016-04-13,0.6614159755209539
2016-04-14,0.6613267296350298
2016-04-15,0.6618862183459087
2016-04-18,0.6618025514584274
2016-04-19,0.6619109386396704
2016-04-20,0.6620608756737132
2016-04-21,0.6623050025291907
2016-04-22,0.6633768726341404
2016-04-25,0.6657560358672728
2016-04-26,0.664028058570015
2016-04-27,0.6632776114075092
2016-04-28,0.6632762696733673
2016-04-29,0.6625684123739648
2016-05-02,0.6626852846365162
2016-05-03,0.662806541416826
2016-05-04,0.6637040530608473
2016-05-05,0.6637030639405095
2016-05-06,0.6636795797552777
2016-05-09,0.6645854491240863
2016-05-10,0.6650909225694236
2016-05-11,0.6656171802527534
2016-05-12,0.6616436072615106
2016-05-13,0.6599460405346036
2016-05-16,0.6622962974768563
2016-05-17,0.6639485120232664
2016-05-18,0.6621397787636684
2016-05-19,0.6617607319367101
2016-05-20,0.6603589297085638
2016-05-23,0.6653277453976599
2016-05-24,0.6651654736306614
2016-05-25,0.6647776298325535
2016-05-26,0.6658426165048401
2016-05-27,0.665760487425418
2016-05-31,0.6658635731323825
2016-06-01,0.6660902440961272
2016-06-02,0.6659887837473368
2016-06-03,0.6655785239319312
2016-06-06,0.6645502345916441
2016-06-07,0.6648181340392868
2016-06-08,0.6635188125142029
2016-06-09,0.6631832393556202
2016-06-10,0.6612131977381002
2016-06-13,0.6635871435091419
2016-06-14,0.6635658085434294
2016-06-15,0.6641706568022198
2016-06-16,0.6649846320285817
2016-06-17,0.6638817068632012
2016-06-20,0.6620261394056393
2016-06-21,0.658666295298175
2016-06-22,0.6568017534039248
2016-06-23,0.6542517814353107
2016-06-24,0.6555718950796176
2016-06-27,0.6552838173203378
2016-06-28,0.6539167223801275
2016-06-29,0.6548588609438096
2016-06-30,0.6523765462735395
2016-07-01,0.6511405959054279
2016-07-05,0.6478613417954574
2016-07-06,0.6471243122980258
2016-07-07,0.6475986631872109
2016-07-08,0.6465946873770763
2016-07-11,0.646169165773322
2016-07-12,0.6466219843238522
2016-07-13,0.6466057473607142
2016-07-14,0.6455407246734153
2016-07-15,0.6440685033432596
2016-07-18,0.6428133562075375
2016-07-19,0.6441907206488442
2016-07-20,0.6424922929883773
2016-07-21,0.6417475053684344
2016-07-22,0.6417474259797167
2016-07-25,0.6413014012537818
2016-07-26,0.6407300050063136
2016-07-27,0.6401672457570982
2016-07-28,0.6404669784996675
2016-07-29,0.6398798110526266
2016-08-01,0.6394885203983384
2016-08-02,0.6399236248780291
2016-08-03,0.6396694986732154
2016-08-04,0.6389089247350751
2016-08-05,0.6384883374693474
2016-08-08,0.6376635647803559
2016-08-09,0.6361540928452999
2016-08-10,0.6350731765346834
2016-08-11,0.6349486091175113
2016-08-12,0.6341613812731576
2016-08-15,0.6337160042699034
2016-08-16,0.6337483206012252
2016-08-17,0.6332914996229385
2016-08-18,0.633071540261686
2016-08-19,0.6331738961210913
2016-08-22,0.6336002916546905
2016-08-23,0.6334027684456983
2016-08-24,0.6319533470417729
2016-08-25,0.6321262269487802
2016-08-26,0.6323052230629065
2016-08-29,0.6325930530160734
2016-08-30,0.6336196788181578
2016-08-31,0.6333607102156157
2016-09-01,0.6336909479023624
2016-09-02,0.6360102793964133
2016-09-06,0.6332559378600565
2016-09-07,0.6344091732521401
2016-09-08,0.6335938428589479
2016-09-09,0.6314062947607039
2016-09-12,0.6297802422297044
2016-09-13,0.6291916189983593
2016-09-14,0.62617471642049
2016-09-15,0.6249147275812932
2016-09-16,0.6243096202574592
2016-09-19,0.6241922899452885
2016-09-20,0.6239879066400259
2016-09-21,0.6227422608590754
2016-09-22,0.6205459020153092
2016-09-23,0.6215847215483469
2016-09-26,0.6213349345596119
2016-09-27,0.6199594333436371
2016-09-28,0.6186643357875588
2016-09-29,0.6185785677228512
2016-09-30,0.6176734988497998
2016-10-03,0.6170502189599393
2016-10-04,0.6177127170054
2016-10-05,0.6176243411883735
2016-10-06,0.6174985851577984
2016-10-07,0.6194639875617872
2016-10-10,0.6197148911813011
2016-10-11,0.6141854219130363
2016-10-12,0.6108083761060268
2016-10-13,0.6105418011404343
2016-10-14,0.6101273114645627
2016-10-17,0.6104009884231612
2016-10-18,0.6085155993530494
2016-10-19,0.606148747954194
2016-10-20,0.6039684026853354
2016-10-21,0.5995661059092428
2016-10-24,0.5975912736283076
2016-10-25,0.5948271452126302
2016-10-26,0.593293612022412
2016-10-27,0.5944523907600189
2016-10-28,0.5944971189243122
2016-10-31,0.5943391871150435
2016-11-01,0.5939417994982186
2016-11-02,0.5916517317020962
2016-11-03,0.5916934993418104
2016-11-04,0.5914914253425537
2016-11-07,0.5908129623435882
2016-11-08,0.5909822234047106
2016-11-09,0.5898554356226946
2016-11-10,0.590062581542845
2016-11-11,0.5887834401425829
2016-11-14,0.5889296896811036
2016-11-15,0.5881598234882959
2016-11-16,0.5882414485995084
2016-11-17,0.5873103764095488
2016-11-18,0.5862592217141752
2016-11-21,0.5862176116289889
2016-11-22,0.585756972112444
2016-11-23,0.5927118494196879
2016-11-25,0.5893033369621266
2016-11-28,0.5874309734513499
2016-11-29,0.5858955343375082
2016-11-30,0.5844447994138257
2016-12-01,0.5818697437173457
2016-12-02,0.5808635723415284
2016-12-05,0.5793750752517681
2016-12-06,0.5780502633821271
2016-12-07,0.575974993759914
2016-12-08,0.573919963647074
2016-12-09,0.572878744649482
2016-12-12,0.5726428216800707
2016-12-13,0.5726841401362712
2016-12-14,0.571757506530462
2016-12-15,0.571448323701502
2016-12-16,0.5727361198485601
2016-12-19,0.5754039293809304
2016-12-20,0.5758758453431302
2016-12-21,0.5757964149733183
2016-12-22,0.5748073415653229
2016-12-23,0.5747106814636003
2016-12-27,0.5735217075483316
2016-12-28,0.5737223807261187
2016-12-29,0.5741652322116525
2016-12-30,0.5741720410491395
2017-01-03,0.5741904911274883
2017-01-04,0.5736149237250404
2017-01-05,0.5742021115807874
2017-01-06,0.5743208856736539
2017-01-09,0.5729765162811326
2017-01-10,0.5726244591064056
2017-01-11,0.571207528837935
2017-01-12,0.5695864928794202
2017-01-13,0.5690234727955337
2017-01-17,0.5674426175393071
2017-01-18,0.5648195613529718
2017-01-19,0.5630911932132179
2017-01-20,0.5617243275979712
2017-01-23,0.560116502455064
2017-01-24,0.558419276967706
2017-01-25,0.563670875669683
2017-01-26,0.5623565339473856
2017-01-27,0.5618878054897968
2017-01-30,0.5623841276084112
2017-01-31,0.5623583678298
2017-02-01,0.5621384812887446
2017-02-02,0.5609026644125322
2017-02-03,0.5604150259426661
2017-02-06,0.5600813584194754
2017-02-07,0.5610361173291478
2017-02-08,0.5600078420867878
2017-02-09,0.5589466593998266
2017-02-10,0.5575395697592871
2017-02-13,0.5594851906063532
2017-02-14,0.5584922850771339
2017-02-15,0.5585311237282042
2017-02-16,0.5571149087990817
2017-02-17,0.5558457915044447
2017-02-21,0.5545273499929246
2017-02-22,0.5550589205616189
2017-02-23,0.5541324855862072
2017-02-24,0.5531990460758713
2017-02-27,0.5530052184419241
2017-02-28,0.5524952434072531
2017-03-01,0.550946337226044
2017-03-02,0.5506108248183802
2017-03-03,0.5503927171086097
2017-03-06,0.5506037421226634
2017-03-07,0.5501492682156641
2017-03-08,0.5487422551317149
2017-03-09,0.5469741278223459
2017-03-10,0.5466442631577579
2017-03-13,0.5457257189160131
2017-03-14,0.5457733464723795
2017-03-15,0.5447271465911434
2017-03-16,0.5435695694195595
2017-03-17,0.5437370439009206
2017-03-20,0.5435135507066583
2017-03-21,0.5414094471213545
2017-03-22,0.541458611844671
2017-03-23,0.5411522063186873
2017-03-24,0.5402997022293968
2017-03-27,0.5388127206209851
2017-03-28,0.5379908762917954
2017-03-29,0.5383626466473501
2017-03-30,0.5376949392364849
2017-03-31,0.5385146056407369
2017-04-03,0.537892251008627
2017-04-04,0.537236433073718
2017-04-05,0.5357210508882354
2017-04-06,0.5350980986425115
2017-04-07,0.5346629558949703
2017-04-10,0.5335600925483553
2017-04-11,0.5332337116881368
2017-04-12,0.5390268818574508
2017-04-13,0.5377141420283155
2017-04-17,0.5371026148819315
2017-04-18,0.5363363318097404
2017-04-19,0.5363159342419694
2017-04-20,0.5357605862207967
2017-04-21,0.5365435995049247
2017-04-24,0.5347464920167372
2017-04-25,0.5348038040220041
2017-04-26,0.535610617812404
2017-04-27,0.5345815224424989
2017-04-28,0.534188158374695
2017-05-01,0.5329106250696048
2017-05-02,0.5326985122266625
2017-05-03,0.5339042267184615
2017-05-04,0.5334504795265089
2017-05-05,0.5335453672542362
2017-05-08,0.5331652246886445
2017-05-09,0.5314264386580234
2017-05-10,0.5316046669761308
2017-05-11,0.5324900840332102
2017-05-12,0.5323385794786039
2017-05-15,0.5330837990949346
2017-05-16,0.5336164521299701
2017-05-17,0.5323246526234403
2017-05-18,0.5321836659617606
2017-05-19,0.5312242574791581
2017-05-22,0.531159493251907
2017-05-23,0.531311158425875
2017-05-24,0.5313326713090873
2017-05-25,0.5310888945473786
2017-05-26,0.5308268717318088
2017-05-30,0.5309355164872747
2017-05-31,0.530212209407581
2017-06-01,0.5300063509236177
2017-06-02,0.5302902958656627
2017-06-05,0.5305274954720898
2017-06-06,0.5300755597965954
2017-06-07,0.5287861160448082
2017-06-08,0.5282063058422912
2017-06-09,0.5273181224333592
2017-06-12,0.5267574049517939
2017-06-13,0.5272683841667105
2017-06-14,0.5274230065587711
2017-06-15,0.5272818072097655
2017-06-16,0.5267929896576653
2017-06-19,0.5249961967908772
2017-06-20,0.5244929889515436
2017-06-21,0.5217916076940872
2017-06-22,0.5214547666752016
2017-06-23,0.5208392679273396
2017-06-26,0.5199527075628205
2017-06-27,0.5198940541268857
2017-06-28,0.5201304836838501
2017-06-29,0.5193034728347466
2017-06-30,0.5230014752243755
2017-07-03,0.5232724687596639
2017-07-05,0.5229123742531299
2017-07-06,0.5225115026143812
2017-07-07,0.5218045636635861
2017-07-10,0.521586900178485
2017-07-11,0.5203545591445561
2017-07-12,0.519748772738078
2017-07-13,0.5205674193581921
2017-07-14,0.5210499705983154
2017-07-17,0.5209061191159734
2017-07-18,0.5211323995312307
2017-07-19,0.5200721892362012
2017-07-20,0.5186030826483636
2017-07-21,0.5178348555279972
2017-07-24,0.5178799746525937
2017-07-25,0.5171492962542047
2017-07-26,0.5171213636289347
2017-07-27,0.517391031072329
2017-07-28,0.5172814433335378
2017-07-31,0.5163553428382961
2017-08-01,0.5160990616534376
2017-08-02,0.5166645175931659
2017-08-03,0.5163321767245113
2017-08-04,0.5169033037238752
2017-08-07,0.5168302516140633
2017-08-08,0.5164177914798013
2017-08-09,0.5175816663583803
2017-08-10,0.5167457403092816
2017-08-11,0.5172804434926885
2017-08-14,0.5166050691844926
2017-08-15,0.5172557561845761
2017-08-16,0.5171859290763116
2017-08-17,0.5170807389047121
2017-08-18,0.515836765314996
2017-08-21,0.5139363795345786
2017-08-22,0.5134781278551446
2017-08-23,0.5124421337410168
2017-08-24,0.512632809985851
2017-08-25,0.5140134156202062
2017-08-28,0.5135162731535202
2017-08-29,0.513173367607133
2017-08-30,0.513783951702448
2017-08-31,0.5132888024919118
2017-09-01,0.5135174304152381
2017-09-05,0.5132494907202569
2017-09-06,0.5140130656994235
2017-09-07,0.5145478015503714
2017-09-08,0.5133250783118242
2017-09-11,0.5128259486014599
2017-09-12,0.5190153632609781
2017-09-13,0.5193912830757114
2017-09-14,0.5196607004469485
2017-09-15,0.5195097533911086
2017-09-18,0.5182505672756723
2017-09-19,0.5173263752394228
2017-09-20,0.5182505672756723
2017-09-21,0.5181755861802567
2017-09-22,0.5185043222244136
2017-09-25,0.5171334569244508
2017-09-26,0.5169906836469762
2017-09-27,0.5167757808455556
2017-09-28,0.5158245991881351
2017-09-29,0.5150138178082845
2017-10-02,0.5240858432395725
2017-10-03,0.5241977397645606
2017-10-04,0.5245714035591041
2017-10-05,0.5245815809361862
2017-10-06,0.525574351874242
2017-10-09,0.5246190416980059
2017-10-10,0.5249672290519662
2017-10-11,0.5252255113732598
2017-10-12,0.524100101402418
2017-10-13,0.5237802536109848
2017-10-16,0.5241792578769201
2017-10-17,0.5240468582551021
2017-10-18,0.5240666095151986
2017-10-19,0.5237524240066533
2017-10-20,0.5234465266933169
2017-10-23,0.5229593617035729
2017-10-24,0.5239336138224417
2017-10-25,0.5236856458770044
2017-10-26,0.523087258052826
2017-10-27,0.5232480549214009
2017-10-30,0.5223343632823225
2017-10-31,0.522047555713188
2017-11-01,0.521472543674347
2017-11-02,0.5209472519499361
2017-11-03,0.5200827588568679
2017-11-06,0.5200189632632908
2017-11-07,0.5195104807847691
2017-11-08,0.5193694614251407
2017-11-09,0.5191088434440538
2017-11-10,0.5247897750708409
2017-11-13,0.5243395409429834
2017-11-14,0.5251877429059132
2017-11-15,0.5248420889604449
2017-11-16,0.5240344028630908
2017-11-17,0.5250632728098833
2017-11-20,0.5237516797772365
2017-11-21,0.5237898150893456
2017-11-22,0.5227551043907487
2017-11-24,0.5216014623135604
2017-11-27,0.5222532735714454
2017-11-28,0.5221174186916904
2017-11-29,0.5245247486776881
2017-11-30,0.5334843861404905
2017-12-01,0.5335213672773079
2017-12-04,0.5391141428087058
2017-12-05,0.5388523724811447
2017-12-06,0.5388599109310847
2017-12-07,0.5375730258844467
2017-12-08,0.5373127107017442
2017-12-11,0.5368884344548102
2017-12-12,0.5365143701518394
2017-12-13,0.5369266307800942
2017-12-14,0.5376811867764747
2017-12-15,0.536553690689801
2017-12-18,0.5364668822936105
2017-12-19,0.5370396922563719
2017-12-20,0.5371026148819315
2017-12-21,0.5369045243932629
2017-12-22,0.5369299553528857
2017-12-26,0.5427383596558178
2017-12-27,0.5432310663428608
2017-12-28,0.5426460643794152
2017-12-29,0.543215674552953
2018-01-02,0.5431706632122892
2018-01-03,0.5435588532508928
2018-01-04,0.5488369574597374
2018-01-05,0.5488165432064088
2018-01-08,0.5489877331099687
2018-01-09,0.5485533069011279
2018-01-10,0.5481175510309289
2018-01-11,0.5477762121630727
2018-01-12,0.548818127604183
2018-01-16,0.5485498431739277
2018-01-17,0.5483189178217934
2018-01-18,0.548572985405349
2018-01-19,0.5485516538575358
2018-01-22,0.5483874427760829
2018-01-23,0.5475341007788839
2018-01-24,0.5477804084609172
2018-01-25,0.5479380206914208
2018-01-26,0.547347435319214
2018-01-29,0.5479157823733968
2018-01-30,0.5476462170557558
2018-01-31,0.5473313558652205
2018-02-01,0.5477804084609172
2018-02-02,0.5473900802406878
2018-02-05,0.5479298222825579
2018-02-06,0.5519786445407804
2018-02-07,0.5516542048637323
2018-02-08,0.5526981225885392
2018-02-09,0.5527729765853306
2018-02-12,0.5528478692121639
2018-02-13,0.5529564929237294
2018-02-14,0.5531029340605724
2018-02-15,0.5533627194855282
2018-02-16,0.552654052438657
2018-02-20,0.5520158275497691
2018-02-21,0.5528454233603636
2018-02-22,0.5523304331462359
2018-02-23,0.5523641771804294
2018-02-26,0.5523174458768063
2018-02-27,0.5544193014885531
2018-02-28,0.5544937107871893
2018-03-01,0.554456501390118
2018-03-02,0.5526568206330067
2018-03-05,0.5546053959905397
2018-03-06,0.5547171667942951
2018-03-07,0.5615832177147619
2018-03-08,0.561741464840286
2018-03-09,0.5626416457016372
2018-03-12,0.565687608763418
2018-03-13,0.5659812067257047
2018-03-14,0.5656717696122492
2018-03-15,0.5664144947623982
2018-03-16,0.5666053229186727
2018-03-19,0.5669141358576109
2018-03-20,0.5672244204668542
2018-03-21,0.5686334270150875
2018-03-22,0.5683705298562715
2018-03-23,0.5720302056935832
2018-03-26,0.5771921330720545
2018-03-27,0.5765988530738664
2018-03-28,0.5806354438106244
2018-03-29,0.5805051317337302
2018-04-02,0.5799613976093926
2018-04-03,0.5801567866658756
2018-04-04,0.580280015901011
2018-04-05,0.5792005128524609
2018-04-06,0.5787780447344198
2018-04-09,0.58110383656411
2018-04-10,0.5802469491866511
2018-04-11,0.5801311692676007
2018-04-12,0.5798924544808272
2018-04-13,0.5805917509031445
2018-04-16,0.5807657080178183
2018-04-17,0.5808313781023478
2018-04-18,0.5794056335617865
2018-04-19,0.5792441963600636
2018-04-20,0.5794216343715414
2018-04-23,0.5797541540298793
2018-04-24,0.5879881084109947
2018-04-25,0.5876291624155434
2018-04-26,0.5876151209710855
2018-04-27,0.5871075795164412
2018-04-30,0.5861764995884226
2018-05-01,0.5864684046802364
2018-05-02,0.5871680509654895
2018-05-03,0.5870948287198009
2018-05-04,0.5874656777823606
2018-05-07,0.587207846868582
2018-05-08,0.5872457158255632
2018-05-09,0.5892573027855302
2018-05-10,0.5896000553549178
2018-05-11,0.5890810965228839
2018-05-14,0.5887035686749809
2018-05-15,0.5893519163341416
2018-05-16,0.5944827330714325
2018-05-17,0.594221103958754
2018-05-18,0.5944779206376631
2018-05-21,0.5944779206376631
2018-05-22,0.5944779206376631
2018-05-23,0.5945881101236727
2018-05-24,0.5999996687255092
2018-05-25,0.6000723680133927
2018-05-29,0.6000723680133927
2018-05-30,0.600576992207669
2018-05-31,0.6001814775281251
2018-06-01,0.6000188923254614
2018-06-04,0.6001799160779743
2018-06-05,0.6001951359880234
2018-06-06,0.6003878242213935
2018-06-07,0.6013490481292509
2018-06-08,0.605877444772454
2018-06-11,0.6000640411347917
2018-06-12,0.6001113287443852
2018-06-13,0.6000016801198241
2018-06-14,0.5995638190671514
2018-06-15,0.5996731744708468
2018-06-18,0.5999394098057566
2018-06-19,0.5998555961541364
2018-06-20,0.6001585792051168
2018-06-21,0.5994401706765117
2018-06-22,0.5983310862292773
2018-06-25,0.6045598908053199
2018-06-26,0.6040603481435148
2018-06-27,0.6087978163623348
2018-06-28,0.6089827503719406
2018-06-29,0.6090489577019789
2018-07-02,0.6088148383541
2018-07-03,0.6096815829262352
2018-07-05,0.6096397032963458
2018-07-06,0.6095977920413941
2018-07-09,0.6088448162594645
2018-07-10,0.608478528798849
2018-07-11,0.6084646695596414
2018-07-12,0.6080883882487341
2018-07-13,0.6081221363169401
2018-07-16,0.6084239649580444
2018-07-17,0.6085635600623689
2018-07-18,0.6085144806045907
2018-07-19,0.6077522823178024
2018-07-20,0.6069107581884379
2018-07-23,0.6066268506111056
2018-07-24,0.6063482248020653
2018-07-25,0.6057951490177269
2018-07-26,0.6055039174490165
2018-07-27,0.6054352679147542
2018-07-30,0.6051932648203894
2018-07-31,0.6063460711227566
2018-08-01,0.606479637682058
2018-08-02,0.6060728486412755
2018-08-03,0.6063315991258907
2018-08-06,0.6060588511694844
2018-08-07,0.6066125844007019
2018-08-08,0.6071412834201019
2018-08-09,0.6046684040662906
2018-08-10,0.6056326169709028
2018-08-13,0.606110945837054
2018-08-14,0.605955946447673
2018-08-15,0.6113969010111503
2018-08-16,0.6118497186258439
2018-08-17,0.6131780265543693
2018-08-20,0.6134004314091903
2018-08-21,0.613326263918584
2018-08-22,0.613326263918584
2018-08-23,0.6132812748786315
2018-08-24,0.6133926208047036
2018-08-27,0.6128198872285308
2018-08-28,0.6122985951057955
2018-08-29,0.6119276203234421
2018-08-30,0.6125437607363711
2018-08-31,0.6127726453679686
2018-09-04,0.6130016071349086
2018-09-05,0.6219330637136697
2018-09-06,0.6257442237032319
2018-09-07,0.6258265364070222
2018-09-10,0.6260553459409195
2018-09-11,0.6299582581162749
2018-09-12,0.6293437014148571
2018-09-13,0.6294067420612696
2018-09-14,0.630372540914313
2018-09-17,0.6299318922526089
2018-09-18,0.6291228267173163
2018-09-19,0.6294549988392625
2018-09-20,0.6294180597367174
2018-09-21,0.6291965883752656
2018-09-24,0.6292076198781926
2018-09-25,0.6268772169308459
2018-09-26,0.6277173654220367
2018-09-27,0.6269529903382556
2018-09-28,0.6274971301099963
2018-10-01,0.6279071653051076
2018-10-02,0.6287337745760604
2018-10-03,0.6285803349349371
2018-10-04,0.6285504168610352
2018-10-05,0.6294805221889803
2018-10-08,0.6293072890887217
2018-10-09,0.6297137905709934
2018-10-10,0.6294995792299279
2018-10-11,0.6294664013680903
2018-10-12,0.6290889182804692
2018-10-15,0.6287060053250885
2018-10-16,0.6260411399421707
2018-10-17,0.6249674597931473
2018-10-18,0.6237797576527618
2018-10-19,0.624815103929235
2018-10-22,0.6247797379531755
2018-10-23,0.6243773880169466
2018-10-24,0.6285037700926103
2018-10-25,0.6285837024235216
2018-10-26,0.6291342062134017
2018-10-29,0.6289907983362503
2018-10-30,0.6288350891333677
2018-10-31,0.6293629613930993
2018-11-01,0.6298447276618373
2018-11-02,0.6328932689175003
2018-11-05,0.6299560925473182
2018-11-06,0.630555567246869
2018-11-07,0.6306345111932607
2018-11-08,0.6302617947004339
2018-11-09,0.6297784422182104
2018-11-12,0.6328672129304469
2018-11-13,0.632977280403951
2018-11-14,0.6340817371645829
2018-11-15,0.633897182027329
2018-11-16,0.6336873497254801
2018-11-19,0.6338718504742077
2018-11-20,0.6337668602781259
2018-11-21,0.6321395744306004
2018-11-23,0.6344051966168278
2018-11-26,0.6342183952551272
2018-11-27,0.6343930166732938
2018-11-28,0.6334247265105895
2018-11-29,0.6334247265105895
2018-11-30,0.6334933719330645
2018-12-03,0.6304839184451188
2018-12-04,0.6304839184451188
2018-12-06,0.6304463506283039
2018-12-07,0.6305214942911115
2018-12-10,0.6309730317183581
2018-12-11,0.6311238020367745
2018-12-12,0.6311615147993986
2018-12-13,0.6308600386709445
2018-12-14,0.6296040478807307
2018-12-17,0.6302422062654354
2018-12-18,0.630501297579222
2018-12-19,0.6300208300628627
2018-12-20,0.6301712025612494
2018-12-21,0.6333095988834818
2018-12-24,0.633495778736248
2018-12-26,0.6330766001637546
2018-12-27,0.6326245533824162
2018-12-28,0.6328909471782803
2018-12-31,0.6330403302874821
2019-01-02,0.6319303781488164
2019-01-03,0.6300675281040967
2019-01-04,0.6289838293734743
2019-01-07,0.627668075444749
2019-01-08,0.6275573448744275
2019-01-09,0.6272456393708483
2019-01-10,0.6271468424265582
2019-01-11,0.6274889285932091
2019-01-14,0.6261326545443879
2019-01-15,0.6275365720082993
2019-01-16,0.6277998812843779
2019-01-17,0.6275746099683828
2019-01-18,0.6281047317642199
2019-01-22,0.6275867113994056
2019-01-23,0.6280447176703361
2019-01-24,0.627013138967819
2019-01-25,0.6294994079184776
2019-01-28,0.6286130189816093
2019-01-29,0.6291239644594878
2019-01-30,0.6292524052910217
2019-01-31,0.6299317714198877
2019-02-01,0.6291505095271767
2019-02-04,0.6289766716441392
2019-02-05,0.6293506257923072
2019-02-06,0.6289766716441392
2019-02-07,0.6291276903047595
2019-02-08,0.62927883920138
2019-02-11,0.6296831722182944
2019-02-12,0.6293166467959465
2019-02-13,0.6283664943200343
2019-02-14,0.6280116184036463
2019-02-15,0.6276929852956047
2019-02-19,0.6279014209826583
2019-02-20,0.627624832764525
2019-02-21,0.6263430340454649
2019-02-22,0.6250369869757668
2019-02-25,0.6253493573709794
2019-02-26,0.6264842538688468
2019-02-27,0.6260270600005743
2019-02-28,0.6259890146568777
2019-03-01,0.6260247799638031
2019-03-04,0.6260985428398055
2019-03-05,0.6275022903435491
2019-03-06,0.6270435208642687
2019-03-07,0.6270435208642687
2019-03-08,0.6270817056198765
2019-03-11,0.6270817056198765
2019-03-12,0.6267409707331901
2019-03-13,0.6266976278361609
2019-03-14,0.6264312247686015
2019-03-15,0.6252620148306568
2019-03-18,0.62549114590531
2019-03-19,0.6255229525147374
2019-03-20,0.625705944574356
2019-03-21,0.6254432932896221
2019-03-22,0.6253696707960227
2019-03-25,0.6251919790780904
2019-03-26,0.6253474076440642
2019-03-27,0.6249737428024852
2019-03-28,0.6254110882732764
2019-03-29,0.6251570339235274
2019-04-01,0.630319763604505
2019-04-02,0.6308157578454486
2019-04-03,0.630777554742234
2019-04-04,0.6308157578454486
2019-04-05,0.6306674873635544
2019-04-08,0.6304546788155985
2019-04-09,0.6293319564069776
2019-04-10,0.6297233049738561
2019-04-11,0.6286591634574061
2019-04-12,0.6313995107493051
2019-04-15,0.6327748938343384
2019-04-16,0.6313127978200237
2019-04-17,0.6307143279830538
2019-04-18,0.6309374977770896
2019-04-22,0.6312462399499765
2019-04-23,0.6313223587287666
2019-04-24,0.6312414946846258
2019-04-25,0.6322519634893136
2019-04-26,0.6321776579834513
2019-04-29,0.6275315202890418
2019-04-30,0.6280512391327998
2019-05-01,0.6284517759924416
2019-05-02,0.6278316689766954
2019-05-03,0.6279458378901134
2019-05-06,0.6267096107802632
2019-05-07,0.6318018850692526
2019-05-08,0.6321416454327587
2019-05-09,0.6318645629650864
2019-05-10,0.6331450565199687
2019-05-13,0.6331676821736321
2019-05-14,0.6325997633428094
2019-05-15,0.6349821458241895
2019-05-16,0.633048378642593
2019-05-17,0.6326708840140761
2019-05-20,0.6324191359728465
2019-05-21,0.6326268613482349
2019-05-22,0.6316050731353217
2019-05-23,0.6308524233739227
2019-05-24,0.6317469905007612
2019-05-28,0.6315403358442856
2019-05-29,0.6309898469489831
2019-05-30,0.6317742308964344
2019-05-31,0.6315751705550513
2019-06-03,0.6316628062205666
2019-06-04,0.6301980683431566
2019-06-05,0.6308025362624933
2019-06-06,0.6306882145819347
2019-06-07,0.6316811163726153
2019-06-10,0.6302029952580962
2019-06-11,0.6298032210597209
2019-06-12,0.6303254298899046
2019-06-13,0.629836824481806
2019-06-14,0.629151168136481
2019-06-17,0.6293472143528311
2019-06-18,0.628875335355735
2019-06-19,0.6278558702148809
2019-06-20,0.6286908748877175
2019-06-21,0.6282238764559167
2019-06-24,0.6283458671565227
2019-06-25,0.629412251838712
2019-06-26,0.632266033429477
2019-06-27,0.6329051890508369
2019-06-28,0.6328829251529698
2019-07-01,0.6391385855419937
2019-07-02,0.6397285647844092
2019-07-03,0.6399436899721651
2019-07-05,0.6397642647661799
2019-07-08,0.6385470373768214
2019-07-09,0.6384374614463114
2019-07-10,0.6382657051485245
2019-07-11,0.6379060781810367
2019-07-12,0.6378755981834743
2019-07-15,0.6386615659236264
2019-07-16,0.6380209824607641
2019-07-17,0.6384927700184162
2019-07-18,0.6370349210449334
2019-07-19,0.6371300141761709
2019-07-22,0.6369142983245158
2019-07-23,0.6382735156359632
2019-07-24,0.6386752595368679
2019-07-25,0.6385400354933489
2019-07-26,0.638750028247079
2019-07-29,0.6391851334014583
2019-07-30,0.638830671154307
2019-07-31,0.6385083171343511
2019-08-01,0.6408445489107875
2019-08-02,0.6403058562873568
2019-08-05,0.641030598106693
2019-08-06,0.6407899418993283
2019-08-07,0.6402577741326064
2019-08-08,0.6396658925428292
2019-08-09,0.6379823345615161
2019-08-12,0.6362031426193311
2019-08-13,0.6349427861734488
2019-08-14,0.6351896562576221
2019-08-15,0.6344244801190032
2019-08-16,0.6347044885201051
2019-08-19,0.6343046116655051
2019-08-20,0.6344179561474945
2019-08-21,0.6316343639803267
2019-08-22,0.6316186557677071
2019-08-23,0.6302093356903622
2019-08-26,0.6303479543200282
2019-08-27,0.6299725233732976
2019-08-28,0.6300574784909547
2019-08-29,0.6302590415745832
2019-08-30,0.6305416188524342
2019-09-03,0.6325790887725012
2019-09-04,0.6325382028132412
2019-09-05,0.634422858169423
2019-09-06,0.6346306493168384
2019-09-09,0.6348724191984579
2019-09-10,0.6347985556079284
2019-09-11,0.6354925382004475
2019-09-12,0.6356474083317337
2019-09-13,0.6359497419203342
2019-09-16,0.6352583087145947
2019-09-17,0.6361942600831649
2019-09-18,0.6363044383277995
2019-09-19,0.6352831177636241
2019-09-20,0.6354378319800653
2019-09-23,0.6351883252191277
2019-09-24,0.6346910414282965
2019-09-25,0.6326563791098544
2019-09-26,0.6316172644505691
2019-09-27,0.6309070218600666
2019-09-30,0.6375369296406099
2019-10-01,0.6386371891308068
2019-10-02,0.6389709125549381
2019-10-03,0.6391515253181508
2019-10-04,0.6391465217350909
2019-10-07,0.639678050787953
2019-10-08,0.6394098309813901
2019-10-09,0.6392732884937286
2019-10-10,0.6400785463553307
2019-10-11,0.6396688212243333
2019-10-14,0.6395552504100376
2019-10-15,0.639678050787953
2019-10-16,0.6396237889057902
2019-10-17,0.6401258749713724
2019-10-18,0.6385289965693433
2019-10-21,0.6386192345348186
2019-10-22,0.6388642251240979
2019-10-23,0.6406096020434132
2019-10-24,0.6373186978272483
2019-10-25,0.6415477923443414
2019-10-28,0.6425352529464808
2019-10-29,0.6426776199571531
2019-10-30,0.6424556631642646
2019-10-31,0.6430363580091266
2019-11-01,0.6424896185733111
2019-11-04,0.6411479899281508
2019-11-05,0.6409727420047729
2019-11-06,0.6398844232386898
2019-11-07,0.6417786527300386
2019-11-08,0.6408123031060816
2019-11-11,0.6408220975613912
2019-11-12,0.6409337545799644
2019-11-13,0.6408300811661141
2019-11-14,0.640738057340715
2019-11-15,0.6415204936138018
2019-11-18,0.6417682862832153
2019-11-19,0.6413554875201782
2019-11-20,0.6407556576236373
2019-11-21,0.6428589549671713
2019-11-22,0.6430147230856872
2019-11-25,0.642920396483955
2019-11-26,0.6430037181017686
2019-11-27,0.6423701923633282
2019-11-29,0.6428172829208764
2019-12-02,0.6429313566146975
2019-12-03,0.6418514361708917
2019-12-04,0.6417784937639606
2019-12-05,0.6406779645688799
2019-12-06,0.6395400210329663
2019-12-09,0.6400255483510758
2019-12-10,0.6413755903124825
2019-12-11,0.640647132185277
2019-12-12,0.6404884834571215
2019-12-13,0.6404140845011158
2019-12-16,0.6406249202227985
2019-12-17,0.638706311994405
2019-12-18,0.6367703132368646
2019-12-19,0.6384720463493899
2019-12-20,0.6382010243529832
2019-12-23,0.6394471885435309
2019-12-24,0.6403354906169875
2019-12-26,0.6397355704847844
2019-12-27,0.640671481370697
2019-12-30,0.6404391083143351
2019-12-31,0.6411447186534415
2020-01-02,0.6406271886170353
2020-01-03,0.6407214406618653
2020-01-06,0.6398346061485621
2020-01-07,0.6394288970051502
2020-01-08,0.6388386140160452
2020-01-09,0.6389263644687244
2020-01-10,0.6391985176332632
2020-01-13,0.6401192039889194
2020-01-14,0.6425034046419412
2020-01-15,0.6391335851311885
2020-01-16,0.6369986563887751
2020-01-17,0.6349985070645874
2020-01-21,0.6325517196734068
2020-01-22,0.6303236361974436
2020-01-23,0.6311707794989955
2020-01-24,0.6313440850308808
2020-01-27,0.6312652665609061
2020-01-28,0.6311438560351817
2020-01-29,0.6315459383062986
2020-01-30,0.6351725694491143
2020-01-31,0.6351306014349231
2020-02-03,0.6348233775020575
2020-02-04,0.6351318909844718
2020-02-05,0.6347185349524588
2020-02-06,0.6351549824552597
2020-02-07,0.6356282888654502
2020-02-10,0.6347683194676447
2020-02-11,0.6336195493674546
2020-02-12,0.6320294465245276
2020-02-13,0.6305086431111953
2020-02-14,0.6292630505702368
2020-02-18,0.6281661628773905
2020-02-19,0.6273656344018996
2020-02-20,0.6260520222646753
2020-02-21,0.6249384419574213
2020-02-24,0.6229775059628535
2020-02-25,0.6254384411478847
2020-02-26,0.6248347931582158
2020-02-27,0.6306652407332296
2020-02-28,0.6316824920006912
2020-03-02,0.6319477760195688
2020-03-03,0.6320440269753302
2020-03-04,0.6321347608836936
2020-03-05,0.6326091187716447
2020-03-06,0.6326639006065397
2020-03-09,0.6381159598598827
2020-03-10,0.6376491887802807
2020-03-11,0.6417679255226728
2020-03-12,0.647252023118987
2020-03-13,0.6470684385659573
2020-03-16,0.6557407422282142
2020-03-17,0.6547252430182163
2020-03-18,0.6541263771137081
2020-03-19,0.6544665611844372
2020-03-20,0.6552247195237411
2020-03-23,0.6547100004521452
2020-03-24,0.6573012005768515
2020-03-25,0.6570763914950973
2020-03-26,0.65876314406731
2020-03-27,0.6571917323663019
2020-03-30,0.6587232833884514
2020-03-31,0.6585738802547081
2020-04-01,0.6583112378305696
2020-04-02,0.6577904243106266
2020-04-03,0.657411804324615
2020-04-06,0.6625070659641237
2020-04-07,0.6625448569162714
2020-04-08,0.661994545094936
2020-04-09,0.6619896217829744
2020-04-13,0.6625128876891896
2020-04-14,0.6637983537773736
2020-04-15,0.6631601686443744
2020-04-16,0.6631148651947854
2020-04-17,0.6617032543923234
2020-04-20,0.6651955317856741
2020-04-21,0.6631906971684319
2020-04-22,0.6641802349156267
2020-04-23,0.663668339671361
2020-04-24,0.6611249863494242
2020-04-27,0.660457725134395
2020-04-28,0.6624056400913033
2020-04-29,0.6622784876807081
2020-04-30,0.6617428487687216
2020-05-01,0.6620770501289851
2020-05-04,0.6633005706539642
2020-05-05,0.6617697054570341
2020-05-06,0.6602896575322981
2020-05-07,0.6593718549015481
2020-05-08,0.658409031423255
2020-05-11,0.6578011289413315
2020-05-12,0.6568919418675389
2020-05-13,0.6583050359708666
2020-05-14,0.6585983446744483
2020-05-15,0.6586729356503643
2020-05-18,0.6574078168096954
2020-05-19,0.6571918642605311
2020-05-20,0.6548739526248634
2020-05-21,0.6545539621297571
2020-05-22,0.6541039956827187
2020-05-26,0.6532114040131127
2020-05-27,0.6498009887754155
2020-05-28,0.6486072615698485
2020-05-29,0.6479869690467519
2020-06-01,0.6466013979169968
2020-06-02,0.6457945929432936
2020-06-03,0.6489204606074759
2020-06-04,0.6492202570526687
2020-06-05,0.6482306151041854
2020-06-08,0.6463532451349081
2020-06-09,0.6447715119706542
2020-06-10,0.6433633057081032
2020-06-11,0.6432145585337227
2020-06-12,0.641555542512271
2020-06-15,0.6398481585026284
2020-06-16,0.6412954670372222
2020-06-17,0.6411657207864572
2020-06-18,0.6400762527308782
2020-06-19,0.6410325478096185
2020-06-22,0.642165521432066
2020-06-23,0.6401192039889194
2020-06-24,0.6402044561562468
2020-06-25,0.6400962258412682
2020-06-26,0.640244045214136
2020-06-29,0.6392916363918991
2020-06-30,0.6386663220949801
2020-07-01,0.6373846293248248
2020-07-02,0.6371341318282351
2020-07-06,0.6364199408622113
2020-07-07,0.6339277033852022
2020-07-08,0.6338236615073248
2020-07-09,0.6330498944826386
2020-07-10,0.6297509083636879
2020-07-13,0.6295740345418442
2020-07-14,0.6290884878982429
2020-07-15,0.6284927192480394
2020-07-16,0.6279484335050731
2020-07-17,0.6283153502590538
2020-07-20,0.6262766992244989
2020-07-21,0.625622419229393
2020-07-22,0.6247524791098609
2020-07-23,0.6240442313993427
2020-07-24,0.6275931767682231
2020-07-27,0.6260158810723263
2020-07-28,0.6237271859227815
2020-07-29,0.6237400338085197
2020-07-30,0.6218335261676206
2020-07-31,0.6204602341682806
2020-08-03,0.6201690254074372
2020-08-04,0.6192126361079988
2020-08-05,0.6195862009482344
2020-08-06,0.618169907166315
2020-08-07,0.6169833549267603
2020-08-10,0.6150735556822061
2020-08-11,0.6137787812772327
2020-08-12,0.6121832235791306
2020-08-13,0.6135413011213527
2020-08-14,0.6137453753755061
2020-08-17,0.6131399809238223
2020-08-18,0.6127047409739897
2020-08-19,0.6123102965681723
2020-08-20,0.6131600556952007
2020-08-21,0.6136184629924976
2020-08-24,0.6134034411775842
2020-08-25,0.6131372141224932
2020-08-26,0.6139981982479151
2020-08-27,0.613702774949303
2020-08-28,0.6126599854351931
2020-08-31,0.6138929449956163
2020-09-01,0.6134190421817971
2020-09-02,0.6104194837866126
2020-09-03,0.6076406431137334
2020-09-04,0.6063366655624893
2020-09-08,0.6026405573218673
2020-09-09,0.6015390401757499
2020-09-10,0.6009700111446771
2020-09-11,0.5982284769723186
2020-09-14,0.6017249967336536
2020-09-15,0.6017629557878457
2020-09-16,0.6013666482703572
2020-09-17,0.6013213343260918
2020-09-18,0.6008691611829744
2020-09-21,0.5998282254807504
2020-09-22,0.5994767475857263
2020-09-23,0.5996713702147207
2020-09-24,0.5992067308771031
2020-09-25,0.6006632036619747
2020-09-28,0.5993563007974723
2020-09-29,0.5966254311255238
2020-09-30,0.5949280887143937
2020-10-01,0.593757042826825
2020-10-02,0.592461382242975
2020-10-05,0.5924841394219479
2020-10-06,0.591746705810208
2020-10-07,0.5908891663002652
2020-10-08,0.5895371703807989
2020-10-09,0.5902487712782837
2020-10-12,0.5889517930191354
2020-10-13,0.5881584461075284
2020-10-14,0.5887461183316134
2020-10-15,0.5879212978326217
2020-10-16,0.5874042499307401
2020-10-19,0.5880299723630056
2020-10-20,0.5886160001080091
2020-10-21,0.5913795899964571
2020-10-22,0.5904835493990451
2020-10-23,0.5879933508636409
2020-10-26,0.5857503983828771
2020-10-27,0.5852713762765658
2020-10-28,0.585619153299516
2020-10-29,0.5861581353691971
2020-10-30,0.5857176204605365
2020-11-02,0.5848116920852896
2020-11-03,0.5822614324427687
2020-11-04,0.5811662555988603
2020-11-05,0.5794910551272248
2020-11-06,0.578985474679926
2020-11-09,0.5778923705155762
2020-11-10,0.5774008490418807
2020-11-11,0.576321035479603
2020-11-12,0.5745379530754415
2020-11-13,0.571050100977916
2020-11-16,0.5739847376995969
2020-11-17,0.5741676096515851
2020-11-18,0.5741335114820765
2020-11-19,0.5727584183854106
2020-11-20,0.5705976312738857
2020-11-23,0.568726349512165
2020-11-24,0.567305955113138
2020-11-25,0.5646289020446662
2020-11-27,0.5630148320742007
2020-11-30,0.5613354339308829
2020-12-01,0.5645077568792997
2020-12-02,0.5644052702402002
2020-12-03,0.5634563228025438
2020-12-04,0.5667217951005554
2020-12-07,0.5661990068031494
2020-12-08,0.5646552091145859
2020-12-09,0.563285982895113
2020-12-10,0.5621122216746306
2020-12-11,0.5605574673896245
2020-12-14,0.5573467926055669
2020-12-15,0.5564557887356234
2020-12-16,0.5548337850585137
2020-12-17,0.5523070809552422
2020-12-18,0.5509386462995377
2020-12-21,0.5501017277165093
2020-12-22,0.5481596857265388
2020-12-23,0.5468585947831331
2020-12-24,0.5459344943263387
2020-12-28,0.5456585831101896
2020-12-29,0.5462315535544056
2020-12-30,0.5445746647490742
2020-12-31,0.542790207631791
2021-01-04,0.5420109945459197
2021-01-05,0.5429470430638806
2021-01-06,0.5421629725387996
2021-01-07,0.5428536563145581
2021-01-08,0.5430013174442625
2021-01-11,0.5432409837305514
2021-01-12,0.5420373916741948
2021-01-13,0.5428103196538872
2021-01-14,0.541539729366273
2021-01-15,0.5404223516415019
2021-01-19,0.5394029488249376
2021-01-20,0.537182419117463
2021-01-21,0.5374943805517507
2021-01-22,0.5375222873434599
2021-01-25,0.5380731491733549
2021-01-26,0.5379789197440165
2021-01-27,0.5416590341808005
2021-01-28,0.5412041752903152
2021-01-29,0.5416713721921952
2021-02-01,0.5406413005370948
2021-02-02,0.5400782771825563
2021-02-03,0.5405713521344613
2021-02-04,0.5400841628959192
2021-02-05,0.5391286944087977
2021-02-08,0.5378455677104343
2021-02-09,0.5372214937829661
2021-02-10,0.5360309203214854
2021-02-11,0.5344786693639161
2021-02-12,0.5371993535257193
2021-02-16,0.5388487551559831
2021-02-17,0.5387145112877944
2021-02-18,0.5385011901784995
2021-02-19,0.5375687244942862
2021-02-22,0.5365223894496944
2021-02-23,0.5365087840450504
2021-02-24,0.5367101123605778
2021-02-25,0.5367145154067888
2021-02-26,0.535486135531237
2021-03-01,0.5335712038649129
2021-03-02,0.5322736704922951
2021-03-03,0.5342444903314023
2021-03-04,0.5325840349278014
2021-03-05,0.532158910613205
2021-03-08,0.5309269693765661
2021-03-09,0.5305974618581788
2021-03-10,0.5302723066202503
2021-03-11,0.5304765534058592
2021-03-12,0.5288479320436558
2021-03-15,0.5292449576653286
2021-03-16,0.5274007308573955
2021-03-17,0.5269583440269496
2021-03-18,0.5261344651158264
2021-03-19,0.5261708770245039
2021-03-22,0.5261167472091414
2021-03-23,0.5268828011894642
2021-03-24,0.5298526669244512
2021-03-25,0.5294179436933554
2021-03-26,0.5286299550079975
2021-03-29,0.5277083544816441
2021-03-30,0.5258483461598643
2021-03-31,0.5246052391489903
2021-04-01,0.5227445471864407
2021-04-05,0.5240651859947603
2021-04-06,0.523409347798084
2021-04-07,0.5230737763423409
2021-04-08,0.5234941360091195
2021-04-09,0.5232447515491143
2021-04-12,0.5232064814651206
2021-04-13,0.5216542523377529
2021-04-14,0.5207602382503048
2021-04-15,0.5193368285235289
2021-04-16,0.5183489989770615
2021-04-19,0.5213051086300569
2021-04-20,0.5209230911758359
2021-04-21,0.5215088712963015
2021-04-22,0.5213781713422012
2021-04-23,0.5216309927283127
2021-04-26,0.5204892153673923
2021-04-27,0.5194568302783035
2021-04-28,0.5192866023673278
2021-04-29,0.5184365417385876
2021-04-30,0.5173494596112337
2021-05-03,0.5169427074494859
2021-05-04,0.5166075787109582
2021-05-05,0.5163528451657364
2021-05-06,0.5161298350019603
2021-05-07,0.5160932747184903
2021-05-10,0.5199542073581036
2021-05-11,0.5200564149821382
2021-05-12,0.5203420985548809
2021-05-13,0.5216694683682016
2021-05-14,0.522275805937002
2021-05-17,0.5224707297408862
2021-05-18,0.5214753359391633
2021-05-19,0.5214829148104487
2021-05-20,0.5205287051302916
2021-05-21,0.5192256581427234
2021-05-24,0.5172658578999033
2021-05-25,0.5161389360750948
2021-05-26,0.5158426416735719
2021-05-27,0.5156890979887383
2021-05-28,0.5154638585545793
2021-06-01,0.5166960350219973
2021-06-02,0.5180766763789282
2021-06-03,0.5166931959015655
2021-06-04,0.5164690372771547
2021-06-07,0.5163603534642328
2021-06-08,0.5146658586705366
2021-06-09,0.5130113933568782
2021-06-10,0.5123855960377428
2021-06-11,0.5119887733102958
2021-06-14,0.5120642722046983
2021-06-15,0.5118277111261256
2021-06-16,0.511704676384752
2021-06-17,0.5113060766830471
2021-06-18,0.5111192188694631
2021-06-21,0.510217602485348
2021-06-22,0.5093855839705607
2021-06-23,0.5088253603662262
2021-06-24,0.5070826117519338
2021-06-25,0.5066259538044242
2021-06-28,0.5064804477253283
2021-06-29,0.5063644064993569
2021-06-30,0.5063325972008712
2021-07-01,0.507694479045082
2021-07-02,0.5070015068124851
2021-07-06,0.5068496428479379
2021-07-07,0.5058863010289727
2021-07-08,0.5068511891746904
2021-07-09,0.5069674681105693
2021-07-12,0.5069213310312685
2021-07-13,0.5070766470292548
2021-07-14,0.505758088195186
2021-07-15,0.5049108524728241
2021-07-16,0.5033920332043091
2021-07-19,0.5023861976820154
2021-07-20,0.5031855408575142
2021-07-21,0.5025955182877039
2021-07-22,0.5010209515297321
2021-07-23,0.5005392808353369
2021-07-26,0.5017313770000575
2021-07-27,0.4998604890472152
2021-07-28,0.5004088025790949
2021-07-29,0.4992748725281665
2021-07-30,0.49977736540114
2021-08-02,0.4988022973770979
2021-08-03,0.4977338419928521
2021-08-04,0.499821005782144
2021-08-05,0.4993622241918979
2021-08-06,0.4994076290805495
2021-08-09,0.4984790147624481
2021-08-10,0.4979319920940755
2021-08-11,0.5002033458772007
2021-08-12,0.4999738015119647
2021-08-13,0.500443426180795
2021-08-16,0.5006281902393326
2021-08-17,0.5008144714636685
2021-08-18,0.5014909235014436
2021-08-19,0.5014526736018525
2021-08-20,0.5023723125916683
2021-08-23,0.5021288605892057
2021-08-24,0.5030076827053233
2021-08-25,0.5016708542549643
2021-08-26,0.5008664809070577
2021-08-27,0.4997368068554028
2021-08-30,0.4997597933453355
2021-08-31,0.4992945332067289
2021-09-01,0.4996683966966778
2021-09-02,0.5014777015807431
2021-09-03,0.5012481446994687
2021-09-07,0.5015041172967388
2021-09-08,0.4993032632061553
2021-09-09,0.4978657381588792
2021-09-10,0.4957914758074071
2021-09-13,0.4954107155843841
2021-09-14,0.4962638839797724
2021-09-15,0.4977380169699837
2021-09-16,0.4973536145832009
2021-09-17,0.4981399350081054
2021-09-20,0.4975946269940606
2021-09-21,0.4977281680444501
2021-09-22,0.497333573634113
2021-09-23,0.4975423814714708
2021-09-24,0.4980852963653667
2021-09-27,0.497333573634113
2021-09-28,0.495438578614167
2021-09-29,0.4932094759446517
2021-09-30,0.4932548509593127
2021-10-01,0.4936667755250032
2021-10-04,0.4937200733039378
2021-10-05,0.4928657562743412
2021-10-06,0.4931656507743681
2021-10-07,0.4940800884430105
2021-10-08,0.4935168245373881
2021-10-11,0.4937952379788332
2021-10-12,0.4939457056191726
2021-10-13,0.4933312240259331
2021-10-14,0.4929171765049522
2021-10-15,0.4926741716136221
2021-10-18,0.4930150780487699
2021-10-19,0.4952271750935255
2021-10-20,0.493869562592253
2021-10-21,0.4930303948392409
2021-10-22,0.4920565849130708
2021-10-25,0.4909964460416259
2021-10-26,0.490408005679872
2021-10-27,0.488661868892334
2021-10-28,0.4869072373797279
2021-10-29,0.4871380135715708
2021-11-01,0.4858663887080917
2021-11-02,0.486594949700917
2021-11-03,0.4859775302246665
2021-11-04,0.4857244107968991
2021-11-05,0.4867510506207859
2021-11-08,0.4848637359928212
2021-11-09,0.4832295617184015
2021-11-10,0.4829840462713495
2021-11-11,0.4829190493423307
2021-11-12,0.483213450040571
2021-11-15,0.4834694307379063
2021-11-16,0.4841629250632298
2021-11-17,0.4830674227127361
2021-11-18,0.4830309439331454
2021-11-19,0.4824125151986127
2021-11-22,0.4825214154905096
2021-11-23,0.4851276275061358
2021-11-24,0.4854899731142736
2021-11-26,0.4850809942776543
2021-11-29,0.4852427519884247
2021-11-30,0.4855356535418765
2021-12-01,0.4851070183665011
2021-12-02,0.4850756056376167
2021-12-03,0.4843211602551829
2021-12-06,0.483894500573724
2021-12-07,0.4839714777644651
2021-12-08,0.4835793057982936
2021-12-09,0.4834360067065058
2021-12-10,0.4832618168483285
2021-12-13,0.481881747364498
2021-12-14,0.4807155274180744
2021-12-15,0.4799812928750372
2021-12-16,0.4793519712607261
2021-12-17,0.4792014335561234
2021-12-20,0.4793460399640087
2021-12-21,0.4802786971103883
2021-12-22,0.4832746332218143
2021-12-23,0.4837048470839387
2021-12-27,0.486680124319017
2021-12-28,0.4832805673094794
2021-12-29,0.4851743285687414
2021-12-30,0.4849718883102762
2021-12-31,0.4844177072720467
2022-01-03,0.4842033140064292
2022-01-04,0.4839926277962899
2022-01-05,0.4830929330336221
2022-01-06,0.4826304159659237
2022-01-07,0.4813678622374478
2022-01-10,0.4805723602178285
2022-01-11,0.4804633533627616
2022-01-12,0.4811518800565704
2022-01-13,0.4811512463359687
2022-01-14,0.480249708178954
2022-01-18,0.4804649836291927
2022-01-19,0.4803201610004237
2022-01-20,0.482463624629415
2022-01-21,0.484229810297438
2022-01-24,0.484229810297438
2022-01-25,0.4843009610754438
2022-01-26,0.4845146686673475
2022-01-27,0.4845146686673475
2022-01-28,0.4845234745985574
2022-01-31,0.4843533250821075
2022-02-01,0.4840791093533291
2022-02-02,0.4834422986933521
2022-02-03,0.4830222685924062
2022-02-04,0.4824597815658388
2022-02-07,0.4838106774496717
2022-02-08,0.4833860897098018
2022-02-09,0.4835333801072577
2022-02-10,0.4835041914589246
2022-02-11,0.4838639160603865
2022-02-14,0.4836500471366237
2022-02-15,0.4847813220963726
2022-02-16,0.4852339794955285
2022-02-17,0.4854533439886239
2022-02-18,0.4852855165912559
2022-02-22,0.4857512054169031
2022-02-23,0.4906946507663543
2022-02-24,0.4908744712130949
2022-02-25,0.4909464739297298
2022-02-28,0.4913307689165708
2022-03-01,0.4912586211127013
2022-03-02,0.4910064400686068
2022-03-03,0.4911504795224863
2022-03-04,0.4908744712130949
2022-03-07,0.4943596947284248
2022-03-08,0.4946280759710072
2022-03-09,0.4946244383706171
2022-03-10,0.4951547930994026
2022-03-11,0.4949929196746411
2022-03-14,0.4975057398519181
2022-03-15,0.4979531037181773
2022-03-16,0.4976881349552006
2022-03-17,0.4972341369186543
2022-03-18,0.4974321584494769
2022-03-21,0.4974536191717642
2022-03-22,0.4977744856013054
2022-03-23,0.4982768923065557
2022-03-24,0.4983319203783827
2022-03-25,0.4987358186304983
2022-03-28,0.4980970130621927
2022-03-29,0.4981282521730475
2022-03-30,0.4981633039727957
2022-03-31,0.4978865200900134
2022-04-01,0.4978898884289568
2022-04-04,0.4980851364566348
2022-04-05,0.4986853203431596
2022-04-06,0.499140174915184
2022-04-07,0.498690419038015
2022-04-08,0.4992235579496784
2022-04-11,0.4996302735450845
2022-04-12,0.5003598521247082
2022-04-13,0.5015389635391961
2022-04-14,0.5012279098261174
2022-04-18,0.5006285098273394
2022-04-19,0.500784881089183
2022-04-20,0.5009411186243676
2022-04-21,0.4998510907997857
2022-04-22,0.5010485884784598
2022-04-25,0.5018158367926308
2022-04-26,0.5011942417102128
2022-04-27,0.5013015903426682
2022-04-28,0.5003916887232712
2022-04-29,0.5006060042223025
2022-05-02,0.5004273825018241
2022-05-03,0.5005835499291512
2022-05-04,0.5004408077964594
2022-05-05,0.4989107726102913
2022-05-06,0.4979405458628259
2022-05-09,0.4994944105010818
2022-05-10,0.4988487205227039
2022-05-11,0.499212903233183
2022-05-12,0.4996374664685134
2022-05-13,0.4999317681194089
2022-05-16,0.4975936443201476
2022-05-17,0.4992783271055638
2022-05-18,0.4970553816511547
2022-05-19,0.4970021672272025
2022-05-20,0.4973436701360383
2022-05-23,0.4977019080622948
2022-05-24,0.4974494394343718
2022-05-25,0.4973054019959793
2022-05-26,0.4974854749452674
2022-05-27,0.4978430352817192
2022-05-31,0.4992424699602496
2022-06-01,0.5001058971146369
2022-06-02,0.5001058971146369
2022-06-03,0.4998392596905497
2022-06-06,0.4989012662701892
2022-06-07,0.4988764520756
2022-06-08,0.5005947132939633
2022-06-09,0.5011442839395676
2022-06-10,0.5047677561893927
2022-06-13,0.5047403918086206
2022-06-14,0.5056986822150671
2022-06-15,0.5059528174202423
2022-06-16,0.5057349561674552
2022-06-17,0.5057268447854605
2022-06-21,0.5053750636192881
2022-06-22,0.5052938717962987
2022-06-23,0.5061269275262841
2022-06-24,0.5053919967150103
2022-06-27,0.50504855508057
2022-06-28,0.5041432970027058
2022-06-29,0.5047225858322889
2022-06-30,0.5045867922582459
2022-07-01,0.5040710718914886
2022-07-05,0.5042517120106518
2022-07-06,0.5041962583658892
2022-07-07,0.5043145013707206
2022-07-08,0.5048042517689938
2022-07-11,0.5050309258359991
2022-07-12,0.5055932032431701
2022-07-13,0.5060618881090388
2022-07-14,0.5064994424921491
2022-07-15,0.5055670452364511
2022-07-18,0.5043602199427718
2022-07-19,0.5044326102526224
2022-07-20,0.5038707621612324
2022-07-21,0.5043049434137268
2022-07-22,0.5040153237620193
2022-07-25,0.5037884808173965
2022-07-26,0.5039330981325812
2022-07-27,0.5038507554990037
2022-07-28,0.503929522089576
2022-07-29,0.5055150705769639
2022-08-01,0.5052316442513154
2022-08-02,0.5062940536758449
2022-08-03,0.5057833624063433
2022-08-04,0.5060384518854085
2022-08-05,0.5061401953488134
2022-08-08,0.5060593034791043
2022-08-09,0.505921116185947
2022-08-10,0.5060148750504826
2022-08-11,0.5057466985017818
2022-08-12,0.5062543203917345
2022-08-15,0.5065574262223932
2022-08-16,0.5064835100642091
2022-08-17,0.5065574262223932
2022-08-18,0.5061727173904214
2022-08-19,0.505566370053235
2022-08-22,0.506201891251755
2022-08-23,0.5064315178339627
2022-08-24,0.5063945141339612
2022-08-25,0.5060831071579066
2022-08-26,0.5059691054623913
2022-08-29,0.5058331611269115
2022-08-30,0.505156039643558
2022-08-31,0.5056184443157631
2022-09-01,0.5056843583783689
2022-09-02,0.5052036682172814
2022-09-06,0.5052692768482836
2022-09-07,0.5055388634231129
2022-09-08,0.5078838802619584
2022-09-09,0.5079398239911266
2022-09-12,0.5085477589560495
2022-09-13,0.5085100591745119
2022-09-14,0.5096556892571371
2022-09-15,0.5100322514534527
2022-09-16,0.5092614624257616
2022-09-19,0.5107475607722471
2022-09-20,0.5107096060707522
2022-09-21,0.5107823525950087
2022-09-22,0.5113919444247005
2022-09-23,0.5118148455955677
2022-09-26,0.511463367066595
2022-09-27,0.5102595440635465
2022-09-28,0.5090088763144678
2022-09-29,0.5101679182412189
2022-09-30,0.5105584126503783
2022-10-03,0.5092852068668883
2022-10-04,0.5090949415595848
2022-10-05,0.5097047846782806
2022-10-06,0.5097812188386732
2022-10-07,0.5099725030826024
2022-10-10,0.5100107940626124
2022-10-11,0.5100490964325088
2022-10-12,0.5094620686847506
2022-10-13,0.5087700644056132
2022-10-14,0.5078660620999214
2022-10-17,0.5082351264917222
2022-10-18,0.5078217800364446
2022-10-19,0.5073525351345485
2022-10-20,0.5060647932923875
2022-10-21,0.5045314758543138
2022-10-24,0.5039920377145577
2022-10-25,0.505069773503447
2022-10-26,0.5055429893635812
2022-10-27,0.5045971390175028
2022-10-28,0.5035948535879811
2022-10-31,0.5033075100001307
2022-11-01,0.5035190253607846
2022-11-02,0.5030650097588947
2022-11-03,0.5027748405289545
2022-11-04,0.5019371959173541
2022-11-07,0.5018619895226422
2022-11-08,0.5023645326688088
2022-11-09,0.502579451634724
2022-11-10,0.5020508968469264
2022-11-11,0.5012944783212945
2022-11-14,0.5007220065725038
2022-11-15,0.5006801562714878
2022-11-16,0.5010790391633816
2022-11-17,0.5013682093028808
2022-11-18,0.4997661884449881
2022-11-21,0.4994634234588922
2022-11-22,0.4983668950599165
2022-11-23,0.4982790570554188
2022-11-25,0.4995159738853479
2022-11-28,0.4979718928072787
2022-11-29,0.4978621572324905
2022-11-30,0.4983550074653085
2022-12-01,0.4969997330477885
2022-12-02,0.4966420150904462
2022-12-05,0.4976825963826988
2022-12-06,0.4978938363002703
2022-12-07,0.4978592869126156
2022-12-08,0.4979357644528238
2022-12-09,0.4976889878632648
2022-12-12,0.4981229470279215
2022-12-13,0.4999907228555252
2022-12-14,0.4999822427339299
2022-12-15,0.4992945332067289
2022-12-16,0.4998441551148528
2022-12-19,0.4991487447042206
2022-12-20,0.4994315474912096
2022-12-21,0.4999206302202811
2022-12-22,0.4995997143503665
2022-12-23,0.4995997143503665
2022-12-27,0.4988232770158876
2022-12-28,0.4990788573299392
2022-12-29,0.499155297298445
2022-12-30,0.4985554352495717
2023-01-03,0.4999757560763677
2023-01-04,0.5001620483946052
2023-01-05,0.500033148292883
2023-01-06,0.4987404996695228
2023-01-09,0.4987298774061944
2023-01-10,0.4987678981097729
2023-01-11,0.4996608748811851
2023-01-12,0.4994470304883192
2023-01-13,0.498148371815503
2023-01-17,0.4974114840376215
2023-01-18,0.4973737044861286
2023-01-19,0.4982957535371556
2023-01-20,0.498371627801668
2023-01-23,0.4975046051072588
2023-01-24,0.4969981332816168
2023-01-25,0.4979834228420444
2023-01-26,0.4984192894156051
2023-01-27,0.4986429237956803
2023-01-30,0.498757330826928
2023-01-31,0.4987191834687091
2023-02-01,0.4984359019041376
2023-02-02,0.4991394482602379
2023-02-03,0.4997374110448537
2023-02-06,0.4995461585234655
2023-02-07,0.4996686133387503
2023-02-08,0.4989160551611408
2023-02-09,0.4995072460578665
2023-02-10,0.4996149234810724
2023-02-13,0.4999289568662511
2023-02-14,0.5001650592085045
2023-02-15,0.4997143499136296
2023-02-16,0.4997295301561513
2023-02-17,0.4985615161673269
2023-02-21,0.4971690996489146
2023-02-22,0.4973050714480386
2023-02-23,0.4978765802383101
2023-02-24,0.497991198387285
2023-02-27,0.4992926238303821
2023-02-28,0.4994925041624287
2023-03-01,0.4995615258726504
2023-03-02,0.4994624803707182
2023-03-03,0.5005814637600772
2023-03-06,0.5014261239731038
2023-03-07,0.5009564829701677
2023-03-08,0.5003956852808161
2023-03-09,0.4990156810872849
2023-03-10,0.500314400469558
2023-03-13,0.5003196926211194
2023-03-14,0.500220308818948
2023-03-15,0.5018230825458402
2023-03-16,0.5016327622944915
2023-03-17,0.5017980238018991
2023-03-20,0.5027129015322593
2023-03-21,0.5030039975917986
2023-03-22,0.5013779538062457
2023-03-23,0.5011360780623686
2023-03-24,0.5005097608577252
2023-03-27,0.500033148292883
2023-03-28,0.5007061679704111
2023-03-29,0.500056471640881
2023-03-30,0.5002090381394779
2023-03-31,0.4993707585481316
2023-04-03,0.5002653483564952
2023-04-04,0.4994470304883192
2023-04-05,0.4996761263650431
2023-04-06,0.4992475219340773
2023-04-10,0.5015423401596022
2023-04-11,0.5000183590859104
2023-04-12,0.5002416442692875
2023-04-13,0.50072645496516
2023-04-14,0.5000824051909545
2023-04-17,0.4999757560763677
2023-04-18,0.5026221784946622
2023-04-19,0.5009223884774884
2023-04-20,0.4998372130414487
2023-04-21,0.5007122866537554
2023-04-24,0.4997605288014283
2023-04-25,0.5002213416180001
2023-04-26,0.5001828756099158
2023-04-27,0.5003753240380537
2023-04-28,0.4999523277205552
2023-05-01,0.4991460015801173
2023-05-02,0.4984724289861909
2023-05-03,0.4980374545624916
2023-05-04,0.4983451496892645
2023-05-05,0.49894040727055
2023-05-08,0.4992499875398375
2023-05-09,0.4979857127025097
2023-05-10,0.4997232601831409
2023-05-11,0.4993906529828171
2023-05-12,0.4988957240047395
2023-05-15,0.498165479927557
2023-05-16,0.4985877304204302
2023-05-17,0.4983404081012376
2023-05-18,0.4977862895152442
2023-05-19,0.4975567464713357
2023-05-22,0.4980717625399748
2023-05-23,0.4975036008059862
2023-05-24,0.4980334319535959
2023-05-25,0.495941634236646
2023-05-26,0.4972048722881362
2023-05-30,0.4974721974865106
2023-05-31,0.4976445607476599
2023-06-01,0.4970608555414022
2023-06-02,0.4956345316373979
2023-06-05,0.4942542011176593
2023-06-06,0.4946133461292455
2023-06-07,0.49466861902685
2023-06-08,0.4948040550061324
2023-06-09,0.4947622896717607
2023-06-12,0.4933344416352045
2023-06-13,0.4935631081228422
2023-06-14,0.4932284750059775
2023-06-15,0.4922873542936271
2023-06-16,0.4915420622061477
2023-06-20,0.4906923828871226
2023-06-21,0.4896372290085337
2023-06-22,0.4903502006416314
2023-06-23,0.4900204814122568
2023-06-26,0.4906039914173078
2023-06-27,0.4904520862663527
2023-06-28,0.4904779574052031
2023-06-29,0.4897331220435186
2023-06-30,0.4893400207025243
2023-07-03,0.4889737830500482
2023-07-05,0.4887204990472661
2023-07-06,0.4882419614906141
2023-07-07,0.487715088812117
2023-07-10,0.4879779621336721
2023-07-11,0.488099894001521
2023-07-12,0.4875819796440656
2023-07-13,0.4881193113201817
2023-07-14,0.487902796919927
2023-07-17,0.4873649753851433
2023-07-18,0.4878452081471659
2023-07-19,0.4883544928332915
2023-07-20,0.488543199848262
2023-07-21,0.4885907125037161
2023-07-24,0.4876742571342176
2023-07-25,0.4873978344235337
2023-07-26,0.4879869113005268
2023-07-27,0.4866610583635066
2023-07-28,0.4848888462113275
2023-07-31,0.4849414473535477
2023-08-01,0.4846944849421549
2023-08-02,0.4855906985066844
2023-08-03,0.4851501737556264
2023-08-04,0.4844552670010366
2023-08-07,0.4841631112737617
2023-08-08,0.4846010598824971
2023-08-09,0.4842630475851079
2023-08-10,0.4836376689536792
2023-08-11,0.4846434738917113
2023-08-14,0.4843469033332468
2023-08-15,0.4842469620543798
2023-08-16,0.4854430490834653
2023-08-17,0.4866737641882972
2023-08-18,0.4854633759363743
2023-08-21,0.48538772971874
2023-08-22,0.4855649463476115
2023-08-23,0.485547078037939
2023-08-24,0.4850749149832266
2023-08-25,0.4849725292800481
2023-08-28,0.4857855261843684
2023-08-29,0.4851933150942389
2023-08-30,0.486074985598751
2023-08-31,0.4858547883979356
2023-09-01,0.4859303497963326
2023-09-05,0.4856783162875836
2023-09-06,0.4852743500703071
2023-09-07,0.4843890126796813
2023-09-08,0.4846105697978866
2023-09-11,0.4857161301519406
2023-09-12,0.4875364093543294
2023-09-13,0.4870743459256018
2023-09-14,0.4866297214721155
2023-09-15,0.4871418852849066
2023-09-18,0.4870444377618171
2023-09-19,0.486380475286876
2023-09-20,0.4876536953098128
2023-09-21,0.486758005121798
2023-09-22,0.4869381786567818
2023-09-25,0.4865026260778233
2023-09-26,0.4866756374192983
2023-09-27,0.4877236962550205
2023-09-28,0.4868405409443633
2023-09-29,0.4867806405210474
2023-10-02,0.4865472947353959
2023-10-03,0.4883071882747509
2023-10-04,0.4884299402341253
2023-10-05,0.4887025515934308
2023-10-06,0.4878740344229504
2023-10-09,0.4889012146986012
2023-10-10,0.4879869113005268
2023-10-11,0.4881660805112529
2023-10-12,0.488316786817438
2023-10-13,0.4894206435017658
2023-10-16,0.4900204814122568
2023-10-17,0.4909971713020098
2023-10-18,0.4917816392527719
2023-10-19,0.4908076682787332
2023-10-20,0.4910221617165104
2023-10-23,0.4906564244768559
2023-10-24,0.4908076682787332
2023-10-25,0.4908076682787332
2023-10-26,0.4904299111999926
2023-10-27,0.4906186429199837
2023-10-30,0.490479649628158
2023-10-31,0.4908708332182728
2023-11-01,0.4897750951637598
2023-11-02,0.490479649628158
2023-11-03,0.4897974050215865
2023-11-06,0.490224584274835
2023-11-07,0.4893555522757382
2023-11-08,0.48934973452357
2023-11-09,0.4895783730459769
2023-11-10,0.4889798852217913
2023-11-13,0.4897422995347162
2023-11-14,0.4903315909246142
2023-11-15,0.4894585561585708
2023-11-16,0.4900336011208421
2023-11-17,0.4913442683022013
2023-11-20,0.4900869580421632
2023-11-21,0.4898188056709873
2023-11-22,0.489753588915203
2023-11-24,0.4904223495859929
2023-11-27,0.4913679127386989
2023-11-28,0.4909209479915154
2023-11-29,0.4909464739297298
2023-11-30,0.4903861379353199
2023-12-01,0.4922202832809335
2023-12-04,0.4912386264445736
2023-12-05,0.4920142803623152
2023-12-06,0.4932835324613678
2023-12-07,0.4934986325350559
2023-12-08,0.4944862949698452
2023-12-11,0.494237085620362
2023-12-12,0.4943746593950135
2023-12-13,0.493237801793151
2023-12-14,0.4952821698560664
2023-12-15,0.4950270529506227
2023-12-18,0.4950450639529278
2023-12-19,0.4955372030376487
2023-12-20,0.4948356018434058
2023-12-21,0.4955966925166962
2023-12-22,0.4962039800056898
2023-12-26,0.4964582918011537
2023-12-27,0.4966149798423826
2023-12-28,0.4960271141736536
2023-12-29,0.4952014576024096
2024-01-02,0.4942782409794887
2024-01-03,0.4950240008055397
2024-01-04,0.4950209340097791
2024-01-05,0.4950782904324359
2024-01-08,0.4949392752352697
2024-01-09,0.4946607067971864
2024-01-10,0.4947355233549123
2024-01-11,0.4953093786452972
2024-01-12,0.4948932310973645
2024-01-16,0.4938825601417829
2024-01-17,0.4930213613113305
2024-01-18,0.4931156326669028
2024-01-19,0.4926839304890269
2024-01-22,0.4941800213536396
2024-01-23,0.4944161656290657
2024-01-24,0.4936902046781667
2024-01-25,0.4940566995172789
2024-01-26,0.4925815266606629
2024-01-29,0.4928954639277498
2024-01-30,0.4939779727014907
2024-01-31,0.4941748844711345
2024-02-01,0.4951089672906321
2024-02-02,0.4950267674315545
2024-02-05,0.4953653027325659
2024-02-06,0.494376776720702
2024-02-07,0.4935719079125578
2024-02-08,0.4935161817601372
2024-02-09,0.4934375129184539
2024-02-12,0.4937752693071497
2024-02-13,0.4932325772978785
2024-02-14,0.4930057350299943
2024-02-15,0.4928253359533639
2024-02-16,0.4926056026314855
2024-02-20,0.4931156326669028
2024-02-21,0.4937067811525944
2024-02-22,0.4941920389272198
2024-02-23,0.4947496030536087
2024-02-26,0.4945738475983215
2024-02-27,0.4939500047932057
2024-02-28,0.494578017514691
2024-02-29,0.4948752299496901
2024-03-01,0.4942685103533205
2024-03-04,0.4936926524098507
2024-03-05,0.4931934712634019
2024-03-06,0.4917642872448832
2024-03-07,0.4919312862563649
2024-03-08,0.4920628424128974
2024-03-11,0.4918815671445264
2024-03-12,0.4920277442127364
2024-03-13,0.4915828635249565
2024-03-14,0.4909594764826026
2024-03-15,0.4916636852509854
2024-03-18,0.4918993290210525
2024-03-19,0.4928084310947864
2024-03-20,0.4924397557725021
2024-03-21,0.4938581626448884
2024-03-22,0.4954086531703772
2024-03-25,0.496522415261784
2024-03-26,0.4985181827790721
2024-03-27,0.4982618247679615
2024-03-28,0.4985548485100666
2024-04-01,0.4985864683386367
2024-04-02,0.4986596902428211
2024-04-03,0.4990297242790848
2024-04-04,0.4996376231816969
2024-04-05,0.4988429336122529
2024-04-08,0.4992838203578312
2024-04-09,0.5003148981143469
2024-04-10,0.5014044116494247
2024-04-11,0.5004534325956718
2024-04-12,0.5005735262629541
2024-04-15,0.500707921037798
2024-04-16,0.5009943747766828
2024-04-17,0.5017032333275376
2024-04-18,0.5031197692845673
2024-04-19,0.5043029089489612
2024-04-22,0.5040778809967291
2024-04-23,0.5042228297178257
2024-04-24,0.5045308505872454
2024-04-25,0.5046771114702724
2024-04-26,0.5042974255515227
2024-04-29,0.504713766290288
2024-04-30,0.5044152925166674
2024-05-01,0.5045225937589893
2024-05-02,0.5046586741144808
2024-05-03,0.5042471928642933
2024-05-06,0.5034575377742049
2024-05-07,0.5039658518615968
2024-05-08,0.5015468951488461
2024-05-09,0.50176572911353
2024-05-10,0.5014852953863647
2024-05-13,0.5019849448295836
2024-05-14,0.5027271630343825
2024-05-15,0.5036558199798621
2024-05-16,0.5025807353355458
2024-05-17,0.5021679169898309
2024-05-20,0.5015823295643137
2024-05-21,0.5018139550245172
2024-05-22,0.5021687768255466
2024-05-23,0.5026081386398809
2024-05-24,0.5013741648715372
2024-05-28,0.5032150865824362
2024-05-29,0.5032626209902529
2024-05-30,0.5031416454023261
2024-05-31,0.5033360548861783
2024-06-03,0.5031674694195881
2024-06-04,0.5037569443524526
2024-06-05,0.5047399324395682
2024-06-06,0.5044633430188998
2024-06-07,0.5041664665292284
2024-06-10,0.5054045385975129
2024-06-11,0.5055611631324897
2024-06-12,0.5063065536683351
2024-06-13,0.5053969510001337
2024-06-14,0.5043930920799857
2024-06-17,0.5057427519213332
2024-06-18,0.5062892894518323
2024-06-20,0.5066519538098451
2024-06-21,0.5084209534732443
2024-06-24,0.5081066126731497
2024-06-25,0.5081066126731497
2024-06-26,0.5074697566512824
2024-06-27,0.5097887740868526
2024-06-28,0.510539319516174
2024-07-01,0.5128414505752553
2024-07-02,0.5124022903730291
2024-07-03,0.5133511314382264
2024-07-05,0.5134968294816782
2024-07-08,0.5139348342882096
2024-07-09,0.5149556435898415
2024-07-10,0.5142626638094078
2024-07-11,0.5143360732820731
2024-07-12,0.5147402521281678
2024-07-15,0.5167960814018626
2024-07-16,0.5192687956342973
2024-07-17,0.5215505016094623
2024-07-18,0.5228611109907231
2024-07-19,0.5236764872329089
2024-07-22,0.5235666323259907
2024-07-23,0.5244381117934768
2024-07-24,0.5247557360730772
2024-07-25,0.5253387452880365
2024-07-26,0.5257068303307091
2024-07-29,0.5258174522862336
2024-07-30,0.526290665700595
2024-07-31,0.5255485947937715
2024-08-01,0.5265616996065747
2024-08-02,0.5308015020873116
2024-08-05,0.5350491787281306
2024-08-06,0.5360055818737245
2024-08-07,0.5368272067227996
2024-08-08,0.536576050172441
2024-08-09,0.5366732153242177
2024-08-12,0.5367301321974903
2024-08-13,0.5352609807296006
2024-08-14,0.5379620973754051
2024-08-15,0.5392255881154968
2024-08-16,0.538670194785812
2024-08-19,0.5401958851098152
2024-08-20,0.5403020069189102
2024-08-21,0.5410365798646116
2024-08-22,0.5407683729192291
2024-08-23,0.5404018914922359
2024-08-26,0.540611275699308
2024-08-27,0.5421180993614938
2024-08-28,0.5422026299217575
2024-08-29,0.5418606314692763
2024-08-30,0.5417380563187244
2024-09-03,0.5451937751192232
2024-09-04,0.5446536463409922
2024-09-05,0.5451727982347437
2024-09-06,0.5453502090941487
2024-09-09,0.5449915748287122
2024-09-10,0.5454894023543851
2024-09-11,0.5453578075032904
2024-09-12,0.5451482767521721
2024-09-13,0.5448334910169945
2024-09-16,0.5454785362211022
2024-09-17,0.5453547339454005
2024-09-18,0.5450508401876208
2024-09-19,0.5447854650753863
2024-09-20,0.5447373785032148
2024-09-23,0.5431123901112154
2024-09-24,0.5436786004172609
2024-09-25,0.5439327388848715
2024-09-26,0.5475182898915973
2024-09-27,0.5482597045430054
2024-09-30,0.5480955043092197
2024-10-01,0.546866937738674
2024-10-02,0.5464025872029015
2024-10-03,0.5466751351439596
2024-10-04,0.5471456271018058
2024-10-07,0.5470870638186123
2024-10-08,0.546266228274032
2024-10-09,0.5455196145650332
2024-10-10,0.5445015349263518
2024-10-11,0.5444913033502218
2024-10-14,0.5441728316902316
2024-10-15,0.5432528108321298
2024-10-16,0.5434275705911049
2024-10-17,0.5441786011219619
2024-10-18,0.5443340222290018
2024-10-21,0.5437459744590024
2024-10-22,0.5427314757498067
2024-10-23,0.5417005468780163
2024-10-24,0.5419872731447327
2024-10-25,0.5422376343434464
2024-10-28,0.5428632460484353
2024-10-29,0.542790429248054
2024-10-30,0.542576082203534
2024-10-31,0.5434100843650981
2024-11-01,0.5441594762507974
2024-11-04,0.5448409535809664
2024-11-05,0.5450608199814259
2024-11-06,0.5469321450546765
2024-11-07,0.547179702857379
2024-11-08,0.5465424066329864
2024-11-11,0.5465538988998018
2024-11-12,0.5479670506553914
2024-11-13,0.5483437116372071
2024-11-14,0.545977345920486
2024-11-15,0.5455848749047557
2024-11-18,0.5451239015523139
2024-11-19,0.5446406612132186
2024-11-20,0.5455932161747388
2024-11-21,0.5457254191988099
2024-11-22,0.5459709767946087
2024-11-25,0.545687779637839
2024-11-26,0.5448085660893912
2024-11-27,0.5446750835314262
2024-11-29,0.5452701763361862
2024-12-02,0.5454501987844551
2024-12-03,0.5448586204110961
2024-12-04,0.5451448853129397
2024-12-05,0.5452675574190811
2024-12-06,0.5449221384133914
2024-12-09,0.5443186960402973
2024-12-10,0.5430084868230326
2024-12-11,0.5431521213213863
2024-12-12,0.5430675599563317
2024-12-13,0.5425760513172029
2024-12-16,0.5430410588600573
2024-12-17,0.5442210935618157
2024-12-18,0.5442546666377989
2024-12-19,0.5513118004149921
2024-12-20,0.5521581697345573
2024-12-23,0.5530962025488271
2024-12-24,0.5525077824339896
2024-12-26,0.552951843213073
2024-12-27,0.5527875582094883
2024-12-30,0.5544100595203731
2024-12-31,0.5540228572747455
2025-01-02,0.5542090866715886
2025-01-03,0.5539367063657049
2025-01-06,0.5541793678673665
2025-01-07,0.555281787211212
2025-01-08,0.5553493931641827
2025-01-10,0.5556899246159843
2025-01-13,0.5551953546793484
2025-01-14,0.5556118789942389
2025-01-15,0.555191040177403
2025-01-16,0.5552205246937238
2025-01-17,0.5564145203377301
2025-01-21,0.5579954765388339
2025-01-22,0.5581106265512472
2025-01-23,0.5573796249975086
2025-01-24,0.5561037672904964
2025-01-27,0.5572391030453497
2025-01-28,0.559232935722218
2025-01-29,0.5600474246681678
2025-01-30,0.5602395857376523
2025-01-31,0.5601296711695836
2025-02-03,0.5595681456458029
2025-02-04,0.5603148460010686
2025-02-05,0.5596355931331264
2025-02-06,0.5584832451657107
2025-02-07,0.5585588475175429
2025-02-10,0.5588589597417319
2025-02-11,0.5582978926105212
2025-02-12,0.5587859014803631
2025-02-13,0.5593510027992651
2025-02-14,0.5587496901676199
2025-02-18,0.5597138330583806
2025-02-19,0.5604194972283087
2025-02-20,0.5592313205477809
2025-02-21,0.5585223321686691
2025-02-24,0.5586715198703209
2025-02-25,0.5605066148886375
2025-02-26,0.5605874787232302
2025-02-27,0.5607748935040501
2025-02-28,0.5608546106226036
2025-03-03,0.5605152853256142
2025-03-04,0.5614199987837615
2025-03-05,0.560968473373604
2025-03-06,0.5605187710965093
2025-03-07,0.5590548094116706
2025-03-10,0.5586784729886517
2025-03-11,0.5595926844916935
2025-03-12,0.559287456459053
2025-03-13,0.5597837727085048
2025-03-14,0.5608324397396971
2025-03-17,0.5616153513841782
2025-03-18,0.5621501978979752
2025-03-19,0.5623416816324724
2025-03-20,0.5629525590121562
2025-03-21,0.5633762614493606
2025-03-24,0.5633762614493606
2025-03-25,0.5630810779211933
2025-03-26,0.5640371563563397
2025-03-27,0.5641141978501824
2025-03-28,0.5649779890395676
2025-03-31,0.5648236044675123
2025-04-01,0.5648382669110527
2025-04-02,0.5655023667496747
2025-04-03,0.5671788499212553
2025-04-04,0.5720693669629353
2025-04-07,0.5737823667889306
2025-04-08,0.5751537673926718
2025-04-09,0.5760580389690774
2025-04-10,0.5755877309409633
2025-04-11,0.575559983147635
2025-04-14,0.5761831496230715
2025-04-15,0.5771112059825892
2025-04-16,0.5774400627299578
2025-04-17,0.5783133546803639
2025-04-21,0.57766245684677
2025-04-22,0.5768800477455063
2025-04-23,0.5770307269468363
2025-04-24,0.5780204272276952
2025-04-25,0.5784676635400253
2025-04-28,0.5793107986228125
2025-04-29,0.5792492935969885
2025-04-30,0.5789789857472055
2025-05-01,0.5804540581756956
2025-05-02,0.5795650013398556
2025-05-05,0.5795271201424813
2025-05-06,0.5798619289083593
2025-05-07,0.5791345386615762
2025-05-08,0.5798535845807166
2025-05-09,0.580841749580935
2025-05-12,0.5816795603795839
2025-05-13,0.5828764826133683
2025-05-14,0.5811933791506482
2025-05-15,0.5834821215906848
2025-05-16,0.58335008970972
2025-05-19,0.5832312028146532
2025-05-20,0.5832482711431334
2025-05-21,0.5829252932495911
2025-05-22,0.582435666720756
2025-05-23,0.5829758938106789
2025-05-27,0.5835896609483162
2025-05-28,0.583666550737458
2025-05-29,0.5838482214135691
2025-05-30,0.5829421371945323
2025-06-02,0.5824573302230911
2025-06-03,0.5833460727606007
2025-06-04,0.58361442977008
2025-06-05,0.58451999651135
2025-06-06,0.5844097651723558
2025-06-09,0.5843179141390689
2025-06-10,0.5836118781851373
2025-06-11,0.5844054593346216
2025-06-12,0.584497068484814
2025-06-13,0.5845123551925805
2025-06-16,0.5845711399884724
2025-06-17,0.5851892546140339
2025-06-18,0.585344454968733
2025-06-20,0.5854795496735363
2025-06-23,0.5857485402796396
2025-06-24,0.5866354602074365
2025-06-25,0.5873116736625151
2025-06-26,0.5870223120858219
2025-06-27,0.5859574507440547
2025-06-30,0.5854912572117088
2025-07-01,0.5834532452853276
2025-07-02,0.5838452748146932
2025-07-03,0.584854492080325
2025-07-07,0.5847217779165943
2025-07-08,0.5840033561378981
2025-07-09,0.5842743639613247
2025-07-10,0.5835496553241399
2025-07-11,0.5830133641255497
2025-07-14,0.5825301764772881
2025-07-15,0.582503330212243
2025-07-16,0.5819644867182261
2025-07-17,0.5811440220250018
2025-07-18,0.5823448578308583
2025-07-21,0.582322849649589
2025-07-22,0.5818044895301245
2025-07-23,0.5824117164838682
2025-07-24,0.5817743322438725
2025-07-25,0.5828465194902301
2025-07-28,0.5843893737122746
2025-07-29,0.5864000675531004
2025-07-30,0.5854990137572347
2025-07-31,0.5850493157036364
2025-08-01,0.5883059754894686
2025-08-04,0.5881085952565918
2025-08-05,0.5881312111445713
2025-08-06,0.5876398018048
2025-08-07,0.5875011020391253
2025-08-08,0.5887066802639702
2025-08-11,0.5911522108645613
2025-08-12,0.5926893073615908
2025-08-13,0.5943828908690303
2025-08-14,0.5946354837324866
2025-08-15,0.5937199857158199
2025-08-18,0.5937925383965083
2025-08-19,0.59414904338591
2025-08-20,0.5947095269212997
2025-08-21,0.5955483694968075
2025-08-22,0.5953721120884582
2025-08-25,0.5954623569217591
2025-08-26,0.5957435345269877
2025-08-27,0.5959588659859486
2025-08-28,0.5948124998123033
2025-08-29,0.5954296327982385
2025-09-02,0.5945514822518944
2025-09-03,0.5944479501147889
2025-09-04,0.5921603070982934
2025-09-05,0.5972358889043687
2025-09-08,0.5968435749719267
2025-09-09,0.5990926326648593
2025-09-10,0.5998028474463835
2025-09-11,0.6030045767568694
2025-09-12,0.6041927123628777
2025-09-15,0.607199548686549
2025-09-16,0.6079817240375702
2025-09-17,0.6071610354552047
2025-09-18,0.6055105297361351
2025-09-19,0.6064766110506886
2025-09-22,0.6066154758361588
2025-09-23,0.6056284007813537
2025-09-24,0.6044350530294814
2025-09-25,0.6043585193033133
2025-09-26,0.6052876537706803
2025-09-29,0.604724210624263
2025-09-30,0.6055432881585442
2025-10-01,0.6098222469513799
2025-10-02,0.6124106403453708
2025-10-03,0.6150723143015687
2025-10-06,0.6167629471516678
2025-10-07,0.6161747258520658
2025-10-08,0.6171866768119794
2025-10-09,0.616134203489007
2025-10-10,0.6181095151863044
2025-10-13,0.6179854464945794
2025-10-14,0.6166615679815004
2025-10-15,0.6150502876643835
2025-10-16,0.6164711767908151
2025-10-17,0.6180535322027173
2025-10-20,0.620564547824383
2025-10-21,0.6205253112305998
2025-10-22,0.6211035716347945
2025-10-23,0.6210642303023566
2025-10-24,0.6235971048878413
2025-10-27,0.624694854894503
2025-10-28,0.6224786546660834
2025-10-29,0.6206102170641765
2025-10-30,0.6195725652745974
2025-10-31,0.6199876736288338
2025-11-03,0.6189959778122752
2025-11-04,0.6203767889716165
2025-11-05,0.6228269418795758
2025-11-06,0.6245438796196717
2025-11-07,0.6243586716871854
2025-11-10,0.6261482684825818
2025-11-11,0.6248477566784345
2025-11-12,0.6259239898432107
2025-11-13,0.6263325146613329
2025-11-14,0.6271524573386961
2025-11-17,0.6275456797135526
2025-11-18,0.6266654756482042
2025-11-19,0.6269344623811606
2025-11-20,0.6375046871447878
2025-11-21,0.6401375631410423
2025-11-24,0.6406466974032917
2025-11-25,0.6400806997038093
2025-11-26,0.6431882442833919
2025-11-28,0.6445538862908458
2025-12-01,0.6444800960516345
2025-12-02,0.6428365149794871
2025-12-03,0.6416412869376056
2025-12-04,0.6417428910964039
2025-12-05,0.6431408391043849
2025-12-08,0.6438412246943724
2025-12-09,0.6457362038898885
2025-12-10,0.6476318247925059
2025-12-11,0.6467072455484301
2025-12-12,0.6474510253789001
2025-12-15,0.6496974449228353
2025-12-16,0.6517777112645458
2025-12-17,0.6531733375781281
2025-12-18,0.6558510822834253
2025-12-19,0.6614333186912658
2025-12-22,0.6685419959400186
2025-12-23,0.6732496383144412
2025-12-24,0.6750003080639202
2025-12-26,0.6763198800151188
2025-12-29,0.6790461089635068
2025-12-30,0.6794579904799187
2025-12-31,0.6799055807221168
2026-01-02,0.6847810595695032
2026-01-05,0.6871800673913137
2026-01-06,0.6968091926555353
2026-01-07,0.7002553487835266
2026-01-08,0.7005415046401497
2026-01-09,0.7023257574509136
2026-01-12,0.7022061522935734
2026-01-13,0.7018356252590174
2026-01-14,0.701492501468571
2026-01-15,0.7010256963886748
2026-01-16,0.7044952602660801
2026-01-20,0.7081162542620719
2026-01-21,0.7154264224883308
2026-01-22,0.7249034834537279
2026-01-23,0.7265049140837918
2026-01-26,0.7268709513711298
2026-01-27,0.7304232825446906
2026-01-28,0.7406335522870171
2026-01-29,0.7457797270951624
2026-01-30,0.7456899722276835
2026-02-02,0.7464731729774262
2026-02-03,0.7475816536672967
2026-02-04,0.7670786187323129
2026-02-05,0.7717205346270549
2026-02-06,0.7722976020294104
2026-02-09,0.7730234430323363
2026-02-10,0.7747294226407389
2026-02-11,0.7819452080196736
2026-02-12,0.7888513919627109
2026-02-13,0.7913915846047798
2026-02-17,0.7909707829569591
2026-02-18,0.7941791272124374
2026-02-19,0.7941450365980108
2026-02-20,0.7952387675829884
2026-02-23,0.7954430961513758
2026-02-24,0.795800624370207
2026-02-25,0.7958181430761277
2026-02-26,0.7968812673924812
2026-02-27,0.7960778470458187
2026-03-02,0.7978570489842901
2026-03-03,0.8057757258738699
2026-03-04,0.8057113106392617
2026-03-05,0.8058832128087499
2026-03-06,0.8107736988239542
2026-03-09,0.8097241349987806
2026-03-10,0.8091876612724512
2026-03-11,0.8117344689084433
2026-03-12,0.8126698611015886
2026-03-13,0.815530602124198
2026-03-16,0.8213396052574437
2026-03-17,0.8322142706497055
2026-03-18,0.836478162254532
2026-03-19,0.836559454375099
2026-03-20,0.8392784429450564
2026-03-23,0.8503316717520943
2026-03-24,0.859740399188044
2026-03-25,0.8687411302311066
2026-03-26,0.8775141116154621
2026-03-27,0.8835510227914497
2026-03-30,0.8965347456689858
2026-03-31,0.8985720407979045
2026-04-01,0.9016644523349472
2026-04-02,0.9038994965952138
2026-04-06,0.907366569814422
2026-04-07,0.911287845191415
2026-04-08,0.9208705785965656
2026-04-09,0.9270149812942572
2026-04-10,0.9293238582033488
2026-04-13,0.93080185804804
2026-04-14,0.9446491657527584
2026-04-15,0.9473903639041276
2026-04-16,0.9486858991853486
2026-04-17,0.9493232179506342
2026-04-20,0.9501774573133962
2026-04-21,0.9510712500907074
2026-04-22,0.9583360634676338
2026-04-23,0.9601414604205524
2026-04-24,0.9628941909874064
2026-04-27,0.975315459540492
2026-04-28,0.977945323421222
2026-04-29,0.9789178940447348
2026-04-30,0.979333592114042
2026-05-01,0.9839367613403592
2026-05-04,1.0001978762224335
2026-05-05,1.0515894211474388
2026-05-06,1.096110884388357
2026-05-07,1.103999907440034
2026-05-08,1.1644849555422483
2026-05-11,1.230949095990021
2026-05-12,1.242902273904024
2026-05-13,1.2605448022801915
2026-05-14,1.2605689450470086
2026-05-15,1.2775174919245014
2026-05-18,1.3099364228488548
2026-05-19,1.3250500870543098
2026-05-20,1.325735381221186
2026-05-21,1.3378812164542837
2026-05-22,1.343954377983384
2026-05-26,1.449488421735388
2026-05-27,1.526578622273768
2026-05-28,1.5568796540051408
2026-05-29,1.5900822641264116
2026-06-01,1.630400280229951
2026-06-02,1.6667892549150347
2026-06-03,1.6899257775398593
2026-06-04,1.6958305825744953
2026-06-05,1.8143595314537504
2026-06-08,1.822105110774907
2026-06-09,1.8244345992933308
2026-06-10,1.828198797086745
2026-06-11,1.8523825338878792
2026-06-12,1.853213145210836
2026-06-15,1.9119521052701056
2026-06-16,1.91173352883396
2026-06-17,1.9118329611485647
2026-06-18,1.9500514505890685
2026-06-22,2.006477631445992
2026-06-23,2.0224455629760807
2026-06-24,2.037895256577966
2026-06-25,2.071620218077108
2026-06-26,2.0696246531800546
2026-06-29,2.074436590420796
2026-06-30,2.073370643894032
2026-07-01,2.135457090646974
2026-07-02,2.197611346981964
2026-07-06,2.223242642415262
2026-07-07,2.2654378001305577
2026-07-08,2.266393462389979
2026-07-09,2.268456646166213
2026-07-10,2.2643876755586243
2026-07-13,2.275190602275982
2026-07-14,2.274947806882272
2026-07-15,2.297441791285403
2026-07-16,2.3328035229720383
2026-07-17,2.355077737983795
2026-07-20,2.3584292832345457
2026-07-21,2.383065901980223
2026-07-22,2.4011608616318303
2026-07-23,2.41459108810976
2026-07-24,2.4189692953543047
2026-07-27,2.437915431084161
2026-07-28,2.489603867963328
2026-07-29,2.580180368087887
2026-07-30,2.5806061437902303
2026-07-31,2.5961278729918376
2026-08-03,2.5961885171942143
2026-08-04,2.609935023389048
2026-08-05,2.6135865815143697
2026-08-06,2.6185499384408693
2026-08-07,2.627797118171136
2026-08-10,2.632992332076389
2026-08-11,2.633075241748814
2026-08-12,2.637542783705276
2026-08-13,2.6547318205669352
2026-08-14,2.666609111080664
2026-08-17,2.683567191224434
2026-08-18,2.680639120740854
2026-08-19,2.677793767884207
2026-08-20,2.6770866906233475
2026-08-21,2.6723695290916587
2026-08-24,2.672190901729873
2026-08-25,2.672238809865366
2026-08-26,2.6718284653123217
2026-08-27,2.673417367078477
2026-08-28,2.669999906351353
2026-08-31,2.6597577809187283
2026-09-01,2.662068987616826
2026-09-02,2.659755995131788
2026-09-03,2.659089088788132
2026-09-04,2.664200549484048
2026-09-08,2.661154606416673
2026-09-09,2.6595466068813955
2026-09-10,2.66435496676818
2026-09-11,2.6615470063981816
2026-09-14,2.678453158464852
2026-09-15,2.6828301829090093
2026-09-16,2.680774821975
2026-09-17,2.683611803721096
2026-09-18,2.700304074402202
2026-09-21,2.716647480051848
2026-09-22,2.738689746010787
2026-09-23,2.737151464016573
2026-09-24,2.7312331064984567
2026-09-25,2.724517936871715
2026-09-28,2.720362737111378
2026-09-29,2.7180695188248443
2026-09-30,2.7138928121421646
