date,value
2005-05-18,0.5045771878117531
2005-05-19,0.5045082276172644
2005-05-20,0.5057840970352784
2005-05-23,0.5061106520502692
2005-05-24,0.5059914028565746
2005-05-25,0.5047458842591094
2005-05-26,0.5050821424916482
2005-05-27,0.5046167955155901
2005-05-30,0.5052804240019828
2005-05-31,0.5031245180467138
2005-06-01,0.5031914758274119
2005-06-02,0.5020173424187448
2005-06-03,0.5018473162026444
2005-06-06,0.5013499866867122
2005-06-07,0.5016379044705653
2005-06-08,0.5014690462762372
2005-06-09,0.5023694733174181
2005-06-10,0.5016521105257001
2005-06-13,0.5018866083473605
2005-06-14,0.5020951958389565
2005-06-15,0.5014419534668485
2005-06-16,0.5011403558185266
2005-06-17,0.5009447323212118
2005-06-20,0.500749413631151
2005-06-21,0.500228143957062
2005-06-22,0.4995371423350468
2005-06-23,0.4995759385631435
2005-06-24,0.4984102852673411
2005-06-27,0.498148548405962
2005-06-28,0.4978424467885319
2005-06-29,0.4978636583384646
2005-06-30,0.4974609156507459
2005-07-01,0.4970954850651254
2005-07-04,0.4983398225779696
2005-07-05,0.4976014439552435
2005-07-06,0.497505404958129
2005-07-07,0.4972715351346991
2005-07-08,0.4966698398592305
2005-07-11,0.4958017042006313
2005-07-12,0.4962058098824616
2005-07-13,0.4960512061921752
2005-07-14,0.496301802024632
2005-07-15,0.4951041965954176
2005-07-18,0.4959916283638785
2005-07-19,0.4957395214601753
2005-07-20,0.4953099898120915
2005-07-21,0.4937236859364418
2005-07-22,0.4931457287111893
2005-07-25,0.4931926645956126
2005-07-26,0.4933323186536226
2005-07-27,0.4928434028192938
2005-07-28,0.491741416508966
2005-07-29,0.4915758435578776
2005-08-01,0.4912804287306111
2005-08-02,0.4912418486800085
2005-08-03,0.4918218364791572
2005-08-04,0.4918110417821399
2005-08-05,0.491553064802567
2005-08-08,0.4916056413336019
2005-08-09,0.4914774202524362
2005-08-10,0.4912707468023791
2005-08-11,0.4913741672584146
2005-08-12,0.4908946062923768
2005-08-15,0.4899845598519682
2005-08-16,0.4901909584885376
2005-08-17,0.4903201059013435
2005-08-18,0.4907901640309816
2005-08-19,0.4908942183385524
2005-08-22,0.4906582689337003
2005-08-23,0.4904210034845754
2005-08-24,0.4896321114303236
2005-08-25,0.4889311537825523
2005-08-26,0.4869884752360015
2005-08-29,0.486996455249399
2005-08-30,0.4868877745733643
2005-08-31,0.4868567184156581
2005-09-01,0.4866774649899134
2005-09-02,0.4860372493129146
2005-09-05,0.485512086892039
2005-09-06,0.4850684091370495
2005-09-07,0.4851129304155566
2005-09-08,0.4853198271589637
2005-09-09,0.4857121803644304
2005-09-12,0.4856792553107632
2005-09-13,0.4852415107877245
2005-09-14,0.4842893178630575
2005-09-15,0.4836766063025311
2005-09-16,0.4827166161155484
2005-09-19,0.4836522719142425
2005-09-20,0.4840761717937858
2005-09-21,0.4850736791967924
2005-09-22,0.4861127824897776
2005-09-23,0.4850123338402132
2005-09-26,0.4850961875248684
2005-09-27,0.4845289294724621
2005-09-28,0.4845730661040123
2005-09-29,0.484150391574517
2005-09-30,0.4834562253681974
2005-10-03,0.4834562253681974
2005-10-04,0.4822533327168348
2005-10-05,0.4803154000348324
2005-10-06,0.47957402376996
2005-10-07,0.4785973460671086
2005-10-10,0.479568648825266
2005-10-11,0.4788624993637556
2005-10-12,0.4778453277409794
2005-10-13,0.4787402745160828
2005-10-14,0.478377216932654
2005-10-17,0.4787255282027557
2005-10-18,0.4783242224309207
2005-10-19,0.4793555988131192
2005-10-20,0.4798676020863567
2005-10-21,0.4799848208872712
2005-10-24,0.4799835640033671
2005-10-25,0.4799439517242788
2005-10-26,0.4792263264615477
2005-10-27,0.4791472970341657
2005-10-28,0.4794657096961174
2005-10-31,0.4787894236828879
2005-11-01,0.4793406781318838
2005-11-02,0.4799399967235059
2005-11-03,0.4799797725140645
2005-11-04,0.4796151939791621
2005-11-07,0.4792499681583985
2005-11-08,0.4783210226426301
2005-11-09,0.4784007123937352
2005-11-10,0.4769471883967697
2005-11-11,0.4758283386540674
2005-11-14,0.4752942244941829
2005-11-15,0.4750419668548224
2005-11-16,0.4761965451197685
2005-11-17,0.4765209449286303
2005-11-18,0.4762493189767558
2005-11-21,0.4761171177843752
2005-11-22,0.4768963894449072
2005-11-23,0.4774141544060129
2005-11-24,0.4772894104502767
2005-11-25,0.4772894104502767
2005-11-28,0.4789116988953193
2005-11-29,0.4781826836824533
2005-11-30,0.4761434925747728
2005-12-01,0.475310607966825
2005-12-02,0.4759965334012994
2005-12-05,0.4757966943544353
2005-12-06,0.4753504385717682
2005-12-07,0.4746310813996479
2005-12-08,0.4745423476274134
2005-12-09,0.474644375057517
2005-12-12,0.4757604233101214
2005-12-13,0.4771624271330559
2005-12-14,0.4777833940501926
2005-12-15,0.4775054200697612
2005-12-16,0.4777563174954136
2005-12-19,0.4800822599865748
2005-12-20,0.4819177620629419
2005-12-21,0.481549758032796
2005-12-22,0.480041603823807
2005-12-23,0.4800787894950279
2005-12-26,0.4804462426040897
2005-12-27,0.4809394749080544
2005-12-28,0.4802422450961249
2005-12-29,0.480076459388898
2005-12-30,0.4807748736132003
2006-01-03,0.4807337445615243
2006-01-04,0.4804462426040897
2006-01-05,0.4804872713617104
2006-01-06,0.4800752893601633
2006-01-09,0.4799907160666409
2006-01-10,0.4804016981528984
2006-01-11,0.4806504713176525
2006-01-12,0.4802769734307944
2006-01-13,0.4807328019435363
2006-01-16,0.4809810881587247
2006-01-17,0.4809397103023939
2006-01-18,0.4807328019435363
2006-01-19,0.4808983469629878
2006-01-20,0.480525664151616
2006-01-23,0.4800705757416465
2006-01-24,0.4792872552698537
2006-01-25,0.4791232576402517
2006-01-26,0.4799085503269725
2006-01-27,0.4953557846243079
2006-01-30,0.4954529711970307
2006-01-31,0.4957681337678064
2006-02-01,0.495689267610797
2006-02-02,0.4950935721303363
2006-02-03,0.4939835806763884
2006-02-06,0.4935785171650056
2006-02-07,0.4929109980590103
2006-02-08,0.4931791355125478
2006-02-09,0.492949667539269
2006-02-10,0.4931798720912543
2006-02-13,0.4926549540629505
2006-02-14,0.4934516166915397
2006-02-15,0.4936348676059712
2006-02-16,0.4933717167658905
2006-02-17,0.4926524166328314
2006-02-20,0.491833991673901
2006-02-21,0.4918629014323507
2006-02-22,0.4921328363245028
2006-02-23,0.4921477601671652
2006-02-24,0.4911337519070876
2006-02-27,0.4912681093780332
2006-02-28,0.4909330566194537
2006-03-01,0.4910406779014313
2006-03-02,0.4918476613636382
2006-03-03,0.4908123674029282
2006-03-06,0.4908658891179323
2006-03-07,0.4915502392101362
2006-03-08,0.4910674513515387
2006-03-09,0.4919989599285131
2006-03-10,0.4915549131578797
2006-03-13,0.4905134248238426
2006-03-14,0.4905669814688944
2006-03-15,0.4911497346940373
2006-03-16,0.4926103209662958
2006-03-17,0.4924566978302388
2006-03-20,0.4915120669605325
2006-03-21,0.4916741486413701
2006-03-22,0.4917698551128451
2006-03-23,0.4915285576902715
2006-03-24,0.4917468940283652
2006-03-27,0.4912999233019808
2006-03-28,0.4914777232455534
2006-03-29,0.4908646304039054
2006-03-30,0.4902625708712382
2006-03-31,0.4906724505701147
2006-04-03,0.4913154527221545
2006-04-04,0.4913154527221545
2006-04-05,0.4920112995824414
2006-04-06,0.4930025333151316
2006-04-07,0.4929196228323153
2006-04-10,0.4929196228323153
2006-04-11,0.4927448755416996
2006-04-12,0.4929940671863368
2006-04-13,0.4932189804244638
2006-04-18,0.4935949011245124
2006-04-19,0.4935949011245124
2006-04-20,0.4936435892970492
2006-04-21,0.4931355989230261
2006-04-24,0.4935459781846346
2006-04-25,0.5047951835049084
2006-04-26,0.4922583010132021
2006-04-27,0.492598493771064
2006-04-28,0.5041950390855139
2006-05-02,0.4926780133517405
2006-05-03,0.492598493771064
2006-05-04,0.4926080688852963
2006-05-05,0.4919446575237366
2006-05-08,0.4926080688852963
2006-05-09,0.4931360905216889
2006-05-10,0.4937491892309935
2006-05-11,0.4942844907706958
2006-05-12,0.4934867391362067
2006-05-15,0.4938220026247372
2006-05-16,0.5050688466835267
2006-05-17,0.4939059618789925
2006-05-18,0.4940139470522672
2006-05-19,0.4942713073233164
2006-05-22,0.5053406716490905
2006-05-23,0.5054969568614888
2006-05-24,0.5055360582216775
2006-05-25,0.5054698837247035
2006-05-26,0.5064701311564344
2006-05-30,0.5060679368914175
2006-05-31,0.5063356014546597
2006-06-01,0.5057489508929223
2006-06-02,0.5051503057242355
2006-06-05,0.5056650201375212
2006-06-06,0.5048841702913154
2006-06-07,0.5039234818383754
2006-06-08,0.5028684150912186
2006-06-09,0.5031607561158548
2006-06-12,0.503018177421477
2006-06-13,0.503073758761566
2006-06-14,0.5031371932496479
2006-06-15,0.5046058246055347
2006-06-16,0.5050242658898964
2006-06-19,0.5070462670123187
2006-06-20,0.5092003886494163
2006-06-21,0.5120479827755563
2006-06-22,0.5148819754493745
2006-06-23,0.5186440575063864
2006-06-26,0.5218791644628926
2006-06-27,0.5255375452989581
2006-06-28,0.528515479520479
2006-06-29,0.5317832065629918
2006-06-30,0.5363066449711672
2006-07-03,0.5405941044923307
2006-07-04,0.5450175473229288
2006-07-05,0.5493048733064175
2006-07-06,0.5547174031155839
2006-07-07,0.560054664107387
2006-07-10,0.5657325788509108
2006-07-11,0.5714493058648067
2006-07-12,0.5770039560125646
2006-07-13,0.5827745055302982
2006-07-14,0.5893613919130489
2006-07-17,0.5952445151881455
2006-07-18,0.5938332680447717
2006-07-19,0.5943011783728894
2006-07-20,0.5945402510181033
2006-07-21,0.6015470593151108
2006-07-24,0.6089811837004179
2006-07-25,0.6160507490096421
2006-07-26,0.6135734839197056
2006-07-27,0.6138877207796226
2006-07-28,0.6137776677274484
2006-07-31,0.6141550176529189
2006-08-01,0.6139031919497496
2006-08-02,0.6147605635767333
2006-08-03,0.6209088799847662
2006-08-04,0.6275491133390778
2006-08-07,0.6344200948707261
2006-08-08,0.6420131583476582
2006-08-09,0.6506111607172986
2006-08-10,0.6577855600494746
2006-08-11,0.6671622961082234
2006-08-14,0.675576516487497
2006-08-15,0.6850023140776276
2006-08-16,0.6939111435181587
2006-08-17,0.7038359519443277
2006-08-18,0.712843095300043
2006-08-21,0.7233582848022978
2006-08-22,0.7329219175415839
2006-08-23,0.7428571632804941
2006-08-24,0.7528167608791064
2006-08-25,0.7619027027468696
2006-08-29,0.7712341007304917
2006-08-30,0.7812810627587439
2006-08-31,0.7915480113890333
2006-09-01,0.8019420622965032
2006-09-04,0.8135653390384837
2006-09-05,0.8255400719958428
2006-09-06,0.8362148265453552
2006-09-07,0.84708330807162
2006-09-08,0.8586205446675099
2006-09-11,0.8706529892247956
2006-09-12,0.8831599148188415
2006-09-13,0.8950208050074768
2006-09-14,0.906603178425525
2006-09-15,0.9190445564562996
2006-09-18,0.930469554504558
2006-09-19,0.9424518678738308
2006-09-20,0.9551229414348664
2006-09-21,0.9682439803064764
2006-09-22,0.9813980461877576
2006-09-25,0.994111703999478
2006-09-26,1.0066161977708528
2006-09-27,1.007339634637701
2006-09-28,1.0298030550486372
2006-09-29,1.0426639301998788
2006-10-02,1.05596450075792
2006-10-03,1.0684571672989234
2006-10-04,1.0819689621058977
2006-10-05,1.0985517591611846
2006-10-06,1.1119308036277875
2006-10-09,1.12514953576793
2006-10-10,1.1401544067705844
2006-10-11,1.156719968407143
2006-10-12,1.1716028989658036
2006-10-13,1.1858722696192727
2006-10-16,1.2017730872709855
2006-10-17,1.2172034923441537
2006-10-18,1.2315158886586353
2006-10-19,1.2459201190472602
2006-10-20,1.2640990126904834
2006-10-23,1.2785683795892415
2006-10-24,1.2944434679198589
2006-10-25,1.3099364573885406
2006-10-26,1.325535357576784
2006-10-27,1.3413747021919051
2006-10-30,1.3582246733583976
2006-10-31,1.3755584867824904
2006-11-01,1.3912370322599232
2006-11-02,1.4083244425306254
2006-11-03,1.4236881951190603
2006-11-06,1.4391319868571402
2006-11-07,1.457309784771449
2006-11-08,1.4756498447016348
2006-11-09,1.4937424178804226
2006-11-10,1.5095916066535846
2006-11-13,1.525517789341104
2006-11-14,1.5443762170560198
2006-11-15,1.5623377730858268
2006-11-16,1.5808606560668876
2006-11-17,1.5990235746725183
2006-11-20,1.619827357176301
2006-11-21,1.6390547856824766
2006-11-22,1.6591362794031204
2006-11-23,1.676832320200914
2006-11-24,1.6497593519624825
2006-11-27,1.6538706404650718
2006-11-28,1.5798921572688092
2006-11-29,1.5803101763203988
2006-11-30,1.5812911664438245
2006-12-01,1.5835912616404288
2006-12-04,1.600652889893504
2006-12-05,1.6183254247726837
2006-12-06,1.6355857107009986
2006-12-07,1.654110670370598
2006-12-08,1.6733366818705713
2006-12-11,1.690912525113427
2006-12-12,1.7073144759931558
2006-12-13,1.7232092694703456
2006-12-14,1.7881806667200804
2006-12-15,1.8476709502394024
2006-12-18,1.867204173185787
2006-12-19,1.885796346796986
2006-12-20,1.9075403347223552
2006-12-21,1.925993167153874
2006-12-22,1.9455670128513929
2006-12-27,1.965607962001757
2006-12-28,1.9861250415315208
2006-12-29,2.0080266405943274
2007-01-02,2.0290786010146773
2007-01-03,2.0489430388320264
2007-01-04,2.068657064177025
2007-01-05,2.089036971430426
2007-01-08,2.1137801759156787
2007-01-09,2.135404954453297
2007-01-10,2.154206863212297
2007-01-11,2.173067159494514
2007-01-12,2.1941979480723064
2007-01-15,2.213493074811159
2007-01-16,2.233456442004764
2007-01-17,2.2522317394744893
2007-01-18,2.27202179026325
2007-01-19,2.292809003722577
2007-01-22,2.31367657032896
2007-01-23,2.3341385771819074
2007-01-24,2.3542065333602027
2007-01-25,2.378844784438413
2007-01-26,2.4036358845320174
2007-01-29,2.426928081434162
2007-01-30,2.447002561507751
2007-01-31,2.468313569808745
2007-02-01,2.493938562752365
2007-02-02,2.517672508318872
2007-02-05,2.5401430277996764
2007-02-06,2.5644402328819265
2007-02-07,2.586034483420177
2007-02-08,2.6062781732302915
2007-02-09,2.626928086718345
2007-02-12,2.648020581998439
2007-02-13,2.6731360790233234
2007-02-14,2.6945466021380904
2007-02-15,2.718316020181569
2007-02-16,2.744721899245308
2007-02-19,2.767341526536268
2007-02-20,2.7909631930224754
2007-02-21,2.8119971144961147
2007-02-22,2.8347839977282594
2007-02-23,2.858480717241432
2007-02-26,2.883279641785901
2007-02-27,2.9091419208091387
2007-02-28,2.934329965037466
2007-03-01,2.958581285719458
2007-03-02,2.7315780370638505
2007-03-05,2.7317611849405314
2007-03-06,2.733258612344769
2007-03-07,2.7370259133381243
2007-03-08,2.737394708918644
2007-03-09,2.742805341682915
2007-03-12,2.7646937500830533
2007-03-13,2.7861326992361155
2007-03-14,2.807784456643045
2007-03-15,2.829699888501468
2007-03-16,2.8522314822095622
2007-03-19,2.8740655478038777
2007-03-20,2.89606106369544
2007-03-21,2.9202426088079303
2007-03-22,2.942540199555545
2007-03-23,2.968348057029328
2007-03-26,2.992764430784044
2007-03-27,3.0164055835382446
2007-03-28,3.0373373584483745
2007-03-29,3.060757366886867
2007-03-30,3.0855180498775763
2007-04-02,3.1076038975275253
2007-04-03,3.1310239112019502
2007-04-04,3.153426408966206
2007-04-05,3.179250207497616
2007-04-10,3.281642680132696
2007-04-11,3.3042804396773406
2007-04-12,3.330698237221687
2007-04-13,3.352209060146121
2007-04-16,3.3740318581411786
2007-04-17,3.3982814238327586
2007-04-18,3.425723034683646
2007-04-19,3.4517102281890546
2007-04-20,3.4743343353106284
2007-04-23,3.497870046767398
2007-04-24,3.519430209615361
2007-04-25,3.5185593710675427
2007-04-26,3.638500850567261
2007-04-27,3.664927105588569
2007-04-30,3.6914361498364943
2007-05-01,3.715178469600128
2007-05-02,3.739299296402292
2007-05-03,3.767983876058093
2007-05-04,3.796401772343923
2007-05-08,3.822335680418068
2007-05-09,3.848974543777858
2007-05-10,3.8737122556743295
2007-05-11,3.8989966959469
2007-05-14,3.921553971501978
2007-05-15,3.948295329149469
2007-05-16,3.975614655334831
2007-05-17,4.003961358534224
2007-05-18,4.028684442016256
2007-05-21,4.059040772579451
2007-05-22,4.083760152356112
2007-05-23,4.114610382937613
2007-05-24,4.139517483610412
2007-05-25,4.1671116423536105
2007-05-29,4.195989978228664
2007-05-30,4.225245883227449
2007-05-31,4.25445000733528
2007-06-01,4.280207706958797
2007-06-04,4.3110658823997365
2007-06-05,4.338335655519295
2007-06-06,4.366488570029401
2007-06-07,4.395971238840207
2007-06-08,4.427364887159738
2007-06-11,4.453801568302066
2007-06-12,4.486093226628063
2007-06-13,4.512379427489665
2007-06-14,4.541440237193236
2007-06-15,4.573033124882511
2007-06-18,4.601110761652389
2007-06-19,4.63377062482
2007-06-20,4.490540072518333
2007-06-21,4.494091141540061
2007-06-22,4.501759498920047
2007-06-25,4.502444873460747
2007-06-26,4.5061544885155245
2007-06-27,4.509456992970972
2007-06-28,4.540195511160401
2007-06-29,4.567129116059581
2007-07-02,4.596359825906105
2007-07-03,4.622422473405896
2007-07-04,4.650657323234082
2007-07-05,4.6825145474019765
2007-07-06,4.70745946742063
2007-07-09,4.736601978322002
2007-07-10,4.759451770354402
2007-07-11,4.786823043400994
2007-07-12,4.810750207929563
2007-07-13,4.837039981391729
2007-07-16,4.868529316115423
2007-07-17,4.896565086656177
2007-07-18,4.927038329851812
2007-07-19,4.952943936627357
2007-07-20,4.977552858655094
2007-07-23,5.0048631181095455
2007-07-24,5.030271928328308
2007-07-25,5.055579123457971
2007-07-26,5.080917694313005
2007-07-27,5.108252332254125
2007-07-30,5.137605755986977
2007-07-31,5.161470492625545
2007-08-01,5.1875622280364695
2007-08-02,5.216303262587716
2007-08-03,5.2419809529139085
2007-08-06,5.269565071806367
2007-08-07,5.303354772105799
2007-08-08,5.330549870789713
2007-08-09,5.363618830830373
2007-08-10,5.395000498686823
2007-08-13,5.609461775184106
2007-08-14,5.643810056048297
2007-08-15,5.674216144629403
2007-08-16,5.707898742557364
2007-08-17,5.740120513184847
2007-08-20,5.7724153156858895
2007-08-21,5.805228797040974
2007-08-22,5.839109787036823
2007-08-23,5.866850621187745
2007-08-24,5.897381808540988
2007-08-28,5.92796446121661
2007-08-29,5.960656434195197
2007-08-30,5.995156104458726
2007-08-31,6.0229663856623565
2007-09-03,6.052285101990443
2007-09-04,6.0786739683414
2007-09-05,6.106703349740081
2007-09-06,6.13911063573346
2007-09-07,6.1706978741499645
2007-09-10,6.2009655799588765
2007-09-11,6.228252019904009
2007-09-12,6.2587265959419165
2007-09-13,6.28378661045417
2007-09-14,6.315722178240707
2007-09-17,6.3488541017146645
2007-09-18,6.380267140637169
2007-09-19,6.416371136770564
2007-09-20,6.443237184570446
2007-09-21,6.476352962596514
2007-09-24,6.505615623817867
2007-09-25,6.538049425646455
2007-09-26,6.566595319669824
2007-09-27,6.594118316925493
2007-09-28,6.622584569490249
2007-10-01,6.654921516245833
2007-10-02,6.690765090452831
2007-10-03,6.720269917682341
2007-10-04,6.752217899496228
2007-10-05,6.784634816010123
2007-10-08,6.819667576849943
2007-10-09,6.855846161729011
2007-10-10,6.881462578243387
2007-10-11,6.907088791044823
2007-10-12,6.935186006873379
2007-10-15,6.967861644935685
2007-10-16,7.002497947518148
2007-10-17,7.031258879034637
2007-10-18,7.063500168755992
2007-10-19,7.090901586737655
2007-10-22,6.820999498134555
2007-10-23,6.823951356260212
2007-10-24,6.829215044409277
2007-10-25,6.837574065644001
2007-10-26,6.8386319716375095
2007-10-29,6.844451130867506
2007-10-30,6.873297991883012
2007-10-31,6.900204804584284
2007-11-01,6.926886145803561
2007-11-02,6.96231026857804
2007-11-05,6.994423498904517
2007-11-06,7.026828712302703
2007-11-07,7.055995372876161
2007-11-08,7.0842768015366655
2007-11-09,7.12410225498993
2007-11-12,7.149501036115747
2007-11-13,7.176632215601914
2007-11-14,7.202975969903222
2007-11-15,7.229212698257344
2007-11-16,7.258687301985526
2007-11-19,7.287499597030722
2007-11-20,7.313903073844037
2007-11-21,7.345073750430189
2007-11-22,7.37476914940563
2007-11-23,7.40600813818078
2007-11-26,7.440212337861861
2007-11-27,7.473889333985033
2007-11-28,7.506792997475268
2007-11-29,7.540810208118144
2007-11-30,7.567268060738256
2007-12-03,7.601245462202133
2007-12-04,7.634555159027135
2007-12-05,7.338203947866625
2007-12-06,7.343712108825066
2007-12-07,7.347024349464415
2007-12-10,7.350887217722404
2007-12-11,7.352546252178854
2007-12-12,7.360175826252258
2007-12-13,7.363390452289884
2007-12-14,7.361952013663134
2007-12-17,7.358189606475379
2007-12-18,6.987442858119725
2007-12-19,6.99020035970575
2007-12-20,6.992854081594813
2007-12-21,7.001520771666703
2007-12-24,7.007542963721404
2007-12-27,7.01218753587578
2007-12-28,7.035879975390651
2007-12-31,7.065372759653194
2008-01-02,7.088501442153616
2008-01-03,7.118642761463504
2008-01-04,7.151148715296954
2008-01-07,7.177954862004801
2008-01-08,7.206091428899581
2008-01-09,7.231312855805326
2008-01-10,7.260313852031339
2008-01-11,7.287919856781778
2008-01-14,7.312585931386393
2008-01-15,7.056000513939895
2008-01-16,7.059109790653151
2008-01-17,7.065799717143646
2008-01-18,7.073473018569121
2008-01-21,7.07623710321737
2008-01-22,7.074340696603262
2008-01-23,7.069482557791791
2008-01-24,7.075166798948263
2008-01-25,7.081832021347905
2008-01-28,7.084865959414067
2008-01-29,7.089949368629399
2008-01-30,7.086040111471973
2008-01-31,7.084036648445943
2008-02-01,7.083935429600246
2008-02-04,7.08516967718628
2008-02-05,7.086870078304561
2008-02-06,7.096035879594912
2008-02-07,7.096137292577692
2008-02-08,7.099427598406357
2008-02-11,7.125177471295939
2008-02-12,7.1469049384872445
2008-02-13,7.170658262509146
2008-02-14,7.1936455619740425
2008-02-15,7.220223196165683
2008-02-18,7.248655601494297
2008-02-19,7.275959028042627
2008-02-20,7.302503606608012
2008-02-21,7.331119985891616
2008-02-22,7.358295623063947
2008-02-25,7.384319387920287
2008-02-26,7.413115947731705
2008-02-27,7.439079157005698
2008-02-28,7.464466005277391
2008-02-29,7.488479531646391
2008-03-03,7.511113282643752
2008-03-04,7.534446725614972
2008-03-05,7.557090848188344
2008-03-06,7.579543258132432
2008-03-07,7.606285305112824
2008-03-10,7.630948148783001
2008-03-11,7.662029159789771
2008-03-12,7.391248113106827
2008-03-13,7.402870821610347
2008-03-14,7.401755565686685
2008-03-17,7.405668636567119
2008-03-18,7.406321244511072
2008-03-19,7.405016151384912
2008-03-20,7.407626828823009
2008-03-25,7.407626828823009
2008-03-26,7.4101450693883555
2008-03-27,7.412665207016862
2008-03-28,7.4139732159017075
2008-03-31,7.417339895343209
2008-04-01,7.419959894846229
2008-04-02,7.422487299149256
2008-04-03,7.428393902671728
2008-04-04,7.429707844116609
2008-04-07,7.427831760854045
2008-04-08,7.426613170432401
2008-04-09,7.453344297468434
2008-04-10,7.48141880233764
2008-04-11,7.5096181282524865
2008-04-14,7.538605759267654
2008-04-15,7.563727496911899
2008-04-16,7.303807447593556
2008-04-17,7.299488446491144
2008-04-18,7.300902988150443
2008-04-21,7.304260397584541
2008-04-22,7.306731014471603
2008-04-23,7.303750347543252
2008-04-24,7.068011172646702
2008-04-25,7.062611555762541
2008-04-28,7.060838659966632
2008-04-29,7.06073864345075
2008-04-30,7.0831910965416585
2008-05-01,7.107065377029015
2008-05-02,7.127719205580205
2008-05-06,7.149532235008093
2008-05-07,7.175809602079726
2008-05-08,7.204030066302382
2008-05-09,7.224630473300606
2008-05-12,7.245235338064825
2008-05-13,7.271181432350595
2008-05-14,7.291301944985628
2008-05-15,7.311425346844088
2008-05-16,7.330966248837015
2008-05-19,7.350509078354824
2008-05-20,7.370053823308248
2008-05-21,7.390187079331269
2008-05-22,7.410910359123705
2008-05-23,7.43693239818405
2008-05-27,7.456490354449664
2008-05-28,7.476050145826991
2008-05-29,7.2302876915719505
2008-05-30,7.2302876915719505
2008-06-02,7.229738791864385
2008-06-03,7.232484181811031
2008-06-04,7.22762547468021
2008-06-05,7.225128132983006
2008-06-06,7.245515416976125
2008-06-09,7.26590768010684
2008-06-10,7.284736318633812
2008-06-11,7.30686853765499
2008-06-12,7.326253631241808
2008-06-13,7.345089723923794
2008-06-16,7.364479227988965
2008-06-17,7.383318904600533
2008-06-18,7.148678808933073
2008-06-19,7.1530878881159925
2008-06-20,7.158769238872993
2008-06-23,7.157218822207593
2008-06-24,7.15523017077001
2008-06-25,7.151101739355818
2008-06-26,6.933484598198061
2008-06-27,6.935749194309009
2008-06-30,6.940583360698755
2008-07-01,6.940249556311794
2008-07-02,6.940733309218058
2008-07-03,6.941701031951204
2008-07-04,6.941217134425784
2008-07-07,6.941851002836068
2008-07-08,6.941741993311515
2008-07-09,6.937505992911885
2008-07-10,6.957226497694238
2008-07-11,6.975649991737155
2008-07-14,6.993181763294423
2008-07-15,7.014521767484982
2008-07-16,7.035460532425517
2008-07-17,6.827281560268774
2008-07-18,6.83131543551634
2008-07-21,6.83338275739381
2008-07-22,6.834825472577778
2008-07-23,6.830858974784817
2008-07-24,6.829081172389156
2008-07-25,6.84915359039686
2008-07-28,6.868947474753274
2008-07-29,6.865746265017345
2008-07-30,6.866203384701659
2008-07-31,6.866660569693349
2008-08-01,6.868489963014334
2008-08-04,6.86764682365627
2008-08-05,6.866490075345481
2008-08-06,6.886116893328025
2008-08-07,6.687363372159387
2008-08-08,6.687363372159387
2008-08-11,6.686503665174466
2008-08-12,6.684923591943425
2008-08-13,6.680630894501182
2008-08-14,6.680478996944768
2008-08-15,6.699450663944678
2008-08-18,6.719719045022812
2008-08-19,6.740428659707264
2008-08-20,6.757195973365754
2008-08-21,6.7757611242543465
2008-08-22,6.795196188396446
2008-08-26,6.812472985361305
2008-08-27,6.829911979010685
2008-08-28,6.828588982459826
2008-08-29,7.049849342798277
2008-09-01,7.067281621474827
2008-09-02,6.859316919085082
2008-09-03,7.062344496765614
2008-09-04,6.8496560742842805
2008-09-05,6.851594046376833
2008-09-08,7.053135190855831
2008-09-09,7.056781656664762
2008-09-10,7.053868366290752
2008-09-11,7.047040877340686
2008-09-12,7.0497701737891445
2008-09-15,7.052432352675851
2008-09-16,7.058745303625771
2008-09-17,7.063907684673174
2008-09-18,7.0626758614012255
2008-09-19,7.064354159006632
2008-09-22,7.08358491102115
2008-09-23,7.101766213969992
2008-09-24,7.122841434098644
2008-09-25,7.141951160124166
2008-09-26,7.162837886634709
2008-09-29,7.185256854948791
2008-09-30,7.202336773194775
2008-10-01,6.996475412416868
2008-10-02,7.000681990985024
2008-10-03,7.00141727197717
2008-10-06,7.002587264638697
2008-10-07,7.00476071206153
2008-10-08,7.009680939055566
2008-10-09,6.811213529507671
2008-10-10,6.8113430360061855
2008-10-13,6.8113430360061855
2008-10-14,6.812162085498383
2008-10-15,6.813736040672706
2008-10-16,6.8161957032291385
2008-10-17,6.834556435852179
2008-10-20,6.856495542846267
2008-10-21,6.87652049011767
2008-10-22,6.894839295410517
2008-10-23,6.911730635708398
2008-10-24,6.9317140949555
2008-10-27,6.949507020362944
2008-10-28,6.969602304096858
2008-10-29,6.990189874818528
2008-10-30,6.986864263790763
2008-10-31,6.989422111860034
2008-11-03,6.9894860696547365
2008-11-04,6.989965873526073
2008-11-05,6.98955002744744
2008-11-06,6.98926214182224
2008-11-07,6.795739111818024
2008-11-10,6.796192661120826
2008-11-11,6.796646266512841
2008-11-12,6.796770398256808
2008-11-13,6.799182810720323
2008-11-14,6.801142766343574
2008-11-17,6.819198400295196
2008-11-18,6.837715051061405
2008-11-19,6.854933879988279
2008-11-20,6.873277437498635
2008-11-21,6.872550997442081
2008-11-24,6.871516196609481
2008-11-25,6.871516196609481
2008-11-26,6.871122299831207
2008-11-27,6.875063448969748
2008-11-28,6.877825140449049
2008-12-01,6.882231563728277
2008-12-02,6.883145769550199
2008-12-03,6.883269405479999
2008-12-04,6.900359025544516
2008-12-05,6.917785747771523
2008-12-08,6.934026650518126
2008-12-09,6.951062500468855
2008-12-10,6.968101125937142
2008-12-11,6.989119637271044
2008-12-12,7.006167343206012
2008-12-15,7.022359536793768
2008-12-16,7.042604998703992
2008-12-17,7.05966306045505
2008-12-18,6.8686642503219
2008-12-19,6.87173953014709
2008-12-22,6.872175848281064
2008-12-23,6.872612217794182
2008-12-24,6.87122153006187
2008-12-29,6.871621355552835
2008-12-30,7.076359512362906
2008-12-31,6.886148380203378
2009-01-02,6.887740576931846
2009-01-05,6.887646178622289
2009-01-06,7.073050033463199
2009-01-07,7.071330469593756
2009-01-08,7.074395725024244
2009-01-09,7.090998259859179
2009-01-12,7.1100666455878425
2009-01-13,7.125933822154722
2009-01-14,7.142604215194952
2009-01-15,7.160079617871011
2009-01-16,7.177558359140243
2009-01-19,7.193029218106998
2009-01-20,7.208500656034857
2009-01-21,7.011732552394992
2009-01-22,7.01421311623569
2009-01-23,7.016432310980036
2009-01-26,7.019149388475168
2009-01-27,7.019149388475168
2009-01-28,7.0183929987429465
2009-01-29,7.001658070955402
2009-01-30,7.197052831242611
2009-02-02,7.215286329253817
2009-02-03,7.23070122874667
2009-02-04,7.247730832088828
2009-02-05,7.267247127199497
2009-02-06,7.283939099747642
2009-02-09,7.300632936183305
2009-02-10,7.316113606637265
2009-02-11,7.11640534639713
2009-02-12,7.122077590531553
2009-02-13,7.122669397812254
2009-02-16,7.125845299237418
2009-02-17,7.1259606293689535
2009-02-18,7.124660546308955
2009-02-19,7.139621571721156
2009-02-20,7.154583309541376
2009-02-23,7.170369156101026
2009-02-24,6.97975137724037
2009-02-25,6.983731497159376
2009-02-26,6.983675759912842
2009-02-27,6.987298243350234
2009-03-02,6.988748364558992
2009-03-03,6.989920166123457
2009-03-04,7.008389429618055
2009-03-05,7.025886813173783
2009-03-06,7.042296712274628
2009-03-09,6.863199385999443
2009-03-10,6.863652003138875
2009-03-11,6.864158713567155
2009-03-12,6.862996726090979
2009-03-13,6.8625239743273925
2009-03-16,6.864118044585619
2009-03-17,6.878585041542005
2009-03-18,6.894141481216716
2009-03-19,6.908664280778591
2009-03-20,6.923425706301076
2009-03-23,6.940369144498924
2009-03-24,6.956970990053099
2009-03-25,6.973576539831894
2009-03-26,6.98943892619182
2009-03-27,7.006291783361721
2009-03-30,7.021947496899309
2009-03-31,7.0405482257371
2009-04-01,7.057173930045966
2009-04-02,7.073052984677715
2009-04-03,7.090732329883294
2009-04-06,7.105918965617471
2009-04-07,7.123851545539301
2009-04-08,6.941787898086675
2009-04-09,6.959803361276109
2009-04-14,6.960410275765625
2009-04-15,6.961624473723737
2009-04-16,6.964587038391444
2009-04-17,6.96425773108554
2009-04-20,6.965323189144114
2009-04-21,6.97977921899044
2009-04-22,6.995555170833375
2009-04-23,7.010013530701536
2009-04-24,7.024752385472438
2009-04-27,7.041525919006377
2009-04-28,7.055988132105295
2009-04-29,7.070681531059286
2009-04-30,7.085757753567675
2009-05-01,7.101498524241433
2009-05-05,7.119232999293098
2009-05-06,7.134980963291268
2009-05-07,7.150781548658787
2009-05-08,7.165253796768099
2009-05-11,7.179726819738071
2009-05-12,7.195483076957021
2009-05-13,7.211575402249812
2009-05-14,7.227337276799813
2009-05-15,7.24410387493971
2009-05-18,7.258868962052038
2009-05-19,7.272867906179771
2009-05-20,7.289682576062029
2009-05-21,7.494886219154332
2009-05-22,7.509801890969943
2009-05-26,7.524718332151788
2009-05-27,7.539635538948144
2009-05-28,7.554908029581663
2009-05-29,7.5694722344989
2009-06-01,7.585051417769556
2009-06-02,7.601037351949802
2009-06-03,7.617025294819021
2009-06-04,7.633676876053444
2009-06-05,7.650025436440942
2009-06-08,7.666376535474883
2009-06-09,7.680947411870816
2009-06-10,7.696846357603074
2009-06-11,7.714939449687144
2009-06-12,7.729464210358109
2009-06-15,7.744704471567261
2009-06-16,7.760871495767928
2009-06-17,7.777350487928879
2009-06-18,7.792301809471323
2009-06-19,7.792301809471323
2009-06-22,8.020744993850505
2009-06-23,8.036472160802774
2009-06-24,8.053620212608921
2009-06-25,8.068870155283266
2009-06-26,8.086835234901148
2009-06-29,8.10041544355419
2009-06-30,8.117755391513775
2009-07-01,8.133343241778917
2009-07-02,8.149413787122253
2009-07-03,8.164871957392018
2009-07-06,8.180613153200687
2009-07-07,8.198598642248784
2009-07-08,8.217403964845385
2009-07-09,8.234250858971697
2009-07-10,8.250667829738495
2009-07-13,8.252114211303883
2009-07-14,8.495567391005524
2009-07-15,8.513403637467682
2009-07-16,8.531243523108943
2009-07-17,8.548527954397432
2009-07-20,8.569331181453892
2009-07-21,8.584835298256557
2009-07-22,8.600697758100186
2009-07-23,8.61737808733672
2009-07-24,8.634676910000428
2009-07-27,8.653866825485798
2009-07-28,8.671833193529096
2009-07-29,8.687502846907769
2009-07-30,8.706505352440868
2009-07-31,8.725252943062248
2009-08-03,8.742821779883416
2009-08-04,8.758336480061333
2009-08-05,8.775348226198693
2009-08-06,8.793235530566369
2009-08-07,8.80896667169155
2009-08-10,8.827733449339352
2009-08-11,8.84407797651192
2009-08-12,8.861249177376957
2009-08-13,8.877546713151387
2009-08-14,8.895547995440701
2009-08-17,8.912311151145103
2009-08-18,8.927785036477639
2009-08-19,8.943308357566089
2009-08-20,8.9591971319458
2009-08-21,8.974258307725746
2009-08-24,8.993000310657592
2009-08-25,8.508287340064076
2009-08-26,8.503650537030811
2009-08-27,8.796362498788142
2009-08-28,8.79679696666449
2009-09-01,8.79679696666449
2009-09-02,8.797479255737901
2009-09-03,9.060533991500408
2009-09-04,9.076780120476032
2009-09-07,9.095498753774937
2009-09-08,9.111844001832551
2009-09-09,9.128142414853038
2009-09-10,9.144902130622974
2009-09-11,9.162028398390158
2009-09-14,9.180396164918406
2009-09-15,9.196334197617468
2009-09-16,9.21144577672888
2009-09-17,9.227337277990468
2009-09-18,9.24410432775491
2009-09-21,9.26087266194017
2009-09-22,9.275985473180224
2009-09-23,9.291879787923229
2009-09-24,9.034834203125508
2009-09-25,9.03456000078713
2009-09-28,9.28777656993162
2009-09-29,9.287823621093082
2009-09-30,9.287042946818117
2009-10-01,9.289761889639106
2009-10-02,9.307774778950748
2009-10-05,9.324452679850282
2009-10-06,9.342470557528276
2009-10-07,9.358274919292535
2009-10-08,9.377543610524498
2009-10-09,9.392981741547198
2009-10-12,9.410962240680403
2009-10-13,9.428576027170484
2009-10-14,9.44364682529424
2009-10-15,9.46209674252441
2009-10-16,9.479252770410367
2009-10-19,9.495622574892726
2009-10-20,9.511529636132243
2009-10-21,9.527298745932056
2009-10-22,9.546130990206883
2009-10-23,9.563341164102305
2009-10-26,9.580506966457795
2009-10-27,9.599395058350456
2009-10-28,9.615773370379156
2009-10-29,9.631687577284234
2009-10-30,9.6483034297839
2009-11-02,9.665340377877891
2009-11-03,9.683821390271005
2009-11-04,9.699365423566094
2009-11-05,9.715329728583084
2009-11-06,9.731294491521671
2009-11-09,9.748941309211366
2009-11-10,9.764862153026048
2009-11-11,9.783774957801894
2009-11-12,9.800540133664924
2009-11-13,9.816463797573602
2009-11-16,9.835760958068802
2009-11-17,9.851264899297057
2009-11-18,9.867990182575175
2009-11-19,9.885228989427253
2009-11-20,9.904582520349566
2009-11-23,9.920134020889996
2009-11-24,9.935262837121478
2009-11-25,9.921280717689497
2009-11-26,9.9389004818935
2009-11-27,9.956143746229005
2009-11-30,9.971270959722144
2009-12-01,9.986777130490731
2009-12-02,10.002751788528274
2009-12-03,10.019017198252218
2009-12-04,10.034770903144656
2009-12-07,10.059191114985108
2009-12-08,10.075595513263853
2009-12-09,10.09072546890146
2009-12-10,10.107555927630372
2009-12-11,10.124387428350188
2009-12-14,9.818257614595522
2009-12-15,9.833744310302832
2009-12-16,9.849188485754354
2009-12-17,9.866999939075214
2009-12-18,9.884053352386148
2009-12-21,9.8999449656283
2009-12-22,9.916239461155396
2009-12-23,9.931327679759177
2009-12-24,9.947623519859366
2009-12-29,9.674369946887872
2009-12-30,9.674501543288391
2009-12-31,9.94539847954914
2010-01-04,9.947263570767726
2010-01-05,9.949005201567534
2010-01-06,9.96360501077494
2010-01-07,9.978692726793753
2010-01-08,9.994183433028018
2010-01-11,10.00963216352755
2010-01-12,10.025887525486558
2010-01-13,10.041337411470908
2010-01-14,10.059250513387468
2010-01-15,10.0743404092539
2010-01-18,10.09019583625064
2010-01-19,10.108433866443775
2010-01-20,10.123929344249088
2010-01-21,10.139020882761075
2010-01-22,10.154112584331084
2010-01-25,10.169204448295387
2010-01-26,10.185468332554668
2010-01-27,10.201245115234958
2010-01-28,10.215963420301
2010-01-29,10.215517043437217
2010-02-01,10.215475419797183
2010-02-02,10.21685628533904
2010-02-03,10.530231222339586
2010-02-04,10.54570943909852
2010-02-05,10.56381265888984
2010-02-08,10.578946919983691
2010-02-09,10.594426513284017
2010-02-10,10.611714347396992
2010-02-11,10.626849101238754
2010-02-12,10.644958157470963
2010-02-15,10.660524469439231
2010-02-16,10.67609093809148
2010-02-17,10.69165756280136
2010-02-18,10.70679298022756
2010-02-19,10.721928442006416
2010-02-22,10.737453272047125
2010-02-23,10.754315167183451
2010-02-24,10.769882692278562
2010-02-25,10.786230098973368
2010-02-26,10.806119207686022
2010-03-01,10.821213971207344
2010-03-02,10.83933623052348
2010-03-03,10.854905948801443
2010-03-04,10.870043084858333
2010-03-05,10.88518026006934
2010-03-08,10.90118310447967
2010-03-09,10.916753330320104
2010-03-10,10.931890725539024
2010-03-11,10.94733691380462
2010-03-12,10.962474589310638
2010-03-15,10.978437244105212
2010-03-16,10.993575118495206
2010-03-17,11.010012870800663
2010-03-18,11.025584304993597
2010-03-19,11.041155878014346
2010-03-22,11.057120108068345
2010-03-23,11.07225845378974
2010-03-24,11.087830493795368
2010-03-25,11.1029689429123
2010-03-26,11.118974982925357
2010-03-29,11.13411356723746
2010-03-30,11.150120014046
2010-03-31,11.165258732144396
2010-04-01,11.180397484250348
2010-04-06,11.195536270228386
2010-04-07,11.212411685647629
2010-04-08,11.228419239610565
2010-04-09,11.24399268856395
2010-04-12,11.260829435266553
2010-04-13,11.276363094121054
2010-04-14,11.292766431753051
2010-04-15,11.309170399382491
2010-04-16,11.327790725562654
2010-04-19,11.342930829260007
2010-04-20,11.358070962905355
2010-04-21,11.373606428618697
2010-04-22,11.389182078552876
2010-04-23,11.405033695978224
2010-04-26,11.406935566242655
2010-04-27,11.422511786792333
2010-04-28,11.437652389011742
2010-04-29,11.454100434631725
2010-04-30,11.470548996131797
2010-05-04,11.485650195328686
2010-05-05,11.502535600095264
2010-05-06,11.518549181289757
2010-05-07,11.536308837616142
2010-05-10,11.551410729396052
2010-05-11,11.566988764337092
2010-05-12,11.582130263424188
2010-05-13,11.597271788350728
2010-05-14,11.612413339016774
2010-05-17,11.628428422591236
2010-05-18,11.64357008009941
2010-05-19,11.65871176291228
2010-05-20,11.674290358996885
2010-05-21,11.689432119689052
2010-05-24,11.705447893627596
2010-05-25,11.72102683133265
2010-05-26,11.736605882073546
2010-05-27,11.7521850454349
2010-05-28,11.767327065404132
2010-06-01,11.78246910951305
2010-06-02,11.797611177669648
2010-06-03,11.812753269782409
2010-06-04,11.828332748603492
2010-06-07,11.843796724908756
2010-06-08,11.8589390884007
2010-06-09,11.87451898033574
2010-06-10,11.88966141630688
2010-06-11,11.90480387513139
2010-06-14,11.919946356723038
2010-06-15,11.935088860996018
2010-06-16,11.951544498143258
2010-06-17,11.966687125475596
2010-06-18,11.98314334100258
2010-06-21,11.998724037599164
2010-06-22,12.013866834023965
2010-06-23,12.029447684203047
2010-06-24,12.046705473184316
2010-06-25,12.064040307443054
2010-06-28,11.717862579571326
2010-06-29,11.717936096859464
2010-06-30,11.71943142454944
2010-07-01,11.721817900187617
2010-07-02,11.736514721649744
2010-07-05,11.752037452541664
2010-07-06,11.766734365822444
2010-07-07,11.781431301350985
2010-07-08,11.796128259044572
2010-07-09,11.810825238820875
2010-07-12,11.826761646255266
2010-07-13,11.841458739125374
2010-07-14,11.856569094984096
2010-07-15,11.871229932253945
2010-07-16,11.885890880636456
2010-07-19,11.901001509006996
2010-07-20,11.915698844064806
2010-07-21,11.9303962000733
2010-07-22,11.945093576955523
2010-07-23,11.959718863162015
2010-07-26,11.975171325630011
2010-07-27,11.989725105360362
2010-07-28,11.990750169946276
2010-07-29,11.990750169946276
2010-07-30,11.990750169946276
2010-08-02,11.990750169946276
2010-08-03,11.990750169946276
2010-08-04,11.990750169946276
2010-08-05,11.990750169946276
2010-08-06,11.990750169946276
2010-08-09,11.990750169946276
2010-08-10,11.990750169946276
2010-08-11,11.990750169946276
2010-08-12,11.990750169946276
2010-08-13,11.990750169946276
2010-08-16,11.990750169946276
2010-08-17,11.990750169946276
2010-08-18,11.990750169946276
2010-08-19,11.990750169946276
2010-08-20,11.990750169946276
2010-08-23,11.990750169946276
2010-08-24,11.990750169946276
2010-08-25,11.990750169946276
2010-08-26,11.990750169946276
2010-08-27,11.990750169946276
2010-08-31,12.359611651519952
2010-09-01,12.374532182018548
2010-09-02,12.389744978260438
2010-09-03,12.390627799393837
2010-09-06,12.39132596095993
2010-09-07,12.391399850838356
2010-09-08,12.785225494590438
2010-09-09,12.801270907629531
2010-09-10,12.817746627687397
2010-09-13,12.834653058835432
2010-09-14,12.851091878579444
2010-09-15,12.86694925491766
2010-09-16,12.86694925491766
2010-09-17,12.86694925491766
2010-09-20,12.86694925491766
2010-09-21,12.86694925491766
2010-09-22,12.86694925491766
2010-09-23,12.86694925491766
2010-09-24,12.86694925491766
2010-09-27,12.86694925491766
2010-09-28,12.86694925491766
2010-09-29,12.86694925491766
2010-09-30,12.86694925491766
2010-10-01,12.86694925491766
2010-10-04,12.86694925491766
2010-10-05,12.86694925491766
2010-10-06,12.86694925491766
2010-10-07,12.86694925491766
2010-10-08,12.86694925491766
2010-10-11,12.86694925491766
2010-10-12,12.86694925491766
2010-10-13,12.86694925491766
2010-10-14,12.86694925491766
2010-10-15,12.86694925491766
2010-10-18,12.86694925491766
2010-10-19,12.86694925491766
2010-10-20,12.86694925491766
2010-10-21,12.86694925491766
2010-10-22,12.86694925491766
2010-10-25,12.86694925491766
2010-10-26,12.86694925491766
2010-10-27,12.86694925491766
2010-10-28,12.86694925491766
2010-10-29,12.86694925491766
2010-11-01,12.86694925491766
2010-11-02,12.86694925491766
2010-11-03,12.86694925491766
2010-11-04,12.86694925491766
2010-11-05,12.86694925491766
2010-11-08,12.86694925491766
2010-11-09,12.86694925491766
2010-11-10,12.86694925491766
2010-11-11,12.86694925491766
2010-11-12,12.86694925491766
2010-11-15,12.86694925491766
2010-11-16,12.86694925491766
2010-11-17,12.86694925491766
2010-11-18,12.86694925491766
2010-11-19,12.86694925491766
2010-11-22,12.86694925491766
2010-11-23,12.86694925491766
2010-11-24,12.86694925491766
2010-11-25,12.86694925491766
2010-11-26,12.86694925491766
2010-11-29,12.86694925491766
2010-11-30,12.86694925491766
2010-12-01,12.86694925491766
2010-12-02,12.86694925491766
2010-12-03,12.86694925491766
2010-12-06,12.86694925491766
2010-12-07,12.86694925491766
2010-12-08,12.86694925491766
2010-12-09,12.86694925491766
2010-12-10,12.86694925491766
2010-12-13,12.86694925491766
2010-12-14,12.86694925491766
2010-12-15,12.86694925491766
2010-12-16,12.86694925491766
2010-12-17,12.86694925491766
2010-12-20,12.86694925491766
2010-12-21,12.86694925491766
2010-12-22,12.86694925491766
2010-12-23,12.86694925491766
2010-12-24,12.86694925491766
2010-12-29,12.470995968607284
2010-12-30,12.455963033582368
2010-12-31,12.440161001463236
2011-01-04,12.425497474104317
2011-01-05,12.411278065741788
2011-01-06,12.411462619749
2011-01-07,12.411462619749
2011-01-10,12.411462619749
2011-01-11,12.806031327854663
2011-01-12,12.82160722823398
2011-01-13,12.822227557993946
2011-01-14,12.811439313896464
2011-01-17,12.827521303301534
2011-01-18,12.8430966359886
2011-01-19,12.8430966359886
2011-01-20,12.8430966359886
2011-01-21,12.8430966359886
2011-01-24,12.8430966359886
2011-01-25,12.8430966359886
2011-01-26,12.8430966359886
2011-01-27,12.8430966359886
2011-01-28,12.8430966359886
2011-01-31,12.8430966359886
2011-02-01,12.8430966359886
2011-02-02,12.8430966359886
2011-02-03,12.8430966359886
2011-02-04,12.8430966359886
2011-02-07,12.8430966359886
2011-02-08,12.8430966359886
2011-02-09,12.8430966359886
2011-02-10,12.8430966359886
2011-02-11,12.8430966359886
2011-02-14,12.517303457606364
2011-02-15,12.49904531033624
2011-02-16,12.51290502215828
2011-02-17,12.498349274249232
2011-02-18,12.4827676592645
2011-02-21,12.467625837083274
2011-02-22,12.452484038374209
2011-02-23,12.437342263222693
2011-02-24,12.421321296091788
2011-02-25,12.404861102009722
2011-02-28,12.389756450845931
2011-03-01,12.373810135471407
2011-03-02,12.35834054061312
2011-03-03,12.339686217912227
2011-03-04,12.32465656850747
2011-03-07,12.307321325279146
2011-03-08,12.292180671397658
2011-03-09,12.275285267455764
2011-03-10,12.260219312031818
2011-03-11,12.24511624711922
2011-03-14,12.22909888020515
2011-03-15,12.213958644830193
2011-03-16,12.198380007746898
2011-03-17,12.182801480556092
2011-03-18,12.166897411507788
2011-03-21,12.148803360151678
2011-03-22,12.13265096592983
2011-03-23,12.117827395091664
2011-03-24,12.117827395091664
2011-03-25,12.117827395091664
2011-03-28,12.117827395091664
2011-03-29,12.117827395091664
2011-03-30,12.117827395091664
2011-03-31,12.117827395091664
2011-04-01,12.117827395091664
2011-04-04,12.117827395091664
2011-04-05,12.117827395091664
2011-04-06,12.117827395091664
2011-04-07,12.117827395091664
2011-04-08,11.754483573729702
2011-04-11,11.739790762707994
2011-04-12,11.725097984172404
2011-04-13,11.710103483481952
2011-04-14,12.054400949516864
2011-04-15,12.054400949516864
2011-04-18,12.054724973577896
2011-04-19,12.04023150214851
2011-04-20,12.056130101830703
2011-04-21,12.07126720963492
2011-04-26,12.07126720963492
2011-04-27,12.07126720963492
2011-04-28,12.07126720963492
2011-04-29,12.07126720963492
2011-05-03,12.07126720963492
2011-05-04,12.07126720963492
2011-05-05,12.07126720963492
2011-05-06,11.710095507297762
2011-05-09,11.695403486401435
2011-05-10,11.679101181834826
2011-05-11,11.66328496566798
2011-05-12,11.64713175582304
2011-05-13,11.633437821881635
2011-05-16,11.633437821881635
2011-05-17,11.633437821881635
2011-05-18,11.633437821881635
2011-05-19,11.633437821881635
2011-05-20,11.633437821881635
2011-05-23,11.633437821881635
2011-05-24,11.633437821881635
2011-05-25,11.633437821881635
2011-05-26,11.633437821881635
2011-05-27,11.633437821881635
2011-05-31,11.633437821881635
2011-06-01,11.633437821881635
2011-06-02,11.633437821881635
2011-06-03,11.633437821881635
2011-06-06,11.633437821881635
2011-06-07,11.633437821881635
2011-06-08,11.633437821881635
2011-06-09,11.633437821881635
2011-06-10,11.633437821881635
2011-06-13,11.633437821881635
2011-06-14,11.633437821881635
2011-06-15,11.633437821881635
2011-06-16,11.633437821881635
2011-06-17,11.633437821881635
2011-06-20,11.633437821881635
2011-06-21,11.633437821881635
2011-06-22,11.633437821881635
2011-06-23,11.633437821881635
2011-06-24,11.633437821881635
2011-06-27,11.633437821881635
2011-06-28,11.633437821881635
2011-06-29,11.633437821881635
2011-06-30,11.633511692605875
2011-07-01,11.633585563329536
2011-07-04,11.633622498691151
2011-07-05,11.63369636941396
2011-07-06,11.63369636941396
2011-07-07,11.63369636941396
2011-07-08,11.63369636941396
2011-07-11,11.63369636941396
2011-07-12,11.63369636941396
2011-07-13,11.63369636941396
2011-07-14,11.63369636941396
2011-07-15,11.63369636941396
2011-07-18,11.63369636941396
2011-07-19,11.63369636941396
2011-07-20,11.63369636941396
2011-07-21,11.63369636941396
2011-07-22,11.63369636941396
2011-07-25,11.63369636941396
2011-07-26,11.63369636941396
2011-07-27,11.63369636941396
2011-07-28,11.63369636941396
2011-07-29,11.63369636941396
2011-08-01,11.63369636941396
2011-08-02,11.991930654267454
2011-08-03,12.007027326636504
2011-08-04,12.021934496564043
2011-08-05,12.037468987219093
2011-08-08,12.052965859613089
2011-08-09,12.067950043478785
2011-08-10,12.067950043478785
2011-08-11,12.067950043478785
2011-08-12,12.067950043478785
2011-08-15,12.067950043478785
2011-08-16,12.067950043478785
2011-08-17,12.067950043478785
2011-08-18,12.067950043478785
2011-08-19,12.067950043478785
2011-08-22,12.067950043478785
2011-08-23,12.067950043478785
2011-08-24,12.067950043478785
2011-08-25,12.067950043478785
2011-08-26,12.067950043478785
2011-08-30,12.067950043478785
2011-08-31,12.067950043478785
2011-09-01,12.067950043478785
2011-09-02,12.067950043478785
2011-09-05,12.067950043478785
2011-09-06,12.067950043478785
2011-09-07,12.067950043478785
2011-09-08,12.067950043478785
2011-09-09,12.067950043478785
2011-09-12,12.067950043478785
2011-09-13,12.067950043478785
2011-09-14,12.067950043478785
2011-09-15,12.067950043478785
2011-09-16,12.067950043478785
2011-09-19,12.067950043478785
2011-09-20,12.067950043478785
2011-09-21,12.067950043478785
2011-09-22,12.067950043478785
2011-09-23,12.067950043478785
2011-09-26,12.067950043478785
2011-09-27,12.067950043478785
2011-09-28,12.067950043478785
2011-09-29,12.067950043478785
2011-09-30,12.067950043478785
2011-10-03,12.067950043478785
2011-10-04,12.067950043478785
2011-10-05,12.067950043478785
2011-10-06,12.067950043478785
2011-10-07,12.067950043478785
2011-10-10,12.067950043478785
2011-10-11,12.067950043478785
2011-10-12,12.067950043478785
2011-10-13,12.067950043478785
2011-10-14,12.067950043478785
2011-10-17,12.067950043478785
2011-10-18,12.067950043478785
2011-10-19,12.067950043478785
2011-10-20,12.067950043478785
2011-10-21,12.067950043478785
2011-10-24,12.067950043478785
2011-10-25,12.067950043478785
2011-10-26,12.067950043478785
2011-10-27,12.067950043478785
2011-10-28,12.067950043478785
2011-10-31,12.067950043478785
2011-11-01,12.067950043478785
2011-11-02,12.067950043478785
2011-11-03,12.067950043478785
2011-11-04,12.067950043478785
2011-11-07,12.067950043478785
2011-11-08,12.067950043478785
2011-11-09,12.067950043478785
2011-11-10,12.067950043478785
2011-11-11,12.067950043478785
2011-11-14,12.067950043478785
2011-11-15,12.067950043478785
2011-11-16,12.067950043478785
2011-11-17,12.067950043478785
2011-11-18,12.067950043478785
2011-11-21,12.067950043478785
2011-11-22,12.067950043478785
2011-11-23,12.067950043478785
2011-11-24,12.067950043478785
2011-11-25,12.067950043478785
2011-11-28,12.067950043478785
2011-11-29,12.067950043478785
2011-11-30,12.067950043478785
2011-12-01,12.067950043478785
2011-12-02,12.451354319489464
2011-12-05,12.467428426549464
2011-12-06,12.482920391156542
2011-12-07,12.498762055383708
2011-12-08,12.514254846011722
2011-12-09,12.529747964130127
2011-12-12,12.142353387998083
2011-12-13,12.15670144882012
2011-12-14,12.140515595838002
2011-12-15,12.125430834623108
2011-12-16,12.107875082027382
2011-12-19,12.092341269863365
2011-12-20,12.07720689814877
2011-12-21,12.062072569017095
2011-12-22,12.046501394720677
2011-12-23,12.03093034935953
2011-12-28,12.015796202091533
2011-12-29,12.000662098173713
2011-12-30,11.985528037768672
2012-01-03,11.96959677019621
2012-01-04,11.954462946847173
2012-01-05,11.93889259695784
2012-01-06,11.923797078479534
2012-01-09,11.90877817535711
2012-01-10,11.893644751095236
2012-01-11,11.878511372438414
2012-01-12,11.863378039559374
2012-01-13,11.848244752631812
2012-01-16,11.833111511830207
2012-01-17,11.817541992659464
2012-01-18,11.802408872283552
2012-01-19,11.782953567127112
2012-01-20,12.14198094826012
2012-01-23,12.139436300260495
2012-01-24,12.14198094826012
2012-01-25,12.140933432188367
2012-01-26,12.140469483809811
2012-01-27,12.145070782314848
2012-01-30,12.145070782314848
2012-01-31,12.146384137771278
2012-02-01,12.145760349013464
2012-02-02,12.151335357784427
2012-02-03,12.149516292684588
2012-02-06,12.147458666226868
2012-02-07,12.148812482270667
2012-02-08,12.147378952645736
2012-02-09,12.146834760188442
2012-02-10,12.131228211605826
2012-02-13,12.115621710035384
2012-02-14,12.100015255657144
2012-02-15,12.071038507476132
2012-02-16,12.054506711137716
2012-02-17,12.038598761418474
2012-02-20,12.022570877097657
2012-02-21,12.006966021298902
2012-02-22,11.990898258927627
2012-02-23,11.975877415179772
2012-02-24,11.960272871336237
2012-02-27,12.335543431208793
2012-02-28,12.32370696954518
2012-02-29,12.3227216645466
2012-03-01,12.3227216645466
2012-03-02,12.323214296551718
2012-03-05,12.323214296551718
2012-03-06,12.323790261850522
2012-03-07,12.323790261850522
2012-03-08,12.325268537203115
2012-03-09,12.34005705893897
2012-03-12,12.341535517260573
2012-03-13,12.341042656863785
2012-03-14,12.341042656863785
2012-03-15,12.341042656863785
2012-03-16,12.325476793941409
2012-03-19,12.325435142594062
2012-03-20,12.326420878390364
2012-03-21,12.326170949516614
2012-03-22,12.309855387022369
2012-03-23,12.293464157932734
2012-03-26,11.907908347682904
2012-03-27,11.907081447834654
2012-03-28,11.89147705570428
2012-03-29,11.87587271686388
2012-03-30,11.860268431520527
2012-04-02,11.842353694491123
2012-04-03,11.82586656331712
2012-04-04,11.810262721748831
2012-04-05,11.794658935225463
2012-04-10,11.778131675187018
2012-04-11,11.76160475429299
2012-04-12,11.745539701605686
2012-04-13,11.729515878982465
2012-04-16,11.71399487208067
2012-04-17,11.698391784403798
2012-04-18,11.682788754237247
2012-04-19,11.666304449663151
2012-04-20,11.65024043976586
2012-04-23,11.6342179836
2012-04-24,11.618615432437922
2012-04-25,11.618496309386964
2012-04-26,11.981348019978675
2012-04-27,11.98049320216174
2012-04-30,11.98049320216174
2012-05-01,11.98049320216174
2012-05-02,11.979958875261383
2012-05-03,11.980941989187526
2012-05-04,11.981925271217412
2012-05-08,11.9814764037906
2012-05-09,11.9814764037906
2012-05-10,11.9829515214835
2012-05-11,11.983935143508122
2012-05-14,11.983443311469284
2012-05-15,11.985410891996992
2012-05-16,11.984020751001855
2012-05-17,11.981733171409644
2012-05-18,11.981092275408871
2012-05-21,11.98350792262865
2012-05-22,11.983657321057398
2012-05-23,11.967551372022214
2012-05-24,11.95144548407834
2012-05-25,11.935339657468775
2012-05-29,11.918250626128255
2012-05-30,11.902144995857023
2012-05-31,12.286782286226243
2012-06-01,12.287262991428292
2012-06-06,12.28555382208072
2012-06-07,12.28375606001022
2012-06-08,12.28435150280314
2012-06-11,12.268143469079275
2012-06-12,12.67663266136794
2012-06-13,12.67541631644905
2012-06-14,12.676079021948334
2012-06-15,12.65946130421002
2012-06-18,12.643037224018924
2012-06-19,12.626613819643048
2012-06-20,12.608835030929823
2012-06-21,12.58880923376936
2012-06-22,12.571825364324106
2012-06-25,12.15610730469534
2012-06-26,12.138596311730389
2012-06-27,12.121955436467156
2012-06-28,12.105314630798782
2012-06-29,12.085136740296267
2012-07-02,12.06849653871104
2012-07-03,12.051856408797423
2012-07-04,12.031067930697372
2012-07-05,12.01442833235205
2012-07-06,11.996308216351078
2012-07-09,11.97809788958957
2012-07-10,11.961458886273142
2012-07-11,11.944819958418185
2012-07-12,11.927657618851368
2012-07-13,12.324568473532494
2012-07-16,12.32447374253938
2012-07-17,12.323818650233754
2012-07-18,12.323068897870776
2012-07-19,12.32297417583321
2012-07-20,12.32329765439064
2012-07-23,12.306084544848732
2012-07-24,12.288871512731744
2012-07-25,12.2694182829198
2012-07-26,12.252348435971152
2012-07-27,12.230337580143456
2012-07-30,12.210295616028857
2012-07-31,12.230884514284645
2012-08-01,12.213112618665292
2012-08-02,12.634942163261568
2012-08-03,12.634892718136138
2012-08-06,12.635443637598804
2012-08-07,12.63844635044589
2012-08-08,12.6388986843992
2012-08-09,12.639655085116674
2012-08-10,13.092794726028467
2012-08-13,13.088865876643547
2012-08-14,13.088168560603666
2012-08-15,13.086230891212956
2012-08-16,13.08493944250289
2012-08-17,13.042049500317914
2012-08-20,13.084888164412972
2012-08-21,13.086722856917662
2012-08-22,13.087809522047074
2012-08-23,13.068213148316262
2012-08-24,13.050215898084447
2012-08-28,13.031881471511394
2012-08-29,13.012747124901402
2012-08-30,12.993664678499227
2012-08-31,12.97388551879248
2012-09-03,13.457194577389489
2012-09-04,13.453018324072527
2012-09-05,13.453660483769868
2012-09-06,13.455641080802414
2012-09-07,13.479339501604963
2012-09-10,13.479875250076804
2012-09-11,13.457942667716653
2012-09-12,13.438796663005606
2012-09-13,13.958825605709231
2012-09-14,13.954418914640126
2012-09-17,13.95731908495861
2012-09-18,13.959467087752532
2012-09-19,13.960108641528745
2012-09-20,13.957680680663126
2012-09-21,13.937713080605482
2012-09-24,14.49944533845037
2012-09-25,14.499328612885952
2012-09-26,14.500087669547716
2012-09-27,14.50487741594212
2012-09-28,14.50306640200047
2012-10-01,14.502190704983072
2012-10-02,14.479754235352251
2012-10-03,14.458135820192728
2012-10-04,14.435700581894572
2012-10-05,14.412507984581335
2012-10-08,14.390074584877215
2012-10-09,14.36851704821855
2012-10-10,13.79848610559741
2012-10-11,13.77782166925992
2012-10-12,13.756461914525312
2012-10-15,13.73649417079108
2012-10-16,13.71652651823258
2012-10-17,14.26825799963335
2012-10-18,14.265809284183105
2012-10-19,14.267145334662452
2012-10-22,14.270990755794532
2012-10-23,14.270990755794532
2012-10-24,14.271807543004568
2012-10-25,14.269877665339395
2012-10-26,14.851086500606389
2012-10-29,14.856410076566624
2012-10-30,14.84943639312987
2012-10-31,14.836024429154833
2012-11-01,14.836724406660272
2012-11-02,14.835530719754388
2012-11-05,14.813581729848348
2012-11-06,14.789225596401227
2012-11-07,14.76398698044042
2012-11-08,14.740518099421822
2012-11-09,14.71705010182637
2012-11-12,14.692699941499669
2012-11-13,14.670179045780204
2012-11-14,14.623113153103898
2012-11-15,15.253312448138969
2012-11-16,15.250368888759304
2012-11-19,15.250303875542825
2012-11-20,15.250238862326128
2012-11-21,15.245313857154336
2012-11-22,15.24339673751077
2012-11-23,15.93672195198558
2012-11-26,15.93658588068627
2012-11-27,15.941704518979623
2012-11-28,15.940449128702532
2012-11-29,15.941500342638676
2012-11-30,15.941432283857967
2012-12-03,15.913468138114876
2012-12-04,15.88865770415495
2012-12-05,15.858599187456695
2012-12-06,15.833791084018646
2012-12-07,15.80374109553072
2012-12-10,15.780120406934122
2012-12-11,15.754267436702822
2012-12-12,15.730510356222494
2012-12-13,15.701587218844905
2012-12-14,16.451616781635366
2012-12-17,16.45154456245023
2012-12-18,15.698447911695666
2012-12-19,15.69621815219343
2012-12-20,15.698035032201366
2012-12-21,15.69462190896509
2012-12-24,16.442976743343145
2012-12-27,16.44412799976123
2012-12-28,16.445135036020538
2012-12-31,16.448518060740895
2013-01-02,16.439596137592957
2013-01-03,16.443048926071864
2013-01-04,16.418107157872985
2013-01-07,16.393310340792105
2013-01-08,16.363767350680803
2013-01-09,16.337676968503207
2013-01-10,16.310437793681476
2013-01-11,16.285498063537705
2013-01-14,16.258479367474486
2013-01-15,17.067684197382256
2013-01-16,17.063952831337463
2013-01-17,17.063876239742694
2013-01-18,17.065221962068826
2013-01-21,17.067837415747636
2013-01-22,17.07030042873693
2013-01-23,17.046515716072133
2013-01-24,17.019074312714483
2013-01-25,16.990364409201746
2013-01-28,16.222009680960095
2013-01-29,16.19706716853101
2013-01-30,16.172124823626746
2013-01-31,16.146179583632907
2013-02-01,16.11901225800635
2013-02-04,16.087178319488086
2013-02-05,16.062238268817637
2013-02-06,16.861308686486634
2013-02-07,16.856156846675777
2013-02-08,16.857192573526685
2013-02-11,16.863381741527768
2013-02-12,16.8606883977283
2013-02-13,16.861569712647334
2013-02-14,16.834050162123635
2013-02-15,17.723668742532634
2013-02-18,17.720848062946402
2013-02-19,17.717864610169766
2013-02-20,17.716291408443983
2013-02-21,17.72027503259707
2013-02-22,17.688078820151787
2013-02-25,17.657558301232704
2013-02-26,17.62281752793053
2013-02-27,17.589490500738005
2013-02-28,17.556251304414864
2013-03-01,17.520128465056263
2013-03-04,17.489624968962133
2013-03-05,17.456320113454062
2013-03-06,17.425821892049253
2013-03-07,18.39447302476396
2013-03-08,18.392907630668027
2013-03-11,18.389865105134607
2013-03-12,18.39134251022461
2013-03-13,18.395951220238643
2013-03-14,18.36028371475352
2013-03-15,18.3268724725766
2013-03-18,18.295287300235863
2013-03-19,18.268829508460307
2013-03-20,18.23950889130805
2013-03-21,18.2086258669471
2013-03-22,18.176358650900703
2013-03-25,18.14079597880351
2013-03-26,18.11147843424663
2013-03-27,18.08069007817695
2013-03-28,19.14601443008957
2013-04-02,19.14075318872314
2013-04-03,19.138906076862582
2013-04-04,19.14213043937273
2013-04-05,19.149053188179607
2013-04-08,19.15033778114078
2013-04-09,19.11919315480526
2013-04-10,19.086294442356927
2013-04-11,19.048137598098897
2013-04-12,20.23997778733632
2013-04-15,20.23997778733632
2013-04-16,20.249907448253143
2013-04-17,20.247920717462147
2013-04-18,20.25189457858889
2013-04-19,20.25189457858889
2013-04-22,20.21639376209496
2013-04-23,20.177225348609063
2013-04-24,20.13816395780461
2013-04-25,21.43648509115397
2013-04-26,21.44088687363256
2013-04-29,21.44099454736337
2013-04-30,21.41825154451421
2013-05-01,21.424897160273566
2013-05-02,21.423606048094747
2013-05-03,21.38129382276404
2013-05-07,21.336957090080503
2013-05-08,21.301400639102667
2013-05-09,21.256970576439723
2013-05-10,21.210527024351368
2013-05-13,21.170495053048512
2013-05-14,21.132706481614225
2013-05-15,21.09279025263542
2013-05-16,21.050642268109545
2013-05-17,21.0085021939244
2013-05-20,20.95733593707885
2013-05-21,20.915110172356123
2013-05-22,20.868549497928434
2013-05-23,20.79969577131737
2013-05-24,20.755305113217343
2013-05-28,20.719782023257025
2013-05-29,22.185299780944067
2013-05-30,22.17268817633817
2013-05-31,22.18020639535876
2013-06-03,22.1922394222014
2013-06-04,22.197456141608026
2013-06-05,22.19247439676172
2013-06-06,22.199301484222847
2013-06-07,22.12068962930177
2013-06-10,22.077735820296336
2013-06-11,22.08293235789386
2013-06-12,22.03490627414836
2013-06-13,21.99414732115329
2013-06-14,21.9533909353924
2013-06-17,21.9101039965552
2013-06-18,21.8518841299972
2013-06-19,21.793476857305308
2013-06-20,21.7377542369146
2013-06-21,21.681952283199777
2013-06-24,21.64136439972048
2013-06-25,21.600660661545632
2013-06-26,21.5624686128499
2013-06-27,21.51436710215598
2013-06-28,21.47128909708814
2013-07-01,21.43060056245165
2013-07-02,21.38241209689444
2013-07-03,21.326751370245503
2013-07-04,21.2885769854128
2013-07-05,19.86029646729565
2013-07-08,19.82265671274323
2013-07-09,19.78718836273768
2013-07-10,19.73871748408182
2013-07-11,19.69687349279088
2013-07-12,19.65071603602915
2013-07-15,19.61094001394826
2013-07-16,19.60718732333861
2013-07-17,19.60105345265
2013-07-18,19.59889687331356
2013-07-19,19.59889687331356
2013-07-22,19.59889687331356
2013-07-23,18.365695830111925
2013-07-24,18.323342006342354
2013-07-25,18.279116059807016
2013-07-26,18.23523057563177
2013-07-29,18.19587783680653
2013-07-30,18.093505535308232
2013-07-31,18.058569806940103
2013-08-01,18.023636391526377
2013-08-02,17.98684025530958
2013-08-05,17.946322508797596
2013-08-06,17.903955968375975
2013-08-07,17.85810513197287
2013-08-08,17.819700178282268
2013-08-09,17.784796745456063
2013-08-12,17.746082691017843
2013-08-13,17.707053675133793
2013-08-14,17.6659675438423
2013-08-15,17.674675953818728
2013-08-16,17.68175718700329
2013-08-19,17.68535397983356
2013-08-20,16.717451643735043
2013-08-21,16.686439435241496
2013-08-22,16.653784681535743
2013-08-23,16.608004005377293
2013-08-27,16.57372124630675
2013-08-28,16.53790741544277
2013-08-29,15.637390359041904
2013-08-30,15.60526605510153
2013-09-02,15.576263218567648
2013-09-03,15.545702835080382
2013-09-04,15.515047326618404
2013-09-05,15.47709612100668
2013-09-06,15.443824749961406
2013-09-09,15.404541939485323
2013-09-10,15.37128867173774
2013-09-11,15.337748540277088
2013-09-12,15.305665802970708
2013-09-13,15.2721362949432
2013-09-16,15.23581360535024
2013-09-17,15.199405127675934
2013-09-18,15.163107537099703
2013-09-19,15.128166991511652
2013-09-20,15.09900383898378
2013-09-23,15.057070909013389
2013-09-24,15.026474833992726
2013-09-25,14.995880824026791
2013-09-26,14.95964078919351
2013-09-27,14.929054110358784
2013-09-30,14.892832278763471
2013-10-01,14.853760501950878
2013-10-02,14.81746870366732
2013-10-03,14.782617273353738
2013-10-04,14.749201379593538
2013-10-07,14.715892110755217
2013-10-08,14.676796976349108
2013-10-09,14.642085413208283
2013-10-10,15.454799390751033
2013-10-11,15.453317057363908
2013-10-14,16.300198642992772
2013-10-15,17.35189290685285
2013-10-16,17.35595833424446
2013-10-17,17.358112385426324
2013-10-18,17.304691193145402
2013-10-21,17.25739820754732
2013-10-22,17.220245670662067
2013-10-23,17.14665722465863
2013-10-24,17.103381607656697
2013-10-25,17.06413868036322
2013-10-28,17.0228961761329
2013-10-29,16.987679255441474
2013-10-30,16.942446891379177
2013-10-31,16.901235901603922
2013-11-01,16.864032320285226
2013-11-04,16.81498087082447
2013-11-05,16.77181735608814
2013-11-06,16.72270710050027
2013-11-07,16.679830817276784
2013-11-08,17.78879391043003
2013-11-11,17.786528880512662
2013-11-12,17.797597840736085
2013-11-13,17.808943605402284
2013-11-14,17.820304251810757
2013-11-15,17.80907475300624
2013-11-18,17.755508942293815
2013-11-19,17.70638014846892
2013-11-20,17.666444900783382
2013-11-21,17.621868567468344
2013-11-22,17.577570406158664
2013-11-25,17.533023044999908
2013-11-26,17.488490081337442
2013-11-27,17.437238691988156
2013-11-28,16.337076655611753
2013-11-29,16.286451807039068
2013-12-02,16.24543107501972
2013-12-03,16.208342787795893
2013-12-04,16.158056025126008
2013-12-05,16.119033485381593
2013-12-06,16.080018870417252
2013-12-09,16.04503865585117
2013-12-10,16.007985558154893
2013-12-11,15.955368262753067
2013-12-12,15.90875484067664
2013-12-13,15.858553645085534
2013-12-16,15.808150359339304
2013-12-17,15.761649048903896
2013-12-18,15.7115882238885
2013-12-19,15.66707771170598
2013-12-20,15.62821243057734
2013-12-23,15.553704179553408
2013-12-24,15.49436910297857
2013-12-27,15.417769481976812
2013-12-30,15.369625859457512
2013-12-31,15.327284744914548
2014-01-02,15.285089850006912
2014-01-03,15.244660965326736
2014-01-06,15.193156049544402
2014-01-07,14.368543810150172
2014-01-08,14.323590813237232
2014-01-09,14.277844234705867
2014-01-10,14.240374311674907
2014-01-13,14.206088367521073
2014-01-14,14.17345244079295
2014-01-15,14.127796299355456
2014-01-16,14.091893366897912
2014-01-17,14.049571052070034
2014-01-20,14.002501252856405
2014-01-21,13.96187520239864
2014-01-22,13.911402582070734
2014-01-23,13.862862547345063
2014-01-24,13.818985317477566
2014-01-27,13.770676298301442
2014-01-28,13.73491907116129
2014-01-29,13.69595832536418
2014-01-30,13.661947638274832
2014-01-31,13.624615876013696
2014-02-03,13.585697156270944
2014-02-04,13.545321658390314
2014-02-05,13.49896612417476
2014-02-06,12.776672420027705
2014-02-07,12.74660251561084
2014-02-10,12.713338729303633
2014-02-11,12.658667376056796
2014-02-12,12.619781818293816
2014-02-13,13.316329218024396
2014-02-14,13.323501711674918
2014-02-17,13.327986538888592
2014-02-18,13.343217579958006
2014-02-19,13.30011875044439
2014-02-20,13.246617379356913
2014-02-21,13.208756076466637
2014-02-24,13.208756076466637
2014-02-25,12.485698197765856
2014-02-26,12.441276750798576
2014-02-27,12.395745677553496
2014-02-28,12.352833618358437
2014-03-03,12.308459237582552
2014-03-04,12.272703838151791
2014-03-05,12.23720130778238
2014-03-06,12.190531727573068
2014-03-07,12.148068886764957
2014-03-10,12.111390233500876
2014-03-11,12.111390233500876
2014-03-12,12.111390233500876
2014-03-13,12.111390233500876
2014-03-14,11.480152084741452
2014-03-17,11.449033516751514
2014-03-18,11.420389059399737
2014-03-19,11.389282605414907
2014-03-20,11.349575169492116
2014-03-21,11.320949129202754
2014-03-24,11.292553342341828
2014-03-25,11.252909154119475
2014-03-26,11.221855507413984
2014-03-27,11.18627075016378
2014-03-28,11.151585407569137
2014-03-31,11.119693262374602
2014-04-01,11.08637024464639
2014-04-02,10.566387121130644
2014-04-03,10.528543391013876
2014-04-04,10.48756410298576
2014-04-07,10.459439547723733
2014-04-08,10.430226223771816
2014-04-09,10.390110603770434
2014-04-10,10.358858323461812
2014-04-11,10.326423238487385
2014-04-14,10.297479584011738
2014-04-15,10.251018694127168
2014-04-16,10.22081168621866
2014-04-17,10.187386673450906
2014-04-22,10.149691474847806
2014-04-23,10.113331981621458
2014-04-24,10.076899507275565
2014-04-25,10.04487306255692
2014-04-28,10.005209996917335
2014-04-29,9.970894076351843
2014-04-30,9.937996786714114
2014-05-01,9.907119169467268
2014-05-02,9.877084968666994
2014-05-06,9.846123137478612
2014-05-07,9.785075429233972
2014-05-08,9.750148808861113
2014-05-09,9.712034096581304
2014-05-12,9.682240410385402
2014-05-13,9.652345872032418
2014-05-14,9.6224629099783
2014-05-15,9.592591582596071
2014-05-16,9.55759461760486
2014-05-19,9.520583789920623
2014-05-20,9.481805635714409
2014-05-21,9.450998060687606
2014-05-22,9.42336949748653
2014-05-23,9.386615592957371
2014-05-27,9.350804909189876
2014-05-28,8.93750038626238
2014-05-29,8.904768534262576
2014-05-30,8.877581089121982
2014-06-02,8.850401882534184
2014-06-03,8.818648166119772
2014-06-04,8.782354099975683
2014-06-05,8.7527058749838
2014-06-06,8.375326112776193
2014-06-09,8.330565016612413
2014-06-10,8.306497467025215
2014-06-11,8.28243383166036
2014-06-12,8.247644760086361
2014-06-13,7.910752161122203
2014-06-16,7.882156218599384
2014-06-17,7.856297718722415
2014-06-18,7.826137604032383
2014-06-19,7.794203031319479
2014-06-20,7.764013011941593
2014-06-23,7.740368613148736
2014-06-24,7.717475972593942
2014-06-25,7.691709672618933
2014-06-26,7.667339995606024
2014-06-27,7.640007726017448
2014-06-30,7.613434658720965
2014-07-01,7.588459909104803
2014-07-02,7.559805958333641
2014-07-03,7.534330910678457
2014-07-04,7.507086377052625
2014-07-07,7.482164848811112
2014-07-08,7.456522016971285
2014-07-09,7.43162316343494
2014-07-10,7.404547411384155
2014-07-11,7.115002800920961
2014-07-14,7.085806754622651
2014-07-15,7.060297660834438
2014-07-16,7.033935254195287
2014-07-17,7.007594017373036
2014-07-18,6.978821901037048
2014-07-21,6.948456692651943
2014-07-22,6.922753644871751
2014-07-23,6.8970686450925935
2014-07-24,6.871504673913242
2014-07-25,6.866768380600575
2014-07-28,6.614388554252407
2014-07-29,6.584571236482228
2014-07-30,6.563167801356266
2014-07-31,6.534724721995347
2014-08-01,6.507927594435513
2014-08-04,6.485558424168413
2014-08-05,6.46429784736635
2014-08-06,6.442344711725649
2014-08-07,6.418708120936495
2014-08-08,6.393006452499265
2014-08-11,6.370492773388729
2014-08-12,6.586432854802766
2014-08-13,6.588370630302142
2014-08-14,6.591926653279783
2014-08-15,6.565097448541069
2014-08-18,6.536374190475976
2014-08-19,6.510225784462177
2014-08-20,6.483678256257488
2014-08-21,6.454530312179042
2014-08-22,6.428672188271427
2014-08-26,6.405663331404209
2014-08-27,6.379739772096168
2014-08-28,6.352592300374771
2014-08-29,6.328904480024787
2014-09-01,6.299329823959549
2014-09-02,6.271039106956393
2014-09-03,6.245972417888131
2014-09-04,6.223277205763733
2014-09-05,6.1988589796961575
2014-09-08,6.175682441505907
2014-09-09,6.150579243506345
2014-09-10,6.123279113696504
2014-09-11,6.094414305381479
2014-09-12,6.064781651041655
2014-09-15,6.037115234332983
2014-09-16,6.006881210075774
2014-09-17,5.978008103653626
2014-09-18,5.953231462859628
2014-09-19,5.928477076678408
2014-09-22,5.897737594668574
2014-09-23,5.8711732329318105
2014-09-24,5.846983740451056
2014-09-25,5.825150781633546
2014-09-26,5.802379338071239
2014-09-29,5.779984703732528
2014-09-30,5.752348168961961
2014-10-01,5.7185523511131615
2014-10-02,5.695189341861271
2014-10-03,5.671159939046302
2014-10-06,5.649437720114522
2014-10-07,5.627154131977911
2014-10-08,5.592380037524434
2014-10-09,5.5695809735803605
2014-10-10,5.543976816660527
2014-10-13,5.522901283399269
2014-10-14,5.497904726525466
2014-10-15,5.475172851053244
2014-10-16,5.450448955412391
2014-10-17,5.421753198823506
2014-10-20,5.3965461968283535
2014-10-21,5.368617927414626
2014-10-22,5.3440348801239965
2014-10-23,5.317294720218031
2014-10-24,5.283651505578501
2014-10-27,5.255840588337482
2014-10-28,5.232501309011096
2014-10-29,5.202753294739367
2014-10-30,5.175100382375118
2014-10-31,5.168645219602199
2014-11-03,5.144664013055186
2014-11-04,5.123349778185007
2014-11-05,5.100465800188959
2014-11-06,5.077830378131481
2014-11-07,5.057312799165983
2014-11-10,5.025724957125321
2014-11-11,5.005020527491278
2014-11-12,4.983807335722089
2014-11-13,4.957266605584136
2014-11-14,4.932720149311791
2014-11-17,4.910656690647
2014-11-18,4.889634910040173
2014-11-19,4.86199895267169
2014-11-20,4.836179316754514
2014-11-21,4.811689804084508
2014-11-24,4.787084043065582
2014-11-25,4.758285364367146
2014-11-26,4.727583429548753
2014-11-27,4.702181478296943
2014-11-28,4.677058909322307
2014-12-01,4.654685823515953
2014-12-02,4.631964416582616
2014-12-03,4.608664731162
2014-12-04,4.580552184105163
2014-12-05,4.55732966017789
2014-12-08,4.5289814777674655
2014-12-09,4.505003591036466
2014-12-10,4.4833205758249735
2014-12-11,4.4616580538085735
2014-12-12,4.429769856094495
2014-12-15,4.4049051899704805
2014-12-16,4.382882275264891
2014-12-17,4.359490660035486
2014-12-18,4.385253481168906
2014-12-19,4.351403766890891
2014-12-22,4.325420637880669
2014-12-23,4.30407999142889
2014-12-24,4.282184375323356
2014-12-29,4.252135768564758
2014-12-30,4.231674956721445
2014-12-31,4.210900787059651
2015-01-02,4.209758113017199
2015-01-05,4.075906479443051
2015-01-06,4.050306917367847
2015-01-07,4.029675279031525
2015-01-08,4.0081171973212015
2015-01-09,3.886952952622593
2015-01-12,3.857923066541254
2015-01-13,3.832770584529104
2015-01-14,3.805361544143729
2015-01-15,3.783808826400613
2015-01-16,3.763202543102421
2015-01-19,3.742972386355228
2015-01-20,3.719274380153447
2015-01-21,3.692518095362751
2015-01-22,3.673302518501013
2015-01-23,3.653738955672589
2015-01-26,3.6307537876568095
2015-01-27,3.608312237269905
2015-01-28,3.58678499471306
2015-01-29,3.5633685451899204
2015-01-30,3.5433817291729626
2015-02-02,3.5236675473796093
2015-02-03,3.5051703451155087
2015-02-04,3.4850359476246457
2015-02-05,3.4629316400487924
2015-02-06,3.4414706523147007
2015-02-09,3.344596609638817
2015-02-10,3.322230736103813
2015-02-11,3.3007032569342494
2015-02-12,3.281074064780845
2015-02-13,3.3566929817617543
2015-02-16,3.359987048181902
2015-02-17,3.3615098419944247
2015-02-18,3.340712563598636
2015-02-19,3.318478820212993
2015-02-20,3.2955336680084244
2015-02-23,3.2713946721981446
2015-02-24,3.249039686987127
2015-02-25,3.2272973925756343
2015-02-26,3.2062754269866334
2015-02-27,3.1831350021631137
2015-03-02,3.156067487456343
2015-03-03,3.1373100706072834
2015-03-04,3.118144257187411
2015-03-05,3.0375871228031106
2015-03-06,3.0189849379386
2015-03-09,3.020459230358541
2015-03-10,2.9950652608198376
2015-03-11,2.977628116616416
2015-03-12,2.959915594209672
2015-03-13,2.93684274153526
2015-03-16,2.915161817618038
2015-03-17,2.8969880498591167
2015-03-18,2.877466744325707
2015-03-19,2.859030422858894
2015-03-20,2.8403463932478505
2015-03-23,2.817677320923776
2015-03-24,2.793707619321938
2015-03-25,2.771300797276669
2015-03-26,2.748200578680106
2015-03-27,2.7293193663054973
2015-03-30,2.71239424320881
2015-03-31,2.7719163352818432
2015-04-01,2.7687212682081723
2015-04-02,2.8414555933273293
2015-04-07,2.821384255959969
2015-04-08,2.8255885590114587
2015-04-09,2.8262092417802265
2015-04-10,2.826434808508077
2015-04-13,2.828035615988552
2015-04-14,2.830356941934609
2015-04-15,2.830140260449882
2015-04-16,2.8338864577813343
2015-04-17,2.834343538784782
2015-04-20,2.8342111639845253
2015-04-21,2.835957400685207
2015-04-22,2.837838944573955
2015-04-23,2.846242460030163
2015-04-24,2.843949495770362
2015-04-27,2.846109451923505
2015-04-28,2.843170389528438
2015-04-29,2.8430375708082334
2015-04-30,2.845477740449524
2015-05-01,2.8472407876161148
2015-05-05,2.847690174320668
2015-05-06,2.8424075660132067
2015-05-07,2.844082400971534
2015-05-08,2.8464923207839403
2015-05-11,2.82688608519379
2015-05-12,2.8057225061651665
2015-05-13,2.7875004862810786
2015-05-14,2.7689994941337592
2015-05-15,2.750666720927365
2015-05-18,2.729313791539498
2015-05-19,2.7090788587083883
2015-05-20,2.688604747789788
2015-05-21,2.66684084437247
2015-05-22,2.6468941017025447
2015-05-26,2.625595704674305
2015-05-27,2.605256823794564
2015-05-28,2.584853714853805
2015-05-29,2.6406931532880416
2015-06-01,2.637936791630673
2015-06-02,2.6393140287394483
2015-06-03,2.641745553122841
2015-06-04,2.6376572627833896
2015-06-05,2.6405531991568227
2015-06-08,2.6167791966017595
2015-06-09,2.59657072908305
2015-06-10,2.577284762455469
2015-06-11,2.557497398698419
2015-06-12,2.5386474333521813
2015-06-15,2.519406204523565
2015-06-16,2.4970531147636983
2015-06-17,2.476950247761916
2015-06-18,2.4945107270636475
2015-06-19,2.475109826842373
2015-06-22,2.4526641912384206
2015-06-23,2.501073997081496
2015-06-24,2.503594882946235
2015-06-25,2.5058305803624674
2015-06-26,2.5083822310240182
2015-06-29,2.511840312923278
2015-06-30,2.491684667579564
2015-07-01,2.4701228516186893
2015-07-02,2.4512811271994988
2015-07-03,2.429299885872597
2015-07-06,2.407283234054894
2015-07-07,2.380872434589038
2015-07-08,2.3612187718821285
2015-07-09,2.342875688849402
2015-07-10,2.3245801703039235
2015-07-13,2.3043121340167523
2015-07-14,2.2834426608140426
2015-07-15,2.2642554428424804
2015-07-16,2.245667077140668
2015-07-17,2.2276657344473136
2015-07-20,2.2063001494687207
2015-07-21,2.187902734996816
2015-07-22,2.1677590489788305
2015-07-23,2.148518683175152
2015-07-24,2.129714861651199
2015-07-27,2.112139482584786
2015-07-28,2.0947741306052627
2015-07-29,2.0740475874023643
2015-07-30,2.056118031020454
2015-07-31,2.0066975130248688
2015-08-03,2.0045630584340217
2015-08-04,1.9881060844120564
2015-08-05,1.970629683332284
2015-08-06,1.951478614325017
2015-08-07,1.9330236957753288
2015-08-10,1.91680420983348
2015-08-11,1.8999723635480064
2015-08-12,1.8814989900966983
2015-08-13,1.8336424150224648
2015-08-14,1.816455036450228
2015-08-17,1.796726782043456
2015-08-18,1.7811009901668309
2015-08-19,1.7657307878146438
2015-08-20,1.749276521671864
2015-08-21,1.7327647559023038
2015-08-24,1.7150684250412394
2015-08-25,1.7002255037506622
2015-08-26,1.6850473435943023
2015-08-27,1.669509969638426
2015-08-28,1.6540346872666247
2015-09-01,1.6390287443283096
2015-09-02,1.6225076779093297
2015-09-03,1.604670137667802
2015-09-04,1.5898775541270187
2015-09-07,1.5751384575026774
2015-09-08,1.5590350769278654
2015-09-09,1.5423130035210968
2015-09-10,1.5266981311049457
2015-09-11,1.5116524343327964
2015-09-14,1.4957358670608385
2015-09-15,1.4609874708997306
2015-09-16,1.4436332746609153
2015-09-17,1.4295150086629316
2015-09-18,1.415167398413061
2015-09-21,1.4010311043567802
2015-09-22,1.38696816575502
2015-09-23,1.3731340664988594
2015-09-24,1.3574903749162388
2015-09-25,1.3435192454761868
2015-09-28,1.329908830839318
2015-09-29,1.316831145559728
2015-09-30,1.3019576195294449
2015-10-01,1.2880164868403277
2015-10-02,1.2742106769301245
2015-10-05,1.2601499135409735
2015-10-06,1.2443860063754626
2015-10-07,1.239372382663025
2015-10-08,1.2236328935663647
2015-10-09,1.207987021545594
2015-10-12,1.195310693919349
2015-10-13,1.1829994705693994
2015-10-14,1.1706280076198778
2015-10-15,1.1562969189266594
2015-10-16,1.1438717077952762
2015-10-19,1.1308340424523264
2015-10-20,1.1181582618917167
2015-10-21,1.1038823750246956
2015-10-22,1.0920242115907794
2015-10-23,1.079973106594314
2015-10-26,1.0665955479853122
2015-10-27,1.0547430623749503
2015-10-28,1.0427145576219363
2015-10-29,1.0306336758035255
2015-10-30,1.0158550031768905
2015-11-02,1.0037546913896491
2015-11-03,1.004087488769465
2015-11-04,0.9927429199392374
2015-11-05,0.9813128188113358
2015-11-06,0.968457323511705
2015-11-09,0.9579287702716912
2015-11-10,0.9460881886834576
2015-11-11,0.9349307742503756
2015-11-12,0.9243988796669094
2015-11-13,0.9049358997038424
2015-11-16,0.8952293638225571
2015-11-17,0.8846623245197925
2015-11-18,0.8750408981927987
2015-11-19,0.864757970551561
2015-11-20,0.8543366039747643
2015-11-23,0.843588515090813
2015-11-24,0.8345269280261242
2015-11-25,0.8232332531516966
2015-11-26,0.8131843098486963
2015-11-27,0.8035318416042785
2015-11-30,0.7933993974826984
2015-12-01,0.784275218443075
2015-12-02,0.7745324166210533
2015-12-03,0.7641865734791504
2015-12-04,0.7551893637327289
2015-12-07,0.7461452483060091
2015-12-08,0.7370531067850726
2015-12-09,0.728343479512488
2015-12-10,0.7198780035122991
2015-12-11,0.7119709367977181
2015-12-14,0.7028505399347655
2015-12-15,0.6938593981915124
2015-12-16,0.6861837556005695
2015-12-17,0.6792053573517519
2015-12-18,0.6715522174328329
2015-12-21,0.661140146338722
2015-12-22,0.6542279615885755
2015-12-23,0.6469165663041487
2015-12-24,0.6393546246704745
2015-12-29,0.6319863059834732
2015-12-30,0.6242491332390305
2015-12-31,0.6171714881649053
2016-01-04,0.6105823517103884
2016-01-05,0.6037259532767673
2016-01-06,0.5999573914255495
2016-01-07,0.5935096093817196
2016-01-08,0.5878569027213202
2016-01-11,0.5822365115656054
2016-01-12,0.577186527972103
2016-01-13,0.5730574365265734
2016-01-14,0.5669139550124865
2016-01-15,0.5616363000707592
2016-01-18,0.5563147701539787
2016-01-19,0.5510173940048477
2016-01-20,0.5461351257788606
2016-01-21,0.5413268117546626
2016-01-22,0.5366734192412171
2016-01-25,0.5324012184951216
2016-01-26,0.5283465793884076
2016-01-27,0.524369894641182
2016-01-28,0.5201228181844773
2016-01-29,0.5220000266694382
2016-02-01,0.5220553790692154
2016-02-02,0.5191227711530312
2016-02-03,0.5186349163666261
2016-02-04,0.5163778440274474
2016-02-05,0.5150115017395547
2016-02-08,0.5134825901930965
2016-02-09,0.513607176453176
2016-02-10,0.5146050518389664
2016-02-11,0.5132345059661697
2016-02-12,0.5132345059661697
2016-02-15,0.5134006953822307
2016-02-16,0.5127788477435171
2016-02-17,0.5126550527484165
2016-02-18,0.5134425943912081
2016-02-19,0.5131525840217417
2016-02-22,0.5134017870274635
2016-02-23,0.517396665342442
2016-02-24,0.5156995160568196
2016-02-25,0.5157819803320571
2016-02-26,0.5163192671229896
2016-02-29,0.5157407417022416
2016-03-01,0.5158623641735384
2016-03-02,0.5150030512144753
2016-03-03,0.513857429753453
2016-03-04,0.5147184110415622
2016-03-07,0.5154541209837274
2016-03-08,0.5150441464670078
2016-03-09,0.5143902984454296
2016-03-10,0.5142268201130487
2016-03-11,0.513980384199095
2016-03-14,0.5135699780842473
2016-03-15,0.5140216927786515
2016-03-16,0.5136514541545467
2016-03-17,0.5129103651277506
2016-03-18,0.5135273766220634
2016-03-21,0.5139396261090978
2016-03-22,0.5141048920259723
2016-03-23,0.5134435931892923
2016-03-24,0.5137329765484537
2016-03-29,0.5145981122522395
2016-03-30,0.5129146584685825
2016-03-31,0.5130789804997516
2016-04-01,0.5129146584685825
2016-04-04,0.5148066269680998
2016-04-05,0.5138160840407765
2016-04-06,0.5143104149036151
2016-04-07,0.5143521896855597
2016-04-08,0.5144348774067468
2016-04-11,0.5146004102550121
2016-04-12,0.5154295552237459
2016-04-13,0.5153415785462686
2016-04-14,0.5157093411429209
2016-04-15,0.5162543958474431
2016-04-18,0.5166660729430783
2016-04-19,0.5177725980993794
2016-04-20,0.5167248308138225
2016-04-21,0.5165592996353642
2016-04-22,0.5168427193126232
2016-04-25,0.5170841842496607
2016-04-26,0.5165592996353642
2016-04-27,0.5170496684104287
2016-04-28,0.5163009751181258
2016-04-29,0.5169535964259921
2016-05-03,0.5170876370628231
2016-05-04,0.5170910973685083
2016-05-05,0.5173776870005478
2016-05-06,0.5176642872971363
2016-05-09,0.5180847668537948
2016-05-10,0.5191449128807909
2016-05-11,0.5157014725362058
2016-05-12,0.5125841337856779
2016-05-13,0.5139807425737004
2016-05-16,0.5138571618092511
2016-05-17,0.5140219622305195
2016-05-18,0.5145575643487483
2016-05-19,0.5144743502572574
2016-05-20,0.5160389876750042
2016-05-23,0.5155813929357637
2016-05-24,0.515292503340465
2016-05-25,0.5147586149944745
2016-05-26,0.516156167491398
2016-05-27,0.5153733744655097
2016-05-31,0.5161925881549624
2016-06-01,0.5159014238960479
2016-06-02,0.5154901307542792
2016-06-03,0.5150404301106913
2016-06-06,0.5154080269986104
2016-06-07,0.5149164841709345
2016-06-08,0.514753046626687
2016-06-09,0.5152015844546955
2016-06-10,0.5151197495754886
2016-06-13,0.5154849812552377
2016-06-14,0.5153213591858944
2016-06-15,0.515157941581072
2016-06-16,0.5154884105446229
2016-06-17,0.5166360957593062
2016-06-20,0.515732778656227
2016-06-21,0.516262434173294
2016-06-22,0.5162649910902761
2016-06-23,0.516262434173294
2016-06-24,0.516218803305691
2016-06-27,0.5156431601131458
2016-06-28,0.5156488082041719
2016-06-29,0.5155704765034211
2016-06-30,0.5154473968593788
2016-07-01,0.5148327231812353
2016-07-04,0.5144662982871939
2016-07-05,0.5154047685779771
2016-07-06,0.5154901307542792
2016-07-07,0.5107543862202173
2016-07-08,0.5108361511236839
2016-07-11,0.5105168106600199
2016-07-12,0.5113390807060546
2016-07-13,0.5123289526278345
2016-07-14,0.5115513197491477
2016-07-15,0.5143913699401019
2016-07-18,0.5140624777308433
2016-07-19,0.514268340848332
2016-07-20,0.5148449550753853
2016-07-21,0.5151303860992918
2016-07-22,0.5110971342053612
2016-07-25,0.5115921315433926
2016-07-26,0.5113038901400959
2016-07-27,0.5121238593003813
2016-07-28,0.5128693619304592
2016-07-29,0.5149585201478086
2016-08-01,0.5163035713195291
2016-08-02,0.5161003921263742
2016-08-03,0.5162701215531397
2016-08-04,0.5166420391337473
2016-08-05,0.5161439501213315
2016-08-08,0.5162701215531397
2016-08-09,0.5112839132813768
2016-08-10,0.5112251972071098
2016-08-11,0.5123896032366667
2016-08-12,0.5106994951629256
2016-08-15,0.5095172020297772
2016-08-16,0.509676735780952
2016-08-17,0.5096261549299315
2016-08-18,0.5099237072128306
2016-08-19,0.5114126920502751
2016-08-22,0.5113688886671106
2016-08-23,0.51119880486936
2016-08-24,0.5104048892658647
2016-08-25,0.5110724493874456
2016-08-26,0.5108056207222553
2016-08-30,0.5108056207222553
2016-08-31,0.5107643290722278
2016-09-01,0.5111425437356877
2016-09-02,0.5112281533942058
2016-09-05,0.5110567992240279
2016-09-06,0.5111928482474438
2016-09-07,0.5111196856102914
2016-09-08,0.5114894917440829
2016-09-09,0.5119190901108123
2016-09-12,0.5150294242937834
2016-09-13,0.514542784874207
2016-09-14,0.5156859386861714
2016-09-15,0.5166331337175921
2016-09-16,0.516267553544223
2016-09-19,0.5154063960281905
2016-09-20,0.5157718131184464
2016-09-21,0.5153244329018659
2016-09-22,0.5148724515210479
2016-09-23,0.5147122191848986
2016-09-26,0.515365408044528
2016-09-27,0.5138167070146356
2016-09-28,0.5145532729188295
2016-09-29,0.5136125333223386
2016-09-30,0.5144302225928868
2016-10-03,0.5141026548864323
2016-10-04,0.5144296464139679
2016-10-05,0.5144706057782562
2016-10-06,0.5138575624222458
2016-10-07,0.5138576064541789
2016-10-10,0.514469986426448
2016-10-11,0.51780671337213
2016-10-12,0.5188207180009899
2016-10-13,0.5192713972500846
2016-10-14,0.5193963508296799
2016-10-17,0.5199487246196154
2016-10-18,0.5194476487160958
2016-10-19,0.5207521671014552
2016-10-20,0.5209981477068009
2016-10-21,0.5211502166076676
2016-10-24,0.5210054567029767
2016-10-25,0.520766265915042
2016-10-26,0.5211900871878247
2016-10-27,0.5215894515195494
2016-10-28,0.5217414526550812
2016-10-31,0.5197114646911559
2016-11-01,0.519396310239646
2016-11-02,0.5202008080210582
2016-11-03,0.5206312877685592
2016-11-04,0.5205505204045918
2016-11-07,0.5205505204045918
2016-11-08,0.5198102752843768
2016-11-09,0.5198102752843768
2016-11-10,0.519971616336192
2016-11-11,0.5213480841324177
2016-11-14,0.5233122173267108
2016-11-15,0.523241244272994
2016-11-16,0.5225931313661247
2016-11-17,0.5230061541228505
2016-11-18,0.5225168086080808
2016-11-21,0.522588761710409
2016-11-22,0.5240215925493784
2016-11-23,0.5241634119235576
2016-11-24,0.5239808268648913
2016-11-25,0.5236652921458382
2016-11-28,0.5228410254971078
2016-11-29,0.5234114056939978
2016-11-30,0.5243645143794652
2016-12-01,0.5260062992129573
2016-12-02,0.5257734847006144
2016-12-05,0.5261134017644983
2016-12-06,0.5254997909127285
2016-12-07,0.525382520853337
2016-12-08,0.5258219908869167
2016-12-09,0.5251793845201249
2016-12-12,0.5244755112281273
2016-12-13,0.5233190175177252
2016-12-14,0.5232979012102958
2016-12-15,0.5224270232630418
2016-12-16,0.5225078679934143
2016-12-19,0.521968041671777
2016-12-20,0.5206837678732444
2016-12-21,0.5205101551408844
2016-12-22,0.5208738849890084
2016-12-23,0.520645371513022
2016-12-28,0.52009923626393
2016-12-29,0.5197602894968939
2016-12-30,0.5208510578264552
2017-01-03,0.5205320768464992
2017-01-04,0.5209105114896584
2017-01-05,0.5222803146611862
2017-01-06,0.5219457577536173
2017-01-09,0.5213215671969004
2017-01-10,0.5213619741309569
2017-01-11,0.5209327968049179
2017-01-12,0.5206696878690332
2017-01-13,0.5202951762776983
2017-01-16,0.520227941538936
2017-01-17,0.5207668749266923
2017-01-18,0.5213024400301555
2017-01-19,0.5210176718642519
2017-01-20,0.5242687871984941
2017-01-23,0.5228317372623565
2017-01-24,0.5253076794169289
2017-01-25,0.5253691283140178
2017-01-26,0.5255067798561721
2017-01-27,0.5255305652634936
2017-01-30,0.5256759129951213
2017-01-31,0.5259315412781254
2017-02-01,0.5252372090845321
2017-02-02,0.5242809001026947
2017-02-03,0.5257203933209238
2017-02-06,0.5249817019326638
2017-02-07,0.5250922648079843
2017-02-08,0.5247153749494538
2017-02-09,0.5247153749494538
2017-02-10,0.5247559179073745
2017-02-13,0.5250866814665884
2017-02-14,0.5251793845201249
2017-02-15,0.5245938194417753
2017-02-16,0.5254829717411293
2017-02-17,0.5253195097336358
2017-02-20,0.5255238682749356
2017-02-21,0.5258104922536729
2017-02-22,0.5260440276563251
2017-02-23,0.5261416992328123
2017-02-24,0.5260724073566904
2017-02-27,0.5263725891387665
2017-02-28,0.5258514883587145
2017-03-01,0.5253023211650666
2017-03-02,0.5250162084116556
2017-03-03,0.5252322837334399
2017-03-06,0.5257818512829601
2017-03-07,0.5260030136869506
2017-03-08,0.526689896280032
2017-03-09,0.5273469844242151
2017-03-10,0.5281634906168768
2017-03-13,0.5260503386051348
2017-03-14,0.5226971040575513
2017-03-15,0.5255814444060485
2017-03-16,0.5259068267232061
2017-03-17,0.5267618202722767
2017-03-20,0.5268705665675443
2017-03-21,0.527428106658039
2017-03-22,0.5276880452721596
2017-03-23,0.5283163268955208
2017-03-24,0.5282192739885638
2017-03-27,0.5283014468415421
2017-03-28,0.5284247994848842
2017-03-29,0.5283836694804499
2017-03-30,0.5276328358570221
2017-03-31,0.5262824383384671
2017-04-03,0.5264717525019845
2017-04-04,0.526689896280032
2017-04-05,0.5266488484623659
2017-04-06,0.5265388806926979
2017-04-07,0.5259174754396947
2017-04-10,0.5253910101426725
2017-04-11,0.524124440921425
2017-04-12,0.5248738713925927
2017-04-13,0.52507980480271
2017-04-18,0.5241155156161018
2017-04-19,0.5240441359988568
2017-04-20,0.523471871796438
2017-04-21,0.5239610004961575
2017-04-24,0.5240835621351302
2017-04-25,0.5243536903314284
2017-04-26,0.5240893200990525
2017-04-27,0.5238967943254192
2017-04-28,0.5259261461052983
2017-05-02,0.5289083853637218
2017-05-03,0.5295632885167236
2017-05-04,0.5291218624483774
2017-05-05,0.5281835033006356
2017-05-08,0.5290306170640183
2017-05-09,0.5308036105942925
2017-05-10,0.5313958447287461
2017-05-11,0.5311902118273044
2017-05-12,0.5312901927620439
2017-05-15,0.5309612674787221
2017-05-16,0.5304791465389747
2017-05-17,0.5300700777961227
2017-05-18,0.5316099122113545
2017-05-19,0.5324389631897586
2017-05-22,0.5321878908260345
2017-05-23,0.5321761485240272
2017-05-24,0.5317159105890443
2017-05-25,0.5321800774950195
2017-05-26,0.5324578933650174
2017-05-30,0.5321054392105471
2017-05-31,0.5322104362271558
2017-06-01,0.5328325927882541
2017-06-02,0.5340161960395637
2017-06-05,0.5340785775269322
2017-06-06,0.5336837460617444
2017-06-07,0.5331635035909559
2017-06-08,0.5328492927380644
2017-06-09,0.5316331110032981
2017-06-12,0.5320247401317098
2017-06-13,0.5316414206714902
2017-06-14,0.5332749426621187
2017-06-15,0.5322477131727844
2017-06-16,0.5326238303269548
2017-06-19,0.5323920841897102
2017-06-20,0.5327522943025027
2017-06-21,0.533173051738796
2017-06-22,0.5327328395313551
2017-06-23,0.5339918791407711
2017-06-26,0.5339077781319805
2017-06-27,0.5345599966049998
2017-06-28,0.5370958882360766
2017-06-29,0.5411038115199326
2017-06-30,0.5409923970111195
2017-07-03,0.5419339420527648
2017-07-04,0.5410519357064658
2017-07-05,0.5415061568950125
2017-07-06,0.5432080431430584
2017-07-07,0.5431779669294821
2017-07-10,0.5418766184081667
2017-07-11,0.5418338777269059
2017-07-12,0.5434770443063033
2017-07-13,0.5446150604235902
2017-07-14,0.5452221919255643
2017-07-17,0.5457208781589611
2017-07-18,0.5462222130077528
2017-07-19,0.5457743335060639
2017-07-20,0.5463302676204848
2017-07-21,0.546116190116647
2017-07-24,0.5456997961154416
2017-07-25,0.5452807939502436
2017-07-26,0.5437230623255851
2017-07-27,0.5436854585922862
2017-07-28,0.5444086555910639
2017-07-31,0.5450958868582414
2017-08-01,0.5450937693653177
2017-08-02,0.5453532793553295
2017-08-03,0.5452779041878272
2017-08-04,0.5456132636292569
2017-08-07,0.5460686696007294
2017-08-08,0.5438509944329215
2017-08-09,0.545753942576309
2017-08-10,0.5461878817092135
2017-08-11,0.5471445014802699
2017-08-14,0.5471683469916933
2017-08-15,0.5474660953767451
2017-08-16,0.5471020984906194
2017-08-17,0.5473325388480426
2017-08-18,0.5472054241821651
2017-08-21,0.5477394672071818
2017-08-22,0.5465551012779036
2017-08-23,0.5462183449634295
2017-08-24,0.5449371824733555
2017-08-25,0.5436191283271112
2017-08-29,0.5387149088274432
2017-08-30,0.5361310309820565
2017-08-31,0.532594286701993
2017-09-01,0.528918459343057
2017-09-04,0.5258417702306156
2017-09-05,0.5257651846401383
2017-09-06,0.5251910299476723
2017-09-07,0.525399442679403
2017-09-08,0.5254449414730008
2017-09-11,0.527020406606523
2017-09-12,0.5283613926037527
2017-09-13,0.5283762362321052
2017-09-14,0.5276580239419283
2017-09-15,0.5276313152419545
2017-09-18,0.5296360660141123
2017-09-19,0.5307521031898453
2017-09-20,0.5331736429006187
2017-09-21,0.5327202331698169
2017-09-22,0.5313246125480546
2017-09-25,0.5302301688347235
2017-09-26,0.5299464392571044
2017-09-27,0.5298250213596452
2017-09-28,0.5258999795784662
2017-09-29,0.5231782459890555
2017-10-02,0.5207962700572513
2017-10-03,0.5233040349524178
2017-10-04,0.5229342511207761
2017-10-05,0.5233745576590344
2017-10-06,0.5237760973283845
2017-10-09,0.52342442618469
2017-10-10,0.5234547693148099
2017-10-11,0.5236156139570768
2017-10-12,0.5255680441128945
2017-10-13,0.5244846721693711
2017-10-16,0.5245976026970626
2017-10-17,0.523975027063294
2017-10-18,0.5236156139570768
2017-10-19,0.5249788459740721
2017-10-20,0.5251216735934755
2017-10-23,0.5250354449850888
2017-10-24,0.5252652129528059
2017-10-25,0.5248859763938676
2017-10-26,0.5239053349690656
2017-10-27,0.5242255268447271
2017-10-30,0.5245757366762276
2017-10-31,0.5229890236808052
2017-11-01,0.5297782632417078
2017-11-02,0.530606535704653
2017-11-03,0.5308629508742241
2017-11-06,0.5311260915038901
2017-11-07,0.5307429969405971
2017-11-08,0.5308967829235232
2017-11-09,0.5302821832980932
2017-11-10,0.5315346624978716
2017-11-13,0.5313680227738068
2017-11-14,0.5316914153586717
2017-11-15,0.5307235214032544
2017-11-16,0.5307934141852103
2017-11-17,0.5305696789208781
2017-11-20,0.5306431719553973
2017-11-21,0.5305795451695812
2017-11-22,0.5314715784674597
2017-11-23,0.5316331498281482
2017-11-24,0.5317140070347545
2017-11-27,0.532833964850455
2017-11-28,0.533383440656929
2017-11-29,0.5334675645241924
2017-11-30,0.5359898042802581
2017-12-01,0.5361461279543526
2017-12-04,0.5350365116429915
2017-12-05,0.5354785241084339
2017-12-06,0.5352406222990799
2017-12-07,0.5350036481517528
2017-12-08,0.53560594179358
2017-12-11,0.5361450449520718
2017-12-12,0.5362842633864736
2017-12-13,0.5358475947595677
2017-12-14,0.5359499651791395
2017-12-15,0.5363648698152246
2017-12-18,0.5367958073384254
2017-12-19,0.5369630808649285
2017-12-20,0.5373646723550036
2017-12-21,0.5371964918047984
2017-12-22,0.537457659049142
2017-12-27,0.537898646229174
2017-12-28,0.5373419521797215
2017-12-29,0.5363351901759793
2018-01-02,0.5376873508530866
2018-01-03,0.5386904754238846
2018-01-04,0.5386339498142187
2018-01-05,0.5380839577534956
2018-01-08,0.5382931560440205
2018-01-09,0.5382050362150054
2018-01-10,0.5410003990097978
2018-01-11,0.5432960276110301
2018-01-12,0.5453773725918479
2018-01-15,0.5455475084532405
2018-01-16,0.5458190006528023
2018-01-17,0.5463830602079507
2018-01-18,0.5462927763310056
2018-01-19,0.5465352519210528
2018-01-22,0.5472052820589925
2018-01-23,0.5465136159723412
2018-01-24,0.5457791360849215
2018-01-25,0.5462120426472763
2018-01-26,0.5465757046112648
2018-01-29,0.5460115342651067
2018-01-30,0.5479191509522662
2018-01-31,0.5466718384723354
2018-02-01,0.5461909995473416
2018-02-02,0.5490408128639678
2018-02-05,0.5503343267459391
2018-02-06,0.5506687596521651
2018-02-07,0.5500864908920504
2018-02-08,0.5496310519431279
2018-02-09,0.5492298374060078
2018-02-12,0.5503560682856281
2018-02-13,0.5503064923124881
2018-02-14,0.5496448380224122
2018-02-15,0.5504311995269411
2018-02-16,0.5519088180022578
2018-02-19,0.5530566983918527
2018-02-20,0.5546291902405894
2018-02-21,0.5543131801701017
2018-02-22,0.5547082998875119
2018-02-23,0.5539787857457963
2018-02-26,0.5545705527059174
2018-02-27,0.5549636635405473
2018-02-28,0.554933628744586
2018-03-01,0.555050651749436
2018-03-02,0.5513943095739343
2018-03-05,0.5538305757561999
2018-03-06,0.5556364646486017
2018-03-07,0.5560438454864778
2018-03-08,0.5560879641360862
2018-03-09,0.5590986550528628
2018-03-12,0.5597283129064826
2018-03-13,0.5614163497757337
2018-03-14,0.5611754411481037
2018-03-15,0.5614586899783083
2018-03-16,0.5615435976185362
2018-03-19,0.5600903187839726
2018-03-20,0.5583487774118987
2018-03-21,0.5587879456725394
2018-03-22,0.5593070834655625
2018-03-23,0.5592997752197644
2018-03-26,0.5606933827253906
2018-03-27,0.5612460029108528
2018-03-28,0.5607756122787352
2018-03-29,0.5607735719711737
2018-04-03,0.559899330727012
2018-04-04,0.5613840018211631
2018-04-05,0.5607274624062378
2018-04-06,0.5593862131671062
2018-04-09,0.5567141832943415
2018-04-10,0.5543102539273534
2018-04-11,0.5537281255975244
2018-04-12,0.5525101216489445
2018-04-13,0.5518895138346199
2018-04-16,0.5505770191362852
2018-04-17,0.5508026247546353
2018-04-18,0.5511973225126179
2018-04-19,0.5516574506188335
2018-04-20,0.550622338628574
2018-04-23,0.5506326375866492
2018-04-24,0.548864155783353
2018-04-25,0.5477992857364619
2018-04-26,0.5461742576187467
2018-04-27,0.5451058340232868
2018-04-30,0.5476578328230097
2018-05-01,0.5476578328230097
2018-05-02,0.5477197975434485
2018-05-03,0.5478765396872035
2018-05-04,0.5475218514617558
2018-05-08,0.5473087027161629
2018-05-09,0.5469469126451774
2018-05-10,0.5468596912580475
2018-05-11,0.547047208076364
2018-05-14,0.5467990435404957
2018-05-15,0.5469733910421213
2018-05-16,0.5468481839310126
2018-05-17,0.5465795437833998
2018-05-18,0.5459596590203154
2018-05-21,0.5465824862494235
2018-05-22,0.5463967143770703
2018-05-23,0.5466840603918558
2018-05-24,0.5460467796921546
2018-05-25,0.5466064445393319
2018-05-29,0.5462984136685004
2018-05-30,0.5467617184635623
2018-05-31,0.5463280747841862
2018-06-01,0.5463209714502761
2018-06-04,0.5463990641302546
2018-06-05,0.5465071894445575
2018-06-06,0.54625598021005
2018-06-07,0.5457564576507736
2018-06-08,0.5455419440762789
2018-06-11,0.5457564576507736
2018-06-12,0.5449828787085995
2018-06-13,0.5447846505541747
2018-06-14,0.5451972165802521
2018-06-15,0.5454937179918041
2018-06-18,0.5475817010713295
2018-06-19,0.5486558254120496
2018-06-20,0.5488074017128993
2018-06-21,0.54857452484616
2018-06-22,0.5493757952543971
2018-06-25,0.5493773774063739
2018-06-26,0.5492528165856048
2018-06-27,0.5489178136022556
2018-06-28,0.5481431925292215
2018-06-29,0.5483630746337327
2018-07-02,0.5481896550339858
2018-07-03,0.5487682304744089
2018-07-04,0.5479866656052269
2018-07-05,0.5481823509868201
2018-07-06,0.5474874040404677
2018-07-09,0.5478222877455448
2018-07-10,0.5480413355407241
2018-07-11,0.5482845428329253
2018-07-12,0.5474542355873822
2018-07-13,0.5467776786690279
2018-07-16,0.5465944830431966
2018-07-17,0.5446349771137313
2018-07-18,0.5446349771137313
2018-07-19,0.5447980699504534
2018-07-20,0.5450733354989873
2018-07-23,0.544946207201328
2018-07-24,0.545042564107508
2018-07-25,0.5457761556884794
2018-07-26,0.5466547592538572
2018-07-27,0.5468381836146105
2018-07-30,0.5471909276513622
2018-07-31,0.5470951767479261
2018-08-01,0.5477807750121163
2018-08-02,0.5473956896190839
2018-08-03,0.546452324919087
2018-08-06,0.546385317745842
2018-08-07,0.5465702615801149
2018-08-08,0.5474097621135713
2018-08-09,0.5477807750121163
2018-08-10,0.5478925278951603
2018-08-13,0.548409947564065
2018-08-14,0.5482298378261548
2018-08-15,0.5475611259337396
2018-08-16,0.5482143340915622
2018-08-17,0.5479624383055068
2018-08-20,0.5478282734185386
2018-08-21,0.5480018017981907
2018-08-22,0.5481590448670015
2018-08-23,0.5470166384547317
2018-08-24,0.5463945711983785
2018-08-28,0.5457176482861013
2018-08-29,0.5449493720359778
2018-08-30,0.5444961583115308
2018-08-31,0.5449180118922824
2018-09-03,0.5448364590542325
2018-09-04,0.5439812853298686
2018-09-05,0.5435665019408149
2018-09-06,0.5422668822834313
2018-09-07,0.5413475341828518
2018-09-10,0.5404714773460737
2018-09-11,0.5412120456349685
2018-09-12,0.5412905747814675
2018-09-13,0.5424324832234173
2018-09-14,0.5420245193727985
2018-09-17,0.5417757639593059
2018-09-18,0.541618741396418
2018-09-19,0.5408200563852249
2018-09-20,0.5403120999739891
2018-09-21,0.5398789488457549
2018-09-24,0.5397863470318988
2018-09-25,0.5392351416911437
2018-09-26,0.5389403406212044
2018-09-27,0.5392916688919789
2018-09-28,0.5376446546928939
2018-10-01,0.5371162446799089
2018-10-02,0.5369122755832169
2018-10-03,0.5361492525905686
2018-10-04,0.537656596705783
2018-10-05,0.537962670243345
2018-10-08,0.5384479636794565
2018-10-09,0.537992062969401
2018-10-10,0.5378874467462862
2018-10-11,0.5374337904730755
2018-10-12,0.5355443385082217
2018-10-15,0.5355904655860149
2018-10-16,0.5357602589212698
2018-10-17,0.5361091165296212
2018-10-18,0.5361270069335181
2018-10-19,0.5364184919431164
2018-10-22,0.5364146546076088
2018-10-23,0.5359707756355303
2018-10-24,0.536627535470897
2018-10-25,0.5366100823508636
2018-10-26,0.5352159398184644
2018-10-29,0.5350426919753315
2018-10-30,0.5353966290630104
2018-10-31,0.5354172830094861
2018-11-01,0.5354131213050423
2018-11-02,0.5351736618906383
2018-11-05,0.5353680278623622
2018-11-06,0.5354274348721276
2018-11-07,0.5350990047300569
2018-11-08,0.5347306497071248
2018-11-09,0.5348085942557336
2018-11-12,0.5337955611286412
2018-11-13,0.5336386773591971
2018-11-14,0.5326587018987181
2018-11-15,0.5323620027077584
2018-11-16,0.5318263879268297
2018-11-19,0.530332400050837
2018-11-20,0.5318653681567005
2018-11-21,0.5319259361524448
2018-11-22,0.5325328060129334
2018-11-23,0.5329428576817599
2018-11-26,0.5332572769167511
2018-11-27,0.5340471929233629
2018-11-28,0.5338100278515715
2018-11-29,0.5330169833226118
2018-11-30,0.5312773714381774
2018-12-03,0.5307114880517888
2018-12-04,0.5310530934714873
2018-12-05,0.5306462842460233
2018-12-06,0.5298045532358218
2018-12-07,0.5304953592533905
2018-12-10,0.5302987824561315
2018-12-11,0.5297097688510184
2018-12-12,0.5306232588327896
2018-12-13,0.5308270826435514
2018-12-14,0.5303380751750995
2018-12-17,0.5304328950582097
2018-12-18,0.5303935388043429
2018-12-19,0.530032195755007
2018-12-20,0.5297802624388663
2018-12-21,0.530877111349972
2018-12-24,0.5305443024035252
2018-12-27,0.5295134171245621
2018-12-28,0.5283056406684749
2018-12-31,0.5287990100230306
2019-01-02,0.5285892154000478
2019-01-03,0.528804169316405
2019-01-04,0.5279688281493669
2019-01-07,0.5283872272117134
2019-01-08,0.5281135544476672
2019-01-09,0.5276336760177806
2019-01-10,0.5285294772597585
2019-01-11,0.5296227859657877
2019-01-14,0.5297015014502907
2019-01-15,0.5297170600778229
2019-01-16,0.5292207464906564
2019-01-17,0.5291722019904133
2019-01-18,0.5296227859657877
2019-01-21,0.5285085943707354
2019-01-22,0.5275594518029089
2019-01-23,0.5285600785276605
2019-01-24,0.5281897070272913
2019-01-25,0.5289562301895582
2019-01-28,0.52933599178256
2019-01-29,0.5293729611240144
2019-01-30,0.5288229038178943
2019-01-31,0.5286540310618052
2019-02-01,0.52866873417906
2019-02-04,0.5276028930850885
2019-02-05,0.5279344713910495
2019-02-06,0.5289373463043466
2019-02-07,0.528419788647786
2019-02-08,0.5283006318522546
2019-02-11,0.528408999730979
2019-02-12,0.528807668269201
2019-02-13,0.5289977021754638
2019-02-14,0.5280450270599532
2019-02-15,0.527301573073805
2019-02-18,0.5276501733068482
2019-02-19,0.5266467113091515
2019-02-20,0.5263792574487176
2019-02-21,0.52586499709555
2019-02-22,0.5251331210688619
2019-02-25,0.5259138663514091
2019-02-26,0.5262921343895005
2019-02-27,0.526615204150453
2019-02-28,0.528188719014759
2019-03-01,0.5274098401962732
2019-03-04,0.5267115389104977
2019-03-05,0.5278700185904611
2019-03-06,0.5279105964101675
2019-03-07,0.5277888993771567
2019-03-08,0.5275065032336256
2019-03-11,0.5253522504630183
2019-03-12,0.5266253521886395
2019-03-13,0.5259191712954902
2019-03-14,0.526122222426066
2019-03-15,0.5244584216317252
2019-03-18,0.524028011246913
2019-03-19,0.523655389264104
2019-03-20,0.5230989866054828
2019-03-21,0.520766265915042
2019-03-22,0.5211401307649892
2019-03-25,0.5207759522966618
2019-03-26,0.5211525141830641
2019-03-27,0.5208778992615332
2019-03-28,0.5207714365497885
2019-03-29,0.5199526296716758
2019-04-01,0.5185762352729171
2019-04-02,0.5176386983099336
2019-04-03,0.516414225904583
2019-04-04,0.5158282343280925
2019-04-05,0.5154003324127973
2019-04-08,0.5151287874561686
2019-04-09,0.5146542841686302
2019-04-10,0.5153713855548114
2019-04-11,0.5147749697844738
2019-04-12,0.5157361026271106
2019-04-15,0.5153760636847124
2019-04-16,0.5158568588161324
2019-04-17,0.5151392314810556
2019-04-18,0.5147385440858532
2019-04-23,0.5157283510600902
2019-04-24,0.5155681985860927
2019-04-25,0.5155664406767622
2019-04-26,0.5157684198101363
2019-04-29,0.5150174417521405
2019-04-30,0.5158247568130417
2019-05-01,0.5144602560197143
2019-05-02,0.5150637616953033
2019-05-03,0.5147833826103815
2019-05-07,0.5148559677676506
2019-05-08,0.514696718437506
2019-05-09,0.5166385475072621
2019-05-10,0.516523732502069
2019-05-13,0.5194252421538541
2019-05-14,0.5192685645014854
2019-05-15,0.5195590615248078
2019-05-16,0.519465856841743
2019-05-17,0.5200977384943044
2019-05-20,0.5198726904718701
2019-05-21,0.519866389707922
2019-05-22,0.5200635489076201
2019-05-23,0.5195937822204363
2019-05-24,0.5196405538159399
2019-05-28,0.5203216549212513
2019-05-29,0.521177818043875
2019-05-30,0.5216447920647688
2019-05-31,0.5219741858634739
2019-06-03,0.5220957247833109
2019-06-04,0.522227727294833
2019-06-05,0.5234472295027818
2019-06-06,0.5226582449687662
2019-06-07,0.5225847740134184
2019-06-10,0.5227729444534769
2019-06-11,0.5220805680574009
2019-06-12,0.5230115797812471
2019-06-13,0.5222365361025982
2019-06-14,0.5220068229125187
2019-06-17,0.5230749065631901
2019-06-18,0.5210444594111526
2019-06-19,0.5216282165657392
2019-06-20,0.5216941746387224
2019-06-21,0.520936337603508
2019-06-24,0.5205955431959135
2019-06-25,0.5199646868904184
2019-06-26,0.5204791776829628
2019-06-27,0.5189354715709202
2019-06-28,0.5188894370489814
2019-07-01,0.5192267013306316
2019-07-02,0.5193668432966655
2019-07-03,0.5177103063048031
2019-07-04,0.5159120719243022
2019-07-05,0.5145853692191191
2019-07-08,0.5147043942964168
2019-07-09,0.5150687485316877
2019-07-10,0.5144239525473876
2019-07-11,0.5145462433653532
2019-07-12,0.5150342894680232
2019-07-15,0.5144669096686251
2019-07-16,0.513410876183556
2019-07-17,0.5127208836026269
2019-07-18,0.5121506231347108
2019-07-19,0.5125968844106664
2019-07-22,0.512963622116939
2019-07-23,0.513248092809912
2019-07-24,0.51328798071882
2019-07-25,0.5131231936697712
2019-07-26,0.5127970035154276
2019-07-29,0.5127958114716492
2019-07-30,0.5137757759367858
2019-07-31,0.5124678316867132
2019-08-01,0.511445019506728
2019-08-02,0.5112541113912294
2019-08-05,0.5103067076147111
2019-08-06,0.5100201188078229
2019-08-07,0.5098922040965839
2019-08-08,0.5098480212894054
2019-08-09,0.5101634022041528
2019-08-12,0.5086291489035472
2019-08-13,0.507699033587822
2019-08-14,0.5070851382844428
2019-08-15,0.5069047012372236
2019-08-16,0.506241946509615
2019-08-19,0.5061156727392899
2019-08-20,0.5055270937239679
2019-08-21,0.5058493028636607
2019-08-22,0.505262601095907
2019-08-23,0.5041015833810196
2019-08-27,0.505246088977719
2019-08-28,0.5052553956669403
2019-08-29,0.5050593566582335
2019-08-30,0.5036626805399729
2019-09-02,0.5035516692253139
2019-09-03,0.5029955077666891
2019-09-04,0.5032058009270587
2019-09-05,0.5038746408519287
2019-09-06,0.5047951835049084
2019-09-09,0.5049316379008623
2019-09-10,0.5033293997194406
2019-09-11,0.5039029221335334
2019-09-12,0.5039420105430154
2019-09-13,0.5043438690250093
2019-09-16,0.5041376339706015
2019-09-17,0.5043727819228575
2019-09-18,0.5043727819228575
2019-09-19,0.5035293628938924
2019-09-20,0.5033228501371501
2019-09-23,0.5037639074500087
2019-09-24,0.5028975766144289
2019-09-25,0.5031320026950084
2019-09-26,0.5027714731113919
2019-09-27,0.5020560621065444
2019-09-30,0.5024354765555655
2019-10-01,0.5017037374263906
2019-10-02,0.5004667636502558
2019-10-03,0.4998008019677443
2019-10-04,0.5001053148460355
2019-10-07,0.5010872310391574
2019-10-08,0.5012600713133378
2019-10-09,0.5019387339205943
2019-10-10,0.5022116041140698
2019-10-11,0.5021842859322894
2019-10-14,0.5028195313286922
2019-10-15,0.5013284418566835
2019-10-16,0.5017434299464945
2019-10-17,0.502967487154571
2019-10-18,0.5034618629815353
2019-10-21,0.5036191539527596
2019-10-22,0.5039953083438505
2019-10-23,0.502614881054232
2019-10-24,0.5035404839870203
2019-10-25,0.5024460791980763
2019-10-28,0.5015618035416137
2019-10-29,0.5008311648923642
2019-10-30,0.4995527485634347
2019-10-31,0.4993734440081053
2019-11-01,0.4987645013566463
2019-11-04,0.4991081803182255
2019-11-05,0.5010509668090724
2019-11-06,0.5015863370324111
2019-11-07,0.5012463078371602
2019-11-08,0.5014283627132147
2019-11-11,0.5013755074502926
2019-11-12,0.5009665332829543
2019-11-13,0.5003193409105549
2019-11-14,0.5000056574826162
2019-11-15,0.5008630165599881
2019-11-18,0.5002800874322944
2019-11-19,0.5009885399502033
2019-11-20,0.5004813747878107
2019-11-21,0.5009164259294576
2019-11-22,0.5010732248156462
2019-11-25,0.5001231965812452
2019-11-26,0.4992225213207882
2019-11-27,0.4985304034891678
2019-11-28,0.4976762191382711
2019-11-29,0.4966887841113281
2019-12-02,0.4955831632042979
2019-12-03,0.496709606704712
2019-12-04,0.4968653150854235
2019-12-05,0.4966715846566185
2019-12-06,0.4954262606392419
2019-12-09,0.4950152261557316
2019-12-10,0.4961848429002919
2019-12-11,0.495716724213764
2019-12-12,0.4970161445034106
2019-12-13,0.496301802024632
2019-12-16,0.4955698581749871
2019-12-17,0.4954385347683538
2019-12-18,0.4949950598998854
2019-12-19,0.4956266936031412
2019-12-20,0.494873739705582
2019-12-23,0.4948528517330758
2019-12-24,0.4950450639529278
2019-12-27,0.4933430645288733
2019-12-30,0.4943021648953358
2019-12-31,0.4948460007145648
2020-01-02,0.4956235065874854
2020-01-03,0.4959726568859408
2020-01-06,0.4967285548333284
2020-01-07,0.4962630792416725
2020-01-08,0.4953918036861652
2020-01-09,0.4961092170336522
2020-01-10,0.4977472881621949
2020-01-13,0.499240894969419
2020-01-14,0.4990141901203365
2020-01-15,0.4984590287735459
2020-01-16,0.4981917448628671
2020-01-17,0.4995284475059385
2020-01-20,0.5002558154324513
2020-01-21,0.5001865746075715
2020-01-22,0.5008558392835364
2020-01-23,0.4993257508175728
2020-01-24,0.4988482218412057
2020-01-27,0.5006815947933941
2020-01-28,0.500486237920808
2020-01-29,0.4999579133465389
2020-01-30,0.5027623376846758
2020-01-31,0.503607496051693
2020-02-03,0.5032999941669365
2020-02-04,0.5029484463053528
2020-02-05,0.5026342907138179
2020-02-06,0.5023754979633838
2020-02-07,0.502454703404537
2020-02-10,0.5020161449803026
2020-02-11,0.5015496220241872
2020-02-12,0.5016405695581647
2020-02-13,0.5009792110324843
2020-02-14,0.502807555741723
2020-02-17,0.5027805267974345
2020-02-18,0.5021065937297846
2020-02-19,0.5018996488418882
2020-02-20,0.5028520807398751
2020-02-21,0.5024915176175373
2020-02-24,0.5035075669134474
2020-02-25,0.5055771425992143
2020-02-26,0.5041463305612576
2020-02-27,0.5041538699896057
2020-02-28,0.5034082263448771
2020-03-02,0.5036180159956914
2020-03-03,0.5038118352067676
2020-03-04,0.5071861570517316
2020-03-05,0.506977014951483
2020-03-06,0.5078824047266994
2020-03-09,0.512352214131291
2020-03-10,0.5116376759124653
2020-03-11,0.5115935196310217
2020-03-12,0.5175825074725052
2020-03-13,0.5182804814508901
2020-03-16,0.5218408723379693
2020-03-17,0.5228378231686904
2020-03-18,0.5254055033933189
2020-03-19,0.5270889686888605
2020-03-20,0.5276322265378802
2020-03-23,0.5280968685966172
2020-03-24,0.5282892267765615
2020-03-25,0.5279724228979489
2020-03-26,0.5296266785770559
2020-03-27,0.5298233222042245
2020-03-30,0.5292135846060217
2020-03-31,0.5285491545556038
2020-04-01,0.5290655189556723
2020-04-02,0.5289478737172342
2020-04-03,0.5281730875282549
2020-04-06,0.5266612994342776
2020-04-07,0.5285752009571094
2020-04-08,0.5276140944000225
2020-04-09,0.526864479496735
2020-04-14,0.5266370165027918
2020-04-15,0.5261341457353788
2020-04-16,0.5256161081439037
2020-04-17,0.5262563630371835
2020-04-20,0.5263815938688245
2020-04-21,0.5254301998055225
2020-04-22,0.5253070772545353
2020-04-23,0.5251120282854759
2020-04-24,0.5254700596266312
2020-04-27,0.5250417859716732
2020-04-28,0.524608792613953
2020-04-29,0.5242889146258987
2020-04-30,0.524006389054434
2020-05-01,0.5229701326364705
2020-05-04,0.524100101402418
2020-05-05,0.5236573029683003
2020-05-06,0.5214661299069384
2020-05-07,0.521012289504754
2020-05-11,0.5205115349472798
2020-05-12,0.5202981223833906
2020-05-13,0.5204553549160135
2020-05-14,0.5192031895960755
2020-05-15,0.518767092583477
2020-05-18,0.5181714098128344
2020-05-19,0.5196173487498053
2020-05-20,0.5189403073897523
2020-05-21,0.5189877610606506
2020-05-22,0.5195530082507447
2020-05-26,0.5200129509338562
2020-05-27,0.5196890494495436
2020-05-28,0.5195215604331372
2020-05-29,0.5205265484069057
2020-06-01,0.5198644234438962
2020-06-02,0.5196852657132164
2020-06-03,0.5217761307110453
2020-06-04,0.5224768742830503
2020-06-05,0.5228363216320765
2020-06-08,0.523551812606055
2020-06-09,0.5235129490417859
2020-06-10,0.5240224025892285
2020-06-11,0.5242697903009372
2020-06-12,0.5249193155951465
2020-06-15,0.5263068128032674
2020-06-16,0.5265879274355512
2020-06-17,0.5260829508602762
2020-06-18,0.5260414207898386
2020-06-19,0.5272701013024031
2020-06-22,0.5270629609596664
2020-06-23,0.5269070157631935
2020-06-24,0.5286614528440605
2020-06-25,0.529323527798521
2020-06-26,0.5292932583756405
2020-06-29,0.5296787834029305
2020-06-30,0.52955436365237
2020-07-01,0.5282634328611113
2020-07-02,0.5299064764322476
2020-07-03,0.5306886803220706
2020-07-06,0.5307569897957247
2020-07-07,0.5306494671123135
2020-07-08,0.5311770165983153
2020-07-09,0.530996908133219
2020-07-10,0.5322448416253419
2020-07-13,0.5320424592623354
2020-07-14,0.5316538635404315
2020-07-15,0.529535535843129
2020-07-16,0.5295818704179641
2020-07-17,0.5291046879600625
2020-07-20,0.5281361101945304
2020-07-21,0.5274023450274063
2020-07-22,0.5272590330443796
2020-07-23,0.5274174235294309
2020-07-24,0.5280881331262651
2020-07-27,0.5281390062134276
2020-07-28,0.5283836694804499
2020-07-29,0.5296227859657877
2020-07-30,0.5299300484797109
2020-07-31,0.5302788297412796
2020-08-03,0.5295250802150536
2020-08-04,0.5286643276339011
2020-08-05,0.5270356523274107
2020-08-06,0.5280936940482683
2020-08-07,0.5296499828783843
2020-08-10,0.5296271045386339
2020-08-11,0.5286393571947129
2020-08-12,0.5284663673643137
2020-08-13,0.5287435925928525
2020-08-14,0.5289419575000135
2020-08-17,0.5294192171588887
2020-08-18,0.5292997452079209
2020-08-19,0.5294612267559128
2020-08-20,0.5294174045137664
2020-08-21,0.53075836408384
2020-08-24,0.5309167167084203
2020-08-25,0.5303653349876268
2020-08-26,0.530430657352817
2020-08-27,0.5303674054721634
2020-08-28,0.5310460312129844
2020-09-01,0.5307494409960818
2020-09-02,0.5307030356835756
2020-09-03,0.5308398113755097
2020-09-04,0.5305863302806473
2020-09-07,0.529610004551538
2020-09-08,0.5286039378451354
2020-09-09,0.5290364458410935
2020-09-10,0.527892475012356
2020-09-11,0.5279742595306665
2020-09-14,0.5279461504107008
2020-09-15,0.5279718124301421
2020-09-16,0.5280909056672028
2020-09-17,0.5276562809722669
2020-09-18,0.5274191531700295
2020-09-21,0.5267570031893078
2020-09-22,0.5270082726652022
2020-09-23,0.5255651729323074
2020-09-24,0.5260564971051557
2020-09-25,0.5261089124281985
2020-09-28,0.5263094891214473
2020-09-29,0.5252990909344913
2020-09-30,0.5260811936635957
2020-10-01,0.52653772831284
2020-10-02,0.5257606457058595
2020-10-05,0.5253443180798139
2020-10-06,0.5255089665489543
2020-10-07,0.5254291752630682
2020-10-08,0.5252299037437251
2020-10-09,0.5253263035219727
2020-10-12,0.5245364236969258
2020-10-13,0.5256966972036416
2020-10-14,0.5264993433898271
2020-10-15,0.5257127065077103
2020-10-16,0.5254009384670157
2020-10-19,0.5255843813626544
2020-10-20,0.5238943155813306
2020-10-21,0.5247612242388652
2020-10-22,0.5247032382439083
2020-10-23,0.5243938475910624
2020-10-26,0.5241835011684755
2020-10-27,0.5232464845088535
2020-10-28,0.5221350853675777
2020-10-29,0.5229096402253234
2020-10-30,0.5229096402253234
2020-11-02,0.5223275524014571
2020-11-03,0.5227165506120957
2020-11-04,0.5231153271730634
2020-11-05,0.5231971507941291
2020-11-06,0.5229188094550389
2020-11-09,0.5228576168493215
2020-11-10,0.5224468304863581
2020-11-11,0.5228053054591678
2020-11-12,0.522003390213918
2020-11-13,0.5209546075093437
2020-11-16,0.5237351062412992
2020-11-17,0.5232009565428012
2020-11-18,0.5226233092883118
2020-11-19,0.5228393896865237
2020-11-20,0.5225088250289828
2020-11-23,0.5226985845863136
2020-11-24,0.5230591368852016
2020-11-25,0.5229464294565754
2020-11-26,0.5228360586940828
2020-11-27,0.5230660252510662
2020-11-30,0.5213115578231562
2020-12-01,0.5212698642214273
2020-12-02,0.5216614725150803
2020-12-03,0.521461732073612
2020-12-04,0.5245397511495018
2020-12-07,0.5277550363726665
2020-12-08,0.527797118181879
2020-12-09,0.527955736013025
2020-12-10,0.5278373624634625
2020-12-11,0.526605194260156
2020-12-14,0.525579931854285
2020-12-15,0.5251331210688619
2020-12-16,0.5244815416959072
2020-12-17,0.5245904609328408
2020-12-18,0.5232688725685308
2020-12-21,0.5228336409678301
2020-12-22,0.5231081873154284
2020-12-23,0.523007548060996
2020-12-24,0.5252521414197756
2020-12-29,0.5278445165801419
2020-12-30,0.5302362625153527
2020-12-31,0.5310559025447829
2021-01-04,0.5324428041218942
2021-01-05,0.5335565182432578
2021-01-06,0.5330555798168793
2021-01-07,0.5330534993546986
2021-01-08,0.5327106753010437
2021-01-11,0.534487199093374
2021-01-12,0.5340022077373852
2021-01-13,0.5338139343058698
2021-01-14,0.5337182702198077
2021-01-15,0.5347718187036781
2021-01-18,0.5359523742512167
2021-01-19,0.5357682855866044
2021-01-20,0.5353615884014332
2021-01-21,0.5355815558266752
2021-01-22,0.5359754455438709
2021-01-25,0.5357734620899268
2021-01-26,0.5352333086362941
2021-01-27,0.536580996283463
2021-01-28,0.537620761801445
2021-01-29,0.5409321612909341
2021-02-01,0.5422411184130981
2021-02-02,0.541320918564419
2021-02-03,0.5407121934023315
2021-02-04,0.5384363837650965
2021-02-05,0.5388195478365354
2021-02-08,0.5387668827993336
2021-02-09,0.5381033232453973
2021-02-10,0.537314852303348
2021-02-11,0.5363881029353977
2021-02-12,0.5363165003400298
2021-02-15,0.5365423688960304
2021-02-16,0.536436847705872
2021-02-17,0.5356129507045654
2021-02-18,0.535107434561548
2021-02-19,0.5355798377446318
2021-02-22,0.5355242490634672
2021-02-23,0.5359583299875136
2021-02-24,0.5356377394697744
2021-02-25,0.5346196612883616
2021-02-26,0.5347140148056506
2021-03-01,0.5347700155198386
2021-03-02,0.5343198287917517
2021-03-03,0.5339233847350375
2021-03-04,0.5336391151717936
2021-03-05,0.5332817566107005
2021-03-08,0.5330165403908071
2021-03-09,0.5335064074190267
2021-03-10,0.532788531466634
2021-03-11,0.5324097119225701
2021-03-12,0.5327106753010437
2021-03-15,0.5332767642799053
2021-03-16,0.5315808744625448
2021-03-17,0.5322389827249419
2021-03-18,0.5318389051734803
2021-03-19,0.5290485234780291
2021-03-22,0.5301097125499474
2021-03-23,0.5297871405592869
2021-03-24,0.5302821832980932
2021-03-25,0.5288345587475741
2021-03-26,0.5278093371321979
2021-03-29,0.5282337714647579
2021-03-30,0.5272513017697161
2021-03-31,0.5279344713910495
2021-04-01,0.5276616690343056
2021-04-06,0.5279018208301886
2021-04-07,0.5281345468999613
2021-04-08,0.5281027961187301
2021-04-09,0.5279827567318112
2021-04-12,0.528928207078274
2021-04-13,0.528904801559011
2021-04-14,0.5286979088350267
2021-04-15,0.5287731608581981
2021-04-16,0.5298465269300056
2021-04-19,0.5285712750694906
2021-04-20,0.5272894930378412
2021-04-21,0.5273026555878442
2021-04-22,0.5271650421719517
2021-04-23,0.527303677316466
2021-04-26,0.5274171371654213
2021-04-27,0.5272535327092572
2021-04-28,0.5272790725199201
2021-04-29,0.5278852844318442
2021-04-30,0.5280863411937357
2021-05-04,0.5277201624074181
2021-05-05,0.5272411431630211
2021-05-06,0.5265071700470514
2021-05-07,0.5239761687186905
2021-05-10,0.5249282497122979
2021-05-11,0.5238451811054504
2021-05-12,0.5248440259158214
2021-05-13,0.5246734366114919
2021-05-14,0.5241996243436525
2021-05-17,0.5232919498874211
2021-05-18,0.5230850818678648
2021-05-19,0.5230850818678648
2021-05-20,0.5220717673354364
2021-05-21,0.5210282965076074
2021-05-24,0.522004945295263
2021-05-25,0.5219816815569808
2021-05-26,0.5208053571594083
2021-05-27,0.5204225816573486
2021-05-28,0.5198094039090059
2021-06-01,0.5206392310333274
2021-06-02,0.5216694683682016
2021-06-03,0.5214752997130322
2021-06-04,0.5214379920319451
2021-06-07,0.5215499464582913
2021-06-08,0.5214898905934965
2021-06-09,0.5206699132902194
2021-06-10,0.5215725296046881
2021-06-11,0.5213934940263693
2021-06-14,0.5208053571594083
2021-06-15,0.5207921407569043
2021-06-16,0.5206070072312481
2021-06-17,0.5197330638161108
2021-06-18,0.5195598617197074
2021-06-21,0.519886171579872
2021-06-22,0.5186967577568309
2021-06-23,0.5189590673617525
2021-06-24,0.5187381368120647
2021-06-25,0.5179099589091726
2021-06-28,0.518281662593995
2021-06-29,0.5178517265109281
2021-06-30,0.5172400659059232
2021-07-01,0.5170899168755805
2021-07-02,0.5177081837618086
2021-07-05,0.517200102535875
2021-07-06,0.5166187313916523
2021-07-07,0.5165214277286632
2021-07-08,0.5161561278668038
2021-07-09,0.5152501340636192
2021-07-12,0.5159497702562852
2021-07-13,0.5165659612883436
2021-07-14,0.5166345152057
2021-07-15,0.5154294352594079
2021-07-16,0.5155394887824377
2021-07-19,0.514117024037446
2021-07-20,0.5133870461786674
2021-07-21,0.512651669387058
2021-07-22,0.5133835578953952
2021-07-23,0.5140087030233081
2021-07-26,0.5145599728661487
2021-07-27,0.5140082742573492
2021-07-28,0.5145225193709675
2021-07-29,0.5140817919853047
2021-07-30,0.5133830556799404
2021-08-02,0.513566852494654
2021-08-03,0.5111454686197646
2021-08-04,0.5127235307924184
2021-08-05,0.5127955727531736
2021-08-06,0.5127934196259729
2021-08-09,0.5126798753171773
2021-08-10,0.513051223949956
2021-08-11,0.5140817919853047
2021-08-12,0.5171665063735358
2021-08-13,0.5174236250704752
2021-08-16,0.5177047301320234
2021-08-17,0.5166601818551183
2021-08-18,0.5170291344840843
2021-08-19,0.516457453754734
2021-08-20,0.5165378382765293
2021-08-23,0.5157784484470712
2021-08-24,0.5168641248970816
2021-08-25,0.5172907966353238
2021-08-26,0.5164331672612765
2021-08-27,0.5153855869475815
2021-08-31,0.5142972258110575
2021-09-01,0.5141525243325757
2021-09-02,0.5141166023323686
2021-09-03,0.5138253891946011
2021-09-06,0.5139348342882096
2021-09-07,0.514263368799008
2021-09-08,0.5140079548629076
2021-09-09,0.5134235007772321
2021-09-10,0.5144106580038279
2021-09-13,0.5138983423697506
2021-09-14,0.5134948777236013
2021-09-15,0.5139716912178038
2021-09-16,0.5132771425762732
2021-09-17,0.5140445128662543
2021-09-20,0.5124413937968619
2021-09-21,0.5119657976317236
2021-09-22,0.5129476302337329
2021-09-23,0.5126963446460245
2021-09-24,0.5126213874637979
2021-09-27,0.5127280859518845
2021-09-28,0.5123282331357456
2021-09-29,0.5124022903730291
2021-09-30,0.5118895501686009
2021-10-01,0.5123979368834665
2021-10-04,0.5122524799033704
2021-10-05,0.5123600654238665
2021-10-06,0.5115207393103767
2021-10-07,0.5108797587220624
2021-10-08,0.510873856448622
2021-10-11,0.5122746601352145
2021-10-12,0.5116913856058626
2021-10-13,0.5122428503889317
2021-10-14,0.5117214941865521
2021-10-15,0.5116439310534971
2021-10-18,0.5117172280904171
2021-10-19,0.5123082262955986
2021-10-20,0.5138613600153565
2021-10-21,0.5148959435851183
2021-10-22,0.5143038517408423
2021-10-25,0.5134556792896128
2021-10-26,0.513750909312346
2021-10-27,0.5123082262955986
2021-10-28,0.5131926383957359
2021-10-29,0.5136750747194958
2021-11-01,0.5135264421005379
2021-11-02,0.5130075616190002
2021-11-03,0.5123019673638632
2021-11-04,0.5115200907911039
2021-11-05,0.5124838013172472
2021-11-08,0.5128216897104972
2021-11-09,0.5132309995792464
2021-11-10,0.5130101829133966
2021-11-11,0.5130855598834013
2021-11-12,0.5124243166518949
2021-11-15,0.5129420692326949
2021-11-16,0.511283183999101
2021-11-17,0.510091981189217
2021-11-18,0.5096796467733673
2021-11-19,0.509634880699252
2021-11-22,0.5100882490345774
2021-11-23,0.5113120771123106
2021-11-24,0.5115317459602196
2021-11-25,0.5116028013036611
2021-11-26,0.512460964123778
2021-11-29,0.5124595585725316
2021-11-30,0.5106457709645887
2021-12-01,0.5113511575258012
2021-12-02,0.5119526340206665
2021-12-03,0.5122444631253789
2021-12-06,0.5122794106767681
2021-12-07,0.5127223864562984
2021-12-08,0.5132716799390656
2021-12-09,0.513087148613782
2021-12-10,0.5120126818169718
2021-12-13,0.5127533974398402
2021-12-14,0.513196782482372
2021-12-15,0.5133441651848895
2021-12-16,0.5130075616190002
2021-12-17,0.5130453951321753
2021-12-20,0.5136766056442773
2021-12-21,0.5139722661025518
2021-12-22,0.5140462318103822
2021-12-23,0.5135286287885564
2021-12-24,0.5130847631822644
2021-12-29,0.5121527437935225
2021-12-30,0.5108778302684924
2021-12-31,0.5113578838745862
2022-01-04,0.5112099849987064
2022-01-05,0.5111730367115569
2022-01-06,0.5116978218927202
2022-01-07,0.5110936225582325
2022-01-10,0.5105873834852082
2022-01-11,0.5098014954352456
2022-01-12,0.5098674749563956
2022-01-13,0.5097562525882406
2022-01-14,0.509978793516668
2022-01-17,0.509978793516668
2022-01-18,0.5091552390766524
2022-01-19,0.5091875034315153
2022-01-20,0.5090668814029117
2022-01-21,0.5090668814029117
2022-01-24,0.5089386135547046
2022-01-25,0.5088230271353883
2022-01-26,0.5085492579532618
2022-01-27,0.5084017484174392
2022-01-28,0.5091409983093943
2022-01-31,0.5079245288255931
2022-02-01,0.5090523358665355
2022-02-02,0.5090943201124043
2022-02-03,0.5088194011493662
2022-02-04,0.5081975511360244
2022-02-07,0.5084953084156921
2022-02-08,0.5076901978285981
2022-02-09,0.5068236110715084
2022-02-10,0.5073799366617171
2022-02-11,0.5074236545915941
2022-02-14,0.5073056197294248
2022-02-15,0.5077956302798456
2022-02-16,0.5074301846400965
2022-02-17,0.5078140844749089
2022-02-18,0.5069856750958579
2022-02-21,0.50695569124771
2022-02-22,0.5072279013661015
2022-02-23,0.5067558261727544
2022-02-24,0.506197926355676
2022-02-25,0.5046122565048593
2022-02-28,0.5042911964722162
2022-03-01,0.5062712206338985
2022-03-02,0.5061479326805265
2022-03-03,0.506894229843134
2022-03-04,0.5067396815762617
2022-03-07,0.5069133570311415
2022-03-08,0.5075944707434058
2022-03-09,0.5068770066420254
2022-03-10,0.5069359283858008
2022-03-11,0.5066667935219427
2022-03-14,0.5084916730593296
2022-03-15,0.5090269150388834
2022-03-16,0.5085916479923713
2022-03-17,0.5087169363135909
2022-03-18,0.5087169363135909
2022-03-21,0.5083301078109811
2022-03-22,0.50831905430332
2022-03-23,0.5083245865375036
2022-03-24,0.5084764897539313
2022-03-25,0.5079955189518448
2022-03-28,0.5085184444159755
2022-03-29,0.5081643929908094
2022-03-30,0.5084925635470282
2022-03-31,0.5075455131907917
2022-04-01,0.5076122289664066
2022-04-04,0.5079165855103444
2022-04-05,0.5075342691537541
2022-04-06,0.5076193042714767
2022-04-07,0.507728136394998
2022-04-08,0.5077342097319127
2022-04-11,0.5085449519505205
2022-04-12,0.5085396713619974
2022-04-13,0.5077583839831215
2022-04-14,0.5083411176058606
2022-04-19,0.5081587282910317
2022-04-20,0.5093941440035203
2022-04-21,0.509138318639859
2022-04-22,0.5083430581457136
2022-04-25,0.508602250571868
2022-04-26,0.508198147750344
2022-04-27,0.509202610022227
2022-04-28,0.5089438426187842
2022-04-29,0.5087888238984877
2022-05-03,0.5088251305446084
2022-05-04,0.5084518485931845
2022-05-05,0.508030385014238
2022-05-06,0.5079824386676379
2022-05-09,0.5083738872916506
2022-05-10,0.5086594077309292
2022-05-11,0.5082120406600104
2022-05-12,0.5074680093797859
2022-05-13,0.5065431563910155
2022-05-16,0.5067821016179248
2022-05-17,0.5073035873507936
2022-05-18,0.5076975892967341
2022-05-19,0.5077401610233228
2022-05-20,0.5065430460959284
2022-05-23,0.5078987488094516
2022-05-24,0.507197891560814
2022-05-25,0.5067761412313863
2022-05-26,0.5072942485027455
2022-05-27,0.5050859904657108
2022-05-30,0.5042228297178257
2022-05-31,0.502764064557159
2022-06-01,0.5041912688089042
2022-06-06,0.5038266570031543
2022-06-07,0.5032454568033256
2022-06-08,0.5038003877772708
2022-06-09,0.5042375000986226
2022-06-10,0.5049041580040068
2022-06-13,0.5057793009281648
2022-06-14,0.5060126703168265
2022-06-15,0.5062379338195598
2022-06-16,0.5064194338114372
2022-06-17,0.5064557648606787
2022-06-20,0.5065211423017896
2022-06-21,0.5060462795211821
2022-06-22,0.5063896619867626
2022-06-23,0.5058641963678229
2022-06-24,0.5057388379440062
2022-06-27,0.5052038985258753
2022-06-28,0.5066307016729188
2022-06-29,0.5065575021337051
2022-06-30,0.5066451815605141
2022-07-01,0.5066086473877763
2022-07-04,0.5069308834827035
2022-07-05,0.5063078835975948
2022-07-06,0.5058525428923805
2022-07-07,0.5056247784027584
2022-07-08,0.5057427519213332
2022-07-11,0.505506670361885
2022-07-12,0.5055881986043298
2022-07-13,0.5055318206509025
2022-07-14,0.5056942374064174
2022-07-15,0.5056577883678443
2022-07-18,0.5060019792041692
2022-07-19,0.5066307016729188
2022-07-20,0.5073216175139553
2022-07-21,0.5077954003311667
2022-07-22,0.5079435729102532
2022-07-25,0.5086708238869667
2022-07-26,0.5076167327927295
2022-07-27,0.509047467871802
2022-07-28,0.5093499379372908
2022-07-29,0.509793505738583
2022-08-01,0.5092615010320325
2022-08-02,0.5098350156897741
2022-08-03,0.50899056209378
2022-08-04,0.5088565723641916
2022-08-05,0.5090425900867848
2022-08-08,0.5101831467751846
2022-08-09,0.5092615390099318
2022-08-10,0.5093401732766709
2022-08-11,0.5101980200293844
2022-08-12,0.5107328994934829
2022-08-15,0.5111112809798479
2022-08-16,0.5113799195164956
2022-08-17,0.5110081992094578
2022-08-18,0.5104388799756883
2022-08-19,0.5101719890063358
2022-08-22,0.509118284162955
2022-08-23,0.5086547635938116
2022-08-24,0.5088346632053772
2022-08-25,0.5092475974186534
2022-08-26,0.5090200788195458
2022-08-30,0.5079984402750876
2022-08-31,0.5077398225408889
2022-09-01,0.5076221887766516
2022-09-02,0.5081918023305236
2022-09-05,0.5085698559474136
2022-09-06,0.5092941996748447
2022-09-07,0.5092941996748447
2022-09-08,0.5083182197267189
2022-09-09,0.5087950374816568
2022-09-12,0.5079083663841656
2022-09-13,0.5067816837057847
2022-09-14,0.5072315405874058
2022-09-15,0.5070578723466405
2022-09-16,0.5069385609711485
2022-09-20,0.5066995229823767
2022-09-21,0.5057628191402782
2022-09-22,0.5057254657795278
2022-09-23,0.5052604560711642
2022-09-26,0.5045337178612291
2022-09-27,0.5059301109493864
2022-09-28,0.5058630374373131
2022-09-29,0.5060593810168416
2022-09-30,0.506285449120626
2022-10-03,0.5049171512505324
2022-10-04,0.5063464957581228
2022-10-05,0.5058712971677236
2022-10-06,0.5064363844435125
2022-10-07,0.5067083670374628
2022-10-10,0.5053109010697705
2022-10-11,0.5050298410492164
2022-10-12,0.5041181840276021
2022-10-13,0.5033858247076058
2022-10-14,0.5030014038102617
2022-10-17,0.5020850629601703
2022-10-18,0.5023212249386286
2022-10-19,0.5014772020884497
2022-10-20,0.5014758223670639
2022-10-21,0.5023480098783991
2022-10-24,0.5019618933136035
2022-10-25,0.5018250771670252
2022-10-26,0.5018748136638804
2022-10-27,0.5022731719931208
2022-10-28,0.5012125181582863
2022-10-31,0.5001072504020811
2022-11-01,0.500509174945635
2022-11-02,0.5004111817560628
2022-11-03,0.50039710692536
2022-11-04,0.5009480367037983
2022-11-07,0.501300416637053
2022-11-08,0.501203855343668
2022-11-09,0.5016006545165291
2022-11-10,0.501300416637053
2022-11-11,0.5003045495450487
2022-11-14,0.5006116945015889
2022-11-15,0.4994963037065685
2022-11-16,0.4996751106163618
2022-11-17,0.5002798275165314
2022-11-18,0.5005280898684272
2022-11-21,0.4996227939821473
2022-11-22,0.5003120370053094
2022-11-23,0.5000578254636185
2022-11-24,0.5001184928951614
2022-11-25,0.5003301716238807
2022-11-28,0.5002547254943984
2022-11-29,0.4994196148928065
2022-11-30,0.4994348680693577
2022-12-01,0.5000578254636185
2022-12-02,0.5003679117555816
2022-12-05,0.5002870960787836
2022-12-06,0.4994868077576369
2022-12-07,0.4993806430217337
2022-12-08,0.5002146923264758
2022-12-09,0.5010190070487709
2022-12-12,0.4998809674334381
2022-12-13,0.4994480615095379
2022-12-14,0.4989240935317473
2022-12-15,0.4989559028596351
2022-12-16,0.4993567474665871
2022-12-19,0.4998660249720562
2022-12-20,0.4992585397934204
2022-12-21,0.4990156810872849
2022-12-22,0.4981148281692565
2022-12-23,0.4986755455262529
2022-12-28,0.4991918609207028
2022-12-29,0.4994868077576369
2022-12-30,0.499342863738216
2023-01-03,0.4987399468552771
2023-01-04,0.4997960407614664
2023-01-05,0.5000077577704124
2023-01-06,0.4987184137992461
2023-01-09,0.5009073659093279
2023-01-10,0.5018996488418882
2023-01-11,0.5022768636084648
2023-01-12,0.5013585728618617
2023-01-13,0.5017236160442908
2023-01-16,0.501258868204997
2023-01-17,0.5009177231287905
2023-01-18,0.5011703726712018
2023-01-19,0.5027544167228237
2023-01-20,0.5024640351784831
2023-01-23,0.502624374975254
2023-01-24,0.5024997787204974
2023-01-25,0.5031027820753553
2023-01-26,0.5026879075459859
2023-01-27,0.5020370757512262
2023-01-30,0.501524793794367
2023-01-31,0.5012761902687195
2023-02-01,0.5009376673047087
2023-02-02,0.5014484802427635
2023-02-03,0.5019247888923347
2023-02-06,0.5017114649843176
2023-02-07,0.5017114649843176
2023-02-08,0.5018493838188697
2023-02-09,0.5005376112513523
2023-02-10,0.4998485871764918
2023-02-13,0.5012524768853632
2023-02-14,0.501279168868514
2023-02-15,0.5006603748238556
2023-02-16,0.4997811303887538
2023-02-17,0.4999782958154535
2023-02-20,0.5006801562714878
2023-02-21,0.5003484710036457
2023-02-22,0.5013912173608719
2023-02-23,0.5015185556775223
2023-02-24,0.501062765453835
2023-02-27,0.5018616142373685
2023-02-28,0.500949076195696
2023-03-01,0.5010491864550043
2023-03-02,0.5004100134521013
2023-03-03,0.5007281324726797
2023-03-06,0.5003340970803097
2023-03-07,0.4991385022543766
2023-03-08,0.4997061029448797
2023-03-09,0.4987078144695589
2023-03-10,0.4993274157314897
2023-03-13,0.4998119329901475
2023-03-14,0.5002726767051485
2023-03-15,0.4996679706753743
2023-03-16,0.4991476768782466
2023-03-17,0.4994490809935418
2023-03-20,0.4992451227142786
2023-03-21,0.4991007538790085
2023-03-22,0.5007939813209545
2023-03-23,0.4992229596524007
2023-03-24,0.5000014428859861
2023-03-27,0.5006380392153605
2023-03-28,0.5013398659576759
2023-03-29,0.5020644159630611
2023-03-30,0.5028331921903729
2023-03-31,0.5018617401607792
2023-04-03,0.5019375689578025
2023-04-04,0.5020388989958113
2023-04-05,0.5027600843092473
2023-04-06,0.5026078148575941
2023-04-11,0.5027337715963054
2023-04-12,0.5020009063851513
2023-04-13,0.5012010850810964
2023-04-14,0.5008422557089447
2023-04-17,0.5001766599916626
2023-04-18,0.5008769055962747
2023-04-19,0.4999107570650714
2023-04-20,0.5006620234962551
2023-04-21,0.5005097608577252
2023-04-24,0.5007180864644308
2023-04-25,0.49974339909162
2023-04-26,0.4996227101330845
2023-04-27,0.4994409013009371
2023-04-28,0.4993119348903014
2023-05-02,0.500305257528642
2023-05-03,0.4987349404416257
2023-05-04,0.4978036964467658
2023-05-05,0.4971472685924153
2023-05-09,0.4970916276679418
2023-05-10,0.4972048722881362
2023-05-11,0.4982410992378823
2023-05-12,0.4984640571064238
2023-05-15,0.4985779105869651
2023-05-16,0.4988059304243747
2023-05-17,0.4988820299097081
2023-05-18,0.4972069463809599
2023-05-19,0.49652798628498
2023-05-22,0.4960749914031811
2023-05-23,0.4969649528798994
2023-05-24,0.4976507752101575
2023-05-25,0.4982207523430779
2023-05-26,0.4973633279803895
2023-05-30,0.4977587026332202
2023-05-31,0.49685101722809
2023-06-01,0.4961306699346703
2023-06-02,0.4958649347624762
2023-06-05,0.4965494117979305
2023-06-06,0.4972153389076296
2023-06-07,0.4968351132580589
2023-06-08,0.4966069770366614
2023-06-09,0.4960160519514371
2023-06-12,0.4968351132580589
2023-06-13,0.4967392032207899
2023-06-14,0.4964731713577956
2023-06-15,0.4963399963707222
2023-06-16,0.4975241914159064
2023-06-19,0.4970643805229797
2023-06-20,0.49555677189749
2023-06-21,0.4942921633550627
2023-06-22,0.4929849162702577
2023-06-23,0.4937980887307421
2023-06-26,0.4938800534276295
2023-06-27,0.4938638759453864
2023-06-28,0.4941733524898112
2023-06-29,0.4937498851842714
2023-06-30,0.494714230737326
2023-07-03,0.4959010072531044
2023-07-04,0.4938373892105547
2023-07-05,0.4938316416690848
2023-07-06,0.4930227543307783
2023-07-07,0.4935537185364841
2023-07-10,0.4939399286623402
2023-07-11,0.4933638241573647
2023-07-12,0.4937439075273016
2023-07-13,0.4942279746314912
2023-07-14,0.4942874677430095
2023-07-17,0.4936138906650353
2023-07-18,0.4936677965299996
2023-07-19,0.4933344416352045
2023-07-20,0.4931442117214265
2023-07-21,0.4931668974208105
2023-07-24,0.4924817638760584
2023-07-25,0.4908076682787332
2023-07-26,0.4907312456030854
2023-07-27,0.489388413246224
2023-07-28,0.4897019692177776
2023-07-31,0.4893341823491867
2023-08-01,0.4893069767317707
2023-08-02,0.487836432285522
2023-08-03,0.4895613962064245
2023-08-04,0.4895126056824073
2023-08-07,0.4894477359701286
2023-08-08,0.4895395408204539
2023-08-09,0.4900583970437621
2023-08-10,0.4898157295838327
2023-08-11,0.4881660805112529
2023-08-14,0.4895073780791684
2023-08-15,0.4897242776467014
2023-08-16,0.4895613962064245
2023-08-17,0.4892039167027611
2023-08-18,0.4893662778960492
2023-08-21,0.4898383369526276
2023-08-22,0.4900055677924866
2023-08-23,0.4902980191484535
2023-08-24,0.4903502006416314
2023-08-25,0.4908322058453547
2023-08-29,0.4913897199013389
2023-08-30,0.4902624716740404
2023-08-31,0.4899446856955263
2023-09-01,0.4881386369094628
2023-09-04,0.4881477617171301
2023-09-05,0.487836432285522
2023-09-06,0.4882222493607173
2023-09-07,0.4871636716309585
2023-09-08,0.4872765769583335
2023-09-11,0.4880895003653002
2023-09-12,0.4883071882747509
2023-09-13,0.4878716694543832
2023-09-14,0.4880516917934567
2023-09-15,0.4868557527941218
2023-09-18,0.4869388782908395
2023-09-19,0.4869011038818752
2023-09-20,0.4884972205237939
2023-09-21,0.4884965178831741
2023-09-22,0.4886861449327331
2023-09-25,0.4882309319288531
2023-09-26,0.4876244718643556
2023-09-27,0.4881836532126709
2023-09-28,0.4883544928332915
2023-09-29,0.4887540616682865
2023-10-02,0.4891911334740301
2023-10-03,0.4884398979768412
2023-10-04,0.4883734899568828
2023-10-05,0.4876416204329398
2023-10-06,0.4878313077481561
2023-10-09,0.4864251686963984
2023-10-10,0.4862058645595139
2023-10-11,0.4856043262181687
2023-10-12,0.4846570400398048
2023-10-13,0.4834505721142556
2023-10-16,0.4819379784661411
2023-10-17,0.4819379784661411
2023-10-18,0.4832728772265022
2023-10-19,0.4833478536058695
2023-10-20,0.4842803509335172
2023-10-23,0.4843513326886213
2023-10-24,0.4855649463476115
2023-10-25,0.4850049526725716
2023-10-26,0.4847041895641938
2023-10-27,0.4844131569434033
2023-10-30,0.4844221771168223
2023-10-31,0.4834228773374966
2023-11-01,0.4839751868653797
2023-11-02,0.4841131271334302
2023-11-03,0.4834473105847989
2023-11-06,0.4833353384544782
2023-11-07,0.4831145384857933
2023-11-08,0.482712058832649
2023-11-09,0.4817527541482855
2023-11-10,0.4814928250909701
2023-11-13,0.4815300795746015
2023-11-14,0.4817144286386258
2023-11-15,0.4814928250909701
2023-11-16,0.4804144353059504
2023-11-17,0.4806741781227068
2023-11-20,0.4803394440901708
2023-11-21,0.4810101573202091
2023-11-22,0.4822418872110064
2023-11-23,0.4816822400732309
2023-11-24,0.4821293403933229
2023-11-27,0.4820543686008124
2023-11-28,0.4820169005119413
2023-11-29,0.4820543686008124
2023-11-30,0.4827636973808896
2023-12-01,0.4830272079434207
2023-12-04,0.48269314716668
2023-12-05,0.4811597401103711
2023-12-06,0.4802999646101072
2023-12-07,0.4811604171705493
2023-12-08,0.4816457585476582
2023-12-11,0.4822453652649121
2023-12-12,0.4819097830932881
2023-12-13,0.4817218254598168
2023-12-14,0.4809357983808393
2023-12-15,0.4808983469629878
2023-12-18,0.4801479324350773
2023-12-19,0.480447524536341
2023-12-20,0.4798864139171581
2023-12-21,0.4805613828576553
2023-12-22,0.4805240018330787
2023-12-27,0.4821277539596733
2023-12-28,0.4821652090841066
2023-12-29,0.482650943275655
2024-01-02,0.4828389263973072
2024-01-03,0.4823115029410532
2024-01-04,0.4823151482152089
2024-01-05,0.4830272079434207
2024-01-08,0.4832882138114738
2024-01-09,0.4819780519118954
2024-01-10,0.4822384270718364
2024-01-11,0.4824592340967077
2024-01-12,0.4824237905054232
2024-01-15,0.4822776456251832
2024-01-16,0.482719052723859
2024-01-17,0.4820469600655486
2024-01-18,0.4812328017027878
2024-01-19,0.4819032718725544
2024-01-22,0.4830189884057159
2024-01-23,0.4823133232303809
2024-01-24,0.4811597401103711
2024-01-25,0.4802262494519917
2024-01-26,0.4800007506245144
2024-01-29,0.4795173980128658
2024-01-30,0.4788091431576501
2024-01-31,0.4795933160536861
2024-02-01,0.4810472589936599
2024-02-02,0.4804903306336675
2024-02-05,0.4806382027406081
2024-02-06,0.4804527365513775
2024-02-07,0.480712947913821
2024-02-08,0.4803423108525743
2024-02-09,0.4803045736911943
2024-02-12,0.4811583964312038
2024-02-13,0.481195593202108
2024-02-14,0.4816802208325865
2024-02-15,0.4819366448602046
2024-02-16,0.4827891033717294
2024-02-19,0.4828663944831473
2024-02-20,0.4827964060508115
2024-02-21,0.4816802208325865
2024-02-22,0.4815682070451468
2024-02-23,0.4816046238095173
2024-02-26,0.482941304900317
2024-02-27,0.4837500685501287
2024-02-28,0.4827097394606762
2024-02-29,0.4832264440821759
2024-03-01,0.4834440573807077
2024-03-04,0.4830717069414822
2024-03-05,0.4832175498680209
2024-03-06,0.4838474541331218
2024-03-07,0.4848666954988126
2024-03-08,0.4845216921674181
2024-03-11,0.4855117488162503
2024-03-12,0.4851336426415152
2024-03-13,0.4861589117839165
2024-03-14,0.4866610583635066
2024-03-15,0.4848416339286885
2024-03-18,0.4852134558564814
2024-03-19,0.4861215676529508
2024-03-20,0.4861563912616097
2024-03-21,0.4868034412056508
2024-03-22,0.4869067417833506
2024-03-25,0.4870913802332366
2024-03-26,0.4869881451533557
2024-03-27,0.4881407231462169
2024-03-28,0.4881035844606629
2024-04-02,0.4871342354981072
2024-04-03,0.4868108953310235
2024-04-04,0.4873103738326811
2024-04-05,0.4865383143601058
2024-04-08,0.4874244458657356
2024-04-09,0.487400116026482
2024-04-10,0.4881885660805584
2024-04-11,0.4885112231950818
2024-04-12,0.488668533909589
2024-04-15,0.4886589202558548
2024-04-16,0.4876905639838512
2024-04-17,0.4882900159276478
2024-04-18,0.4885945683602375
2024-04-19,0.4888166010408022
2024-04-22,0.4878573960582995
2024-04-23,0.4885850491406101
2024-04-24,0.4883729432352662
2024-04-25,0.4884931059589669
2024-04-26,0.4873471796190836
2024-04-29,0.487625336321619
2024-04-30,0.4863110792303405
2024-05-01,0.4863477569543135
2024-05-02,0.4854397772589843
2024-05-03,0.4833658363447231
2024-05-07,0.4851856087726046
2024-05-08,0.4832558860553164
2024-05-09,0.4830103185749017
2024-05-10,0.4840104001035494
2024-05-13,0.4833600712229804
2024-05-14,0.4836237090001945
2024-05-15,0.4831060757707525
2024-05-16,0.4811580626671167
2024-05-17,0.4820903106863426
2024-05-20,0.4832851306658701
2024-05-21,0.4827988528290365
2024-05-22,0.4842134977157339
2024-05-23,0.4854633759363743
2024-05-24,0.4848595428637564
2024-05-28,0.4848269349005471
2024-05-29,0.4850479130054784
2024-05-30,0.4848971931210861
2024-05-31,0.484789259354953
2024-06-03,0.4850909972058181
2024-06-04,0.4852533391106478
2024-06-05,0.4853234871334015
2024-06-06,0.4849504282857129
2024-06-07,0.4849882501495274
2024-06-10,0.48529125702441
2024-06-11,0.4850856227209097
2024-06-12,0.4847942535350417
2024-06-13,0.4844312437077855
2024-06-14,0.4842934456911173
2024-06-17,0.4842599422228349
2024-06-18,0.4840788806197282
2024-06-19,0.4834046694025496
2024-06-20,0.4841251656286318
2024-06-21,0.4843491165895455
2024-06-24,0.4842686517195789
2024-06-25,0.4850094010141464
2024-06-26,0.4846676490283689
2024-06-27,0.4850746765960521
2024-06-28,0.4854547926213385
2024-07-01,0.4855630338525718
2024-07-02,0.4857215947402142
2024-07-03,0.4851996867926583
2024-07-04,0.4857091497024705
2024-07-05,0.4875828662273053
2024-07-08,0.4880410850908335
2024-07-09,0.4879362805802326
2024-07-10,0.4877174595063717
2024-07-11,0.4869465849774247
2024-07-12,0.4865527817359231
2024-07-15,0.4868483243900011
2024-07-16,0.4869318506911425
2024-07-17,0.4877641534585576
2024-07-18,0.4886397641454452
2024-07-19,0.4880803842987684
2024-07-22,0.4880048776859183
2024-07-23,0.4875279513319487
2024-07-24,0.4872334194767088
2024-07-25,0.4862503864518745
2024-07-26,0.4862262447494592
2024-07-29,0.4867571594858993
2024-07-30,0.4878781872396662
2024-07-31,0.4880803842987684
2024-08-01,0.4880895003653002
2024-08-02,0.4873469512606235
2024-08-05,0.4888409668431105
2024-08-06,0.4910210839797853
2024-08-07,0.4906847683560982
2024-08-08,0.4902349036845227
2024-08-09,0.4896978840059733
2024-08-12,0.4893199956348548
2024-08-13,0.4903448289685417
2024-08-14,0.4900451206778811
2024-08-15,0.4901458979654214
2024-08-16,0.4900825437491362
2024-08-19,0.4901054890815836
2024-08-20,0.4896247701198904
2024-08-21,0.4904041171296425
2024-08-22,0.4902791367454537
2024-08-23,0.4903168128059829
2024-08-27,0.4896623338971189
2024-08-28,0.4902649430022942
2024-08-29,0.4908076682787332
2024-08-30,0.491185737230855
2024-09-02,0.4913502006322786
2024-09-03,0.4919234801709675
2024-09-04,0.4918239614896882
2024-09-05,0.4908338433389097
2024-09-06,0.4908338433389097
2024-09-09,0.4904198718301821
2024-09-10,0.4910592089269271
2024-09-11,0.4914602772400882
2024-09-12,0.4923678422467956
2024-09-13,0.4927479947328137
2024-09-16,0.4926191360402808
2024-09-17,0.4917892488739879
2024-09-18,0.4918134554061499
2024-09-19,0.492136037783894
2024-09-20,0.4908086639271578
2024-09-23,0.4910596146371463
2024-09-24,0.4917270902470987
2024-09-25,0.4912862121660371
2024-09-26,0.4887738362994842
2024-09-27,0.4892602307093423
2024-09-30,0.4893833850030719
2024-10-01,0.4892060750273467
2024-10-02,0.4898992493165983
2024-10-03,0.4895177954438231
2024-10-04,0.488740239735872
2024-10-07,0.4890627992163493
2024-10-08,0.4903720369536465
2024-10-09,0.4901313023361735
2024-10-10,0.488987048384337
2024-10-11,0.4889316827167087
2024-10-14,0.4889696277597053
2024-10-15,0.4889973035314223
2024-10-16,0.4888179190171293
2024-10-17,0.4898270189561247
2024-10-18,0.4909337875485953
2024-10-21,0.4905158780020059
2024-10-22,0.4902506821962037
2024-10-23,0.4911364682010696
2024-10-24,0.4907946919257034
2024-10-25,0.4909212247500652
2024-10-28,0.4905673737060981
2024-10-29,0.4907567760152441
2024-10-30,0.4911615632027958
2024-10-31,0.4915667210242311
2024-11-01,0.491477279694513
2024-11-04,0.4906686866385105
2024-11-05,0.4904418775058786
2024-11-06,0.4904676340885248
2024-11-07,0.4895823029350931
2024-11-08,0.4902506821962037
2024-11-11,0.4907952395345117
2024-11-12,0.490493334126185
2024-11-13,0.491448921247925
2024-11-14,0.4920128194513282
2024-11-15,0.4924149350552779
2024-11-18,0.4927581333126704
2024-11-19,0.4924330687273085
2024-11-20,0.4924762527357295
2024-11-21,0.4916000606457161
2024-11-22,0.4922161118396447
2024-11-25,0.4914866885223171
2024-11-26,0.4922919534775818
2024-11-27,0.4926191360402808
2024-11-28,0.4927331561386784
2024-11-29,0.4918134554061499
2024-12-02,0.4924996329595728
2024-12-03,0.4919575880144367
2024-12-04,0.4915223958907395
2024-12-05,0.4915622582152988
2024-12-06,0.4909841758066922
2024-12-09,0.4915866907039042
2024-12-10,0.4919612142121454
2024-12-11,0.4904965764337569
2024-12-12,0.489405180737075
2024-12-13,0.4903684552510217
2024-12-16,0.4906198219986473
2024-12-17,0.4907205078324962
2024-12-18,0.4906696871357751
2024-12-19,0.4900190706151107
2024-12-20,0.4906838313559791
2024-12-23,0.4916086925716189
2024-12-24,0.4920052147844961
2024-12-27,0.4906595321837989
2024-12-30,0.4896760697992312
2024-12-31,0.4903863648209377
2025-01-02,0.4911823361133917
2025-01-03,0.4911569882815895
2025-01-06,0.4917476599549849
2025-01-07,0.4905516630065014
2025-01-08,0.4894056264963538
2025-01-09,0.4886411356232708
2025-01-10,0.4891299816966772
2025-01-13,0.4900369945201956
2025-01-14,0.4899513238323074
2025-01-15,0.4908966411096986
2025-01-16,0.491233409490366
2025-01-17,0.4910087936829083
2025-01-20,0.4917802417850374
2025-01-21,0.4920998503062046
2025-01-22,0.492641316848223
2025-01-23,0.4928363325681694
2025-01-24,0.4936885493908057
2025-01-27,0.4929786110640853
2025-01-28,0.4922075692553436
2025-01-29,0.4925348742453186
2025-01-30,0.4927452655744133
2025-01-31,0.4920014529812617
2025-02-03,0.4913802834649455
2025-02-04,0.4913932291929316
2025-02-05,0.4908968182044154
2025-02-06,0.4915666760759635
2025-02-07,0.4937299398962544
2025-02-10,0.4937952379788332
2025-02-11,0.4939080714084011
2025-02-12,0.4938808566676992
2025-02-13,0.4936230866573856
2025-02-14,0.4937418198396791
2025-02-17,0.4921317888538463
2025-02-18,0.4896247701198904
2025-02-19,0.487068003071222
2025-02-20,0.4871679036677038
2025-02-21,0.4863720289932713
2025-02-24,0.4869795349127641
2025-02-25,0.4874556202403009
2025-02-26,0.4884123505329658
2025-02-27,0.4879278467817
2025-02-28,0.4863273685930842
2025-03-03,0.4843056997773393
2025-03-04,0.4847573252952837
2025-03-05,0.4846020869539303
2025-03-06,0.4836932669941319
2025-03-07,0.4851353940772457
2025-03-10,0.4866437379443549
2025-03-11,0.4866995473711377
2025-03-12,0.4859930107670414
2025-03-13,0.4868806334545503
2025-03-14,0.4865981188035109
2025-03-17,0.4867240915447502
2025-03-18,0.4862850704357396
2025-03-19,0.4863632559538662
2025-03-20,0.486013345164747
2025-03-21,0.4858955147899729
2025-03-24,0.485830137685288
2025-03-25,0.4850233067940335
2025-03-26,0.4854949671909229
2025-03-27,0.4853316200630656
2025-03-28,0.4852982157462269
2025-03-31,0.485388872505212
2025-04-01,0.4850454292524876
2025-04-02,0.4848142590818755
2025-04-03,0.4832182884560468
2025-04-04,0.4832573416855941
2025-04-07,0.4824766044399498
2025-04-08,0.4827481798714618
2025-04-09,0.4829814549467359
2025-04-10,0.4828284612264227
2025-04-11,0.4830982647127666
2025-04-14,0.4835985467977426
2025-04-15,0.483555990478373
2025-04-16,0.4836375701441414
2025-04-17,0.4839461457168468
2025-04-22,0.4859347787011719
2025-04-23,0.4852415107877245
2025-04-24,0.4853922158710331
2025-04-25,0.4853471683925561
2025-04-28,0.4863529975451888
2025-04-29,0.4861818464610601
2025-04-30,0.4868569190070853
2025-05-01,0.4865291417893195
2025-05-02,0.485693977096582
2025-05-06,0.4857264628222081
2025-05-07,0.4857524971680396
2025-05-08,0.4856426546996769
2025-05-09,0.4852288334155148
2025-05-12,0.4851733026191924
2025-05-13,0.4848811599467362
2025-05-14,0.4853391113551256
2025-05-15,0.4849636694615049
2025-05-16,0.4844763431148683
2025-05-19,0.483678538111886
2025-05-20,0.4842061489310802
2025-05-21,0.4835943918193126
2025-05-22,0.4830607333063643
2025-05-23,0.4825280832130869
2025-05-27,0.4821122081858994
2025-05-28,0.4798282950702628
2025-05-29,0.4797491966759717
2025-05-30,0.4798268785905394
2025-06-02,0.4796778347093779
2025-06-03,0.4797917211218789
2025-06-04,0.4792947846024122
2025-06-05,0.4793746765812516
2025-06-06,0.4798297078097557
2025-06-09,0.4805556121888339
2025-06-10,0.4803261691605018
2025-06-11,0.4784884552076198
2025-06-12,0.4784473566175314
2025-06-13,0.4780689763194958
2025-06-16,0.47833710537065
2025-06-17,0.4781445544579533
2025-06-18,0.4779896010091515
2025-06-19,0.4782889481410434
2025-06-20,0.479019726260652
2025-06-23,0.4794066307022322
2025-06-24,0.4788406172829889
2025-06-25,0.4802881226602011
2025-06-26,0.480783991230727
2025-06-27,0.4813174947709323
2025-06-30,0.4800221411669805
2025-07-01,0.4804409863198041
2025-07-02,0.4792926638910426
2025-07-03,0.4787187346772675
2025-07-04,0.479326482271981
2025-07-07,0.4785929398374908
2025-07-08,0.479434961349557
2025-07-09,0.4792884055957608
2025-07-10,0.4788622912494437
2025-07-11,0.4784375765575521
2025-07-14,0.4784724044732831
2025-07-15,0.4788214529694398
2025-07-16,0.4794388499494822
2025-07-17,0.4792145213499192
2025-07-18,0.4795985429291763
2025-07-21,0.4805165863738031
2025-07-22,0.4803246551389973
2025-07-23,0.4801692496609441
2025-07-24,0.480974847710897
2025-07-25,0.4812042430088714
2025-07-28,0.4794503927331317
2025-07-29,0.4809747466203565
2025-07-30,0.4795622967061597
2025-07-31,0.4799781303708528
2025-08-01,0.4800927646627057
2025-08-04,0.4806676176846892
2025-08-05,0.4804367259755713
2025-08-06,0.4810520082875273
2025-08-07,0.4795552021994343
2025-08-08,0.4793625341519745
2025-08-11,0.4800895447948886
2025-08-12,0.4805519617209886
2025-08-13,0.4808599629042588
2025-08-14,0.4810520082875273
2025-08-15,0.4815519238740869
2025-08-18,0.479899119751968
2025-08-19,0.478854141470055
2025-08-20,0.4788103408035575
2025-08-21,0.4800852113843778
2025-08-22,0.479434961349557
2025-08-26,0.4795863979001867
2025-08-27,0.479703167175188
2025-08-28,0.4800116241488234
2025-08-29,0.4805903987118212
2025-09-01,0.4799335464228168
2025-09-02,0.4811695492520338
2025-09-03,0.4812083433882868
2025-09-04,0.4818282897284797
2025-09-05,0.4827141860202673
2025-09-08,0.4814779265872479
2025-09-09,0.4820603645963665
2025-09-10,0.4828726600755094
2025-09-11,0.4813230934797231
2025-09-12,0.4819436472212443
2025-09-15,0.4814399230301635
2025-09-16,0.4823216975047174
2025-09-17,0.4828569230170347
2025-09-18,0.4827795024168436
2025-09-19,0.4833969591793096
2025-09-22,0.4849743840078569
2025-09-23,0.4860304910306564
2025-09-24,0.4848738867499148
2025-09-25,0.4838483335435726
2025-09-26,0.4851185239702052
2025-09-29,0.4851185239702052
2025-09-30,0.4840940312477053
2025-10-01,0.483277309467388
2025-10-02,0.4818607457052425
2025-10-03,0.4814031828475333
2025-10-06,0.4814031828475333
2025-10-07,0.4817160274939036
2025-10-08,0.4810151257852514
2025-10-09,0.4813661575420955
2025-10-10,0.4812880601928962
2025-10-13,0.4812880601928962
2025-10-14,0.4814834005162304
2025-10-15,0.4809762915984543
2025-10-16,0.482097688716325
2025-10-17,0.4841417041220655
2025-10-20,0.4846707799230919
2025-10-21,0.4833322296235352
2025-10-22,0.4837231979617865
2025-10-23,0.4841547527766779
2025-10-24,0.483993494588458
2025-10-27,0.4852415107877245
2025-10-28,0.4851297557415345
2025-10-29,0.4856412987237656
2025-10-30,0.4866373073511049
2025-10-31,0.4876072169161564
2025-11-03,0.488258124950566
2025-11-04,0.4879209001877591
2025-11-05,0.4892209236997569
2025-11-06,0.4947477197176111
2025-11-07,0.496548838717627
2025-11-10,0.4969298609449377
2025-11-11,0.4968917059071857
2025-11-12,0.4974447797169723
2025-11-13,0.4978071821417364
2025-11-14,0.4977862895152442
2025-11-17,0.4979779000767982
2025-11-18,0.4976714649329213
2025-11-19,0.497880227748211
2025-11-20,0.4976922058439509
2025-11-21,0.4989827828444208
2025-11-24,0.4987359808654006
2025-11-25,0.4979222649943783
2025-11-26,0.4976889878632648
2025-11-27,0.5002598194589382
2025-11-28,0.4999222837826602
2025-12-01,0.499776526301879
2025-12-02,0.4990372898178109
2025-12-03,0.4996456780748362
2025-12-04,0.5001384660299543
2025-12-05,0.5014481413724572
2025-12-08,0.5018738918675735
2025-12-09,0.5018093193700225
2025-12-10,0.5028704574316981
2025-12-11,0.5026635855773214
2025-12-12,0.5040308569829746
2025-12-15,0.5041481458020314
2025-12-16,0.5048147548007044
2025-12-17,0.5036296411080038
2025-12-18,0.5055573045813683
2025-12-19,0.5059977388730499
2025-12-22,0.5064234389317288
2025-12-23,0.5061716154983014
2025-12-24,0.5054215686555015
2025-12-29,0.5086233537103341
2025-12-30,0.5087220895945703
2025-12-31,0.5106567904342679
2026-01-02,0.5167829809509705
2026-01-05,0.5238067314586456
2026-01-06,0.5274083523559597
2026-01-07,0.5286404141016774
2026-01-08,0.528476096371142
2026-01-09,0.5287077191282203
2026-01-12,0.529072371306947
2026-01-13,0.5300459530474971
2026-01-14,0.5287077191282203
2026-01-15,0.5301837855316356
2026-01-16,0.5300299063144962
2026-01-19,0.5307435320660117
2026-01-20,0.5300513593035611
2026-01-21,0.5309488590386848
2026-01-22,0.5312398284676655
2026-01-23,0.5319450998756331
2026-01-26,0.5327742634017184
2026-01-27,0.5348468295117648
2026-01-28,0.538029871880328
2026-01-29,0.5377421241637886
2026-01-30,0.5375695656899871
2026-02-02,0.5385782358700181
2026-02-03,0.5392172705402609
2026-02-04,0.5392687764938761
2026-02-05,0.5398448436447851
2026-02-06,0.539466182770883
2026-02-09,0.5411204836758343
2026-02-10,0.5414533428818513
2026-02-11,0.5412431874783398
2026-02-12,0.5423355405690325
2026-02-13,0.5468084189768625
2026-02-16,0.5503825621814755
2026-02-17,0.5503370098668584
2026-02-18,0.550866182818681
2026-02-19,0.5511305855901054
2026-02-20,0.5537339481848041
2026-02-23,0.5546736604792097
2026-02-24,0.5583810873349897
2026-02-25,0.5640467004391886
2026-02-26,0.5676005544077248
2026-02-27,0.5670422807707872
2026-03-02,0.5674024422648579
2026-03-03,0.5805831516242802
2026-03-04,0.5857220068966016
2026-03-05,0.5902527584740358
2026-03-06,0.5941794623396451
2026-03-09,0.5942754959257408
2026-03-10,0.596076828560857
2026-03-11,0.5966568363241711
2026-03-12,0.5970964831232501
2026-03-13,0.5974103232886021
2026-03-16,0.5977948493581755
2026-03-17,0.6006751242190682
2026-03-18,0.6026802247309394
2026-03-19,0.6026427815381417
2026-03-20,0.6039892954051208
2026-03-23,0.6039751884143802
2026-03-24,0.6045470077351812
2026-03-25,0.6046907478781101
2026-03-26,0.6102806809873078
2026-03-27,0.6156212802498605
2026-03-30,0.6180308205752424
2026-03-31,0.6188668860187839
2026-04-01,0.6263368280330053
2026-04-02,0.6278601798850156
2026-04-07,0.6311481955444463
2026-04-08,0.6448100518279305
2026-04-09,0.6496399488368383
2026-04-10,0.650324443662799
2026-04-13,0.650186266487637
2026-04-14,0.651166184818712
2026-04-15,0.6535801501695304
2026-04-16,0.655905062749211
2026-04-17,0.6637646972690804
2026-04-20,0.6621829628667187
2026-04-21,0.660819688455343
2026-04-22,0.6594890357656346
2026-04-23,0.6594153222538957
2026-04-24,0.6597717432493823
2026-04-27,0.6595630131504016
2026-04-28,0.660996389061219
2026-04-29,0.6605695040961885
2026-04-30,0.6607823944776597
2026-05-01,0.6585245134508034
2026-05-05,0.6705517420820486
2026-05-06,0.7005507901701831
2026-05-07,0.7130706549376564
2026-05-08,0.7362145819676573
2026-05-11,0.7405956576187508
2026-05-12,0.7458583913570763
2026-05-13,0.745809053437198
2026-05-14,0.7464368138879256
2026-05-15,0.7486420365014141
2026-05-18,0.7480260764136469
2026-05-19,0.7512494952499702
2026-05-20,0.7518341243869495
2026-05-21,0.7539249562446902
2026-05-22,0.7535046481890509
2026-05-26,0.760083855246883
2026-05-27,0.7605764119154821
2026-05-28,0.7624381112090668
2026-05-29,0.766229903063459
2026-06-01,0.7831145613180983
2026-06-02,0.8007284658957613
2026-06-03,0.8044199147810651
2026-06-04,0.8056529680201243
2026-06-05,0.8329588002526868
2026-06-08,0.8420651621931216
2026-06-09,0.8513459420984498
2026-06-10,0.8545698621200338
2026-06-11,0.8550426420320862
2026-06-12,0.8638784940950147
2026-06-15,0.8813714429507472
2026-06-16,0.883777351483082
2026-06-17,0.8851629700526553
2026-06-18,0.8964023199769
2026-06-19,0.896294591979996
2026-06-22,0.8973366654940862
2026-06-23,0.9222813689576744
2026-06-24,0.9234539843817928
2026-06-25,0.9251740814241228
2026-06-26,0.9243189273245028
2026-06-29,0.9264965292984996
2026-06-30,0.926960713855546
2026-07-01,0.9392297065113624
2026-07-02,0.9589027724314518
2026-07-03,0.9601088680518975
2026-07-06,0.96024606914564
2026-07-07,0.9607641419359608
2026-07-08,0.964258771253064
2026-07-09,0.9646936112765612
2026-07-10,0.9664827943326968
2026-07-13,0.9700855337104046
2026-07-14,0.9690389493159616
2026-07-15,0.9743432219884072
2026-07-16,0.9814347984660402
2026-07-17,0.9839430467836566
2026-07-20,0.9841607977121156
2026-07-21,0.9872637624743864
2026-07-22,0.9895019351832668
2026-07-23,0.9882766560083576
2026-07-24,0.9904091838275274
2026-07-27,1.0003126531834237
2026-07-28,1.0102957525727454
2026-07-29,1.019100932774626
2026-07-30,1.019066983571602
2026-07-31,1.022090471928024
2026-08-03,1.0232473087355138
2026-08-04,1.030663072235974
2026-08-05,1.0303664240302215
2026-08-06,1.0290661155231424
2026-08-07,1.029640398767664
2026-08-10,1.0331133088566318
2026-08-11,1.0336726527355788
2026-08-12,1.0417034343380085
2026-08-13,1.0539219789882577
2026-08-14,1.0599445703585133
2026-08-17,1.0694267244706606
2026-08-18,1.073176550913428
2026-08-19,1.0744262080189395
2026-08-20,1.07351077537132
2026-08-21,1.0774010845976814
2026-08-24,1.0790662854011488
2026-08-25,1.0793329918179824
2026-08-26,1.079062173973159
2026-08-27,1.0801085945141469
2026-08-28,1.0760883814696327
2026-09-01,1.0793867442983058
2026-09-02,1.0794021423326767
2026-09-03,1.0793953287337528
2026-09-04,1.08118154893782
2026-09-07,1.0861809271638951
2026-09-08,1.086768143220248
2026-09-09,1.0854376929600205
2026-09-10,1.0833547471876228
2026-09-11,1.0812325188799503
2026-09-14,1.0929979156301337
2026-09-15,1.095825909993393
2026-09-16,1.0952401911892709
2026-09-17,1.093285183253485
2026-09-18,1.0913702006409445
2026-09-21,1.0941814495009594
2026-09-22,1.0974608299389053
2026-09-23,1.0969289901263242
2026-09-24,1.0984992779309004
2026-09-25,1.0976072725857953
2026-09-28,1.0956504830421436
2026-09-29,1.0950411711248045
