date,value
1995-02-22,0.526123270474085
1995-02-23,0.5268624334224447
1995-02-24,0.5275658207925049
1995-02-27,0.526889835313318
1995-02-28,0.5268234663057404
1995-03-01,0.5273005029634755
1995-03-02,0.527948526266053
1995-03-03,0.5283403391622316
1995-03-06,0.5268242969707072
1995-03-07,0.5262714501539401
1995-03-08,0.5262320475924731
1995-03-09,0.5268638727445474
1995-03-10,0.5256775363559593
1995-03-13,0.5258553016696866
1995-03-14,0.5261477760576427
1995-03-15,0.5265459704036308
1995-03-16,0.526718441638236
1995-03-17,0.5264793790117426
1995-03-20,0.527114788714934
1995-03-21,0.5259773764906632
1995-03-22,0.5268234663057404
1995-03-23,0.526244354966387
1995-03-24,0.5241944747939523
1995-03-27,0.5247839932774476
1995-03-28,0.5245692406613112
1995-03-29,0.5248453274983391
1995-03-30,0.5253314434653381
1995-03-31,0.5253199425355488
1995-04-03,0.5251445919235938
1995-04-04,0.5252239070914612
1995-04-05,0.5247596398547671
1995-04-06,0.5241589123710826
1995-04-07,0.5232216093231988
1995-04-10,0.524160757141697
1995-04-11,0.524796867668849
1995-04-12,0.5245042627722755
1995-04-13,0.5246050153975826
1995-04-17,0.5239727704604883
1995-04-18,0.524796867668849
1995-04-19,0.5246735091166304
1995-04-20,0.5245977592051063
1995-04-21,0.5236158887899933
1995-04-24,0.5238552073248608
1995-04-25,0.5243032619894034
1995-04-26,0.524796867668849
1995-04-27,0.5253892973481996
1995-04-28,0.5255370940134253
1995-05-01,0.5265138503992886
1995-05-02,0.5263792574487176
1995-05-03,0.5262867279162915
1995-05-04,0.5262467889587433
1995-05-05,0.5270212238781214
1995-05-08,0.5263266786981516
1995-05-09,0.5268878902338067
1995-05-10,0.5266622408131706
1995-05-11,0.5259951916296336
1995-05-12,0.5255299032414452
1995-05-15,0.5263164308280678
1995-05-16,0.526663537827136
1995-05-17,0.5265982909334451
1995-05-18,0.5252125079171597
1995-05-19,0.5249576392751542
1995-05-22,0.5247705853949085
1995-05-23,0.5249576392751542
1995-05-24,0.5251956241453551
1995-05-25,0.5251559307442906
1995-05-26,0.5237448275901073
1995-05-30,0.5246766773991146
1995-05-31,0.5244722957429486
1995-06-01,0.524730979011089
1995-06-02,0.5250534757285396
1995-06-05,0.5247705853949085
1995-06-06,0.5248498332027389
1995-06-07,0.5250765790661627
1995-06-08,0.5248673566424116
1995-06-09,0.525054090577916
1995-06-12,0.525054090577916
1995-06-13,0.5249921999572505
1995-06-14,0.5245692406613112
1995-06-15,0.5241758130534462
1995-06-16,0.5240390673520591
1995-06-19,0.5246513846541896
1995-06-20,0.5262223014354408
1995-06-21,0.5265618044420646
1995-06-22,0.5269305588099258
1995-06-23,0.5276288391254005
1995-06-26,0.5280626317053122
1995-06-27,0.5290857433479479
1995-06-28,0.5289569352575123
1995-06-29,0.5289569352575123
1995-06-30,0.5279742595306665
1995-07-03,0.5281876822913961
1995-07-05,0.5287380522730672
1995-07-06,0.5300099033088856
1995-07-07,0.532578178461876
1995-07-10,0.5332067377743637
1995-07-11,0.5325413886061857
1995-07-12,0.5339653435558239
1995-07-13,0.5343844030629727
1995-07-14,0.5342644691820064
1995-07-17,0.533985028231432
1995-07-18,0.5336243250734793
1995-07-19,0.5390549366537452
1995-07-20,0.5409568258856292
1995-07-21,0.5420265320291247
1995-07-24,0.5420928563328593
1995-07-25,0.5460553738209035
1995-07-26,0.5472852368995806
1995-07-27,0.5492949830101548
1995-07-28,0.5497709270204404
1995-07-31,0.5496384549602964
1995-08-01,0.5484049843969412
1995-08-02,0.549220448880931
1995-08-03,0.5504261712308616
1995-08-04,0.5500429300112993
1995-08-07,0.5503558388529155
1995-08-08,0.5509846179164795
1995-08-09,0.5502334468666878
1995-08-10,0.5492671716058569
1995-08-11,0.5494658965612809
1995-08-14,0.5483576882223631
1995-08-15,0.5498041177841919
1995-08-16,0.5495454634894876
1995-08-17,0.549122559052133
1995-08-18,0.5491012874744728
1995-08-21,0.5493863736218482
1995-08-22,0.54941240153497
1995-08-23,0.5473163378362276
1995-08-24,0.5470695968842273
1995-08-25,0.5470344340872068
1995-08-28,0.5479529070928244
1995-08-29,0.548136307924352
1995-08-30,0.5487274921283839
1995-08-31,0.5479523793961266
1995-09-01,0.5484025848924488
1995-09-05,0.5484167498073126
1995-09-06,0.5499245448718697
1995-09-07,0.5497910020247649
1995-09-08,0.5495124614653312
1995-09-11,0.5491012874744728
1995-09-12,0.5486053081550638
1995-09-13,0.5476259378074099
1995-09-14,0.5487749567389241
1995-09-15,0.5494715784540194
1995-09-18,0.550439355890088
1995-09-19,0.5506805944796033
1995-09-20,0.5510779571549693
1995-09-21,0.5505701660717377
1995-09-22,0.5483689127357848
1995-09-25,0.5471499964759485
1995-09-26,0.5481928144866576
1995-09-27,0.5481124925555109
1995-09-28,0.5478723239440494
1995-09-29,0.5476221647691575
1995-10-02,0.547176232905394
1995-10-03,0.5473389395209215
1995-10-04,0.5461194243935312
1995-10-05,0.5461194243935312
1995-10-06,0.5462185195896515
1995-10-09,0.5490213893696928
1995-10-10,0.5497047294693669
1995-10-11,0.5504467012297154
1995-10-12,0.5500396664535906
1995-10-13,0.5497507290134704
1995-10-16,0.5514479965325269
1995-10-17,0.5511811327193992
1995-10-18,0.5517167800232948
1995-10-19,0.5514654886533493
1995-10-20,0.5516129573497
1995-10-23,0.551924250383083
1995-10-24,0.5523693180024007
1995-10-25,0.5517512008387563
1995-10-26,0.5522427957014856
1995-10-27,0.5519530265413715
1995-10-30,0.5517659897427664
1995-10-31,0.5516969071184409
1995-11-01,0.5517659897427664
1995-11-02,0.5507137108330459
1995-11-03,0.5531467080246224
1995-11-06,0.5527371054537737
1995-11-07,0.5523915889486362
1995-11-08,0.5521060810470201
1995-11-09,0.5518499733978842
1995-11-10,0.5516322846287058
1995-11-13,0.5524751305814075
1995-11-14,0.5514448033723538
1995-11-15,0.5533351386442686
1995-11-16,0.5529812357716359
1995-11-17,0.5526300121752499
1995-11-20,0.5527704808299099
1995-11-21,0.5533896826506722
1995-11-22,0.5527349511531912
1995-11-24,0.5526030934330664
1995-11-27,0.5529970545977048
1995-11-28,0.5526414908091863
1995-11-29,0.5531822707618748
1995-11-30,0.553719128000696
1995-12-01,0.5526190407551427
1995-12-04,0.5521942495751676
1995-12-05,0.5519434642809996
1995-12-06,0.5518055386847195
1995-12-07,0.5524266787955348
1995-12-08,0.5523036130765772
1995-12-11,0.5510284534305236
1995-12-12,0.5499203246311032
1995-12-13,0.5496002310995749
1995-12-14,0.5497436247227195
1995-12-15,0.5499182747012942
1995-12-18,0.5542774610791391
1995-12-19,0.5544291902227473
1995-12-20,0.5546562110140483
1995-12-21,0.5559584334182249
1995-12-22,0.5566281318546499
1995-12-26,0.5574081150167717
1995-12-27,0.5573663877056105
1995-12-28,0.5570493486577927
1995-12-29,0.5550283402770628
1996-01-02,0.5571625820432589
1996-01-03,0.5567300981695387
1996-01-04,0.5558945410533422
1996-01-05,0.5557357144289787
1996-01-08,0.5552478833835397
1996-01-09,0.5587751949457145
1996-01-10,0.560430982048118
1996-01-11,0.5603971185673428
1996-01-12,0.5595478721629428
1996-01-15,0.5597431724755104
1996-01-16,0.5596673519086828
1996-01-17,0.5583834989623557
1996-01-18,0.5580715982084437
1996-01-19,0.5583441355882842
1996-01-22,0.5575275983176848
1996-01-23,0.5576822047840474
1996-01-24,0.5574470554908402
1996-01-25,0.5571314075051593
1996-01-26,0.5567754497172269
1996-01-29,0.5572876447457955
1996-01-30,0.5541973226432747
1996-01-31,0.5541201153809279
1996-02-01,0.5546692220772432
1996-02-02,0.5552889439897208
1996-02-05,0.5557255487548144
1996-02-06,0.556589320295117
1996-02-07,0.5560036370575537
1996-02-08,0.5562736820719051
1996-02-09,0.5562376667060704
1996-02-12,0.555843652816716
1996-02-13,0.554985823397351
1996-02-14,0.5539082872015337
1996-02-15,0.5537469114974322
1996-02-16,0.553592068762327
1996-02-20,0.5536023053802293
1996-02-21,0.5537181628876893
1996-02-22,0.5546718125371269
1996-02-23,0.5547104393961134
1996-02-26,0.5541914139851788
1996-02-27,0.5548064736737748
1996-02-28,0.5551224939994317
1996-02-29,0.5553151003426456
1996-03-01,0.5561873367055872
1996-03-04,0.5567754497172269
1996-03-05,0.5569319007848854
1996-03-06,0.5573225652073326
1996-03-07,0.555828186998477
1996-03-08,0.5551404896163277
1996-03-11,0.5554543178217721
1996-03-12,0.5556016898219832
1996-03-13,0.5553193343744954
1996-03-14,0.5563447341621703
1996-03-15,0.5559113058981233
1996-03-18,0.5576010037639964
1996-03-19,0.5589338611448084
1996-03-20,0.5588951473895635
1996-03-21,0.5587388576252893
1996-03-22,0.5580712727691866
1996-03-25,0.5581890682614997
1996-03-26,0.5580319295072876
1996-03-27,0.5588603532879141
1996-03-28,0.5588993188779693
1996-03-29,0.5578353708417064
1996-04-01,0.5594862891095383
1996-04-02,0.5600328735385685
1996-04-03,0.5601482980060049
1996-04-04,0.559525782833668
1996-04-08,0.5601893300316269
1996-04-09,0.5597604665629323
1996-04-10,0.5599185600212123
1996-04-11,0.5594063525873483
1996-04-12,0.5583861888580979
1996-04-15,0.5581106265512472
1996-04-16,0.5568853547079664
1996-04-17,0.5572413525703386
1996-04-18,0.5587412423877299
1996-04-19,0.5592101283455291
1996-04-22,0.5585415960161317
1996-04-23,0.5594004991818483
1996-04-24,0.5602050949336927
1996-04-25,0.5615502364789094
1996-04-26,0.5615187524882882
1996-04-29,0.5612933612440237
1996-04-30,0.561956080927379
1996-05-01,0.5608232968559932
1996-05-02,0.5598200846431058
1996-05-03,0.5595902333228873
1996-05-06,0.559829086976927
1996-05-07,0.5612218902827913
1996-05-08,0.5610255079424487
1996-05-09,0.5597505396313506
1996-05-10,0.5607510087867673
1996-05-13,0.562956875036459
1996-05-14,0.5659649156969486
1996-05-15,0.5661215929419404
1996-05-16,0.5673657985931428
1996-05-17,0.5673332793888844
1996-05-20,0.567104203489196
1996-05-21,0.5664685658361267
1996-05-22,0.5663900819371495
1996-05-23,0.5674238944658365
1996-05-24,0.5664916226876342
1996-05-28,0.5658858028144321
1996-05-29,0.5670841906182927
1996-05-30,0.5666805208557797
1996-05-31,0.5670778717652942
1996-06-03,0.5670778717652942
1996-06-04,0.5659408003551041
1996-06-05,0.5657967280495526
1996-06-06,0.5647898848764176
1996-06-07,0.5650653537474571
1996-06-10,0.5654581456092225
1996-06-11,0.5657245901327248
1996-06-12,0.566174003399331
1996-06-13,0.5659408003551041
1996-06-14,0.5667471623046983
1996-06-17,0.5675235661678837
1996-06-18,0.5700460908888089
1996-06-19,0.5711288017419098
1996-06-20,0.5713907941778119
1996-06-21,0.5718635891449995
1996-06-24,0.5720577385421395
1996-06-25,0.5721364949139174
1996-06-26,0.5724560680496931
1996-06-27,0.5729730765462914
1996-06-28,0.5724949606165379
1996-07-01,0.5734450948624713
1996-07-02,0.5736502433287964
1996-07-03,0.5730155432297463
1996-07-05,0.5727558357945757
1996-07-08,0.5726734514832876
1996-07-09,0.5744930426886179
1996-07-10,0.5754270022324103
1996-07-11,0.5772390241812368
1996-07-12,0.5785891644363834
1996-07-15,0.5880502224261629
1996-07-16,0.5931761338059081
1996-07-17,0.5924333607579648
1996-07-18,0.5949710904564391
1996-07-19,0.5966403268876218
1996-07-22,0.5969452333993415
1996-07-23,0.5995114813302568
1996-07-24,0.6018675693802894
1996-07-25,0.601544858757209
1996-07-26,0.6017236639287267
1996-07-29,0.6013041403629981
1996-07-30,0.6012519224819837
1996-07-31,0.6032912745317456
1996-08-01,0.6018652760853915
1996-08-02,0.6046846381648132
1996-08-05,0.604922339454207
1996-08-06,0.6054872014263935
1996-08-07,0.6057357441216615
1996-08-08,0.6055218996480195
1996-08-09,0.6052182977713814
1996-08-12,0.6068328754116193
1996-08-13,0.6057357441216615
1996-08-14,0.6057119491607076
1996-08-15,0.60583830113187
1996-08-16,0.6058401997235904
1996-08-19,0.607056888227831
1996-08-20,0.6058342328851014
1996-08-21,0.6054739483130241
1996-08-22,0.6045455123937985
1996-08-23,0.6031369442518439
1996-08-26,0.6027550397717322
1996-08-27,0.6026233094073379
1996-08-28,0.6020048572866233
1996-08-29,0.602556087736813
1996-08-30,0.6026589564207578
1996-09-03,0.6027626323537298
1996-09-04,0.6038603655513024
1996-09-05,0.6025667743168607
1996-09-06,0.602490828115827
1996-09-09,0.6021700491422076
1996-09-10,0.6038047482309725
1996-09-11,0.6034002595609187
1996-09-12,0.6033436404199713
1996-09-13,0.6037355350884938
1996-09-16,0.6047970898162148
1996-09-17,0.6050637467454674
1996-09-18,0.605443883074819
1996-09-19,0.6058522105490274
1996-09-20,0.6058363924091474
1996-09-23,0.6056160388160924
1996-09-24,0.6054623823212579
1996-09-25,0.6044284645485888
1996-09-26,0.6057807734359105
1996-09-27,0.6063493045036759
1996-09-30,0.6067429890671214
1996-10-01,0.6058942146564009
1996-10-02,0.6055054651802951
1996-10-03,0.6055948095905941
1996-10-04,0.6053970079749131
1996-10-07,0.6052323878611583
1996-10-08,0.6053458810521338
1996-10-09,0.6054863111402423
1996-10-10,0.6052667566685808
1996-10-11,0.6045130942199408
1996-10-14,0.6030816052971827
1996-10-15,0.6022217757837923
1996-10-16,0.6017993572639109
1996-10-17,0.6000897503888686
1996-10-18,0.6004191635335454
1996-10-21,0.6007768306869119
1996-10-22,0.6012898441975262
1996-10-23,0.6010262378788109
1996-10-24,0.6002713392084928
1996-10-25,0.6011212010338046
1996-10-28,0.6010172441025403
1996-10-29,0.6013030272567739
1996-10-30,0.6009348851465012
1996-10-31,0.60037959996131
1996-11-01,0.6005047169222876
1996-11-04,0.6008823737807204
1996-11-05,0.6002381267338159
1996-11-06,0.5995157225933483
1996-11-07,0.6008587085725846
1996-11-08,0.6008148320166946
1996-11-11,0.6008313810055339
1996-11-12,0.6005706157428755
1996-11-13,0.6007775307992714
1996-11-14,0.600141446022952
1996-11-15,0.600255415384189
1996-11-18,0.599815384756316
1996-11-19,0.5993755543103393
1996-11-20,0.5994168814125648
1996-11-21,0.5984707041401633
1996-11-22,0.5974050656952278
1996-11-25,0.5976319073384428
1996-11-26,0.5974808719699487
1996-11-27,0.5965695625524482
1996-11-29,0.5959950906184022
1996-12-02,0.5975199115663702
1996-12-03,0.5978763744648162
1996-12-04,0.5979404449774867
1996-12-05,0.5974822601014703
1996-12-06,0.5956645382615552
1996-12-09,0.5944591711152594
1996-12-10,0.593925977585099
1996-12-11,0.5941573896970913
1996-12-12,0.5938933238516044
1996-12-13,0.5951214343734792
1996-12-16,0.5967428760404601
1996-12-17,0.5972141836530406
1996-12-18,0.5969712429371667
1996-12-19,0.5977252472944504
1996-12-20,0.5970855890127621
1996-12-23,0.5963646512240768
1996-12-24,0.5961683972518835
1996-12-26,0.5960143769045139
1996-12-27,0.5953474708799559
1996-12-30,0.5960822828184447
1996-12-31,0.5970715628568934
1997-01-02,0.5961519419256777
1997-01-03,0.5967417822635519
1997-01-06,0.5965654003966756
1997-01-07,0.5958271709093454
1997-01-08,0.5957239758340236
1997-01-09,0.5963832077257446
1997-01-10,0.595319817227761
1997-01-13,0.5942209765971819
1997-01-14,0.593115920835099
1997-01-15,0.5922799493427332
1997-01-16,0.590728780759203
1997-01-17,0.5898755155738744
1997-01-20,0.5901743781510439
1997-01-21,0.5892332237146216
1997-01-22,0.5891751341796286
1997-01-23,0.5889954864298027
1997-01-24,0.5896521859698824
1997-01-27,0.5901575691180777
1997-01-28,0.5902501641893291
1997-01-29,0.5902545453350697
1997-01-30,0.5898075070853277
1997-01-31,0.5903639106878795
1997-02-03,0.5903471940424626
1997-02-04,0.5898873396072772
1997-02-05,0.5895180164947492
1997-02-06,0.5881150883094385
1997-02-07,0.5873322351088224
1997-02-10,0.588012305789554
1997-02-11,0.5874127623868073
1997-02-12,0.5864070002779392
1997-02-13,0.5883667075493713
1997-02-14,0.5895678106455323
1997-02-18,0.5892846304796826
1997-02-19,0.588971170375718
1997-02-20,0.588956212788218
1997-02-21,0.5886628164450348
1997-02-24,0.5893254713757353
1997-02-25,0.5902022222248926
1997-02-26,0.5903410855377879
1997-02-27,0.590874046030354
1997-02-28,0.5927457165225742
1997-03-03,0.5938344669842115
1997-03-04,0.5928231370419879
1997-03-05,0.5932999270103553
1997-03-06,0.5936390537642139
1997-03-07,0.5937836501997332
1997-03-10,0.5926631344594353
1997-03-11,0.5919966279592405
1997-03-12,0.5923832106146925
1997-03-13,0.59204575299787
1997-03-14,0.5923221446882666
1997-03-17,0.5925446595496012
1997-03-18,0.5932157373829843
1997-03-19,0.5937723869122599
1997-03-20,0.5934368202122243
1997-03-21,0.5941187045156097
1997-03-24,0.5957150756284563
1997-03-25,0.5954335583560181
1997-03-26,0.5951263600217189
1997-03-27,0.5948042323784399
1997-03-31,0.5963282904468352
1997-04-01,0.5999216963260581
1997-04-02,0.6003644883835122
1997-04-03,0.6004434877995474
1997-04-04,0.6005234834548752
1997-04-07,0.6004150345209552
1997-04-08,0.6003759912114495
1997-04-09,0.6006148747914276
1997-04-10,0.6018523282051393
1997-04-11,0.6042066076325785
1997-04-14,0.6050510551032361
1997-04-15,0.6053225541887551
1997-04-16,0.6051583268052393
1997-04-17,0.605091583906472
1997-04-18,0.6045421541793697
1997-04-21,0.6035838304981155
1997-04-22,0.6026818860132235
1997-04-23,0.6016465067362975
1997-04-24,0.601037900199836
1997-04-25,0.5996817216140898
1997-04-28,0.599649836593769
1997-04-29,0.5992805136415174
1997-04-30,0.6016551608370385
1997-05-01,0.603164206938211
1997-05-02,0.6093805344441114
1997-05-05,0.6163332762317127
1997-05-06,0.6170488774118342
1997-05-07,0.6170039911043776
1997-05-08,0.6170397944188221
1997-05-09,0.6174099971540825
1997-05-12,0.6142264628916811
1997-05-13,0.6142326538030374
1997-05-14,0.613223066914053
1997-05-15,0.611362324102141
1997-05-16,0.6123616703096416
1997-05-19,0.6121163745832267
1997-05-20,0.6107202128483483
1997-05-21,0.6110437829212501
1997-05-22,0.6109244854687259
1997-05-23,0.6120457454714467
1997-05-27,0.6118271293919773
1997-05-28,0.6103525455249074
1997-05-29,0.610135304122209
1997-05-30,0.6103104536960007
1997-06-02,0.6102529221642403
1997-06-03,0.6094096564071673
1997-06-04,0.6101253913913866
1997-06-05,0.6102662003449243
1997-06-06,0.6103104536960007
1997-06-09,0.6107603795550048
1997-06-10,0.6108002718296357
1997-06-11,0.6110233246608462
1997-06-12,0.6123664516705398
1997-06-13,0.6101114491509738
1997-06-16,0.6090347106405047
1997-06-17,0.6109833134014471
1997-06-18,0.6108633367685786
1997-06-19,0.6109833134014471
1997-06-20,0.610897745543321
1997-06-23,0.6090087033768384
1997-06-24,0.6076672505565877
1997-06-25,0.6065537064373903
1997-06-26,0.606417316102816
1997-06-27,0.6059835259559221
1997-06-30,0.6055975320856243
1997-07-01,0.6044737486016376
1997-07-02,0.6050154307682183
1997-07-03,0.6055147320386739
1997-07-07,0.605714030401895
1997-07-08,0.6062342332451451
1997-07-09,0.6052548479212643
1997-07-10,0.6070198819070451
1997-07-11,0.6057408869447563
1997-07-14,0.6066663676728661
1997-07-15,0.6087815061525511
1997-07-16,0.6125716025089168
1997-07-17,0.6115356596787568
1997-07-18,0.6108987191958953
1997-07-21,0.6129327231689079
1997-07-22,0.6132965653014072
1997-07-23,0.6132517622525618
1997-07-24,0.612964135382187
1997-07-25,0.614241410476485
1997-07-28,0.6138600857558493
1997-07-29,0.6128828819535524
1997-07-30,0.611038868610037
1997-07-31,0.6098546729938511
1997-08-01,0.610849675397896
1997-08-04,0.6112841900601664
1997-08-05,0.6112490047421102
1997-08-06,0.6124292329898319
1997-08-07,0.6129595951789558
1997-08-08,0.6132590186148904
1997-08-11,0.6138973471246539
1997-08-12,0.614726120742918
1997-08-13,0.6147189975114172
1997-08-14,0.6141953795868047
1997-08-15,0.6131905457334039
1997-08-18,0.6138033736989559
1997-08-19,0.6151283348045727
1997-08-20,0.6161674511877268
1997-08-21,0.6150833323132072
1997-08-22,0.6152651187582345
1997-08-25,0.6139842283303671
1997-08-26,0.613219433938113
1997-08-27,0.6133120653467299
1997-08-28,0.6130466599495253
1997-08-29,0.6131660467345965
1997-09-02,0.6132928143099308
1997-09-03,0.6132017159110725
1997-09-04,0.6131426888679551
1997-09-05,0.6122593423645772
1997-09-08,0.6117973974364693
1997-09-09,0.6131794592805844
1997-09-10,0.6132442800722092
1997-09-11,0.6130470789588844
1997-09-12,0.6119306975204452
1997-09-15,0.6113246242194947
1997-09-16,0.6134667456428871
1997-09-17,0.6133396108235056
1997-09-18,0.6133129568728061
1997-09-19,0.6120141235475933
1997-09-22,0.611794672638143
1997-09-23,0.6111959636958999
1997-09-24,0.6106045237166126
1997-09-25,0.6100516667391525
1997-09-26,0.608446152071772
1997-09-29,0.6090974948957688
1997-09-30,0.6079520796077711
1997-10-01,0.60602454516498
1997-10-02,0.6055280744599253
1997-10-03,0.605653835586214
1997-10-06,0.6055430356615864
1997-10-07,0.6062677481335078
1997-10-08,0.6064610264241361
1997-10-09,0.6058506527672398
1997-10-10,0.604702413607181
1997-10-13,0.6041498570098197
1997-10-14,0.601589402158938
1997-10-15,0.6001555275654219
1997-10-16,0.598536305494412
1997-10-17,0.6031053655592408
1997-10-20,0.6047837981351494
1997-10-21,0.6045098128768196
1997-10-22,0.604542058073027
1997-10-23,0.6043330388219164
1997-10-24,0.6056263521006855
1997-10-27,0.628518861040117
1997-10-28,0.6293265686167596
1997-10-29,0.6287102011097399
1997-10-30,0.6287329974665526
1997-10-31,0.6285967206837533
1997-11-03,0.6298876528962043
1997-11-04,0.6297838855175614
1997-11-05,0.6302107061315911
1997-11-06,0.6297926169127067
1997-11-07,0.6304558645323589
1997-11-10,0.6297127876289421
1997-11-11,0.6301019519386735
1997-11-12,0.6314776345617553
1997-11-13,0.6302009556567245
1997-11-14,0.6290147927109948
1997-11-17,0.6311231273292848
1997-11-18,0.6315399898473268
1997-11-19,0.6318221840770452
1997-11-20,0.6308717287944531
1997-11-21,0.6302653549331092
1997-11-24,0.6287228141375523
1997-11-25,0.6296225849387996
1997-11-26,0.6300055102756319
1997-11-28,0.6292868920931225
1997-12-01,0.6287496597073552
1997-12-02,0.6294060111634391
1997-12-03,0.6291266528558421
1997-12-04,0.6295165813025076
1997-12-05,0.6285450531854144
1997-12-08,0.6276541565863611
1997-12-09,0.6275169151863869
1997-12-10,0.6285413145092448
1997-12-11,0.6327601101625687
1997-12-12,0.636355486999166
1997-12-15,0.6376836267171302
1997-12-16,0.6365410483585935
1997-12-17,0.6380626454169229
1997-12-18,0.638396013899187
1997-12-19,0.6387066365854305
1997-12-22,0.6375782921580585
1997-12-23,0.6383054751250178
1997-12-24,0.6385103329536326
1997-12-26,0.6375620159260164
1997-12-29,0.6379804834396559
1997-12-30,0.6384261377259551
1997-12-31,0.6390507909912579
1998-01-02,0.639990549410387
1998-01-05,0.6409893387898012
1998-01-06,0.6397453077432851
1998-01-07,0.640896037405439
1998-01-08,0.6410909947890145
1998-01-09,0.6453909303044717
1998-01-12,0.6482051821215878
1998-01-13,0.6460467333625755
1998-01-14,0.6449419407917305
1998-01-15,0.6453170907762301
1998-01-16,0.6444566937112446
1998-01-20,0.6452801841763882
1998-01-21,0.6456435546570409
1998-01-22,0.645416387301633
1998-01-23,0.6446309078214896
1998-01-26,0.6443370106124412
1998-01-27,0.6442070331994246
1998-01-28,0.6460209385681382
1998-01-29,0.64953658108588
1998-01-30,0.6504620015650372
1998-02-02,0.6505106740421784
1998-02-03,0.6515887011605043
1998-02-04,0.6528764336957352
1998-02-05,0.6549484899106689
1998-02-06,0.6549484899106689
1998-02-09,0.653956249001869
1998-02-10,0.6533307098774179
1998-02-11,0.652015188494707
1998-02-12,0.6497735623750416
1998-02-13,0.6485786864775192
1998-02-17,0.6473330367571085
1998-02-18,0.6479428217657667
1998-02-19,0.6479276921536617
1998-02-20,0.6481647601270552
1998-02-23,0.6462779587102923
1998-02-24,0.6457396825274997
1998-02-25,0.6452966846286701
1998-02-26,0.6442162114385513
1998-02-27,0.6432540137946895
1998-03-02,0.6418520423401399
1998-03-03,0.6404687027992532
1998-03-04,0.6396434927679271
1998-03-05,0.6397355704847844
1998-03-06,0.6398729031840042
1998-03-09,0.6399342809369298
1998-03-10,0.6389685983573006
1998-03-11,0.6392264911309419
1998-03-12,0.639197633024241
1998-03-13,0.6387395742215929
1998-03-16,0.639358371239721
1998-03-17,0.6391779748330656
1998-03-18,0.6373514283803061
1998-03-19,0.6369249428041838
1998-03-20,0.6363509210791406
1998-03-23,0.6366634220704622
1998-03-24,0.6369992750200096
1998-03-25,0.6381117162695871
1998-03-26,0.6374106824697702
1998-03-27,0.6361424637564278
1998-03-30,0.6358747854743602
1998-03-31,0.6349821061179138
1998-04-01,0.6365730798235669
1998-04-02,0.6364494472632143
1998-04-03,0.6360933341328631
1998-04-06,0.6344825373469546
1998-04-07,0.634940091757555
1998-04-08,0.6352123025481755
1998-04-09,0.6348984275059736
1998-04-13,0.6355924683215292
1998-04-14,0.6357629489256377
1998-04-15,0.6365577233980244
1998-04-16,0.6364521575476373
1998-04-17,0.6357662510317741
1998-04-20,0.6343224363215272
1998-04-21,0.6333164434096388
1998-04-22,0.6336424518647001
1998-04-23,0.6326570317542576
1998-04-24,0.6322732650475721
1998-04-27,0.6357873481593721
1998-04-28,0.6366220101817067
1998-04-29,0.6356099465185536
1998-04-30,0.634315437574675
1998-05-01,0.6344159213350017
1998-05-04,0.6334526664686315
1998-05-05,0.6324584174066705
1998-05-06,0.6341724073293262
1998-05-07,0.6344576379622971
1998-05-08,0.6337934068949784
1998-05-11,0.6347703366173065
1998-05-12,0.6348581720874886
1998-05-13,0.6356271290778444
1998-05-14,0.6351446339399848
1998-05-15,0.6347484540019881
1998-05-18,0.6347924303746149
1998-05-19,0.6345426924860876
1998-05-20,0.6344545022408036
1998-05-21,0.633740691158867
1998-05-22,0.6332833572326393
1998-05-26,0.634469694686154
1998-05-27,0.6350640487538466
1998-05-28,0.6357058395370423
1998-05-29,0.6355886773373199
1998-06-01,0.6362727073093446
1998-06-02,0.6344032375935833
1998-06-03,0.6358793971261582
1998-06-04,0.6361448245553162
1998-06-05,0.6368562755117425
1998-06-08,0.636651574140005
1998-06-09,0.6366179772783279
1998-06-10,0.6371755730205922
1998-06-11,0.6376820929181218
1998-06-12,0.6391633596625024
1998-06-15,0.6372849023883759
1998-06-16,0.6365678574663965
1998-06-17,0.6351130993423478
1998-06-18,0.6334434550359678
1998-06-19,0.6329253020630671
1998-06-22,0.6344689482235627
1998-06-23,0.6337467779030657
1998-06-24,0.634220650089828
1998-06-25,0.6344662629930147
1998-06-26,0.6343938137064203
1998-06-29,0.6355413787907468
1998-06-30,0.6359758037457128
1998-07-01,0.635900838043119
1998-07-02,0.636011374099062
1998-07-06,0.6359560095129891
1998-07-07,0.634226121065382
1998-07-08,0.6311577431596389
1998-07-09,0.6313946538415302
1998-07-10,0.6301192280811249
1998-07-13,0.6286176485666353
1998-07-14,0.6263122036831047
1998-07-15,0.625892276598185
1998-07-16,0.625604891861677
1998-07-17,0.6244770722322551
1998-07-20,0.6236764035407031
1998-07-21,0.6223583837825176
1998-07-22,0.6224445590554707
1998-07-23,0.6261648586796684
1998-07-24,0.6270349360938225
1998-07-27,0.6270841528547513
1998-07-28,0.6284965338672124
1998-07-29,0.6296207310540303
1998-07-30,0.6287588124083007
1998-07-31,0.6283906541344275
1998-08-03,0.6293631592975104
1998-08-04,0.6352569900194781
1998-08-05,0.6363850431220441
1998-08-06,0.6364360209643257
1998-08-07,0.6366509632036054
1998-08-10,0.6363421199562349
1998-08-11,0.6362832869546743
1998-08-12,0.636583560451281
1998-08-13,0.6373234376276498
1998-08-14,0.6364413666137502
1998-08-17,0.6348911442882432
1998-08-18,0.6346829528156847
1998-08-19,0.6346325270882917
1998-08-20,0.634047655414669
1998-08-21,0.632657302060242
1998-08-24,0.6338383954523528
1998-08-25,0.633206120451444
1998-08-26,0.6329720073000622
1998-08-27,0.6404242716777254
1998-08-28,0.64688836341962
1998-08-31,0.670446567207356
1998-09-01,0.672899893428259
1998-09-02,0.6734084875299322
1998-09-03,0.6733467876706069
1998-09-04,0.67228504676965
1998-09-08,0.6727312515189396
1998-09-09,0.6723184091849997
1998-09-10,0.6720434584746386
1998-09-11,0.6711487038939813
1998-09-14,0.6724865264866374
1998-09-15,0.6731157024008106
1998-09-16,0.6719315238297271
1998-09-17,0.6708826984140617
1998-09-18,0.6710557112197545
1998-09-21,0.6699391510602352
1998-09-22,0.6694077912051031
1998-09-23,0.6705975124070697
1998-09-24,0.6709058774016188
1998-09-25,0.6697154956795232
1998-09-28,0.6680548306516519
1998-09-29,0.6665449661059862
1998-09-30,0.66646239600256
1998-10-01,0.6727006373317093
1998-10-02,0.6743695991283685
1998-10-05,0.6813314358703833
1998-10-06,0.6853741905810731
1998-10-07,0.6872877338580136
1998-10-08,0.6900724414845739
1998-10-09,0.6883494939852951
1998-10-12,0.6895199837795105
1998-10-13,0.6886835403044692
1998-10-14,0.6890753678445067
1998-10-15,0.690336170578739
1998-10-16,0.6924490003496299
1998-10-19,0.6939243485468682
1998-10-20,0.6940081526079915
1998-10-21,0.693887179338153
1998-10-22,0.6938832740574327
1998-10-23,0.6944396090455968
1998-10-26,0.6939843678665746
1998-10-27,0.693083318683646
1998-10-28,0.6917544023015025
1998-10-29,0.6927075270084738
1998-10-30,0.6927572696025787
1998-11-02,0.6933091414228667
1998-11-03,0.6943106436229189
1998-11-04,0.6950391099858015
1998-11-05,0.6955285867482487
1998-11-06,0.6961154883460425
1998-11-09,0.6967254946753507
1998-11-10,0.6962446183441678
1998-11-11,0.6962017556901268
1998-11-12,0.6957580674473117
1998-11-13,0.695295070503795
1998-11-16,0.6943610302051837
1998-11-17,0.6956335968435715
1998-11-18,0.6951987184903439
1998-11-19,0.6966585639799378
1998-11-20,0.6968970312799833
1998-11-23,0.6978294430382306
1998-11-24,0.6987412531985235
1998-11-25,0.6990818554314536
1998-11-27,0.7002463010684458
1998-11-30,0.7001285914229379
1998-12-01,0.6999119593991003
1998-12-02,0.6989661484421968
1998-12-03,0.7001093365570163
1998-12-04,0.7004978495279992
1998-12-07,0.7010270235842452
1998-12-08,0.7006299772237198
1998-12-09,0.7005670418158192
1998-12-10,0.7005737749313939
1998-12-11,0.7000404884013948
1998-12-14,0.7015377685406163
1998-12-15,0.7008747022056186
1998-12-16,0.7003625472782824
1998-12-17,0.6984271475114161
1998-12-18,0.6983981535681463
1998-12-21,0.7008454740790192
1998-12-22,0.7014557968475038
1998-12-23,0.7040505364842096
1998-12-24,0.7031097355151656
1998-12-28,0.7020022326124111
1998-12-29,0.7011447462360464
1998-12-30,0.7004137127053702
1998-12-31,0.7001964209020956
1999-01-04,0.6990503656508094
1999-01-05,0.6980778949514159
1999-01-06,0.7003419249098173
1999-01-07,0.7027203373820323
1999-01-08,0.704325521375373
1999-01-11,0.7071127722033802
1999-01-12,0.7070617573508178
1999-01-13,0.7072328633614606
1999-01-14,0.7077406741811793
1999-01-15,0.7058646933834625
1999-01-19,0.70918108296475
1999-01-20,0.711035411136058
1999-01-21,0.7098064505435595
1999-01-22,0.7084535458452567
1999-01-25,0.7087070747236777
1999-01-26,0.709760761201658
1999-01-27,0.7097228496283889
1999-01-28,0.7101798384988769
1999-01-29,0.710593304358447
1999-02-01,0.711901399933215
1999-02-02,0.7122211453922401
1999-02-03,0.710813801785609
1999-02-04,0.7100545507769004
1999-02-05,0.7122508433056413
1999-02-08,0.7126079674784238
1999-02-09,0.7128670768636762
1999-02-10,0.7099252983006152
1999-02-11,0.7082738196236887
1999-02-12,0.7094552398654872
1999-02-16,0.7098330468522276
1999-02-17,0.7075821869947037
1999-02-18,0.7109387479363826
1999-02-19,0.7109528099391623
1999-02-22,0.7098182295212566
1999-02-23,0.7089585590510565
1999-02-24,0.7081953262855866
1999-02-25,0.7053238337486765
1999-02-26,0.7061043009911079
1999-03-01,0.7052207911350729
1999-03-02,0.703868307497151
1999-03-03,0.702407571943511
1999-03-04,0.7004030612215167
1999-03-05,0.6985983457931346
1999-03-08,0.7003845155888321
1999-03-09,0.7015121178453214
1999-03-10,0.7020775782160296
1999-03-11,0.7017627903880432
1999-03-12,0.7017115936576436
1999-03-15,0.7008556400729603
1999-03-16,0.6994328773669244
1999-03-17,0.6997483084118552
1999-03-18,0.6983341829108133
1999-03-19,0.6976174667692239
1999-03-22,0.6970505174413006
1999-03-23,0.6989176146788856
1999-03-24,0.6985565668232468
1999-03-25,0.6988144544024271
1999-03-26,0.6989212698642167
1999-03-29,0.7005514631366242
1999-03-30,0.6982960793805449
1999-03-31,0.6972928463573956
1999-04-01,0.6954584436026248
1999-04-05,0.6961179685038884
1999-04-06,0.6959126173888921
1999-04-07,0.6956974963719974
1999-04-08,0.6958007368698744
1999-04-09,0.6951054567664868
1999-04-12,0.6942836807609056
1999-04-13,0.6935850159832229
1999-04-14,0.6958551117394813
1999-04-15,0.6964953597903358
1999-04-16,0.6968966390322971
1999-04-19,0.7033425293582329
1999-04-20,0.7026206322731822
1999-04-21,0.7016863098044298
1999-04-22,0.7057941911477732
1999-04-23,0.7104031069795698
1999-04-26,0.7113955417114722
1999-04-27,0.7112684888956406
1999-04-28,0.7108556160850695
1999-04-29,0.7097315528662111
1999-04-30,0.7087037804426772
1999-05-03,0.7072604289896222
1999-05-04,0.7058427521404105
1999-05-05,0.7049085637457748
1999-05-06,0.705588284001555
1999-05-07,0.7053968058049863
1999-05-10,0.7050774539097039
1999-05-11,0.7059767506310193
1999-05-12,0.705864831739077
1999-05-13,0.7034065059404696
1999-05-14,0.7041798577779447
1999-05-17,0.7031624522356217
1999-05-18,0.701453900663529
1999-05-19,0.699459636669583
1999-05-20,0.6982456335731404
1999-05-21,0.6970405560461844
1999-05-24,0.70001252399814
1999-05-25,0.7072187303636437
1999-05-26,0.7078084916507582
1999-05-27,0.7064727907937446
1999-05-28,0.7043694173202585
1999-06-01,0.7017074996327295
1999-06-02,0.7011389121079805
1999-06-03,0.6999301586913035
1999-06-04,0.7001255632191693
1999-06-07,0.7010100751979462
1999-06-08,0.7007137126891388
1999-06-09,0.7015593903190994
1999-06-10,0.6994805982064485
1999-06-11,0.6974933242240811
1999-06-14,0.6951207960341569
1999-06-15,0.6932165751830314
1999-06-16,0.692618501319361
1999-06-17,0.6932013987074147
1999-06-18,0.6949374182984955
1999-06-21,0.6975521866186892
1999-06-22,0.6968713103843573
1999-06-23,0.6968553626720246
1999-06-24,0.6951237606097078
1999-06-25,0.6956754884348606
1999-06-28,0.6953886206832375
1999-06-29,0.6944981883663953
1999-06-30,0.6935706012353925
1999-07-01,0.6927762597658313
1999-07-02,0.6925574783128068
1999-07-06,0.6933616421980094
1999-07-07,0.693036493039589
1999-07-08,0.6927406053197526
1999-07-09,0.6927547700915397
1999-07-12,0.6910530904186926
1999-07-13,0.6904751042343604
1999-07-14,0.6912151756523938
1999-07-15,0.6906556203883997
1999-07-16,0.6905336924890305
1999-07-19,0.6902574319508334
1999-07-20,0.6920766912908423
1999-07-21,0.6920878976136379
1999-07-22,0.6950240283161565
1999-07-23,0.6961441453275671
1999-07-26,0.6966028212448913
1999-07-27,0.6957818434726607
1999-07-28,0.6950553598459568
1999-07-29,0.6943657141353641
1999-07-30,0.691745425133016
1999-08-02,0.6908272974194375
1999-08-03,0.689448992106783
1999-08-04,0.6918370596220899
1999-08-05,0.6902864237912448
1999-08-06,0.6887669918067186
1999-08-09,0.689234736669833
1999-08-10,0.6893465142360707
1999-08-11,0.6889913007253067
1999-08-12,0.6888317795525555
1999-08-13,0.6894909413180126
1999-08-16,0.6897018277538066
1999-08-17,0.6904286203461619
1999-08-18,0.6889520155668967
1999-08-19,0.6870332788849226
1999-08-20,0.6868282673052261
1999-08-23,0.6866174496347436
1999-08-24,0.6878439580178625
1999-08-25,0.6893516972048972
1999-08-26,0.6901388145338947
1999-08-27,0.689272906689774
1999-08-30,0.6880236256850097
1999-08-31,0.6866003394465062
1999-09-01,0.6886530883693507
1999-09-02,0.6884768021891832
1999-09-03,0.6894716955949193
1999-09-07,0.6904570518870273
1999-09-08,0.6900463361997166
1999-09-09,0.6905084783642254
1999-09-10,0.6904570518870273
1999-09-13,0.6902498246459157
1999-09-14,0.690072044700592
1999-09-15,0.6903824153365171
1999-09-16,0.6913093130574346
1999-09-17,0.6904521492632291
1999-09-20,0.6907516227326285
1999-09-21,0.6900995142926599
1999-09-22,0.6898177345116124
1999-09-23,0.6903929599531592
1999-09-24,0.6901783740059781
1999-09-27,0.6903707595598678
1999-09-28,0.6895092329779163
1999-09-29,0.6899921868845049
1999-09-30,0.6876613562551409
1999-10-01,0.6880949849832021
1999-10-04,0.685483335033961
1999-10-05,0.685318246228599
1999-10-06,0.6876213637503436
1999-10-07,0.687037518839075
1999-10-08,0.6870904561731077
1999-10-11,0.6869420404941835
1999-10-12,0.6861085936066559
1999-10-13,0.6885589852248845
1999-10-14,0.6883502155761247
1999-10-15,0.6895584014043605
1999-10-18,0.6905030423566381
1999-10-19,0.6895310223703659
1999-10-20,0.6923173621635874
1999-10-21,0.692149346839278
1999-10-22,0.6914555036608749
1999-10-25,0.689480144197119
1999-10-26,0.6883023935370509
1999-10-27,0.6879449299232053
1999-10-28,0.6857758941407588
1999-10-29,0.6868028609809732
1999-11-01,0.688551846844147
1999-11-02,0.6902433824093337
1999-11-03,0.6908755715031938
1999-11-04,0.691040955869728
1999-11-05,0.6919706673723568
1999-11-08,0.693258451551262
1999-11-09,0.6933895583302063
1999-11-10,0.6933929007423036
1999-11-11,0.6940846177240435
1999-11-12,0.694956929522594
1999-11-15,0.6954024389002726
1999-11-16,0.6962181529001293
1999-11-17,0.6966546702662727
1999-11-18,0.6978990162106774
1999-11-19,0.699124033207857
1999-11-22,0.7004527655580028
1999-11-23,0.7021021059445118
1999-11-24,0.7017186490763051
1999-11-26,0.7027575441759062
1999-11-29,0.7022923947053096
1999-11-30,0.7029234177411103
1999-12-01,0.7022793105404503
1999-12-02,0.7034407491276387
1999-12-03,0.705812076328244
1999-12-06,0.7063289631249046
1999-12-07,0.7098717175569313
1999-12-08,0.7104813057367105
1999-12-09,0.7094720148397886
1999-12-10,0.7095097931367789
1999-12-13,0.7087583016724315
1999-12-14,0.7085337803130499
1999-12-15,0.7080572318062853
1999-12-16,0.7090997950710833
1999-12-17,0.7092729110786079
1999-12-20,0.7123877834425909
1999-12-21,0.7167052767273681
1999-12-22,0.7176431682149328
1999-12-23,0.7220438367665126
1999-12-27,0.7216950457790094
1999-12-28,0.7217395738008918
1999-12-29,0.7230016698613386
1999-12-30,0.7218285671101826
1999-12-31,0.7234517981373478
2000-01-03,0.7254023546041377
2000-01-04,0.7296170051479849
2000-01-05,0.7344366426357698
2000-01-06,0.7471729287124375
2000-01-07,0.7470192877640162
2000-01-10,0.7499818549372663
2000-01-11,0.7496275210073184
2000-01-12,0.7488457150786364
2000-01-13,0.7501637113194134
2000-01-14,0.7500716876422409
2000-01-18,0.7533616045293574
2000-01-19,0.7560347030062698
2000-01-20,0.7581945898162695
2000-01-21,0.7575286576041649
2000-01-24,0.7573641783591093
2000-01-25,0.7576309361506531
2000-01-26,0.7600010155135039
2000-01-27,0.7598174655642173
2000-01-28,0.7630394908911113
2000-01-31,0.7641782673285201
2000-02-01,0.7659691582181959
2000-02-02,0.7661238416136538
2000-02-03,0.7718315806673766
2000-02-04,0.7766111319669418
2000-02-07,0.7796923143809839
2000-02-08,0.7875115175639591
2000-02-09,0.787749961692844
2000-02-10,0.78824779325587
2000-02-11,0.7878080521736055
2000-02-14,0.7875359621101717
2000-02-15,0.7887617335264937
2000-02-16,0.7886585116173677
2000-02-17,0.7886320122065833
2000-02-18,0.7899735166746298
2000-02-22,0.7900656095419127
2000-02-23,0.7913794661800163
2000-02-24,0.7968111907144267
2000-02-25,0.7971482851077207
2000-02-28,0.7973474181800744
2000-02-29,0.798634382823858
2000-03-01,0.8020356217387632
2000-03-02,0.8031206706549333
2000-03-03,0.8060270700765455
2000-03-06,0.8075970583168751
2000-03-07,0.8070416184233946
2000-03-08,0.8065552647235125
2000-03-09,0.8061436436242335
2000-03-10,0.8084783511098316
2000-03-13,0.8096459424401653
2000-03-14,0.8166355308922294
2000-03-15,0.8321494504245901
2000-03-16,0.8318708287698118
2000-03-17,0.8300941069949616
2000-03-20,0.8297070681486335
2000-03-21,0.8270636466449824
2000-03-22,0.8275029324339834
2000-03-23,0.8305391843108404
2000-03-24,0.8335160136258317
2000-03-27,0.8328127845417838
2000-03-28,0.8309970582220884
2000-03-29,0.8392116522420939
2000-03-30,0.8591874858724237
2000-03-31,0.8584944526459575
2000-04-03,0.8719310664232824
2000-04-04,0.8815251384638241
2000-04-05,0.8833872129229211
2000-04-06,0.8838030303768747
2000-04-07,0.8917927414413612
2000-04-10,0.8906725248258202
2000-04-11,0.8946462412577374
2000-04-12,0.9098568980338164
2000-04-13,0.9285743626106292
2000-04-14,0.960272750067458
2000-04-17,0.963027486410237
2000-04-18,0.967164298246434
2000-04-19,0.9670777786933704
2000-04-20,0.9672718596547673
2000-04-24,0.9691869496788378
2000-04-25,0.9735806218146132
2000-04-26,0.9739227935958616
2000-04-27,0.9758686848430752
2000-04-28,0.9800309976851496
2000-05-01,0.9845329296704596
2000-05-02,0.9824410668910312
2000-05-03,0.9851600120307672
2000-05-04,0.9858943616363388
2000-05-05,0.9867445481797852
2000-05-08,0.9869390969997418
2000-05-09,0.9866664056604092
2000-05-10,0.9983126940780516
2000-05-11,0.9992667462033736
2000-05-12,0.9987389538263513
2000-05-15,0.999706653426217
2000-05-16,0.9998182009258212
2000-05-17,0.996852349238902
2000-05-18,0.9952738579939784
2000-05-19,0.9988240129143088
2000-05-22,0.998606981944016
2000-05-23,1.0077569462968592
2000-05-24,1.0063080060398628
2000-05-25,1.006794074949662
2000-05-26,1.0066883146041234
2000-05-30,1.0101450394730145
2000-05-31,1.0115253257313597
2000-06-01,1.0170251284884488
2000-06-02,1.0284365859457916
2000-06-05,1.032280200459299
2000-06-06,1.0308249829296283
2000-06-07,1.030600501316604
2000-06-08,1.0292681337997347
2000-06-09,1.0276537734338336
2000-06-12,1.026733129796648
2000-06-13,1.0247404978906791
2000-06-14,1.0239785443508496
2000-06-15,1.0211016241126032
2000-06-16,1.0184747675637804
2000-06-19,1.0239297011426165
2000-06-20,1.0254005307867604
2000-06-21,1.025984827559738
2000-06-22,1.0250214223357752
2000-06-23,1.0251276520103
2000-06-26,1.02346309797062
2000-06-27,1.0241574962664244
2000-06-28,1.025339304557926
2000-06-29,1.0251280870869943
2000-06-30,1.0244225279622177
2000-07-03,1.0230881096090054
2000-07-05,1.0219547455464617
2000-07-06,1.0194230203421426
2000-07-07,1.0172579018943404
2000-07-10,1.0143689146947896
2000-07-11,1.012090162823739
2000-07-12,1.0072121746031717
2000-07-13,1.00928610294593
2000-07-14,1.011562801057173
2000-07-17,1.013202557533244
2000-07-18,1.012709041284475
2000-07-19,1.0120533234893063
2000-07-20,1.0087613018885917
2000-07-21,1.006128850627518
2000-07-24,1.0076168999489226
2000-07-25,1.0075727858229433
2000-07-26,1.006844854895422
2000-07-27,1.0074718121368644
2000-07-28,1.014631715313504
2000-07-31,1.0148549435879244
2000-08-01,1.017279483600977
2000-08-02,1.016916376594524
2000-08-03,1.0180710365297836
2000-08-04,1.0186190524327254
2000-08-07,1.0202199957125533
2000-08-08,1.020377158472831
2000-08-09,1.020378365609953
2000-08-10,1.020757083330355
2000-08-11,1.022916645672411
2000-08-14,1.022667578255404
2000-08-15,1.0226569710506852
2000-08-16,1.0221330067806405
2000-08-17,1.0188635177751193
2000-08-18,1.01973651053028
2000-08-21,1.0217662448022728
2000-08-22,1.021672438780702
2000-08-23,1.021368894963612
2000-08-24,1.021817687710696
2000-08-25,1.022945048933252
2000-08-28,1.0232034465712465
2000-08-29,1.0235892782489855
2000-08-30,1.0237330337317925
2000-08-31,1.0216693019080887
2000-09-01,1.021667736938906
2000-09-05,1.0211896915861098
2000-09-06,1.0240953790745502
2000-09-07,1.0263008306305514
2000-09-08,1.0292212475714342
2000-09-11,1.0309600332934654
2000-09-12,1.0332688187361734
2000-09-13,1.0330065976237484
2000-09-14,1.0313478474415352
2000-09-15,1.0282744479534254
2000-09-18,1.0305965736599054
2000-09-19,1.0335853690884742
2000-09-20,1.03368199665621
2000-09-21,1.0331989047967436
2000-09-22,1.0308340215371372
2000-09-25,1.0277598219357524
2000-09-26,1.028289185067829
2000-09-27,1.025778303112308
2000-09-28,1.0265020131114728
2000-09-29,1.0256312018552085
2000-10-02,1.026308816515562
2000-10-03,1.0289434628251688
2000-10-04,1.0254388388094615
2000-10-05,1.025233115828998
2000-10-06,1.0250415061942304
2000-10-09,1.025305122821308
2000-10-10,1.0255356207726285
2000-10-11,1.025949104219583
2000-10-12,1.0250095040761915
2000-10-13,1.0218949430765285
2000-10-16,1.019711516899406
2000-10-17,1.0167810785391989
2000-10-18,1.0166683068738165
2000-10-19,1.0179883808190224
2000-10-20,1.0198632418399884
2000-10-23,1.0200476861944616
2000-10-24,1.0194447775454738
2000-10-25,1.018708297062252
2000-10-26,1.016860992682396
2000-10-27,1.0154864627763598
2000-10-30,1.01858094565147
2000-10-31,1.0164476487866054
2000-11-01,1.0151133073986756
2000-11-02,1.0131654572508837
2000-11-03,1.0116208551977688
2000-11-06,1.0081690808957258
2000-11-07,1.007706032280811
2000-11-08,1.002539859772269
2000-11-09,1.0008830688954649
2000-11-10,1.001763073374749
2000-11-13,1.0020511262003282
2000-11-14,0.9990741910743784
2000-11-15,0.9970632316950154
2000-11-16,0.9957494636450024
2000-11-17,0.9943962151038817
2000-11-20,0.998157935266886
2000-11-21,0.9958377617032989
2000-11-22,0.9997403040006084
2000-11-24,0.9977750187092488
2000-11-27,0.9976066750954444
2000-11-28,0.9926328577528843
2000-11-29,0.9919362551653292
2000-11-30,0.9906011541865608
2000-12-01,0.990016899601584
2000-12-04,0.9896869021238588
2000-12-05,0.9908331830945148
2000-12-06,0.9910488574728742
2000-12-07,0.991132975557654
2000-12-08,0.9920168160315492
2000-12-11,0.992162916993911
2000-12-12,0.991714428057996
2000-12-13,0.9918407900576248
2000-12-14,0.9934431403307492
2000-12-15,0.994535325925194
2000-12-18,0.9968925230911926
2000-12-19,0.9960111897181656
2000-12-20,0.9975867556038158
2000-12-21,0.9964435484061164
2000-12-22,0.9952338509571712
2000-12-26,0.992765840235034
2000-12-27,0.9884191705899902
2000-12-28,0.9852824469851614
2000-12-29,0.98502401450051
2001-01-02,0.9852974242619104
2001-01-03,0.9820889141984463
2001-01-04,0.9802209776730304
2001-01-05,0.9784784054220068
2001-01-08,0.977844796461684
2001-01-09,0.9769769023557308
2001-01-10,0.9756558909635048
2001-01-11,0.9761972736927796
2001-01-12,0.9747056307771024
2001-01-16,0.9707790817744292
2001-01-17,0.968308613309866
2001-01-18,0.9646541666314232
2001-01-19,0.9612786901560784
2001-01-22,0.9572626175522536
2001-01-23,0.9563054344995462
2001-01-24,0.953595994892914
2001-01-25,0.9526352088541288
2001-01-26,0.9542868239660632
2001-01-29,0.9531888289478212
2001-01-30,0.9523690448438188
2001-01-31,0.9461929340672972
2001-02-01,0.9470288452575952
2001-02-02,0.9470536288834472
2001-02-05,0.9492043044548488
2001-02-06,0.949871075831393
2001-02-07,0.9498477953050652
2001-02-08,0.9478140492144757
2001-02-09,0.9479366445761782
2001-02-12,0.9457357011695752
2001-02-13,0.943810189865528
2001-02-14,0.941494407062203
2001-02-15,0.9386184897525466
2001-02-16,0.9360583199311542
2001-02-20,0.9367347191202056
2001-02-21,0.941250091892819
2001-02-22,0.940731212518245
2001-02-23,0.9374363266842876
2001-02-26,0.9343418812133608
2001-02-27,0.932566689355506
2001-02-28,0.9300769813851358
2001-03-01,0.928096395863376
2001-03-02,0.9280616854461776
2001-03-05,0.9284767128043304
2001-03-06,0.9271339653326086
2001-03-07,0.9239905232869936
2001-03-08,0.9217366779168824
2001-03-09,0.9203567991983777
2001-03-12,0.919301874222324
2001-03-13,0.9195048508079644
2001-03-14,0.9201978359131928
2001-03-15,0.9195609402573496
2001-03-16,0.9185108813256716
2001-03-19,0.9174586293326836
2001-03-20,0.917116297154564
2001-03-21,0.9157503334814676
2001-03-22,0.9119813494030228
2001-03-23,0.9108573799580634
2001-03-26,0.9145856411890796
2001-03-27,0.9121989873770168
2001-03-28,0.9108583037195876
2001-03-29,0.9113244829348652
2001-03-30,0.9098768753373716
2001-04-02,0.9098761267185148
2001-04-03,0.9096173945032048
2001-04-04,0.905151777027526
2001-04-05,0.903087275472098
2001-04-06,0.9020017629043806
2001-04-09,0.901603786889292
2001-04-10,0.901130282055682
2001-04-11,0.9020191412770856
2001-04-12,0.9021827403276128
2001-04-16,0.9021013316611184
2001-04-17,0.903861441668121
2001-04-18,0.9030339685025291
2001-04-19,0.9064348507451184
2001-04-20,0.9070116484164454
2001-04-23,0.9057834294407612
2001-04-24,0.9064620570114116
2001-04-25,0.9042134320821444
2001-04-26,0.902265853161916
2001-04-27,0.9014905260094694
2001-04-30,0.900067758942853
2001-05-01,0.900801759036092
2001-05-02,0.901217762174404
2001-05-03,0.9016267547339468
2001-05-04,0.9018221611484216
2001-05-07,0.90090813815807
2001-05-08,0.9009560620070808
2001-05-09,0.8983287476293261
2001-05-10,0.8970675319616337
2001-05-11,0.8959592900332308
2001-05-14,0.8954421764651976
2001-05-15,0.8958326804304969
2001-05-16,0.8969396263141433
2001-05-17,0.8967042781043395
2001-05-18,0.8965301137860192
2001-05-21,0.8975286654386796
2001-05-22,0.8979065844994506
2001-05-23,0.8965164899169424
2001-05-24,0.8937415227163156
2001-05-25,0.8911178128486378
2001-05-29,0.8910181952117511
2001-05-30,0.8927662005115818
2001-05-31,0.8939217373337874
2001-06-01,0.8936693466194355
2001-06-04,0.8934092370551853
2001-06-05,0.8911637199676093
2001-06-06,0.8893208855192363
2001-06-07,0.88989318594255
2001-06-08,0.8879510013779531
2001-06-11,0.8863261300991977
2001-06-12,0.8833902762475071
2001-06-13,0.8845140131888848
2001-06-14,0.8837724314229535
2001-06-15,0.8842992198401898
2001-06-18,0.8848173734071102
2001-06-19,0.8846307062559684
2001-06-20,0.8856073122270431
2001-06-21,0.8860839170817005
2001-06-22,0.8858577636187894
2001-06-25,0.8864761616971889
2001-06-26,0.8913354210230459
2001-06-27,0.8938302345070669
2001-06-28,0.8865583304393936
2001-06-29,0.8875011241867313
2001-07-02,0.8856380735506828
2001-07-03,0.8840132259204184
2001-07-05,0.8829553701457019
2001-07-06,0.8817681917405689
2001-07-09,0.8814219158554397
2001-07-10,0.8796377168685223
2001-07-11,0.8744253835773004
2001-07-12,0.8711338270936118
2001-07-13,0.8683735609949161
2001-07-16,0.8651720286079303
2001-07-17,0.8642403849597984
2001-07-18,0.8606250554829764
2001-07-19,0.8582952884584738
2001-07-20,0.8595695879639862
2001-07-23,0.8563841893220545
2001-07-24,0.8559345955866465
2001-07-25,0.8548473452520312
2001-07-26,0.8528763151375549
2001-07-27,0.8524462041821459
2001-07-30,0.8516603234409952
2001-07-31,0.8502998112325717
2001-08-01,0.8444920265761443
2001-08-02,0.8416283055002994
2001-08-03,0.8358561672856125
2001-08-06,0.8341402473777563
2001-08-07,0.8338175434947196
2001-08-08,0.8312307220225076
2001-08-09,0.8306186910728678
2001-08-10,0.8303191596351132
2001-08-13,0.830724914021018
2001-08-14,0.8292201830366528
2001-08-15,0.8253534716785216
2001-08-16,0.8248786669275125
2001-08-17,0.8239277753207602
2001-08-20,0.8228564266035486
2001-08-21,0.8203722946923158
2001-08-22,0.8141119321806025
2001-08-23,0.8095442270223568
2001-08-24,0.8026939896736979
2001-08-27,0.7997373992379534
2001-08-28,0.7952217383086554
2001-08-29,0.792410282301904
2001-08-30,0.792237897674632
2001-08-31,0.7939927035883444
2001-09-04,0.7933724097151086
2001-09-05,0.7935747415711865
2001-09-06,0.7935207688440233
2001-09-07,0.7940051258197229
2001-09-10,0.7942580260596491
2001-09-17,0.7915490966305393
2001-09-18,0.7882346658367073
2001-09-19,0.7891879051692196
2001-09-20,0.7884914871155196
2001-09-21,0.7882052572891577
2001-09-24,0.7854643052743544
2001-09-25,0.7805781704338629
2001-09-26,0.775351050173271
2001-09-27,0.7712420795625909
2001-09-28,0.7657098792623546
2001-10-01,0.7621929133902635
2001-10-02,0.7641569714572365
2001-10-03,0.7621504243161409
2001-10-04,0.7629781279070726
2001-10-05,0.763609278180345
2001-10-08,0.7629656233805345
2001-10-09,0.7633723328059063
2001-10-10,0.7627908617339253
2001-10-11,0.7628697161091639
2001-10-12,0.7639403723690376
2001-10-15,0.7641957394085516
2001-10-16,0.7644120304262721
2001-10-17,0.7613087906924589
2001-10-18,0.7604825541769736
2001-10-19,0.7601560414200111
2001-10-22,0.7594507198795312
2001-10-23,0.7602293060943593
2001-10-24,0.7606377650732207
2001-10-25,0.7586599321474935
2001-10-26,0.7544461656575305
2001-10-29,0.7490434636043456
2001-10-30,0.7450061791386136
2001-10-31,0.740649241425801
2001-11-01,0.74034849853316
2001-11-02,0.7397325488212633
2001-11-05,0.7365569361251886
2001-11-06,0.7371004893200365
2001-11-07,0.7385898828269851
2001-11-08,0.7387424761963785
2001-11-09,0.7342906906820866
2001-11-12,0.7321003948281081
2001-11-13,0.7260582946978458
2001-11-14,0.7222939784165712
2001-11-15,0.7212048783879035
2001-11-16,0.7202998706015081
2001-11-19,0.7208247751820842
2001-11-20,0.717370577454538
2001-11-21,0.7174559043919819
2001-11-23,0.7161242760360425
2001-11-26,0.7146952520445853
2001-11-27,0.7135415017307208
2001-11-28,0.7082302494381367
2001-11-29,0.7040223746305039
2001-11-30,0.7003486437503472
2001-12-03,0.6972485163474917
2001-12-04,0.6956335806245908
2001-12-05,0.6937681834814159
2001-12-06,0.6940585646277514
2001-12-07,0.6934571537149361
2001-12-10,0.6932932404206678
2001-12-11,0.6937937396958074
2001-12-12,0.6935868570676986
2001-12-13,0.6926580351247772
2001-12-14,0.6927726422679287
2001-12-17,0.694860243579469
2001-12-18,0.6946668943249721
2001-12-19,0.6965381506226281
2001-12-20,0.6944921517851096
2001-12-21,0.6944420090851984
2001-12-24,0.6944218995238349
2001-12-26,0.6946141878675316
2001-12-27,0.6945886142485432
2001-12-28,0.6944520526030655
2001-12-31,0.6895370365558947
2002-01-02,0.6896408354678328
2002-01-03,0.6885773931627351
2002-01-04,0.687886109852953
2002-01-07,0.6892081150878566
2002-01-08,0.6891960570852442
2002-01-09,0.6885652086839744
2002-01-10,0.6899077445873022
2002-01-11,0.6893934582781862
2002-01-14,0.6872385143143164
2002-01-15,0.6863724335593697
2002-01-16,0.6840150473611105
2002-01-17,0.6822226048838371
2002-01-18,0.683069824217239
2002-01-22,0.6826092082297783
2002-01-23,0.6822684336559037
2002-01-24,0.6815102605640809
2002-01-25,0.682522147327483
2002-01-28,0.6864140713872962
2002-01-29,0.6834183631578269
2002-01-30,0.6833185490479692
2002-01-31,0.6820010808859857
2002-02-01,0.6807401161287128
2002-02-04,0.6820459233083648
2002-02-05,0.6818373249892316
2002-02-06,0.6824338925916874
2002-02-07,0.6824934256102999
2002-02-08,0.6815985057408954
2002-02-11,0.6814934141526613
2002-02-12,0.681657865923053
2002-02-13,0.6828656300371277
2002-02-14,0.6820605638801992
2002-02-15,0.6807830089572281
2002-02-19,0.6805592186519267
2002-02-20,0.6802307311892781
2002-02-21,0.6799617898283791
2002-02-22,0.6797971354972239
2002-02-25,0.6802999387318754
2002-02-26,0.6787255139755298
2002-02-27,0.6789151201267032
2002-02-28,0.6768692893557432
2002-03-01,0.6766661283402827
2002-03-04,0.6769705717539595
2002-03-05,0.6778061653085069
2002-03-06,0.6788271333972447
2002-03-07,0.6785019873086039
2002-03-08,0.6785303187801459
2002-03-11,0.6786564827010099
2002-03-12,0.6744304924842506
2002-03-13,0.67118242450461
2002-03-14,0.6698860983668555
2002-03-15,0.6683121677395719
2002-03-18,0.6687641532904287
2002-03-19,0.6688084840441738
2002-03-20,0.6674876929404692
2002-03-21,0.6671392138852552
2002-03-22,0.6682390136430887
2002-03-25,0.6674249733539536
2002-03-26,0.6662679080514456
2002-03-27,0.6654558099784633
2002-03-28,0.6644166409016603
2002-04-01,0.6642605691078803
2002-04-02,0.6621136020727052
2002-04-03,0.6591831316271959
2002-04-04,0.6562571007190158
2002-04-05,0.6538465588160763
2002-04-08,0.6510234921892106
2002-04-09,0.6484883526988676
2002-04-10,0.648011173105507
2002-04-11,0.6462245999820148
2002-04-12,0.6455598903334834
2002-04-15,0.6437395517024003
2002-04-16,0.6414922284247935
2002-04-17,0.6398327203162647
2002-04-18,0.6400701843814752
2002-04-19,0.6395330760728436
2002-04-22,0.6362204136911435
2002-04-23,0.6340589001906517
2002-04-24,0.6337686413043514
2002-04-25,0.6334282267791899
2002-04-26,0.6333144384089961
2002-04-29,0.6345560931606965
2002-04-30,0.6353483154371612
2002-05-01,0.6358363193502669
2002-05-02,0.6367610460920761
2002-05-03,0.6359486321220126
2002-05-06,0.6324171528060009
2002-05-07,0.6292586811034501
2002-05-08,0.6260283610142163
2002-05-09,0.6238208974361727
2002-05-10,0.6233304580263214
2002-05-13,0.6220845751154452
2002-05-14,0.6216687846526763
2002-05-15,0.6221293172840718
2002-05-16,0.6214604593243817
2002-05-17,0.6203296764398906
2002-05-20,0.6178097311922907
2002-05-21,0.6156905133632964
2002-05-22,0.616476921333181
2002-05-23,0.6180340020598815
2002-05-24,0.6180340020598815
2002-05-28,0.616332871079215
2002-05-29,0.6142361119544384
2002-05-30,0.6149418431375939
2002-05-31,0.6140079132966514
2002-06-03,0.6128672554829071
2002-06-04,0.6132323008766729
2002-06-05,0.6136492644100204
2002-06-06,0.6136952428326691
2002-06-07,0.6126117971676934
2002-06-10,0.6118052811790009
2002-06-11,0.6099569401599771
2002-06-12,0.6072957811287696
2002-06-13,0.6051809064092802
2002-06-14,0.6026530117674952
2002-06-17,0.6028885032548402
2002-06-18,0.6029397980768615
2002-06-19,0.6035902514838876
2002-06-20,0.6025792921288424
2002-06-21,0.6018371265331921
2002-06-24,0.6019494670634191
2002-06-25,0.6004513942841868
2002-06-26,0.5988183010262766
2002-06-27,0.5983597328926966
2002-06-28,0.5984416460540934
2002-07-01,0.5970541018032769
2002-07-02,0.5960350457502492
2002-07-03,0.5961019262132474
2002-07-05,0.596073249756839
2002-07-08,0.5955239574255569
2002-07-09,0.5955760360253249
2002-07-10,0.5960131926996982
2002-07-11,0.5959578888912821
2002-07-12,0.5959288837909477
2002-07-15,0.5956397364895241
2002-07-16,0.5953797570836675
2002-07-17,0.5965716859059753
2002-07-18,0.5958471334700711
2002-07-19,0.5950790716636557
2002-07-22,0.5940908137564255
2002-07-23,0.59299571400522
2002-07-24,0.5925324467912703
2002-07-25,0.5918877314346126
2002-07-26,0.591372981009801
2002-07-29,0.5910313280382253
2002-07-30,0.5910775662174861
2002-07-31,0.5910252119842848
2002-08-01,0.5885641730020228
2002-08-02,0.5891340057825301
2002-08-05,0.588647620946948
2002-08-06,0.5885717767934178
2002-08-07,0.587950512529586
2002-08-08,0.5882540696640614
2002-08-09,0.5885362239759614
2002-08-12,0.5878093348973641
2002-08-13,0.5851200636907495
2002-08-14,0.5824588856513708
2002-08-15,0.5829483366864463
2002-08-16,0.5840752867781236
2002-08-19,0.5833327283882443
2002-08-20,0.5828020585892563
2002-08-21,0.5816111890845598
2002-08-22,0.5812371275905447
2002-08-23,0.5801421862587989
2002-08-26,0.5806378039205765
2002-08-27,0.5801495441339604
2002-08-28,0.5809258120498682
2002-08-29,0.5813339066604168
2002-08-30,0.5803013206324964
2002-09-03,0.5786299103491989
2002-09-04,0.5775478267115132
2002-09-05,0.5756117283344908
2002-09-06,0.5747211012723117
2002-09-09,0.5732352936009988
2002-09-10,0.5735918485881161
2002-09-11,0.5736202602433792
2002-09-12,0.5739262534475722
2002-09-13,0.5735806219726672
2002-09-16,0.572782412020062
2002-09-17,0.5720739676092889
2002-09-18,0.5721325177095511
2002-09-19,0.5725745200403708
2002-09-20,0.5734395449798656
2002-09-23,0.5738804894789862
2002-09-24,0.5741229798887705
2002-09-25,0.5734457871834856
2002-09-26,0.5744793942111655
2002-09-27,0.575705524592195
2002-09-30,0.5756675339064942
2002-10-01,0.5752053211546182
2002-10-02,0.5742903056580783
2002-10-03,0.5751877080623845
2002-10-04,0.5750810721910792
2002-10-07,0.5742741439155455
2002-10-08,0.5750292271090841
2002-10-09,0.5751084471755508
2002-10-10,0.5739025250061485
2002-10-11,0.5724148858905838
2002-10-14,0.572603461811007
2002-10-15,0.5716605047873927
2002-10-16,0.571414671882031
2002-10-17,0.5716308481958191
2002-10-18,0.5729405282638932
2002-10-21,0.5747054513508028
2002-10-22,0.5753362907524127
2002-10-23,0.576144947716523
2002-10-24,0.5759483736944682
2002-10-25,0.5753015996645254
2002-10-28,0.5752376489175758
2002-10-29,0.5744213449781987
2002-10-30,0.5743661725012703
2002-10-31,0.5751075369836441
2002-11-01,0.574163183546793
2002-11-04,0.5733376919726748
2002-11-05,0.572386603930444
2002-11-06,0.5710203285760453
2002-11-07,0.5691201545646396
2002-11-08,0.5696761445364875
2002-11-11,0.5700676625951805
2002-11-12,0.5696127741303377
2002-11-13,0.5691902750298793
2002-11-14,0.5697921618136846
2002-11-15,0.570200964426363
2002-11-18,0.5703384604680936
2002-11-19,0.5697701899208373
2002-11-20,0.5694850887091606
2002-11-21,0.5687350540971228
2002-11-22,0.5697565288124096
2002-11-25,0.5701407467124026
2002-11-26,0.5704845547209098
2002-11-27,0.5700204977176875
2002-11-29,0.5697889999107927
2002-12-02,0.5702861538655087
2002-12-03,0.5699996225906694
2002-12-04,0.5704262984860777
2002-12-05,0.5711026313413401
2002-12-06,0.5715550567080503
2002-12-09,0.5723561529629859
2002-12-10,0.5724621015457421
2002-12-11,0.5730225391917533
2002-12-12,0.572877936650001
2002-12-13,0.5734669063491485
2002-12-16,0.5726972452531849
2002-12-17,0.5723005967219009
2002-12-18,0.5726402470556482
2002-12-19,0.5726714403130734
2002-12-20,0.5726714403130734
2002-12-23,0.5717871892781741
2002-12-24,0.5714756968566398
2002-12-26,0.5706366721262489
2002-12-27,0.5719826297629123
2002-12-30,0.5718654956058693
2002-12-31,0.5697785631189096
2003-01-02,0.568796715713928
2003-01-03,0.5678947940559286
2003-01-06,0.5685710006094551
2003-01-07,0.5681589497863703
2003-01-08,0.5681274087724233
2003-01-09,0.5687028468212144
2003-01-10,0.5684695085015822
2003-01-13,0.5687964458359791
2003-01-14,0.5690140368076877
2003-01-15,0.5675988873615048
2003-01-16,0.566264233956817
2003-01-17,0.5656749129692807
2003-01-21,0.5653769231382499
2003-01-22,0.5648958462864967
2003-01-23,0.5644567553761805
2003-01-24,0.5654140003730471
2003-01-27,0.5658518675896873
2003-01-28,0.5662938494719656
2003-01-29,0.5667471623046983
2003-01-30,0.5681710332962989
2003-01-31,0.5674779164292696
2003-02-03,0.567025668224442
2003-02-04,0.5672195953150707
2003-02-05,0.5677639218369913
2003-02-06,0.5683660270301798
2003-02-07,0.5689679947258663
2003-02-10,0.5693659320917736
2003-02-11,0.5697933194731054
2003-02-12,0.5713063924751128
2003-02-13,0.5718276042214879
2003-02-14,0.5718863596115855
2003-02-18,0.5717389368483029
2003-02-19,0.5715431351380603
2003-02-20,0.5715334594544221
2003-02-21,0.572041713644754
2003-02-24,0.5718659787807887
2003-02-25,0.5718074458904763
2003-02-26,0.5711320009119372
2003-02-27,0.5712492968880167
2003-02-28,0.5728656307239489
2003-03-03,0.5740768385742
2003-03-04,0.574625655909657
2003-03-05,0.5742484115257166
2003-03-06,0.5765541414260896
2003-03-07,0.5781083713873665
2003-03-10,0.5783394428089839
2003-03-11,0.5790888393514226
2003-03-12,0.5808045069963275
2003-03-13,0.5804219745296786
2003-03-14,0.5799221480502922
2003-03-17,0.5803349008261666
2003-03-18,0.5806278049170844
2003-03-19,0.5808580230571261
2003-03-20,0.5814212930462062
2003-03-21,0.5823436203726151
2003-03-24,0.5831500587611034
2003-03-25,0.5829730523301963
2003-03-26,0.5827518028288914
2003-03-27,0.5838219409871565
2003-03-28,0.5856530507349563
2003-03-31,0.5877209601270125
2003-04-01,0.588438302129238
2003-04-02,0.5874154261745411
2003-04-03,0.588213909411584
2003-04-04,0.5889846160413752
2003-04-07,0.5892770815268463
2003-04-08,0.5902179542851108
2003-04-09,0.5906609111353582
2003-04-10,0.5926007052556053
2003-04-11,0.5925617533772428
2003-04-14,0.5925067679642637
2003-04-15,0.5933552169200912
2003-04-16,0.5945505436916831
2003-04-17,0.5946406332497839
2003-04-21,0.596372960726967
2003-04-22,0.5970717944563247
2003-04-23,0.5985030345028655
2003-04-24,0.5994643345037561
2003-04-25,0.5989560315785712
2003-04-28,0.5977539152514318
2003-04-29,0.5991016684704796
2003-04-30,0.6002693129336412
2003-05-01,0.6008851285938963
2003-05-02,0.5996977938206478
2003-05-05,0.5988622132967655
2003-05-06,0.5995219339023626
2003-05-07,0.5997812103805639
2003-05-08,0.5988419795141129
2003-05-09,0.5974195257573388
2003-05-12,0.5973403635914025
2003-05-13,0.5989364578839357
2003-05-14,0.5998404008206574
2003-05-15,0.6021907312535925
2003-05-16,0.6026436774213677
2003-05-19,0.6025945807218467
2003-05-20,0.6026751467562502
2003-05-21,0.6037507165128372
2003-05-22,0.6036296332350407
2003-05-23,0.6043326813427415
2003-05-27,0.6033998736254828
2003-05-28,0.6052860780452172
2003-05-29,0.6056886353934539
2003-05-30,0.6049711724263018
2003-06-02,0.6050771171114929
2003-06-03,0.6032907526822066
2003-06-04,0.6018371736116774
2003-06-05,0.6027661292998049
2003-06-06,0.6046479175232908
2003-06-09,0.6048608016627955
2003-06-10,0.6048389043580842
2003-06-11,0.6061871925693362
2003-06-12,0.6059816772900236
2003-06-13,0.6055601846672288
2003-06-16,0.6055940417995442
2003-06-17,0.6056756043842192
2003-06-18,0.6066563335884311
2003-06-19,0.6064355009730886
2003-06-20,0.6060257845981176
2003-06-23,0.6057137420333171
2003-06-24,0.6059569906168909
2003-06-25,0.6061218981209796
2003-06-26,0.6068206110470831
2003-06-27,0.6091926119814086
2003-06-30,0.6099731456558103
2003-07-01,0.6103757265400843
2003-07-02,0.6104496485232448
2003-07-03,0.6105226534757444
2003-07-07,0.609875744429713
2003-07-08,0.6101962191671553
2003-07-09,0.6106070742985301
2003-07-10,0.6097640070051112
2003-07-11,0.6084913570637227
2003-07-14,0.6088113347143623
2003-07-15,0.609824344819807
2003-07-16,0.6113095083554303
2003-07-17,0.6115324626873001
2003-07-18,0.6118181826968647
2003-07-21,0.6112730115831111
2003-07-22,0.6101937961327096
2003-07-23,0.6111892550610565
2003-07-24,0.6124219383349615
2003-07-25,0.6125581938874938
2003-07-28,0.6128768003828298
2003-07-29,0.6152983925164642
2003-07-30,0.6160053016052773
2003-07-31,0.6159825184468466
2003-08-01,0.6168706858375959
2003-08-04,0.6179914601941845
2003-08-05,0.6178410652739982
2003-08-06,0.618634460003683
2003-08-07,0.6184345831151823
2003-08-08,0.6187934471908889
2003-08-11,0.6188811373076601
2003-08-12,0.618139415057184
2003-08-13,0.6190097948166331
2003-08-14,0.6196450114683223
2003-08-15,0.6207086594206193
2003-08-18,0.621021670926197
2003-08-19,0.6211784696202961
2003-08-20,0.6218825721428523
2003-08-21,0.6223502741794107
2003-08-22,0.6232437874521533
2003-08-25,0.6230072267714087
2003-08-26,0.6231200080388756
2003-08-27,0.6233881112429018
2003-08-28,0.6231517140808849
2003-08-29,0.6241175451090744
2003-09-02,0.6238826679269726
2003-09-03,0.6238826679269726
2003-09-04,0.6241940513319081
2003-09-05,0.624655522426904
2003-09-08,0.6248860323855067
2003-09-09,0.6241897656269871
2003-09-10,0.6233390909244374
2003-09-11,0.6239565284031933
2003-09-12,0.6246827905358003
2003-09-15,0.6251420873772329
2003-09-16,0.6238624496662599
2003-09-17,0.6240926983466947
2003-09-18,0.6247334131861808
2003-09-19,0.6255993670932569
2003-09-22,0.6264654021311601
2003-09-23,0.6262702264847826
2003-09-24,0.6255462879348467
2003-09-25,0.6249435129876306
2003-09-26,0.6259692565224027
2003-09-29,0.625625223480397
2003-09-30,0.6255504307935316
2003-10-01,0.6248650262128068
2003-10-02,0.6256657986675842
2003-10-03,0.6250422819539112
2003-10-06,0.6255680545855246
2003-10-07,0.6282683736088568
2003-10-08,0.6276063664030127
2003-10-09,0.6270358445151505
2003-10-10,0.6269809049720944
2003-10-13,0.6273433827720876
2003-10-14,0.6283022875909751
2003-10-15,0.6308324315452262
2003-10-16,0.6329235398692021
2003-10-17,0.6323531922896506
2003-10-20,0.6317465950686081
2003-10-21,0.6324414093764212
2003-10-22,0.6318539168006977
2003-10-23,0.631995948718164
2003-10-24,0.6315118805592549
2003-10-27,0.6313080242271877
2003-10-28,0.6321740652963648
2003-10-29,0.6324911142189239
2003-10-30,0.6326602457383554
2003-10-31,0.6331112798236
2003-11-03,0.633419606136033
2003-11-04,0.6344118778524772
2003-11-05,0.6360621429839595
2003-11-06,0.6384163613733611
2003-11-07,0.639229915490201
2003-11-10,0.6395535850909192
2003-11-11,0.6397610967720523
2003-11-12,0.6402498340918514
2003-11-13,0.640346924326866
2003-11-14,0.6416067089150786
2003-11-17,0.6420088326320978
2003-11-18,0.6417889510498086
2003-11-19,0.6431531611956139
2003-11-20,0.6432502332507628
2003-11-21,0.6431070272829081
2003-11-24,0.6422280137500315
2003-11-25,0.6435989802856236
2003-11-26,0.6436902146020019
2003-11-28,0.6454579284077132
2003-12-01,0.6460541065305794
2003-12-02,0.6476892606891607
2003-12-03,0.6480787476915282
2003-12-04,0.6486987589553629
2003-12-05,0.6495749719453021
2003-12-08,0.6504596677192418
2003-12-09,0.6503674531241871
2003-12-10,0.6505818863588904
2003-12-11,0.6499690397327843
2003-12-12,0.6505183139786468
2003-12-15,0.649900555181643
2003-12-16,0.6498875084000477
2003-12-17,0.6504199663485016
2003-12-18,0.6490744268745382
2003-12-19,0.6498596872913573
2003-12-22,0.6538709813455424
2003-12-23,0.6553298824769437
2003-12-24,0.656430370283966
2003-12-26,0.656916368703255
2003-12-29,0.6559977017950268
2003-12-30,0.6580083848418404
2003-12-31,0.6597860527250664
2004-01-02,0.6616821915458218
2004-01-05,0.6613095491508176
2004-01-06,0.6614678416541584
2004-01-07,0.6624309100346014
2004-01-08,0.6633385196090901
2004-01-09,0.6625712987079181
2004-01-12,0.663646513361773
2004-01-13,0.6640734980359344
2004-01-14,0.6643431027567249
2004-01-15,0.6648403299842183
2004-01-16,0.6651632958056691
2004-01-20,0.6666801956310405
2004-01-21,0.6687548627041492
2004-01-22,0.6685321106622757
2004-01-23,0.6698277649874814
2004-01-26,0.6694985824561842
2004-01-27,0.6686406167044605
2004-01-28,0.6688615140414186
2004-01-29,0.6691133152278433
2004-01-30,0.6691650169312351
2004-02-02,0.6694668673984171
2004-02-03,0.6704720368983664
2004-02-04,0.6699767898295409
2004-02-05,0.6701277294930844
2004-02-06,0.6706569550160495
2004-02-09,0.6719267845075503
2004-02-10,0.6725693186898608
2004-02-11,0.6741616877933786
2004-02-12,0.6738095283878274
2004-02-13,0.6729188282726418
2004-02-17,0.6726226173492389
2004-02-18,0.6720455674963102
2004-02-19,0.6708597386906092
2004-02-20,0.6699041580257961
2004-02-23,0.6682880368884054
2004-02-24,0.668649912720507
2004-02-25,0.6687551021249544
2004-02-26,0.6688799963722274
2004-02-27,0.6693474250177178
2004-03-01,0.669544694681937
2004-03-02,0.6695675395455442
2004-03-03,0.6685402738495009
2004-03-04,0.668610751322399
2004-03-05,0.6690398780548859
2004-03-08,0.6687317605039417
2004-03-09,0.668015882983113
2004-03-10,0.6676098289541147
2004-03-11,0.6677707159286146
2004-03-12,0.6678221155927598
2004-03-15,0.6669753117093381
2004-03-16,0.6662554297366211
2004-03-17,0.6668371619508943
2004-03-18,0.667216212870515
2004-03-19,0.6670290772999024
2004-03-22,0.6675462505933367
2004-03-23,0.6679881485062368
2004-03-24,0.6682928282284802
2004-03-25,0.6674792747430783
2004-03-26,0.6672196444966507
2004-03-29,0.6662802870203706
2004-03-30,0.6673230270876532
2004-03-31,0.6672832820249289
2004-04-01,0.6667502511064202
2004-04-02,0.6638713899751342
2004-04-05,0.6623934886672506
2004-04-06,0.6624562235826937
2004-04-07,0.6619498852735115
2004-04-08,0.6621502447535849
2004-04-12,0.6622050253360449
2004-04-13,0.6627468283673645
2004-04-14,0.6648232655922539
2004-04-15,0.6645711325904643
2004-04-16,0.6653456033364844
2004-04-19,0.6661192605715346
2004-04-20,0.66624317057772
2004-04-21,0.6659899992134098
2004-04-22,0.6643212278851458
2004-04-23,0.663801282804268
2004-04-26,0.6646626857704229
2004-04-27,0.664948692097262
2004-04-28,0.6623440910356083
2004-04-29,0.6622043046990109
2004-04-30,0.6621383956366368
2004-05-03,0.6619899916182661
2004-05-04,0.6627747483724091
2004-05-05,0.6627793149701054
2004-05-06,0.6620214462838032
2004-05-07,0.6623293882431212
2004-05-10,0.6621403776821297
2004-05-11,0.6583141351390778
2004-05-12,0.6530222974693147
2004-05-13,0.6528629806088336
2004-05-14,0.6532028961065037
2004-05-17,0.6521242986185934
2004-05-18,0.6520952311271258
2004-05-19,0.6514384030829226
2004-05-20,0.6500930107679999
2004-05-21,0.6506304459106994
2004-05-24,0.6503715188608167
2004-05-25,0.6488972716716784
2004-05-26,0.6473934164612568
2004-05-27,0.6443054384742127
2004-05-28,0.6429206799391884
2004-06-01,0.6380024043266204
2004-06-02,0.6344355251525341
2004-06-03,0.6341721310716077
2004-06-04,0.6341678717308377
2004-06-07,0.6304850428728983
2004-06-08,0.6304810283280314
2004-06-09,0.6286988555352698
2004-06-10,0.6249805211875121
2004-06-14,0.6170507426730812
2004-06-15,0.6045610314801366
2004-06-16,0.6036141073036116
2004-06-17,0.6023620930438885
2004-06-18,0.6014799048722962
2004-06-21,0.6022816409141072
2004-06-22,0.6019173513238664
2004-06-23,0.601837774420473
2004-06-24,0.6022393454218349
2004-06-25,0.6030895100051494
2004-06-28,0.6017363169171014
2004-06-29,0.6032451732809906
2004-06-30,0.603517142910436
2004-07-01,0.603634047708115
2004-07-02,0.6037067785668286
2004-07-06,0.6033066246192246
2004-07-07,0.6032252629082944
2004-07-08,0.6025644653741793
2004-07-09,0.6006553426293253
2004-07-12,0.5997499670681712
2004-07-13,0.5996694576895928
2004-07-14,0.5994875365451146
2004-07-15,0.5977191835660275
2004-07-16,0.5973678996667664
2004-07-19,0.5977175334328239
2004-07-20,0.5966992509171186
2004-07-21,0.5952290982613105
2004-07-22,0.5891616288505998
2004-07-23,0.5888147786537038
2004-07-26,0.5883282640655854
2004-07-27,0.5879833040405007
2004-07-28,0.585632035856031
2004-07-29,0.5848313435676495
2004-07-30,0.5842228528540079
2004-08-02,0.5820460289396506
2004-08-03,0.5788669272322058
2004-08-04,0.5790159759056084
2004-08-05,0.579011228705704
2004-08-06,0.579192302552528
2004-08-09,0.579029672169476
2004-08-10,0.5789925557709042
2004-08-11,0.5794986976229568
2004-08-12,0.5793587323211861
2004-08-13,0.5803647903862418
2004-08-16,0.5805137207893334
2004-08-17,0.5800670342737354
2004-08-18,0.5772240387180567
2004-08-19,0.5762313365831592
2004-08-20,0.5762439270326916
2004-08-23,0.5774709729484937
2004-08-24,0.5788165583240839
2004-08-25,0.5780748923213955
2004-08-26,0.5785828454089599
2004-08-27,0.5799089799621953
2004-08-30,0.5809393486891662
2004-08-31,0.5803883264773455
2004-09-01,0.5801029995384914
2004-09-02,0.5796872616537919
2004-09-03,0.5794912060426427
2004-09-07,0.5808930878949212
2004-09-08,0.5810378463620848
2004-09-09,0.5793735443830221
2004-09-10,0.5782593004896233
2004-09-13,0.5766951244658005
2004-09-14,0.5742694056152274
2004-09-15,0.5738054570502313
2004-09-16,0.5731807747846804
2004-09-17,0.5729970840807832
2004-09-20,0.5732710825623183
2004-09-21,0.5722264569033978
2004-09-22,0.5721363485435693
2004-09-23,0.5730100770351518
2004-09-24,0.5722809540617378
2004-09-27,0.5674084157455108
2004-09-28,0.5676113830790511
2004-09-29,0.5672113025103604
2004-09-30,0.5682390945552408
2004-10-01,0.5672159302135639
2004-10-04,0.5676909132443261
2004-10-05,0.5664113201222108
2004-10-06,0.5663756100362425
2004-10-07,0.5655112302060882
2004-10-08,0.5647553194257333
2004-10-11,0.5648480523186874
2004-10-12,0.564202283112356
2004-10-13,0.5652373452061257
2004-10-14,0.5661187012999419
2004-10-15,0.5658152495473922
2004-10-18,0.5654915624275633
2004-10-19,0.5670434376120574
2004-10-20,0.5680050999104336
2004-10-21,0.568561571435151
2004-10-22,0.5668612985422119
2004-10-25,0.5665262859210182
2004-10-26,0.5651132558106347
2004-10-27,0.5657641073910735
2004-10-28,0.5661992402619963
2004-10-29,0.5655237696483316
2004-11-01,0.5650174551495637
2004-11-02,0.5669262955714851
2004-11-03,0.5654693802257889
2004-11-04,0.5654753047919555
2004-11-05,0.5645378194763789
2004-11-08,0.5633225815234628
2004-11-09,0.5630931576901522
2004-11-10,0.5626307933388547
2004-11-11,0.5633332632188172
2004-11-12,0.5624357081309859
2004-11-15,0.5632642462558702
2004-11-16,0.5644393200278385
2004-11-17,0.5644959911142013
2004-11-18,0.5656646694597758
2004-11-19,0.5649179316912598
2004-11-22,0.5649566700173567
2004-11-23,0.5641963425723749
2004-11-24,0.5634535597636505
2004-11-26,0.563579856544643
2004-11-29,0.5645203027640687
2004-11-30,0.5638809621863391
2004-12-01,0.5618418448644315
2004-12-02,0.5627235741179107
2004-12-03,0.5620045811590987
2004-12-06,0.5644588083896588
2004-12-07,0.5626288213943955
2004-12-08,0.5621196225524218
2004-12-09,0.5602826322689188
2004-12-10,0.5580078612914182
2004-12-13,0.5568764805953863
2004-12-14,0.557356691266688
2004-12-15,0.558862457273116
2004-12-16,0.558552971933406
2004-12-17,0.5581106265512472
2004-12-20,0.5559962645215314
2004-12-21,0.5545270659505646
2004-12-22,0.5548111316016373
2004-12-23,0.5558994104261425
2004-12-27,0.5550575104691157
2004-12-28,0.5561514152639262
2004-12-29,0.5564667474681082
2004-12-30,0.557761213044948
2004-12-31,0.5585975874327113
2005-01-03,0.5577268338668997
2005-01-04,0.5568871910100522
2005-01-05,0.5578652892477561
2005-01-06,0.5586005416342144
2005-01-07,0.5573673224328439
2005-01-10,0.5568264480388257
2005-01-11,0.5535015062190389
2005-01-12,0.5506997238422381
2005-01-13,0.5506794126910997
2005-01-14,0.5504622461912265
2005-01-18,0.5510673224305662
2005-01-19,0.5504949272633597
2005-01-20,0.5482181264258249
2005-01-21,0.5488879180829271
2005-01-24,0.5478228823793191
2005-01-25,0.5500451615152555
2005-01-26,0.5496367395531091
2005-01-27,0.5498904605884979
2005-01-28,0.5497047294693669
2005-01-31,0.5477969386767977
2005-02-01,0.548572985405349
2005-02-02,0.5496922804654997
2005-02-03,0.547199614417234
2005-02-04,0.5471832080846616
2005-02-07,0.5476445321934388
2005-02-08,0.5478468016480624
2005-02-09,0.5459608555735848
2005-02-10,0.5459700519558753
2005-02-11,0.5454147359213093
2005-02-14,0.5410991451407943
2005-02-15,0.5400622523766465
2005-02-16,0.5392134545896394
2005-02-17,0.5388742314041898
2005-02-18,0.5330978464100458
2005-02-22,0.5316705777876334
2005-02-23,0.530726873358825
2005-02-24,0.5306816987636355
2005-02-25,0.5295019899736219
2005-02-28,0.5284750948235446
2005-03-01,0.5304030634811429
2005-03-02,0.5255928660021368
2005-03-03,0.5254672515687038
2005-03-04,0.5257795205135894
2005-03-07,0.5258968082233724
2005-03-08,0.5247432252187129
2005-03-09,0.5250111773448756
2005-03-10,0.5242662142706146
2005-03-11,0.5216071942981857
2005-03-14,0.5203940049926942
2005-03-15,0.5200828705908993
2005-03-16,0.5199008466404184
2005-03-17,0.5190564496161665
2005-03-18,0.5193350139699582
2005-03-21,0.5189447080983663
2005-03-22,0.518949827042723
2005-03-23,0.5188378472232463
2005-03-24,0.5191787533425073
2005-03-28,0.5190123095614613
2005-03-29,0.5208118377878356
2005-03-30,0.519357484836808
2005-03-31,0.5203159991362554
2005-04-01,0.5200890968265537
2005-04-04,0.5178552351183486
2005-04-05,0.5163339417356416
2005-04-06,0.5161389749616921
2005-04-07,0.5154053523865713
2005-04-08,0.5147489174286489
2005-04-11,0.514365428117939
2005-04-12,0.5134694420837316
2005-04-13,0.5107693110993301
2005-04-14,0.5117546561290549
2005-04-15,0.5102370031262847
2005-04-18,0.5098451760965663
2005-04-19,0.5087282840113001
2005-04-20,0.5072499508366082
2005-04-21,0.5048437388423498
2005-04-22,0.5047563096694581
2005-04-25,0.5042702311733747
2005-04-26,0.5028072082370956
2005-04-27,0.5028757277853623
2005-04-28,0.5030653462106778
2005-04-29,0.5027091370201865
2005-05-02,0.5024124311696471
2005-05-03,0.501758526715269
2005-05-04,0.5014777015807431
2005-05-05,0.5021929309674673
2005-05-06,0.5021823691797158
2005-05-09,0.5018334804328366
2005-05-10,0.5032211594080824
2005-05-11,0.5026794584564555
2005-05-12,0.5025726615176404
2005-05-13,0.503141476815038
2005-05-16,0.503085646839588
2005-05-17,0.5031651116481705
2005-05-18,0.5025058221208148
2005-05-19,0.5036256745193087
2005-05-20,0.5034949156230396
2005-05-23,0.5035574531577164
2005-05-24,0.5069507006454648
2005-05-25,0.506757397452204
2005-05-26,0.5052352877379969
2005-05-27,0.5063636232312387
2005-05-31,0.505712960771233
2005-06-01,0.5064592037976432
2005-06-02,0.5057798015685224
2005-06-03,0.5051390426652183
2005-06-06,0.5058158515160792
2005-06-07,0.5059553094208293
2005-06-08,0.5037483666485523
2005-06-09,0.5018593378830999
2005-06-10,0.5000349263498336
2005-06-13,0.5015589267612112
2005-06-14,0.5013426734662864
2005-06-15,0.4994259932670918
2005-06-16,0.4946274035321196
2005-06-17,0.4948667984432364
2005-06-20,0.4964673640314761
2005-06-21,0.4956782123624124
2005-06-22,0.4954078351617146
2005-06-23,0.4959282172305923
2005-06-24,0.4958465021490694
2005-06-27,0.495597088072588
2005-06-28,0.491966187785795
2005-06-29,0.4920154773522258
2005-06-30,0.4919178873012286
2005-07-01,0.4916443752973403
2005-07-05,0.4921500596635151
2005-07-06,0.4929695983645075
2005-07-07,0.4928132053509961
2005-07-08,0.4922378809087973
2005-07-11,0.4923864304479907
2005-07-12,0.4925505205710565
2005-07-13,0.4931181056482812
2005-07-14,0.4929701830182161
2005-07-15,0.4939248606304641
2005-07-18,0.4941370388011745
2005-07-19,0.4918916511507287
2005-07-20,0.4911116174409041
2005-07-21,0.4921441306581353
2005-07-22,0.4935844839878108
2005-07-25,0.4928618764483481
2005-07-26,0.4922376136470835
2005-07-27,0.491224762750339
2005-07-28,0.4910581576521482
2005-07-29,0.4922845277450584
2005-08-01,0.4928503375010207
2005-08-02,0.4924528213336198
2005-08-03,0.4923686455547361
2005-08-04,0.4908350409877884
2005-08-05,0.4902932638976528
2005-08-08,0.4899735955159935
2005-08-09,0.4902932638976528
2005-08-10,0.4898863512161109
2005-08-11,0.4887820725516619
2005-08-12,0.4880822880058109
2005-08-15,0.4891135850508645
2005-08-16,0.4893860469441707
2005-08-17,0.4886802938628231
2005-08-18,0.4878706858113722
2005-08-19,0.487722096823483
2005-08-22,0.4877317564017371
2005-08-23,0.4884921393741469
2005-08-24,0.4879003163367013
2005-08-25,0.4883967707306408
2005-08-26,0.4900608871306469
2005-08-29,0.4912180444767541
2005-08-30,0.4909037079914617
2005-08-31,0.489519345054455
2005-09-01,0.4910472800908028
2005-09-02,0.4911622927893637
2005-09-06,0.4897908255260814
2005-09-07,0.4907733823550688
2005-09-08,0.490196124176153
2005-09-09,0.4902125316735362
2005-09-12,0.4908171661954286
2005-09-13,0.4906890540716908
2005-09-14,0.4905468233591265
2005-09-15,0.4922312147506528
2005-09-16,0.4919145972633433
2005-09-19,0.4921132884519859
2005-09-20,0.4913452623699194
2005-09-21,0.4912304179686392
2005-09-22,0.4912730667756653
2005-09-23,0.4909180389980976
2005-09-26,0.4916452132419926
2005-09-27,0.4915443343325103
2005-09-28,0.4920275320187215
2005-09-29,0.4922528002269724
2005-09-30,0.4932150671540507
2005-10-03,0.4934804169357628
2005-10-04,0.4931204093440049
2005-10-05,0.4910456447297491
2005-10-06,0.4906773397538512
2005-10-07,0.4903648833733179
2005-10-10,0.4909606938891158
2005-10-11,0.4908187422909761
2005-10-12,0.4906773397538512
2005-10-13,0.490422919205024
2005-10-14,0.4892287797700717
2005-10-17,0.489343769953475
2005-10-18,0.4889218106870368
2005-10-19,0.4894344799883084
2005-10-20,0.4894224926242022
2005-10-21,0.489446501118802
2005-10-24,0.4887003983404441
2005-10-25,0.4888264282405978
2005-10-26,0.4890253295575326
2005-10-27,0.4849243836786889
2005-10-28,0.4852203676593459
2005-10-31,0.4854697692919008
2005-11-01,0.487386171658086
2005-11-02,0.4872514777213333
2005-11-03,0.4882912773760791
2005-11-04,0.4878287072724194
2005-11-07,0.4865546820237663
2005-11-08,0.4857815169557314
2005-11-09,0.4855733644214289
2005-11-10,0.4841643088488869
2005-11-11,0.4835442202886253
2005-11-14,0.4839243041179586
2005-11-15,0.4842121838475585
2005-11-16,0.4842121838475585
2005-11-17,0.4839969600056529
2005-11-18,0.484298382406654
2005-11-21,0.4844226129935093
2005-11-22,0.4840783317932853
2005-11-23,0.4848168869252848
2005-11-25,0.4853006695750239
2005-11-28,0.4841787485841243
2005-11-29,0.4841787485841243
2005-11-30,0.4849349641251428
2005-12-01,0.484336449375804
2005-12-02,0.4840152671254939
2005-12-05,0.4822706774260412
2005-12-06,0.4819738962246428
2005-12-07,0.4815855691412002
2005-12-08,0.4819306857305527
2005-12-09,0.4821018304316408
2005-12-12,0.4821000436916047
2005-12-13,0.4820138017626542
2005-12-14,0.4818830959808377
2005-12-15,0.4815825195065313
2005-12-16,0.481198069734851
2005-12-19,0.4808983469629878
2005-12-20,0.480812977877189
2005-12-21,0.4807266569033728
2005-12-22,0.4807266569033728
2005-12-23,0.4808983469629878
2005-12-27,0.4804689531851542
2005-12-28,0.4808122147961154
2005-12-29,0.479124122787425
2005-12-30,0.478342147210985
2006-01-03,0.4778625917141075
2006-01-04,0.4784671418489701
2006-01-05,0.479773503294724
2006-01-06,0.4791267747601582
2006-01-09,0.4787778675883724
2006-01-10,0.4786459087095319
2006-01-11,0.4789896365548028
2006-01-12,0.478774688452073
2006-01-13,0.4789436826829678
2006-01-17,0.4789896365548028
2006-01-18,0.4784315901882816
2006-01-19,0.4779438105490432
2006-01-20,0.478174925251252
2006-01-23,0.4784352775496173
2006-01-24,0.4786459087095319
2006-01-25,0.478946615370387
2006-01-26,0.4789524544236439
2006-01-27,0.4786098705792337
2006-01-30,0.47810716313167
2006-01-31,0.4752634627564547
2006-02-01,0.4766059411913222
2006-02-02,0.476098278592413
2006-02-03,0.4769254500394747
2006-02-06,0.4776291334940212
2006-02-07,0.4771030117619422
2006-02-08,0.4768396323191203
2006-02-09,0.4767476136346846
2006-02-10,0.4787153850598597
2006-02-13,0.4782875618617214
2006-02-14,0.4778534556263589
2006-02-15,0.4777723134924764
2006-02-16,0.4773446702630214
2006-02-17,0.4776010680306309
2006-02-21,0.4779009126649348
2006-02-22,0.4770773910979172
2006-02-23,0.4774676526016553
2006-02-24,0.4777816755700531
2006-02-27,0.4775155394597252
2006-02-28,0.4751867712312891
2006-03-01,0.4751781433891405
2006-03-02,0.4747342299002075
2006-03-03,0.4756557478230585
2006-03-06,0.4751442310045029
2006-03-07,0.4753737663944171
2006-03-08,0.4752378664206693
2006-03-09,0.4757297286162935
2006-03-10,0.4736951275615017
2006-03-13,0.4737482652580413
2006-03-14,0.4731461585843988
2006-03-15,0.4722416974350226
2006-03-16,0.4724103231822085
2006-03-17,0.4723552141606454
2006-03-20,0.4726214544074161
2006-03-21,0.471863193752402
2006-03-22,0.4714155079155066
2006-03-23,0.4721153906201339
2006-03-24,0.4726043247615316
2006-03-27,0.4727133402688755
2006-03-28,0.4728816033120129
2006-03-29,0.4722258108397976
2006-03-30,0.4734188642623229
2006-03-31,0.4744267831031235
2006-04-03,0.4740549609692758
2006-04-04,0.4743713596067497
2006-04-05,0.474644375057517
2006-04-06,0.4750854857516827
2006-04-07,0.4745137068815412
2006-04-10,0.4746397057918084
2006-04-11,0.4743263197892868
2006-04-12,0.4748500096877179
2006-04-13,0.474644375057517
2006-04-17,0.4754750971009528
2006-04-18,0.474244486024129
2006-04-19,0.4744983727418093
2006-04-20,0.4749742262782023
2006-04-21,0.4745503044611387
2006-04-24,0.4740652649253781
2006-04-25,0.471302624718726
2006-04-26,0.4716676448327571
2006-04-27,0.4694189235585444
2006-04-28,0.4691670814426626
2006-05-01,0.4690050920866453
2006-05-02,0.4691911483126362
2006-05-03,0.4701262515966352
2006-05-04,0.4691491525804419
2006-05-05,0.4699665028771064
2006-05-08,0.4698568030147315
2006-05-09,0.4707757207436102
2006-05-10,0.4704536124312085
2006-05-11,0.4700330555358254
2006-05-12,0.4721442409219104
2006-05-15,0.4730804842537657
2006-05-16,0.4730263643535946
2006-05-17,0.4737157648930703
2006-05-18,0.4732495498658953
2006-05-19,0.4738963833777269
2006-05-22,0.473811476004856
2006-05-23,0.4739069681186161
2006-05-24,0.4739388605243206
2006-05-25,0.4734188642623229
2006-05-26,0.4735994808364666
2006-05-30,0.4734301651550737
2006-05-31,0.4740767212522108
2006-06-01,0.4728273510028578
2006-06-02,0.4728695011836999
2006-06-05,0.4735147918779066
2006-06-06,0.4729116668299072
2006-06-07,0.4721995797030914
2006-06-08,0.4714852105472202
2006-06-09,0.4713301704735357
2006-06-12,0.4728573624573632
2006-06-13,0.4731766576555397
2006-06-14,0.4722285836526949
2006-06-15,0.4714709303408215
2006-06-16,0.471513045467255
2006-06-19,0.470469514191298
2006-06-20,0.4702690078058139
2006-06-21,0.470622270559551
2006-06-22,0.4712863825548333
2006-06-23,0.4705115941003873
2006-06-26,0.4711172803693368
2006-06-27,0.4682965963487409
2006-06-28,0.4681739548455328
2006-06-29,0.4682416396412807
2006-06-30,0.4682838434706256
2006-07-03,0.4678204646962123
2006-07-05,0.4673800838629916
2006-07-06,0.4678222506886846
2006-07-07,0.4678020267543927
2006-07-10,0.4673807726000649
2006-07-11,0.4674230002068394
2006-07-12,0.4678442733522036
2006-07-13,0.4678644357892042
2006-07-14,0.4689557365405303
2006-07-17,0.4695423995496637
2006-07-18,0.469422266126594
2006-07-19,0.4692948406255567
2006-07-20,0.4687727760144131
2006-07-21,0.469368825640377
2006-07-24,0.4689427567674266
2006-07-25,0.4669355490360032
2006-07-26,0.4668726300711489
2006-07-27,0.4673807726000649
2006-07-28,0.4678442733522036
2006-07-31,0.4685606577166637
2006-08-01,0.4673383535604888
2006-08-02,0.4673173916148369
2006-08-03,0.4674016767528368
2006-08-04,0.46775979593682
2006-08-07,0.4671282207753754
2006-08-08,0.4657828658091684
2006-08-09,0.4647520012010678
2006-08-10,0.4646523781278485
2006-08-11,0.4653420611030463
2006-08-14,0.4653775250229887
2006-08-15,0.4651929168218073
2006-08-16,0.465639469152358
2006-08-17,0.4658525135791316
2006-08-18,0.4663720242497018
2006-08-21,0.4662883682185989
2006-08-22,0.4663915024643121
2006-08-23,0.4655211023782656
2006-08-24,0.4640153531081865
2006-08-25,0.4629350040612641
2006-08-28,0.4634887569312041
2006-08-29,0.4643432607590936
2006-08-30,0.4634327016115087
2006-08-31,0.4652873951840104
2006-09-01,0.4652454796340025
2006-09-05,0.4644845113388673
2006-09-06,0.4641925542844479
2006-09-07,0.4645099470606452
2006-09-08,0.4646603022711318
2006-09-11,0.4648859017218851
2006-09-12,0.4632677626440515
2006-09-13,0.4619792572656434
2006-09-14,0.4618536858116589
2006-09-15,0.4622308273567549
2006-09-18,0.4624151163892434
2006-09-19,0.4602792317383418
2006-09-20,0.46033003714534
2006-09-21,0.4600056600036857
2006-09-22,0.4589832033513883
2006-09-25,0.4579369172600926
2006-09-26,0.4577583637705366
2006-09-27,0.4584521689211501
2006-09-28,0.4586007193130405
2006-09-29,0.4589690195338705
2006-10-02,0.4588024245101992
2006-10-03,0.4588790035711633
2006-10-04,0.4584226448887772
2006-10-05,0.45833987420526
2006-10-06,0.4587128352666803
2006-10-09,0.4594055358234063
2006-10-10,0.4603903830690737
2006-10-11,0.4602557725672446
2006-10-12,0.4604551742231381
2006-10-13,0.4603717337391376
2006-10-16,0.4597561137628719
2006-10-17,0.4597064731016552
2006-10-18,0.4599139359908802
2006-10-19,0.4567937316099476
2006-10-20,0.4574870682613186
2006-10-23,0.456547123937066
2006-10-24,0.4565934110988268
2006-10-25,0.4562621408124672
2006-10-26,0.4571163160260322
2006-10-27,0.4569930111753976
2006-10-30,0.4571574486172004
2006-10-31,0.4571574486172004
2006-11-01,0.4562581037959334
2006-11-02,0.456380795011979
2006-11-03,0.4570340973146747
2006-11-06,0.4567058406845908
2006-11-07,0.4565036246237504
2006-11-08,0.456664877998214
2006-11-09,0.4576477644311259
2006-11-10,0.4578906476863857
2006-11-13,0.4571163160260322
2006-11-14,0.4562581037959334
2006-11-15,0.45793192788084
2006-11-16,0.4590660270928891
2006-11-17,0.460320837260582
2006-11-20,0.4623021233172469
2006-11-21,0.4624022898768976
2006-11-22,0.4621098912967445
2006-11-24,0.4622226320248587
2006-11-27,0.4614333791874075
2006-11-28,0.4621685924085269
2006-11-29,0.4630735326268002
2006-11-30,0.463310624150671
2006-12-01,0.4629343024973158
2006-12-04,0.4634656326116844
2006-12-05,0.4639717960041577
2006-12-06,0.4631729454360239
2006-12-07,0.4629460657297301
2006-12-08,0.4637404239135103
2006-12-11,0.4637404239135103
2006-12-12,0.4636977369882845
2006-12-13,0.4636977369882845
2006-12-14,0.4634419579613034
2006-12-15,0.4646325602314717
2006-12-18,0.4645301963450662
2006-12-19,0.4645897514012568
2006-12-20,0.4640505946259603
2006-12-21,0.4647182270525207
2006-12-22,0.4644614231089836
2006-12-26,0.4646156389407911
2006-12-27,0.4636275810937694
2006-12-28,0.4633008924371152
2006-12-29,0.4641786705715183
2007-01-03,0.4640505946259603
2007-01-04,0.4636672459052274
2007-01-05,0.4633862721453107
2007-01-08,0.4640127720993183
2007-01-09,0.4641092778739933
2007-01-10,0.4634866769561482
2007-01-11,0.4627321880242008
2007-01-12,0.4627186000680132
2007-01-16,0.4633289050268975
2007-01-17,0.4633993851158163
2007-01-18,0.4631585917138684
2007-01-19,0.4634994790677293
2007-01-22,0.4634141594155721
2007-01-23,0.4631729454360239
2007-01-24,0.4621624647926235
2007-01-25,0.4623456645758498
2007-01-26,0.4620171385923079
2007-01-29,0.4628739432935131
2007-01-30,0.4616766715850494
2007-01-31,0.4619197239046865
2007-02-01,0.4622773155945817
2007-02-02,0.4627050605378021
2007-02-05,0.4627204235834939
2007-02-06,0.462593578248538
2007-02-07,0.463397714499569
2007-02-08,0.4644378035504274
2007-02-09,0.4642519847917258
2007-02-12,0.4633539390250468
2007-02-13,0.463368479310522
2007-02-14,0.4636219136078068
2007-02-15,0.4635647078903483
2007-02-16,0.4631439267240819
2007-02-20,0.4632284584222614
2007-02-21,0.4639450985106117
2007-02-22,0.4644472697691681
2007-02-23,0.4651158871594865
2007-02-26,0.4641197891488612
2007-02-27,0.4647854402812997
2007-02-28,0.4659126842000616
2007-03-01,0.4659543649237908
2007-03-02,0.4656629240847283
2007-03-05,0.4641247074490737
2007-03-06,0.4629363861902023
2007-03-07,0.4631699567790068
2007-03-08,0.4633212353303023
2007-03-09,0.4641455224136644
2007-03-12,0.4643464903517909
2007-03-13,0.4638780896870929
2007-03-14,0.4628675338564594
2007-03-15,0.4620662205091847
2007-03-16,0.4625902458986851
2007-03-19,0.4624535861864189
2007-03-20,0.4631973151157681
2007-03-21,0.462525958432343
2007-03-22,0.4638931316035283
2007-03-23,0.4640989757029773
2007-03-26,0.4639494373382036
2007-03-27,0.4635790755779805
2007-03-28,0.4623373844886977
2007-03-29,0.4627326817649845
2007-03-30,0.4627457538845573
2007-04-02,0.4629914973825358
2007-04-03,0.46266395988818
2007-04-04,0.4630189262824666
2007-04-05,0.4618432279391252
2007-04-09,0.462717893690982
2007-04-10,0.463511349888659
2007-04-11,0.4632778680255554
2007-04-12,0.4627457538845573
2007-04-13,0.4623746879701809
2007-04-16,0.4635380000703397
2007-04-17,0.4636612720087562
2007-04-18,0.4635380000703397
2007-04-19,0.4633738492122558
2007-04-20,0.4625822260225827
2007-04-23,0.4631008458465592
2007-04-24,0.463904091359994
2007-04-25,0.4635357035313917
2007-04-26,0.4636174624239944
2007-04-27,0.4660949232694623
2007-04-30,0.465583828023324
2007-05-01,0.4655428894566554
2007-05-02,0.4646537270692745
2007-05-03,0.4646862166027914
2007-05-04,0.4650288150254379
2007-05-07,0.4645065511312438
2007-05-08,0.4648414184467129
2007-05-09,0.4651034922079433
2007-05-10,0.4642619082260377
2007-05-11,0.4641195134306597
2007-05-14,0.4649001703950868
2007-05-15,0.4642268505854485
2007-05-16,0.4642834099894934
2007-05-17,0.4647600327066967
2007-05-18,0.4642677744565985
2007-05-21,0.4638592088198439
2007-05-22,0.4639665461561723
2007-05-23,0.4657016761749268
2007-05-24,0.4650456437587256
2007-05-25,0.4638592088198439
2007-05-29,0.4619594280374631
2007-05-30,0.4625160048854571
2007-05-31,0.4627880917292186
2007-06-01,0.4627343638002308
2007-06-04,0.463439790477797
2007-06-05,0.4628431644999828
2007-06-06,0.4620052719831432
2007-06-07,0.4614924776821814
2007-06-08,0.4625846528953429
2007-06-11,0.4627473741752891
2007-06-12,0.4627196543878628
2007-06-13,0.461222693784844
2007-06-14,0.4612737210084331
2007-06-15,0.4607071296828858
2007-06-18,0.4613037003479118
2007-06-19,0.4613847662410842
2007-06-20,0.4620235819073162
2007-06-21,0.4627588709775037
2007-06-22,0.4627998633677638
2007-06-25,0.4617731210722255
2007-06-26,0.4618254972787877
2007-06-27,0.4619483061699545
2007-06-28,0.4625515401746708
2007-06-29,0.462772033276338
2007-07-02,0.4615470763022263
2007-07-03,0.4615470763022263
2007-07-05,0.4605643839649518
2007-07-06,0.4610406793173442
2007-07-09,0.4612737210084331
2007-07-10,0.4616171831097883
2007-07-11,0.4618087395596161
2007-07-12,0.4607878937195869
2007-07-13,0.4606762688763066
2007-07-16,0.4607166996317761
2007-07-17,0.4611926014545905
2007-07-18,0.4617973219303405
2007-07-19,0.4611314642280545
2007-07-20,0.4605365234530507
2007-07-23,0.4606975924056105
2007-07-24,0.4605272998714639
2007-07-25,0.4609396370150417
2007-07-26,0.4610707653194441
2007-07-27,0.4621594019963685
2007-07-30,0.4615912989574545
2007-07-31,0.4626572242391911
2007-08-01,0.4629390693280151
2007-08-02,0.4628038896218276
2007-08-03,0.4621310933900939
2007-08-06,0.4621026990706248
2007-08-07,0.4611008270821943
2007-08-08,0.4606997904246651
2007-08-09,0.4608393563282942
2007-08-10,0.4610003315934908
2007-08-13,0.4615033230674576
2007-08-14,0.46205068367811
2007-08-15,0.4624162100940562
2007-08-16,0.4626318572285318
2007-08-17,0.4626846691284657
2007-08-20,0.4626020854363824
2007-08-21,0.4621713201041205
2007-08-22,0.4634098534772354
2007-08-23,0.4635977816357008
2007-08-24,0.4631812203227695
2007-08-27,0.4631004447883376
2007-08-28,0.4625617685189274
2007-08-29,0.4619072870843835
2007-08-30,0.4611314642280545
2007-08-31,0.461020503281743
2007-09-04,0.4601407743507973
2007-09-05,0.4597746407490788
2007-09-06,0.4602237821080647
2007-09-07,0.4587801293869278
2007-09-10,0.4586673905206028
2007-09-11,0.4590643700059776
2007-09-12,0.4590379043397429
2007-09-13,0.4591109218027627
2007-09-14,0.4596548235118061
2007-09-17,0.4596792532600422
2007-09-18,0.4581140216003442
2007-09-19,0.4581929034478216
2007-09-20,0.4572251164517652
2007-09-21,0.457777691620346
2007-09-24,0.4574655711346576
2007-09-25,0.45754464590808
2007-09-26,0.4580006708573477
2007-09-27,0.457497022002338
2007-09-28,0.4578964647578923
2007-10-01,0.4575010548337205
2007-10-02,0.4574221441565201
2007-10-03,0.4569923207842163
2007-10-04,0.4573865535351752
2007-10-05,0.4549244167074469
2007-10-08,0.4552369001786937
2007-10-09,0.4556253320377881
2007-10-10,0.4554700670922598
2007-10-11,0.4548850216790607
2007-10-12,0.4556296424849463
2007-10-15,0.4552375009498271
2007-10-16,0.4558658509956689
2007-10-17,0.4556699131824889
2007-10-18,0.4551984600306825
2007-10-19,0.4542979719135925
2007-10-22,0.4547667176564211
2007-10-23,0.4548058715748318
2007-10-24,0.4549618216895817
2007-10-25,0.4555539810694357
2007-10-26,0.4547642962293314
2007-10-29,0.4546854948834514
2007-10-30,0.455907960213732
2007-10-31,0.4553934801833277
2007-11-01,0.4548842218938914
2007-11-02,0.4546085030868044
2007-11-05,0.4548838199528046
2007-11-06,0.4547269089546632
2007-11-07,0.4553939465326255
2007-11-08,0.4565530283006628
2007-11-09,0.4561050343749947
2007-11-12,0.4589995280118749
2007-11-13,0.4591188549258647
2007-11-14,0.4592320587390289
2007-11-15,0.4595345066267561
2007-11-16,0.4594728471533876
2007-11-19,0.45850673164002
2007-11-20,0.4590624762229677
2007-11-21,0.4592074705040211
2007-11-23,0.4597769206290978
2007-11-26,0.459289963518502
2007-11-27,0.4590055873434251
2007-11-28,0.4591317661093323
2007-11-29,0.4599662548142199
2007-11-30,0.4598150487981975
2007-12-03,0.4601419069271544
2007-12-04,0.4602561681389266
2007-12-05,0.4594869686849989
2007-12-06,0.4599673938401448
2007-12-07,0.4615665516231116
2007-12-10,0.4611166457280889
2007-12-11,0.4612599417976797
2007-12-12,0.4615665516231116
2007-12-13,0.4619673107059782
2007-12-14,0.462328595533139
2007-12-17,0.4635822358592106
2007-12-18,0.4636587419843411
2007-12-19,0.4636970147346894
2007-12-20,0.4632263704471376
2007-12-21,0.462896034028852
2007-12-24,0.4658103109706008
2007-12-26,0.4669099965706823
2007-12-27,0.46621479476817
2007-12-28,0.4663271510654318
2007-12-31,0.4660577190680178
2008-01-02,0.4663299991927686
2008-01-03,0.4666397006260657
2008-01-04,0.4702875917307996
2008-01-07,0.4716649817570112
2008-01-08,0.475293398698671
2008-01-09,0.4753780387551528
2008-01-10,0.4756865393953067
2008-01-11,0.4759116366216306
2008-01-14,0.4749530828211675
2008-01-15,0.4755027266455739
2008-01-16,0.4767063698265964
2008-01-17,0.4766191468430833
2008-01-18,0.4763557827018047
2008-01-22,0.4763297570123437
2008-01-23,0.4771418094610676
2008-01-24,0.4778453277409794
2008-01-25,0.4773248303153991
2008-01-28,0.4773635125084478
2008-01-29,0.4785396424433707
2008-01-30,0.4790980518824876
2008-01-31,0.4782817420825456
2008-02-01,0.4793010620067336
2008-02-04,0.4782431272506753
2008-02-05,0.4788376446022638
2008-02-06,0.4795444180337105
2008-02-07,0.4797769178091522
2008-02-08,0.4798125047690269
2008-02-11,0.4799283667245517
2008-02-12,0.4803943154098221
2008-02-13,0.4792371266771962
2008-02-14,0.4805875012739843
2008-02-15,0.4806259459616046
2008-02-19,0.4800032680538404
2008-02-20,0.4800408887532567
2008-02-21,0.4796515135488166
2008-02-22,0.4788292959150925
2008-02-25,0.4775751916617715
2008-02-26,0.478154821926594
2008-02-27,0.4780811897478786
2008-02-28,0.4776092952373053
2008-02-29,0.4781310952913468
2008-03-03,0.4791873405203318
2008-03-04,0.4782887930337018
2008-03-05,0.4783238483626149
2008-03-06,0.4798066466752088
2008-03-07,0.4803922791747495
2008-03-10,0.4804317587762202
2008-03-11,0.480237002609421
2008-03-12,0.4794539945825884
2008-03-13,0.4786359724741065
2008-03-14,0.4777723134924764
2008-03-17,0.4784782799286722
2008-03-18,0.4785233346090637
2008-03-19,0.4788707375897413
2008-03-20,0.4786390210870404
2008-03-24,0.4791197238285367
2008-03-25,0.4798567031357139
2008-03-26,0.479816857246659
2008-03-27,0.4803185180717249
2008-03-28,0.480474561326008
2008-03-31,0.4800092526559413
2008-04-01,0.481013727482337
2008-04-02,0.4823623537865919
2008-04-03,0.4817834645662118
2008-04-04,0.4819007403083423
2008-04-07,0.4826752595821112
2008-04-08,0.4824829346281813
2008-04-09,0.4822091370890375
2008-04-10,0.4829090101266728
2008-04-11,0.4832090164888843
2008-04-14,0.4837860786023448
2008-04-15,0.483903063146468
2008-04-16,0.4833646753879476
2008-04-17,0.483251046901934
2008-04-18,0.4819339388113395
2008-04-21,0.482429703327269
2008-04-22,0.4825839350815893
2008-04-23,0.48251106709571
2008-04-24,0.4825839350815893
2008-04-25,0.4831580937433601
2008-04-28,0.4844611593164226
2008-04-29,0.4855509719833767
2008-04-30,0.4852790415316156
2008-05-01,0.4843468547221358
2008-05-02,0.4842061489310802
2008-05-05,0.4843787931996137
2008-05-06,0.4846796808710067
2008-05-07,0.4843696077113336
2008-05-08,0.4845633089188717
2008-05-09,0.4840728901655411
2008-05-12,0.4847624325916161
2008-05-13,0.4847184967663985
2008-05-14,0.4853684578867323
2008-05-15,0.4850574004509715
2008-05-16,0.4849797624889255
2008-05-19,0.4848402321058432
2008-05-20,0.4848738867499148
2008-05-21,0.4845197616162193
2008-05-22,0.4842966982437298
2008-05-23,0.4846796808710067
2008-05-27,0.4845633089188717
2008-05-28,0.4846846837734527
2008-05-29,0.4850628975186667
2008-05-30,0.4850240200243174
2008-06-02,0.4846069855975642
2008-06-03,0.4846557692702493
2008-06-04,0.4843445456537411
2008-06-05,0.4834223861904488
2008-06-06,0.4832710107907492
2008-06-09,0.4833483450881928
2008-06-10,0.482923628454138
2008-06-11,0.483090393085293
2008-06-12,0.4834724656446893
2008-06-13,0.4840779986696318
2008-06-16,0.4838902442222137
2008-06-17,0.4840094390513555
2008-06-18,0.4844330528434834
2008-06-19,0.4844330528434834
2008-06-20,0.4844284114892323
2008-06-23,0.4834475536946596
2008-06-24,0.4836122162641471
2008-06-25,0.4836194122100631
2008-06-26,0.4841461442469192
2008-06-27,0.4853625575908584
2008-06-30,0.4861470872864381
2008-07-01,0.4865681064117816
2008-07-02,0.4863734097418226
2008-07-03,0.4861929455016252
2008-07-07,0.4868569190070853
2008-07-08,0.4883446427496382
2008-07-09,0.4883840479101411
2008-07-10,0.4873278267189284
2008-07-11,0.4863385389577657
2008-07-14,0.4874852067222659
2008-07-15,0.487344896762069
2008-07-16,0.4885427623480241
2008-07-17,0.4890738804239111
2008-07-18,0.4888684674397243
2008-07-21,0.4882752072494523
2008-07-22,0.4879773792772392
2008-07-23,0.487520298721708
2008-07-24,0.4878771035092101
2008-07-25,0.4880360233225296
2008-07-28,0.4882251805588719
2008-07-29,0.4886029170407894
2008-07-30,0.4880057588132668
2008-07-31,0.4881553508462819
2008-08-01,0.4883943607114165
2008-08-04,0.4882355839914935
2008-08-05,0.4878678071261549
2008-08-06,0.4887412584975387
2008-08-07,0.487947131917706
2008-08-08,0.4884238211196248
2008-08-11,0.4900785233260019
2008-08-12,0.4900108223458273
2008-08-13,0.4899030182394208
2008-08-14,0.4895554114280874
2008-08-15,0.4897950335091336
2008-08-18,0.4885926626304355
2008-08-19,0.4885529350145737
2008-08-20,0.4889798852217913
2008-08-21,0.4888605129558826
2008-08-22,0.4895669504684166
2008-08-25,0.4899950811636251
2008-08-26,0.4902480555367907
2008-08-27,0.4897906032011438
2008-08-28,0.4895215418697919
2008-08-29,0.4879544679672683
2008-09-02,0.4894757975760987
2008-09-03,0.4891543620903021
2008-09-04,0.4906527614647187
2008-09-05,0.4919976235975688
2008-09-08,0.4916801176909058
2008-09-09,0.4916773268590946
2008-09-10,0.4916115472512732
2008-09-11,0.491891964476129
2008-09-12,0.4926096511392745
2008-09-15,0.4923482704296548
2008-09-16,0.4918738828925952
2008-09-17,0.4950573530690899
2008-09-18,0.4939267007633925
2008-09-19,0.4931318852266114
2008-09-22,0.4930526372302761
2008-09-23,0.4939779727014907
2008-09-24,0.4950913821133078
2008-09-25,0.494868996465278
2008-09-26,0.4941783118187056
2008-09-29,0.496596436496436
2008-09-30,0.4967346912006012
2008-10-01,0.4964793475552099
2008-10-02,0.4973569222399807
2008-10-03,0.4981530227386203
2008-10-06,0.4998161025920277
2008-10-07,0.5054551941064849
2008-10-08,0.5089225074697181
2008-10-09,0.5115803512077118
2008-10-10,0.5114421527106541
2008-10-13,0.5134141247312742
2008-10-14,0.5143834056908195
2008-10-15,0.5161631160908385
2008-10-16,0.5163553428382961
2008-10-17,0.5168476968435308
2008-10-20,0.517140465399313
2008-10-21,0.5159547803519612
2008-10-22,0.5168360684632933
2008-10-23,0.5190127594535469
2008-10-24,0.5197658336625535
2008-10-27,0.5210903956214963
2008-10-28,0.521925003195917
2008-10-29,0.5227500154884097
2008-10-30,0.5257477458181575
2008-10-31,0.5260677369523776
2008-11-03,0.5260154851083412
2008-11-04,0.5265979664857712
2008-11-05,0.527114788714934
2008-11-06,0.529330270512952
2008-11-07,0.5287962717278534
2008-11-10,0.5301728836344352
2008-11-11,0.529793159408624
2008-11-12,0.5315223517454025
2008-11-13,0.5321692367185196
2008-11-14,0.532745191780262
2008-11-17,0.5336689373008456
2008-11-18,0.5338221833063014
2008-11-19,0.5366672308477939
2008-11-20,0.5387601479758831
2008-11-21,0.538752615012737
2008-11-24,0.5386530048028185
2008-11-25,0.540757124846566
2008-11-26,0.5435396319395481
2008-11-28,0.5448066595494495
2008-12-01,0.544868556891534
2008-12-02,0.5448376803951842
2008-12-03,0.5452034798603869
2008-12-04,0.5450569166619921
2008-12-05,0.5447858982907767
2008-12-08,0.5457266414072276
2008-12-09,0.545939813537901
2008-12-10,0.5454844824062324
2008-12-11,0.5454457437577545
2008-12-12,0.5457559485629775
2008-12-15,0.5455423888553448
2008-12-16,0.5460762320788739
2008-12-17,0.5461726433709816
2008-12-18,0.5449691692861501
2008-12-19,0.5435941314955641
2008-12-22,0.5413395552943234
2008-12-23,0.5419945786892076
2008-12-24,0.5421241840650887
2008-12-26,0.5420727417997436
2008-12-29,0.5410522922588534
2008-12-30,0.5397486752755792
2008-12-31,0.538521968053304
2009-01-02,0.538622239261347
2009-01-05,0.5391365691155195
2009-01-06,0.5386451928202342
2009-01-07,0.5390528879071486
2009-01-08,0.5386989064398243
2009-01-09,0.5375593655488199
2009-01-12,0.5392392768484356
2009-01-13,0.5393791401507445
2009-01-14,0.5414120242874643
2009-01-15,0.541541419845795
2009-01-16,0.540680267954768
2009-01-20,0.5404184216566348
2009-01-21,0.5400841628959192
2009-01-22,0.5403296173673999
2009-01-23,0.5406186577742489
2009-01-26,0.5395263788384964
2009-01-27,0.5389959281330573
2009-01-28,0.5395804487391487
2009-01-29,0.5392222193977576
2009-01-30,0.5393396686555193
2009-02-02,0.5384247176046261
2009-02-03,0.5392789894293264
2009-02-04,0.5386438648636585
2009-02-05,0.537969207050177
2009-02-06,0.5387379680003861
2009-02-09,0.5384712538889677
2009-02-10,0.5379594443633438
2009-02-11,0.5382342511619322
2009-02-12,0.537618795497856
2009-02-13,0.5367100777532106
2009-02-17,0.5358384400060006
2009-02-18,0.5364477976877199
2009-02-19,0.5358651671754078
2009-02-20,0.5352246133200942
2009-02-23,0.5344211865151206
2009-02-24,0.5351903409227006
2009-02-25,0.535171401404412
2009-02-26,0.534087195321103
2009-02-27,0.5335748278934352
2009-03-02,0.533635424571467
2009-03-03,0.533989205490269
2009-03-04,0.5333392513905207
2009-03-05,0.531995841874476
2009-03-06,0.5323057434666085
2009-03-09,0.5315344422081245
2009-03-10,0.5312551112127673
2009-03-11,0.5333137991564036
2009-03-12,0.5339095533195215
2009-03-13,0.5341460717769247
2009-03-16,0.5341262905252852
2009-03-17,0.534382394343286
2009-03-18,0.5347762108773652
2009-03-19,0.534382394343286
2009-03-20,0.5343237736348192
2009-03-23,0.5357690564730617
2009-03-24,0.5350585731852359
2009-03-25,0.5343442319423731
2009-03-26,0.5325355127774272
2009-03-27,0.5329496930244475
2009-03-30,0.532327764120483
2009-03-31,0.5319191187509132
2009-04-01,0.5332792669006021
2009-04-02,0.5328018191160744
2009-04-03,0.5340443147582205
2009-04-06,0.5339237641368288
2009-04-07,0.5343249356335857
2009-04-08,0.534385688502123
2009-04-09,0.5341435375437152
2009-04-13,0.5342041374692417
2009-04-14,0.5343859484295441
2009-04-15,0.5339612275367203
2009-04-16,0.5336186222230314
2009-04-17,0.5347287552723284
2009-04-20,0.5334991842074912
2009-04-21,0.5343455170332417
2009-04-22,0.5339811986529797
2009-04-23,0.5344066162814404
2009-04-24,0.5331530931587067
2009-04-27,0.5324605021664242
2009-04-28,0.5325379400368572
2009-04-29,0.531951541804921
2009-04-30,0.5319249892745739
2009-05-01,0.5325970002539887
2009-05-04,0.5315946935913429
2009-05-05,0.5319335557665734
2009-05-06,0.5319695637657075
2009-05-07,0.530440068682017
2009-05-08,0.530633131596392
2009-05-11,0.5305130429501344
2009-05-12,0.5316251120138274
2009-05-13,0.5309199004410687
2009-05-14,0.5311375164601527
2009-05-15,0.5303386661293948
2009-05-18,0.5297299747455132
2009-05-19,0.5299863251484153
2009-05-20,0.5304354500896268
2009-05-21,0.5291580248483644
2009-05-22,0.5288826439630667
2009-05-26,0.528059266059769
2009-05-27,0.527501985667562
2009-05-28,0.5266338244413956
2009-05-29,0.526446602046298
2009-06-01,0.5264757253565637
2009-06-02,0.5267021106104098
2009-06-03,0.5281423361253372
2009-06-04,0.5288222982133455
2009-06-05,0.5293404289210528
2009-06-08,0.5286717237403413
2009-06-09,0.5281136290545729
2009-06-10,0.5275933129012365
2009-06-11,0.5285619243202206
2009-06-12,0.529112204496796
2009-06-15,0.5281815795875338
2009-06-16,0.529514487702145
2009-06-17,0.5293858385344817
2009-06-18,0.5297057686690405
2009-06-19,0.5304826147131502
2009-06-22,0.5298341172909005
2009-06-23,0.5306599326949607
2009-06-24,0.5306062346487277
2009-06-25,0.5308144822310523
2009-06-26,0.529970459958384
2009-06-29,0.5302451689406555
2009-06-30,0.5296951965329999
2009-07-01,0.5294997618754197
2009-07-02,0.5295175282586955
2009-07-06,0.5296301448374334
2009-07-07,0.5293781630254479
2009-07-08,0.5295650000188621
2009-07-09,0.5304356421419572
2009-07-10,0.5297916688097619
2009-07-13,0.5290502751935263
2009-07-14,0.5289591156303473
2009-07-15,0.5275319373550316
2009-07-16,0.5263728293740082
2009-07-17,0.5259788441401578
2009-07-20,0.5259507810782849
2009-07-21,0.5251850641661209
2009-07-22,0.5260785456274699
2009-07-23,0.5244910075801161
2009-07-24,0.5247265441370503
2009-07-27,0.5247377364171474
2009-07-28,0.5251620215450642
2009-07-29,0.5258219908869167
2009-07-30,0.526162869365158
2009-07-31,0.5269246142763349
2009-08-03,0.5262467498470474
2009-08-04,0.5260441080093509
2009-08-05,0.5250811422743467
2009-08-06,0.5248728973097081
2009-08-07,0.5242191852656651
2009-08-10,0.5239888898687708
2009-08-11,0.5233720793007454
2009-08-12,0.521974888801775
2009-08-13,0.5234114056939978
2009-08-14,0.5230466240694117
2009-08-17,0.5231797523721242
2009-08-18,0.5228536706231882
2009-08-19,0.5228132185609057
2009-08-20,0.5235738505861995
2009-08-21,0.523472725359676
2009-08-24,0.5228629637492453
2009-08-25,0.5226564959509213
2009-08-26,0.5226656235121083
2009-08-27,0.5237672553371127
2009-08-28,0.524753209272589
2009-08-31,0.5243346910634531
2009-09-01,0.5234223426477963
2009-09-02,0.5226201749872859
2009-09-03,0.5207049980186982
2009-09-04,0.5196954518930211
2009-09-08,0.5196208225745622
2009-09-09,0.5180831347518258
2009-09-10,0.5176543777222649
2009-09-11,0.5174250230335438
2009-09-14,0.5193383183779148
2009-09-15,0.5188931291295443
2009-09-16,0.5173338988119592
2009-09-17,0.5178108075102575
2009-09-18,0.5184091728529117
2009-09-21,0.51942507572586
2009-09-22,0.5189823288118697
2009-09-23,0.5196773289919364
2009-09-24,0.5192583000411183
2009-09-25,0.5182701278776634
2009-09-28,0.518430418411423
2009-09-29,0.5190332473326263
2009-09-30,0.5201331540305935
2009-10-01,0.5188411917591326
2009-10-02,0.5191559111170306
2009-10-05,0.5190866636368466
2009-10-06,0.5200798215347021
2009-10-07,0.5201942342969972
2009-10-08,0.5210943532083272
2009-10-09,0.52207432980455
2009-10-12,0.5223090664199138
2009-10-13,0.5229722486000017
2009-10-14,0.5222828605844051
2009-10-15,0.5231970309012366
2009-10-16,0.5238889457165445
2009-10-19,0.5241634119235576
2009-10-20,0.5235232278629445
2009-10-21,0.5232994530573587
2009-10-22,0.5226292269539156
2009-10-23,0.5224536404412504
2009-10-26,0.5233190175177252
2009-10-27,0.5228410254971078
2009-10-28,0.5223725844684471
2009-10-29,0.5231950642863871
2009-10-30,0.5230822853440323
2009-11-02,0.522475557024602
2009-11-03,0.5234080749208567
2009-11-04,0.5233670021994216
2009-11-05,0.5227617070917434
2009-11-06,0.5237575569694417
2009-11-09,0.5236651276838398
2009-11-10,0.5239526687219334
2009-11-11,0.5233160529616575
2009-11-12,0.5235521990472257
2009-11-13,0.5241279961874208
2009-11-16,0.5236651276838398
2009-11-17,0.524405768565451
2009-11-18,0.5244470354348642
2009-11-19,0.52379866635887
2009-11-20,0.5235003470410504
2009-11-23,0.5229192968385686
2009-11-24,0.5233744346719357
2009-11-25,0.5245027763186303
2009-11-27,0.5232832662758681
2009-11-30,0.5231792582436339
2009-12-01,0.5231890682963122
2009-12-02,0.5244724561009341
2009-12-03,0.5250793463599825
2009-12-04,0.524427904073859
2009-12-07,0.5240256821926801
2009-12-08,0.5240975042075812
2009-12-09,0.5237474691685245
2009-12-10,0.5243755253786044
2009-12-11,0.5245897368251041
2009-12-14,0.5252980033868713
2009-12-15,0.5252860540448964
2009-12-16,0.5250090274817886
2009-12-17,0.5250385928791916
2009-12-18,0.524832722541532
2009-12-21,0.5250681054503762
2009-12-22,0.5254974621850055
2009-12-23,0.5259103163648422
2009-12-24,0.5258027121832392
2009-12-28,0.5255508799110132
2009-12-29,0.5260758128238844
2009-12-30,0.526117218694777
2009-12-31,0.5231111637450943
2010-01-04,0.5226163951832538
2010-01-05,0.521988054374092
2010-01-06,0.5211879691444554
2010-01-07,0.5209660521036116
2010-01-08,0.5217021088169997
2010-01-11,0.5226706888704266
2010-01-12,0.5221234552718844
2010-01-13,0.5215636577600855
2010-01-14,0.5207072274599136
2010-01-15,0.5192807916570203
2010-01-19,0.5167930742166886
2010-01-20,0.515850653740823
2010-01-21,0.5156519475008658
2010-01-22,0.5167188352878771
2010-01-25,0.5168795582675022
2010-01-26,0.517157859516984
2010-01-27,0.5174069738143335
2010-01-28,0.5167337632979943
2010-01-29,0.5166213493692008
2010-02-01,0.517433123447163
2010-02-02,0.5180408375769556
2010-02-03,0.5190908153751285
2010-02-04,0.5176368524091063
2010-02-05,0.5164815159948497
2010-02-08,0.51722087249499
2010-02-09,0.5177142353402341
2010-02-10,0.5181681142610228
2010-02-11,0.5183969308807345
2010-02-12,0.5185569452795328
2010-02-16,0.5178988104117284
2010-02-17,0.5183824795669542
2010-02-18,0.5181086380531156
2010-02-19,0.5189124189368168
2010-02-22,0.5192666067533147
2010-02-23,0.5186141171852773
2010-02-24,0.5190607793820228
2010-02-25,0.5188142088405222
2010-02-26,0.519613412503207
2010-03-01,0.5198066221762033
2010-03-02,0.52044500141139
2010-03-03,0.5206026700586416
2010-03-04,0.5197530481081797
2010-03-05,0.5201027983850505
2010-03-08,0.5207867381723809
2010-03-09,0.5218177747740227
2010-03-10,0.5217682193245102
2010-03-11,0.5229923086902796
2010-03-12,0.5246046937886472
2010-03-15,0.525976980197823
2010-03-16,0.52507980480271
2010-03-17,0.5238905864857368
2010-03-18,0.5249741987322584
2010-03-19,0.5264960062265193
2010-03-22,0.525904973195379
2010-03-23,0.5232474058604074
2010-03-24,0.5213043005645823
2010-03-25,0.521758975043001
2010-03-26,0.521223288059027
2010-03-29,0.5215641930272494
2010-03-30,0.52171803590313
2010-03-31,0.5202082147683162
2010-04-01,0.5197273494807918
2010-04-05,0.5184771451903373
2010-04-06,0.5209511233365821
2010-04-07,0.5224989459106921
2010-04-08,0.5233414303454871
2010-04-09,0.5235847168808963
2010-04-12,0.5242702083898324
2010-04-13,0.5240072103542855
2010-04-14,0.523605691135354
2010-04-15,0.5237356911036124
2010-04-16,0.5224020098144667
2010-04-19,0.5223881869415391
2010-04-20,0.5228201339502452
2010-04-21,0.5235751769861419
2010-04-22,0.5238558759719609
2010-04-23,0.5236856458770044
2010-04-26,0.5251100133095351
2010-04-27,0.5246560348025326
2010-04-28,0.5259261461052983
2010-04-29,0.5253976937724638
2010-04-30,0.5253691283140178
2010-05-03,0.5252194691886194
2010-05-04,0.5263024256398959
2010-05-05,0.525736666605289
2010-05-06,0.5276253210144731
2010-05-07,0.5273945245501734
2010-05-10,0.527114788714934
2010-05-11,0.5268865747187851
2010-05-12,0.5269542770708137
2010-05-13,0.5264720294407617
2010-05-14,0.5255843813626544
2010-05-17,0.5262266493039511
2010-05-18,0.5269936874271616
2010-05-19,0.5272359985265375
2010-05-20,0.5263266786981516
2010-05-21,0.5236558624332026
2010-05-24,0.5227473406302895
2010-05-25,0.5211999375387976
2010-05-26,0.5211103579775327
2010-05-27,0.5206260819967485
2010-05-28,0.5202358424875636
2010-06-01,0.5199698261946598
2010-06-02,0.5203553865490843
2010-06-03,0.5211726498365902
2010-06-04,0.5208858074918289
2010-06-07,0.5204547488073182
2010-06-08,0.5226907720904712
2010-06-09,0.5221796502905904
2010-06-10,0.521381919738109
2010-06-11,0.5213496891248246
2010-06-14,0.521237516413852
2010-06-15,0.5217889859916025
2010-06-16,0.5217173101622188
2010-06-17,0.5222052138948771
2010-06-18,0.5229900903466735
2010-06-21,0.5225395441872767
2010-06-22,0.5228819301215666
2010-06-23,0.5227708915811337
2010-06-24,0.5228819301215666
2010-06-25,0.5223081377694484
2010-06-28,0.5217414526550812
2010-06-29,0.52153373964067
2010-06-30,0.5223969203088245
2010-07-01,0.5228201339502452
2010-07-02,0.5228911609730079
2010-07-06,0.5228602663549995
2010-07-07,0.5231415310793007
2010-07-08,0.5236150577428301
2010-07-09,0.5233733233964137
2010-07-12,0.5235747383638529
2010-07-13,0.5235647803867619
2010-07-14,0.5237662835034753
2010-07-15,0.523262254440439
2010-07-16,0.5230422874177352
2010-07-19,0.5225573330306199
2010-07-20,0.5229994640567119
2010-07-21,0.522655645014893
2010-07-22,0.5226868192818679
2010-07-23,0.5224771025741828
2010-07-26,0.5238675099176618
2010-07-27,0.5238572292123477
2010-07-28,0.5238976337119109
2010-07-29,0.5247671306568299
2010-07-30,0.5242916138838313
2010-08-02,0.5242511307154242
2010-08-03,0.5242511307154242
2010-08-04,0.522374282741365
2010-08-05,0.5219816815569808
2010-08-06,0.5217253411272986
2010-08-09,0.5208531037228887
2010-08-10,0.5203089177675156
2010-08-11,0.5214462114702852
2010-08-12,0.5218922110905531
2010-08-13,0.5219801279914438
2010-08-16,0.5206468318158498
2010-08-17,0.5219582167149045
2010-08-18,0.5224320342127944
2010-08-19,0.5213174018143347
2010-08-20,0.520653776896082
2010-08-23,0.5201562062591524
2010-08-24,0.5204547488073182
2010-08-25,0.5201562062591524
2010-08-26,0.520196018395977
2010-08-27,0.5194927217899211
2010-08-30,0.5191468136733557
2010-08-31,0.5194587657912646
2010-09-01,0.5190964442392715
2010-09-02,0.5197467080756257
2010-09-03,0.5197011538135236
2010-09-07,0.5197527184173517
2010-09-08,0.519226164456635
2010-09-09,0.5214063835374034
2010-09-10,0.5228269405705036
2010-09-13,0.5221183898833307
2010-09-14,0.5220083215815143
2010-09-15,0.521036986203598
2010-09-16,0.5212097104332903
2010-09-17,0.5235061678570854
2010-09-20,0.5230220558079611
2010-09-21,0.523834954565453
2010-09-22,0.5239944007407786
2010-09-23,0.524412423654085
2010-09-24,0.5238849564791587
2010-09-27,0.5242255268447271
2010-09-28,0.5248859763938676
2010-09-29,0.5260781888870453
2010-09-30,0.5270073459111226
2010-10-01,0.5276517252285221
2010-10-04,0.5267387487058961
2010-10-05,0.5267387487058961
2010-10-06,0.5270476269598559
2010-10-07,0.5280010215135111
2010-10-08,0.5279581670516071
2010-10-11,0.5282000995911451
2010-10-12,0.5276486303304421
2010-10-13,0.5280334503128742
2010-10-14,0.5282997605434665
2010-10-15,0.5276332663685458
2010-10-18,0.528285266840575
2010-10-19,0.5275933129012365
2010-10-20,0.5274481929313782
2010-10-21,0.5266338244413956
2010-10-22,0.5261118172080613
2010-10-25,0.5258127606442162
2010-10-26,0.5274244627856517
2010-10-27,0.5289537695317578
2010-10-28,0.5313002990760811
2010-10-29,0.5321925117566663
2010-11-01,0.5330572960899076
2010-11-02,0.5321047067008207
2010-11-03,0.533204884871837
2010-11-04,0.5320723341953426
2010-11-05,0.5321451548033849
2010-11-08,0.531871450658512
2010-11-09,0.5314840733064559
2010-11-10,0.5314840733064559
2010-11-11,0.5306230350957075
2010-11-12,0.5307507570316625
2010-11-15,0.5301958876675966
2010-11-16,0.5304307704252582
2010-11-17,0.5295244743119848
2010-11-18,0.5295384876015841
2010-11-19,0.5294071387134652
2010-11-22,0.5293034854683497
2010-11-23,0.5292222914957592
2010-11-24,0.528457237699666
2010-11-26,0.5283100703623149
2010-11-29,0.5289384936162022
2010-11-30,0.5266181005737983
2010-12-01,0.525579931854285
2010-12-02,0.5257930177055165
2010-12-03,0.5251617832342297
2010-12-06,0.523455678392264
2010-12-07,0.5241070235836499
2010-12-08,0.5250696828263012
2010-12-09,0.5266022256073538
2010-12-10,0.5257726913651667
2010-12-13,0.5263644766874958
2010-12-14,0.5285340931015504
2010-12-15,0.5264192742278578
2010-12-16,0.5265923141158573
2010-12-17,0.5278917886411513
2010-12-20,0.528933227907474
2010-12-21,0.5285660851570927
2010-12-22,0.5298979282442107
2010-12-23,0.5306062346487277
2010-12-27,0.5314892055125289
2010-12-28,0.5311719953609368
2010-12-29,0.5308102870889421
2010-12-30,0.5308673789564147
2010-12-31,0.5298660159387458
2011-01-03,0.5288226033092391
2011-01-04,0.5280450270599532
2011-01-05,0.5278191972956281
2011-01-06,0.5282163820354435
2011-01-07,0.5284925701968719
2011-01-10,0.5282275826565132
2011-01-11,0.5279227489762539
2011-01-12,0.5272736533893944
2011-01-13,0.5268226308765551
2011-01-14,0.5258433195574935
2011-01-18,0.5273268518815145
2011-01-19,0.5258744171904768
2011-01-20,0.5258469456735171
2011-01-21,0.5255040831233473
2011-01-24,0.5252627832743881
2011-01-25,0.5258948957164339
2011-01-26,0.5252741693056778
2011-01-27,0.5245906920517048
2011-01-28,0.5238432157680613
2011-01-31,0.5246230313589534
2011-02-01,0.524306548320166
2011-02-02,0.523902773409828
2011-02-03,0.522918655196156
2011-02-04,0.523048034666004
2011-02-07,0.5237443713690165
2011-02-08,0.5240086434910998
2011-02-09,0.5255202385955072
2011-02-10,0.5274039775251608
2011-02-11,0.5275865422950172
2011-02-14,0.5286058733863801
2011-02-15,0.5287545191369418
2011-02-16,0.5288821963359108
2011-02-17,0.5295441159428378
2011-02-18,0.5305116416169788
2011-02-22,0.5289599783954799
2011-02-23,0.5300393022149478
2011-02-24,0.5303361661014614
2011-02-25,0.5293893760850152
2011-02-28,0.5288674768598446
2011-03-01,0.5280632596121978
2011-03-02,0.5282088045523928
2011-03-03,0.5276878149616101
2011-03-04,0.5275973938302837
2011-03-07,0.5278445165801419
2011-03-08,0.527973627881687
2011-03-09,0.5282589757197407
2011-03-10,0.527985052176151
2011-03-11,0.528401475634236
2011-03-14,0.5286222438361488
2011-03-15,0.5285830461428944
2011-03-16,0.5286817340466561
2011-03-17,0.5282026852303636
2011-03-18,0.5282307751926887
2011-03-21,0.5274388601157839
2011-03-22,0.5264264762574125
2011-03-23,0.5242457543633567
2011-03-24,0.5221298276715142
2011-03-25,0.5223387933077952
2011-03-28,0.5221320447820446
2011-03-29,0.521800621082179
2011-03-30,0.5238895286809485
2011-03-31,0.5251000634896735
2011-04-01,0.5269192611215046
2011-04-04,0.5289851314624504
2011-04-05,0.5303612512537024
2011-04-06,0.5312558298614323
2011-04-07,0.5304722626606567
2011-04-08,0.5293717108128624
2011-04-11,0.5281555323263369
2011-04-12,0.5284731402811192
2011-04-13,0.5282939219051599
2011-04-14,0.5289763801305029
2011-04-15,0.5289218849656059
2011-04-18,0.529021384581648
2011-04-19,0.5281673602011415
2011-04-20,0.5280230055817567
2011-04-21,0.5281419187027201
2011-04-25,0.5279833910343322
2011-04-26,0.5281164338950037
2011-04-27,0.5282609361568098
2011-04-28,0.5274056286645883
2011-04-29,0.5292876192615465
2011-05-02,0.5289223326728427
2011-05-03,0.5290666585606991
2011-05-04,0.5291710159383541
2011-05-05,0.5290268136679567
2011-05-06,0.5273652170334328
2011-05-09,0.5284380573077453
2011-05-10,0.5284886398722757
2011-05-11,0.5281335289388949
2011-05-12,0.5274200254256031
2011-05-13,0.5273673737826134
2011-05-16,0.5269954216371121
2011-05-17,0.5274200254256031
2011-05-18,0.5270085780406273
2011-05-19,0.5275134413081787
2011-05-20,0.5272875591278504
2011-05-23,0.5263730608821792
2011-05-24,0.5253199425355488
2011-05-25,0.5249514185773698
2011-05-26,0.5241020875265261
2011-05-27,0.5244815416959072
2011-05-31,0.5232499098781235
2011-06-01,0.5230708643840435
2011-06-02,0.5233673645506736
2011-06-03,0.5229705744966764
2011-06-06,0.5229705744966764
2011-06-07,0.5224603906709022
2011-06-08,0.5216931980192938
2011-06-09,0.5218992595129217
2011-06-10,0.5209942213662493
2011-06-13,0.521374235747009
2011-06-14,0.5206796585153769
2011-06-15,0.5194247499310595
2011-06-16,0.5206225559981661
2011-06-17,0.5206225559981661
2011-06-20,0.5200413545424201
2011-06-21,0.5184279302190532
2011-06-22,0.5184866644744741
2011-06-23,0.516652588111936
2011-06-24,0.5139772112974497
2011-06-27,0.5135026485485841
2011-06-28,0.5137795078748602
2011-06-29,0.514452590651496
2011-06-30,0.5157130424597315
2011-07-01,0.5163399546253953
2011-07-05,0.5168882628045375
2011-07-06,0.5166156645298189
2011-07-07,0.5165333528905243
2011-07-08,0.5165758775464788
2011-07-11,0.5150814469993693
2011-07-12,0.514492270118062
2011-07-13,0.515408241862651
2011-07-14,0.5151287874561686
2011-07-15,0.5154498470014592
2011-07-18,0.5156500969646622
2011-07-19,0.5146534878089486
2011-07-20,0.5137390845371704
2011-07-21,0.5119839531701389
2011-07-22,0.5102659743274867
2011-07-25,0.5095803469023753
2011-07-26,0.5100136003149953
2011-07-27,0.5095594227098101
2011-07-28,0.5091976907428238
2011-07-29,0.5095156597364123
2011-08-01,0.5094326207942907
2011-08-02,0.5092905538637683
2011-08-03,0.5098294342943491
2011-08-04,0.5111724503159849
2011-08-05,0.5121662301396824
2011-08-08,0.5190879853216003
2011-08-09,0.5191325355879122
2011-08-10,0.5198773032965768
2011-08-11,0.5201520557313118
2011-08-12,0.5205713679283555
2011-08-15,0.5210618505485483
2011-08-16,0.5208005787276723
2011-08-17,0.5190592971038731
2011-08-18,0.5208329011171509
2011-08-19,0.5215755200363994
2011-08-22,0.5215518131632981
2011-08-23,0.5205902993741361
2011-08-24,0.519726474743466
2011-08-25,0.5202565335000451
2011-08-26,0.5205727406223292
2011-08-29,0.519547812541804
2011-08-30,0.5197597264066545
2011-08-31,0.5195812964766632
2011-09-01,0.5181763395470492
2011-09-02,0.5189569953464707
2011-09-06,0.5198350842009692
2011-09-07,0.5200386709674354
2011-09-08,0.5202826181746828
2011-09-09,0.5191038982248309
2011-09-12,0.5185246558141439
2011-09-13,0.5186031577921931
2011-09-14,0.5188288551535056
2011-09-15,0.518089451924964
2011-09-16,0.5182849509989104
2011-09-19,0.518058866342477
2011-09-20,0.5177970996014384
2011-09-21,0.5176013414499024
2011-09-22,0.5185354646920799
2011-09-23,0.5192232027512006
2011-09-26,0.5203223871761188
2011-09-27,0.5199349197017563
2011-09-28,0.5192503759238909
2011-09-29,0.5200323917654984
2011-09-30,0.5208540931930312
2011-10-03,0.5218738511057192
2011-10-04,0.521472469108576
2011-10-05,0.5216694683682016
2011-10-06,0.5218738511057192
2011-10-07,0.5214407511177136
2011-10-10,0.5213619741309569
2011-10-11,0.521464796690149
2011-10-12,0.521464796690149
2011-10-13,0.521834522375514
2011-10-14,0.5225792794424426
2011-10-17,0.5225880498217524
2011-10-18,0.5224785936986641
2011-10-19,0.5230009624893825
2011-10-20,0.5228913575802264
2011-10-21,0.5235465772321539
2011-10-24,0.5230312979029428
2011-10-25,0.5244923104637428
2011-10-26,0.5241141099438188
2011-10-27,0.5236361073143074
2011-10-28,0.5235270322815856
2011-10-31,0.5228087600277498
2011-11-01,0.5225309527376887
2011-11-02,0.524155882249833
2011-11-03,0.5242065177510957
2011-11-04,0.5245976026970626
2011-11-07,0.5238653646989343
2011-11-08,0.5235460310782198
2011-11-09,0.5238653646989343
2011-11-10,0.5249952552762667
2011-11-11,0.5247988661222596
2011-11-14,0.5237964251850376
2011-11-15,0.5218058803962218
2011-11-16,0.5228132185609057
2011-11-17,0.5224497002102108
2011-11-18,0.522354994899535
2011-11-21,0.5218707280988757
2011-11-22,0.5226788186785372
2011-11-23,0.5222165055134693
2011-11-25,0.521919327053137
2011-11-28,0.5219764299936349
2011-11-29,0.5229911849783585
2011-11-30,0.5221591050820228
2011-12-01,0.5236957329335973
2011-12-02,0.5242213088268487
2011-12-05,0.5246343257226257
2011-12-06,0.5245128435153739
2011-12-07,0.5255406114702551
2011-12-08,0.5257244975660187
2011-12-09,0.5249003308796437
2011-12-12,0.5251853452659397
2011-12-13,0.5252958735866664
2011-12-14,0.525667427716439
2011-12-15,0.5262135548944925
2011-12-16,0.5254709648006436
2011-12-19,0.5263855750988865
2011-12-20,0.5260850541037727
2011-12-21,0.5261388107103092
2011-12-22,0.5263444163513844
2011-12-23,0.5265931084301445
2011-12-27,0.5276359041057016
2011-12-28,0.5273198481785742
2011-12-29,0.5276343654516793
2011-12-30,0.5264698470454166
2012-01-03,0.5252266811953794
2012-01-04,0.525463411560178
2012-01-05,0.5246309769579651
2012-01-06,0.5250619751569298
2012-01-09,0.5266165761039331
2012-01-10,0.5259585857632616
2012-01-11,0.5278443229139597
2012-01-12,0.5290904147961104
2012-01-13,0.5289193335439055
2012-01-17,0.5291612301029994
2012-01-18,0.5285699954779327
2012-01-19,0.528253646372827
2012-01-20,0.5285139439164731
2012-01-23,0.5294113727511143
2012-01-24,0.5305884575583425
2012-01-25,0.5305612502966293
2012-01-26,0.5310785260453228
2012-01-27,0.5310084664876532
2012-01-30,0.530762676232446
2012-01-31,0.5314886276472832
2012-02-01,0.5312483290236696
2012-02-02,0.5312483290236696
2012-02-03,0.5304570681153944
2012-02-06,0.5305789340388201
2012-02-07,0.5299789437386362
2012-02-08,0.5311956315756285
2012-02-09,0.532277683047681
2012-02-10,0.5312698820214302
2012-02-13,0.5308208497838381
2012-02-14,0.5282163820354435
2012-02-15,0.5279087079040536
2012-02-16,0.5277754355159772
2012-02-17,0.5275508681411548
2012-02-21,0.5277218877138826
2012-02-22,0.5268122577310613
2012-02-23,0.5262984992560399
2012-02-24,0.5269964385251099
2012-02-27,0.5277218877138826
2012-02-28,0.5269170345155375
2012-02-29,0.5248190090572064
2012-03-01,0.5250435613027793
2012-03-02,0.525811233977173
2012-03-05,0.5264579747181056
2012-03-06,0.5261587156628843
2012-03-07,0.5263154141773821
2012-03-08,0.5264330575870076
2012-03-09,0.5263793712236889
2012-03-12,0.5258933538502552
2012-03-13,0.5251222835364686
2012-03-14,0.5255292625780459
2012-03-15,0.5258304252949332
2012-03-16,0.5259630981611261
2012-03-19,0.5251725091515487
2012-03-20,0.5278742131028606
2012-03-21,0.530009088227473
2012-03-22,0.5305443024035252
2012-03-23,0.5308893637157048
2012-03-26,0.5308954565232953
2012-03-27,0.5301735852107111
2012-03-28,0.5315444254859821
2012-03-29,0.5313465176371923
2012-03-30,0.5312503955048039
2012-04-02,0.5322194585619209
2012-04-03,0.532060327981908
2012-04-04,0.5307316255590326
2012-04-05,0.5310472840977966
2012-04-09,0.5312109123277867
2012-04-10,0.5309801818713095
2012-04-11,0.5314135926870983
2012-04-12,0.5315098027742556
2012-04-13,0.5316284364862044
2012-04-16,0.5306001947500849
2012-04-17,0.5318308185775167
2012-04-18,0.5317909478767922
2012-04-19,0.5319411010939348
2012-04-20,0.5321437060428119
2012-04-23,0.5319630465436551
2012-04-24,0.532902742431029
2012-04-25,0.532605628383985
2012-04-26,0.5323640038875326
2012-04-27,0.5325658990477875
2012-04-30,0.5322231504191269
2012-05-01,0.5328765769084104
2012-05-02,0.5338225346615784
2012-05-03,0.5329824807318474
2012-05-04,0.5330268119216892
2012-05-07,0.5333467970451119
2012-05-08,0.5333277475044866
2012-05-09,0.5332690565649538
2012-05-10,0.5333294087855092
2012-05-11,0.5340253122720444
2012-05-14,0.5329870698220759
2012-05-15,0.5328096759219553
2012-05-16,0.5327515702156237
2012-05-17,0.533191642175287
2012-05-18,0.5331560081111617
2012-05-21,0.5330937719558666
2012-05-22,0.532374228827349
2012-05-23,0.5325173284695808
2012-05-24,0.533172823857857
2012-05-25,0.5336502435331192
2012-05-29,0.5333154749644263
2012-05-30,0.5332160857633046
2012-05-31,0.5333359941328398
2012-06-01,0.5331618634560172
2012-06-04,0.5333973482534834
2012-06-05,0.5332983319009793
2012-06-06,0.5336917753331855
2012-06-07,0.5334351822834058
2012-06-08,0.5334935637451644
2012-06-11,0.5326837183268502
2012-06-12,0.5324236599118829
2012-06-13,0.5303983315874871
2012-06-14,0.5291549911621597
2012-06-15,0.5289260556164905
2012-06-18,0.5293476395012157
2012-06-19,0.5301895624330338
2012-06-20,0.5303541938937648
2012-06-21,0.5297253072631462
2012-06-22,0.5295749357374494
2012-06-25,0.530451574099396
2012-06-26,0.5302303570304905
2012-06-27,0.5303653349876268
2012-06-28,0.5307455922315508
2012-06-29,0.5295509502436341
2012-07-02,0.5296609287119809
2012-07-03,0.5306198824379816
2012-07-05,0.53084178143483
2012-07-06,0.5294215651794235
2012-07-09,0.5299380686663604
2012-07-10,0.5312918025809085
2012-07-11,0.5311546638913486
2012-07-12,0.5316972455331692
2012-07-13,0.5306797739043229
2012-07-16,0.5305930903145046
2012-07-17,0.5306397938083087
2012-07-18,0.5297707009221586
2012-07-19,0.5318129978363695
2012-07-20,0.5304965001880045
2012-07-23,0.5311833435315606
2012-07-24,0.53189335800772
2012-07-25,0.5325844723719244
2012-07-26,0.531977951373179
2012-07-27,0.532788531466634
2012-07-30,0.5329708601083347
2012-07-31,0.5332317763655181
2012-08-01,0.532358089521583
2012-08-02,0.532482272608277
2012-08-03,0.5315721996914148
2012-08-06,0.5314468019633533
2012-08-07,0.5323213576529017
2012-08-08,0.5333529096332399
2012-08-09,0.5337179234965834
2012-08-10,0.5343859484295441
2012-08-13,0.5350301167316788
2012-08-14,0.535568120993414
2012-08-15,0.5358417633258155
2012-08-16,0.5347234728147789
2012-08-17,0.5346232035671986
2012-08-20,0.5356785969242996
2012-08-21,0.535636034721759
2012-08-22,0.5363495263847624
2012-08-23,0.5367190404524186
2012-08-24,0.5371712768390428
2012-08-27,0.5369890515758918
2012-08-28,0.5378896727336796
2012-08-29,0.5388183222951107
2012-08-30,0.5380320536638008
2012-08-31,0.5384842387430141
2012-09-04,0.5387542252149249
2012-09-05,0.5394120782466513
2012-09-06,0.5380676390258381
2012-09-07,0.5378838738966192
2012-09-10,0.5375864794627184
2012-09-11,0.538244352469104
2012-09-12,0.5384756967740388
2012-09-13,0.5384756967740388
2012-09-14,0.5379760077337346
2012-09-17,0.5383490864655479
2012-09-18,0.53819751451457
2012-09-19,0.5380058525694937
2012-09-20,0.5392556340635689
2012-09-21,0.5393416868404577
2012-09-24,0.5391738825703283
2012-09-25,0.5395126034857651
2012-09-26,0.5393146263139844
2012-09-27,0.5394333790108735
2012-09-28,0.539283981259772
2012-10-01,0.5388808174488283
2012-10-02,0.5383094179440452
2012-10-03,0.5367891088356866
2012-10-04,0.5377281173606678
2012-10-05,0.5387066113253911
2012-10-08,0.5377385924875896
2012-10-09,0.5375352076073933
2012-10-10,0.5378838738966192
2012-10-11,0.5378050196921257
2012-10-12,0.537473244246773
2012-10-15,0.5377323902960244
2012-10-16,0.5374958045498638
2012-10-17,0.5377884535526557
2012-10-18,0.53731590677429
2012-10-19,0.5369233397642362
2012-10-22,0.536866868320888
2012-10-23,0.5370189237444907
2012-10-24,0.5375913641535366
2012-10-25,0.5379858221143093
2012-10-26,0.5389756955488159
2012-10-31,0.5370731233478923
2012-11-01,0.5372255768439893
2012-11-02,0.5379595132903481
2012-11-05,0.5374113822027233
2012-11-06,0.5382931915794595
2012-11-07,0.538477706577062
2012-11-08,0.5365875269124992
2012-11-09,0.5368368272290563
2012-11-12,0.536043650150511
2012-11-13,0.5361224073480887
2012-11-14,0.5356530396155336
2012-11-15,0.5354379766991295
2012-11-16,0.53661777352954
2012-11-19,0.5372361969612175
2012-11-20,0.535888562201882
2012-11-21,0.536225932384388
2012-11-23,0.5357847993958154
2012-11-26,0.5347005800672605
2012-11-27,0.5349789390025587
2012-11-28,0.5336642516387177
2012-11-29,0.5322922569969276
2012-11-30,0.53174981527037
2012-12-03,0.5299952454203533
2012-12-04,0.5291352907545577
2012-12-05,0.5276517252285221
2012-12-06,0.5267789887038427
2012-12-07,0.5252536138569145
2012-12-10,0.5255233090588762
2012-12-11,0.525579931854285
2012-12-12,0.5252304865470699
2012-12-13,0.5245397511495018
2012-12-14,0.5233963212618665
2012-12-17,0.5218758782725658
2012-12-18,0.5219086109286795
2012-12-19,0.521565247477677
2012-12-20,0.5219180753418301
2012-12-21,0.5204682612718216
2012-12-24,0.5201021773880637
2012-12-26,0.5193791942350275
2012-12-27,0.5192992673608172
2012-12-28,0.5182429141900063
2012-12-31,0.517730561173685
2013-01-02,0.5175757422775382
2013-01-03,0.517849657908001
2013-01-04,0.5179333010433524
2013-01-07,0.5178976765014981
2013-01-08,0.517646521618342
2013-01-09,0.5170475332509971
2013-01-10,0.5175189362208384
2013-01-11,0.5182300856602556
2013-01-14,0.5182165633996818
2013-01-15,0.5187414540735643
2013-01-16,0.520382869030622
2013-01-17,0.5202538961943304
2013-01-18,0.5190711588604586
2013-01-22,0.5198944485614504
2013-01-23,0.5208321726589806
2013-01-24,0.5210703065604524
2013-01-25,0.5217849223549255
2013-01-28,0.5215045377811701
2013-01-29,0.5225480605855802
2013-01-30,0.5223388325383694
2013-01-31,0.5216939230242744
2013-02-01,0.5205181362328257
2013-02-04,0.5206065138867157
2013-02-05,0.5205728218811031
2013-02-06,0.5210551888223778
2013-02-07,0.52264816972245
2013-02-08,0.5221726983419074
2013-02-11,0.522190019038236
2013-02-12,0.5235426618961683
2013-02-13,0.5243072998355741
2013-02-14,0.5255118171125093
2013-02-15,0.52588731962425
2013-02-19,0.5250346918130375
2013-02-20,0.5245608396391099
2013-02-21,0.5254449414730008
2013-02-22,0.5258380363955868
2013-02-25,0.5265716110787346
2013-02-26,0.5259879233639719
2013-02-27,0.5248145104719315
2013-02-28,0.5253706812023452
2013-03-01,0.5254044707375509
2013-03-04,0.5257042983430876
2013-03-05,0.5252420384124282
2013-03-06,0.5259418756692268
2013-03-07,0.5264131949655799
2013-03-08,0.5273703079066315
2013-03-11,0.5263474158360606
2013-03-12,0.5269807576625232
2013-03-13,0.527501985667562
2013-03-14,0.5291852357341899
2013-03-15,0.530083562354014
2013-03-18,0.5302361900183846
2013-03-19,0.5301631982793568
2013-03-20,0.5308889170299838
2013-03-21,0.5303406357165059
2013-03-22,0.5309293479999417
2013-03-25,0.5307911090739813
2013-03-26,0.5306599326949607
2013-03-27,0.5302347111704832
2013-03-28,0.5319834339153572
2013-04-01,0.5315848922915779
2013-04-02,0.5314241314167542
2013-04-03,0.5304095086247573
2013-04-04,0.5301858328391207
2013-04-05,0.53044953358769
2013-04-08,0.530385934682408
2013-04-09,0.5302658383704354
2013-04-10,0.5307661887750823
2013-04-11,0.5301135086726874
2013-04-12,0.5298422678910449
2013-04-15,0.5297067827753569
2013-04-16,0.5298422678910449
2013-04-17,0.5296584760264242
2013-04-18,0.5315220679148399
2013-04-19,0.531315634249488
2013-04-22,0.5315573327849143
2013-04-23,0.5312351628170205
2013-04-24,0.5305158283827206
2013-04-25,0.5306364845975241
2013-04-26,0.530827193738376
2013-04-29,0.5311892865990281
2013-04-30,0.5311776799442728
2013-05-01,0.5301858328391207
2013-05-02,0.5301620655873825
2013-05-03,0.5300659124458994
2013-05-06,0.5296657362803054
2013-05-07,0.5289674637897517
2013-05-08,0.5290570631143039
2013-05-09,0.5291217088218305
2013-05-10,0.5293703807337455
2013-05-13,0.5307197657035054
2013-05-14,0.5302553321755316
2013-05-15,0.5296921369174118
2013-05-16,0.5309611530880766
2013-05-17,0.5308312861368976
2013-05-20,0.5301833798791896
2013-05-21,0.5313808619461018
2013-05-22,0.5301108563997567
2013-05-23,0.5308270826435514
2013-05-24,0.531312308046253
2013-05-28,0.53040973013285
2013-05-29,0.5286614528440605
2013-05-30,0.5284617431717281
2013-05-31,0.5282666430791826
2013-06-03,0.527890965326021
2013-06-04,0.527750700201881
2013-06-05,0.527890965326021
2013-06-06,0.5284903427273543
2013-06-07,0.5289946951454566
2013-06-10,0.5305935351531564
2013-06-11,0.5301033230972837
2013-06-12,0.5298040090560026
2013-06-13,0.5294721025336027
2013-06-14,0.5313306022412797
2013-06-17,0.5311545900679686
2013-06-18,0.5309167167084203
2013-06-19,0.5309671668368833
2013-06-20,0.5312168905810725
2013-06-21,0.5304911660620478
2013-06-24,0.5326979603126627
2013-06-25,0.532756528922074
2013-06-26,0.5323501954426745
2013-06-27,0.5339412961179746
2013-06-28,0.5348500872637204
2013-07-01,0.5334991842074912
2013-07-02,0.5339826479196433
2013-07-03,0.5341034365008033
2013-07-05,0.5337032030615012
2013-07-08,0.534545574205206
2013-07-09,0.5342044319729266
2013-07-10,0.534823997222405
2013-07-11,0.5339653435558239
2013-07-12,0.5349223069056961
2013-07-15,0.5348024502903901
2013-07-16,0.53518150160285
2013-07-17,0.5352825013698991
2013-07-18,0.5356999406204903
2013-07-19,0.5347810234756091
2013-07-22,0.5350393791652069
2013-07-23,0.5350187503613286
2013-07-24,0.5347022338100389
2013-07-25,0.5341448207667924
2013-07-26,0.5341446394501336
2013-07-29,0.5329847794564353
2013-07-30,0.5325842510434681
2013-07-31,0.5324252818339998
2013-08-01,0.531312308046253
2013-08-02,0.5302289324836132
2013-08-05,0.5321360203182981
2013-08-06,0.5317601900142364
2013-08-07,0.5315394971179983
2013-08-08,0.5319191187509132
2013-08-09,0.5317777949275548
2013-08-12,0.5324003865122867
2013-08-13,0.5330434109238259
2013-08-14,0.5322628898639694
2013-08-15,0.5327091963576823
2013-08-16,0.5320544404925825
2013-08-19,0.5314803321397097
2013-08-20,0.5314702810303296
2013-08-21,0.5309850766270342
2013-08-22,0.532259270063712
2013-08-23,0.5315840414038719
2013-08-26,0.5323026408204548
2013-08-27,0.5318307820271084
2013-08-28,0.5319849551929401
2013-08-29,0.532100093323665
2013-08-30,0.5319766934754441
2013-09-03,0.5318175515544383
2013-09-04,0.5325966279142902
2013-09-05,0.5333210416197974
2013-09-06,0.5330790274100823
2013-09-09,0.5315568864535667
2013-09-10,0.5325597653950315
2013-09-11,0.5324369128414359
2013-09-12,0.5337208218491374
2013-09-13,0.5340233049172178
2013-09-16,0.5338633630358418
2013-09-17,0.5329590234894422
2013-09-18,0.5325320116336552
2013-09-19,0.5326707917460071
2013-09-20,0.532204555280857
2013-09-23,0.5331278240299102
2013-09-24,0.532358089521583
2013-09-25,0.5330852444191831
2013-09-26,0.5330660851471283
2013-09-27,0.533532837911417
2013-09-30,0.5343660669364397
2013-10-01,0.5351157446607818
2013-10-02,0.5351157446607818
2013-10-03,0.5343658429399935
2013-10-04,0.5344270639586854
2013-10-07,0.53493356949758
2013-10-08,0.5363987693018241
2013-10-09,0.5360744955717393
2013-10-10,0.5364393568483782
2013-10-11,0.5367778516030879
2013-10-14,0.5373127107017442
2013-10-15,0.5356323921946673
2013-10-16,0.5349310344733332
2013-10-17,0.5336370914596127
2013-10-18,0.5338186373008682
2013-10-21,0.5340003076726638
2013-10-22,0.5337963217724838
2013-10-23,0.5332667293989319
2013-10-24,0.5333267849009705
2013-10-25,0.5344072171020259
2013-10-28,0.5361731639827411
2013-10-29,0.5360846083996115
2013-10-30,0.5357376132271132
2013-10-31,0.5356780840170297
2013-11-01,0.5344868555951446
2013-11-04,0.5332721422754038
2013-11-05,0.5343662917613345
2013-11-06,0.534608868661792
2013-11-07,0.5342041374692417
2013-11-08,0.5331298854924353
2013-11-11,0.5329614083813781
2013-11-12,0.5331855617932707
2013-11-13,0.5314643039445373
2013-11-14,0.5319695637657075
2013-11-15,0.5320944647536474
2013-11-18,0.5315321077875883
2013-11-19,0.5304425048810041
2013-11-20,0.5321634512614215
2013-11-21,0.5321047067008207
2013-11-22,0.5321229598921051
2013-11-25,0.532815604857876
2013-11-26,0.5322702379127571
2013-11-27,0.5320057158860804
2013-11-29,0.5320057158860804
2013-12-02,0.5313276523549095
2013-12-03,0.5312357693991454
2013-12-04,0.5322554869126223
2013-12-05,0.5319707766174097
2013-12-06,0.5326224130897366
2013-12-09,0.5322925614958794
2013-12-10,0.534162285733946
2013-12-11,0.5333429245833793
2013-12-12,0.5327477407952321
2013-12-13,0.5328892948979834
2013-12-16,0.5329277026043063
2013-12-17,0.5329469647965287
2013-12-18,0.5325627630106505
2013-12-19,0.5327477407952321
2013-12-20,0.5329109761704921
2013-12-23,0.5320744164505701
2013-12-24,0.5323997876924921
2013-12-26,0.5320927229590956
2013-12-27,0.5325407891581834
2013-12-30,0.5332594177837802
2013-12-31,0.5347369010994303
2014-01-02,0.5345719573277367
2014-01-03,0.5351468991455313
2014-01-06,0.5359501154194234
2014-01-07,0.5353744812187597
2014-01-08,0.5357712892801412
2014-01-09,0.5353569761973246
2014-01-10,0.5352939514881976
2014-01-13,0.5353961900482976
2014-01-14,0.5355201572413572
2014-01-15,0.5351915975172162
2014-01-16,0.5354179428318213
2014-01-17,0.5350692392965933
2014-01-21,0.5353611675304526
2014-01-22,0.5350064966266819
2014-01-23,0.5339772543342577
2014-01-24,0.5331990610508296
2014-01-27,0.5346524240079493
2014-01-28,0.5345921257347727
2014-01-29,0.5351648974936141
2014-01-30,0.5344498314965528
2014-01-31,0.5337300713754323
2014-02-03,0.5328968570436394
2014-02-04,0.5333233624729607
2014-02-05,0.5335671308842084
2014-02-06,0.5326004651651987
2014-02-07,0.5316543148258378
2014-02-10,0.5326413272493399
2014-02-11,0.5339171898743967
2014-02-12,0.5341831195440733
2014-02-13,0.5340195974676708
2014-02-14,0.5338347226469425
2014-02-18,0.5344904762119849
2014-02-19,0.5325596152337101
2014-02-20,0.5319988404348026
2014-02-21,0.5309798072182139
2014-02-24,0.5306942457752891
2014-02-25,0.5316216739691417
2014-02-26,0.5314403285984572
2014-02-27,0.5302707498478878
2014-02-28,0.529646087625788
2014-03-03,0.5276113810424566
2014-03-04,0.527061004637697
2014-03-05,0.5284650664526062
2014-03-06,0.5277888993771567
2014-03-07,0.527303201563844
2014-03-10,0.5286536859098326
2014-03-11,0.5285979520407773
2014-03-12,0.5290306170640183
2014-03-13,0.5293098503126372
2014-03-14,0.5289844146678704
2014-03-17,0.5289591156303473
2014-03-18,0.5285057832460107
2014-03-19,0.5283465793884076
2014-03-20,0.5275343758520582
2014-03-21,0.5272091450886416
2014-03-24,0.5274373177653917
2014-03-25,0.5274106971816268
2014-03-26,0.5260534267886788
2014-03-27,0.5273832498756629
2014-03-28,0.5274501243735658
2014-03-31,0.5273969595734087
2014-04-01,0.5279320997745739
2014-04-02,0.5277166654559459
2014-04-03,0.5285125640327255
2014-04-04,0.5296547094046531
2014-04-07,0.5316055871365177
2014-04-08,0.5317723829454041
2014-04-09,0.5320520621287931
2014-04-10,0.5314737513215154
2014-04-11,0.5319076643336043
2014-04-14,0.5333181806990183
2014-04-15,0.5331931716126193
2014-04-16,0.5326193734405308
2014-04-17,0.5334413293738903
2014-04-21,0.534388872097604
2014-04-22,0.5337711543254344
2014-04-23,0.5338316405014865
2014-04-24,0.5329590234894422
2014-04-25,0.5330633621886017
2014-04-28,0.5318218267405413
2014-04-29,0.5312546993312233
2014-04-30,0.531160911604912
2014-05-01,0.5296595547205291
2014-05-02,0.5297167554587597
2014-05-05,0.5286733204585393
2014-05-06,0.5264516402216219
2014-05-07,0.5255664267247571
2014-05-08,0.523998077034204
2014-05-09,0.5242020838998318
2014-05-12,0.5237261192558169
2014-05-13,0.5232394696263104
2014-05-14,0.5221701596904372
2014-05-15,0.5218312653648105
2014-05-16,0.5214585742869754
2014-05-19,0.5210358628954131
2014-05-20,0.5197418843795722
2014-05-21,0.519321195211126
2014-05-22,0.5198475669079968
2014-05-23,0.5197197933255812
2014-05-27,0.5197357749980378
2014-05-28,0.518373616230959
2014-05-29,0.5174399022722984
2014-05-30,0.5159733277619788
2014-06-02,0.5150588171742583
2014-06-03,0.5142592943934516
2014-06-04,0.5146615277141737
2014-06-05,0.5128157316164675
2014-06-06,0.5130145960429917
2014-06-09,0.5134967517739836
2014-06-10,0.51422016538484
2014-06-11,0.5136569822751497
2014-06-12,0.5127710158373293
2014-06-13,0.5126468039458446
2014-06-16,0.5116718488387259
2014-06-17,0.5126010798146818
2014-06-18,0.5124027595077834
2014-06-19,0.5122001506189541
2014-06-20,0.5127284378932281
2014-06-23,0.5149023941429971
2014-06-24,0.5144985695561227
2014-06-25,0.5140181668598512
2014-06-26,0.5140182938510329
2014-06-27,0.5136592764056175
2014-06-30,0.5137384094149824
2014-07-01,0.5127346594830117
2014-07-02,0.5137777350468828
2014-07-03,0.5141789963886211
2014-07-07,0.513417094277015
2014-07-08,0.5136982448262553
2014-07-09,0.5134976049078124
2014-07-10,0.5138181813759084
2014-07-11,0.5130955439128233
2014-07-14,0.5130136540682909
2014-07-15,0.5121581222938816
2014-07-16,0.5119510154601387
2014-07-17,0.511308351752598
2014-07-18,0.5115891243845917
2014-07-21,0.5117096423432301
2014-07-22,0.5097771423129461
2014-07-23,0.5103465139960344
2014-07-24,0.5104733387653894
2014-07-25,0.5104261636567297
2014-07-28,0.5109115020915341
2014-07-29,0.5111141410217078
2014-07-30,0.510698469309647
2014-07-31,0.5103788008074102
2014-08-01,0.5108683663662699
2014-08-04,0.5104623292559028
2014-08-05,0.5108152378670621
2014-08-06,0.5109788304364339
2014-08-07,0.510287394880322
2014-08-08,0.5099592399013548
2014-08-11,0.5109662247285173
2014-08-12,0.5112109521622886
2014-08-13,0.5103598290376847
2014-08-14,0.5105641888097807
2014-08-15,0.5113804050679358
2014-08-18,0.5109018846846866
2014-08-19,0.5112253765562844
2014-08-20,0.5116317189164364
2014-08-21,0.5115464515227125
2014-08-22,0.512965631556206
2014-08-25,0.5126024722782904
2014-08-26,0.5131709562714581
2014-08-27,0.5131740594346569
2014-08-28,0.5120893862050723
2014-08-29,0.5121293125179004
2014-09-02,0.5116462160329592
2014-09-03,0.5114098713528599
2014-09-04,0.5117681510587695
2014-09-05,0.5120855230212581
2014-09-08,0.5130546362829687
2014-09-09,0.5123740069412618
2014-09-10,0.5124154695621435
2014-09-11,0.5127758076050142
2014-09-12,0.5124614320307967
2014-09-15,0.5118234965353885
2014-09-16,0.5117001530627644
2014-09-17,0.5112169560638683
2014-09-18,0.5109431189589582
2014-09-19,0.5114996142054833
2014-09-22,0.5108673841196292
2014-09-23,0.5111888478656432
2014-09-24,0.5104951474722441
2014-09-25,0.5099783140053916
2014-09-26,0.5093204048722062
2014-09-29,0.5088603791747877
2014-09-30,0.5103143749875687
2014-10-01,0.5099262878894478
2014-10-02,0.509610583876974
2014-10-03,0.5101992272748038
2014-10-06,0.5105058625559437
2014-10-07,0.5088657555958501
2014-10-08,0.5090633338969771
2014-10-09,0.5097418329594835
2014-10-10,0.5109004689211454
2014-10-13,0.5116055944940664
2014-10-14,0.5130722310858886
2014-10-15,0.5132298789885713
2014-10-16,0.5123619012123614
2014-10-17,0.5126768674288849
2014-10-20,0.513504712790944
2014-10-21,0.5133138282253411
2014-10-22,0.5138593736571686
2014-10-23,0.5139759139915178
2014-10-24,0.5142858653918626
2014-10-27,0.5144023473147902
2014-10-28,0.5149041649724047
2014-10-29,0.5135487644646292
2014-10-30,0.5135469556231116
2014-10-31,0.5153002913441461
2014-11-03,0.5159611835469583
2014-11-04,0.5145240798527196
2014-11-05,0.5135063487423908
2014-11-06,0.5129175141921065
2014-11-07,0.514094578248626
2014-11-10,0.5141723001887548
2014-11-11,0.5140941708141207
2014-11-12,0.5143673637003894
2014-11-13,0.5163147315218214
2014-11-14,0.5168120208371142
2014-11-17,0.5152959633666356
2014-11-18,0.5145988765798252
2014-11-19,0.5139373630625836
2014-11-20,0.5133515846022659
2014-11-21,0.5135075668098509
2014-11-24,0.5136651861458247
2014-11-25,0.5144417562626004
2014-11-26,0.5137431782349883
2014-11-28,0.5132762387599739
2014-12-01,0.5131211766962644
2014-12-02,0.5130782171508462
2014-12-03,0.513037510382751
2014-12-04,0.5133900363580888
2014-12-05,0.5140935628247716
2014-12-08,0.5129634123023089
2014-12-09,0.5124538321184113
2014-12-10,0.5132367741929378
2014-12-11,0.513548043167373
2014-12-12,0.513625806000363
2014-12-15,0.5141314357175337
2014-12-16,0.5127764242574507
2014-12-17,0.512187650245307
2014-12-18,0.5117678621893497
2014-12-19,0.5122716294211226
2014-12-22,0.5113023252395523
2014-12-23,0.5120680584775053
2014-12-24,0.5119480794034965
2014-12-26,0.5126092231674806
2014-12-29,0.5133126182663748
2014-12-30,0.5121805693186277
2014-12-31,0.5123357946641734
2015-01-02,0.5133510180298198
2015-01-05,0.5135095801868167
2015-01-06,0.5145938542722219
2015-01-07,0.5143238069630104
2015-01-08,0.5152111713210201
2015-01-09,0.5153276453565702
2015-01-12,0.5144406403903553
2015-01-13,0.5148274705721989
2015-01-14,0.5140147171323737
2015-01-15,0.5145557904967232
2015-01-16,0.5148663282032048
2015-01-20,0.5145571411353752
2015-01-21,0.5133543999601659
2015-01-22,0.5128920366607729
2015-01-23,0.5136274831236398
2015-01-26,0.5128545584017391
2015-01-27,0.5119277054457301
2015-01-28,0.5119277054457301
2015-01-29,0.5114558602920324
2015-01-30,0.51028287958307
2015-02-02,0.5094866742316011
2015-02-03,0.5093574890865236
2015-02-04,0.5088374532683912
2015-02-05,0.507572950021819
2015-02-06,0.5073088482686112
2015-02-09,0.5078421333577069
2015-02-10,0.5062569546573928
2015-02-11,0.5059850546738544
2015-02-12,0.50551431484862
2015-02-13,0.5044786767732016
2015-02-17,0.5033056744088134
2015-02-18,0.5015435308249347
2015-02-19,0.5017594690991404
2015-02-20,0.5007141401708152
2015-02-23,0.5007522079931405
2015-02-24,0.5011987526571557
2015-02-25,0.5010082764868709
2015-02-26,0.5016837937751537
2015-02-27,0.5009975946347498
2015-03-02,0.4986110628036608
2015-03-03,0.4976292722422104
2015-03-04,0.4960206187537091
2015-03-05,0.4958506715924349
2015-03-06,0.4952118909088079
2015-03-09,0.4946237007530003
2015-03-10,0.4944200324263393
2015-03-11,0.4939141182085826
2015-03-12,0.4946780304037544
2015-03-13,0.4947530820695294
2015-03-16,0.4944365708590541
2015-03-17,0.4950392954366879
2015-03-18,0.4950047829181668
2015-03-19,0.4954366011331004
2015-03-20,0.4961136307591076
2015-03-23,0.4966412337136899
2015-03-24,0.4967351879339803
2015-03-25,0.4956288016939645
2015-03-26,0.4964504980320354
2015-03-27,0.4950165528825091
2015-03-30,0.4943957920372964
2015-03-31,0.4931494918974105
2015-04-01,0.4927263030910579
2015-04-02,0.4917818172551633
2015-04-06,0.4905516630065014
2015-04-07,0.4903025266671789
2015-04-08,0.4893533474320767
2015-04-09,0.4899067157425784
2015-04-10,0.4900176933046669
2015-04-13,0.4892841839759448
2015-04-14,0.4888437959569845
2015-04-15,0.4895861388181112
2015-04-16,0.4891401866309274
2015-04-17,0.4881795642117858
2015-04-20,0.4876420319756992
2015-04-21,0.4879006215444272
2015-04-22,0.4880397595015814
2015-04-23,0.4878377879278606
2015-04-24,0.4885386818798974
2015-04-27,0.4882254189708075
2015-04-28,0.4891875645073112
2015-04-29,0.488050103457575
2015-04-30,0.4895743914587778
2015-05-01,0.4896697497649705
2015-05-04,0.4898178046843941
2015-05-05,0.4893004023732068
2015-05-06,0.4895481618552346
2015-05-07,0.4898327870999754
2015-05-08,0.489585077600369
2015-05-11,0.4892575464693413
2015-05-12,0.4897437546110351
2015-05-13,0.4904390618300735
2015-05-14,0.4890692789254106
2015-05-15,0.4892369354078845
2015-05-18,0.4887755214791079
2015-05-19,0.4867451772878687
2015-05-20,0.4870744821322971
2015-05-21,0.487001225223261
2015-05-22,0.4866061443314097
2015-05-26,0.4852000087887264
2015-05-27,0.4840020411992133
2015-05-28,0.4835494032596146
2015-05-29,0.4833382716766983
2015-06-01,0.4820488032828059
2015-06-02,0.4824125151986127
2015-06-03,0.4818357318076384
2015-06-04,0.4817271915326357
2015-06-05,0.4813305993567124
2015-06-08,0.4811863391782466
2015-06-09,0.4815826260529993
2015-06-10,0.4814750360504981
2015-06-11,0.481655830679161
2015-06-12,0.4817271915326357
2015-06-15,0.4818695112541556
2015-06-16,0.4821241298992442
2015-06-17,0.481476477705869
2015-06-18,0.4817292631825941
2015-06-19,0.4809708201180009
2015-06-22,0.4799181834371366
2015-06-23,0.4804253974028432
2015-06-24,0.4801706021160055
2015-06-25,0.4812985061535937
2015-06-26,0.481769880300648
2015-06-29,0.4831599487044178
2015-06-30,0.4826919407762196
2015-07-01,0.4833080049698127
2015-07-02,0.4835990273029339
2015-07-06,0.4842480746860707
2015-07-07,0.4845406862837001
2015-07-08,0.4853779783368198
2015-07-09,0.4860546489337901
2015-07-10,0.4848825729294001
2015-07-13,0.4860117276598717
2015-07-14,0.4862777255013396
2015-07-15,0.4875720143644169
2015-07-16,0.4880148883875959
2015-07-17,0.4880705720651304
2015-07-20,0.4890959719932224
2015-07-21,0.4895743914587778
2015-07-22,0.490202881877118
2015-07-23,0.4910208193242662
2015-07-24,0.4907244965234496
2015-07-27,0.490934189090202
2015-07-28,0.4910816891197799
2015-07-29,0.4910202956062386
2015-07-30,0.4918084942888233
2015-07-31,0.4924351366610597
2015-08-03,0.4923980071793308
2015-08-04,0.4923839459281428
2015-08-05,0.492837635284981
2015-08-06,0.4922312147506528
2015-08-07,0.4921574351697073
2015-08-10,0.4919498050151832
2015-08-11,0.4919129518238025
2015-08-12,0.4918526121439742
2015-08-13,0.4916315789692345
2015-08-14,0.4912766960935888
2015-08-17,0.4916446632058789
2015-08-18,0.491547131706774
2015-08-19,0.4924581210504242
2015-08-20,0.4925103264066355
2015-08-21,0.4971273909318709
2015-08-24,0.5007218916465193
2015-08-25,0.506998179849126
2015-08-26,0.506482043623556
2015-08-27,0.5073516626861683
2015-08-28,0.5112508058365116
2015-08-31,0.5116998573149851
2015-09-01,0.5120599669083805
2015-09-02,0.5113980492106701
2015-09-03,0.5114623688304692
2015-09-04,0.5115701310211491
2015-09-08,0.5118171868152954
2015-09-09,0.5123329130946509
2015-09-10,0.5123674961566705
2015-09-11,0.5132363069524224
2015-09-14,0.5129220827053724
2015-09-15,0.5135491599134061
2015-09-16,0.5130603254519995
2015-09-17,0.5140384078479565
2015-09-18,0.5135488364310148
2015-09-21,0.5137582975249465
2015-09-22,0.5137236340555346
2015-09-23,0.5135840360324982
2015-09-24,0.5134097488617937
2015-09-25,0.5132704870951081
2015-09-28,0.5159650213373224
2015-09-29,0.5161714199052678
2015-09-30,0.513829009068572
2015-10-01,0.5114913621392332
2015-10-02,0.5117880846058541
2015-10-05,0.5117264274671538
2015-10-06,0.5119002400148635
2015-10-07,0.5119698304239485
2015-10-08,0.5121788262693627
2015-10-09,0.5125653462756956
2015-10-12,0.5138284956262764
2015-10-13,0.511724408898884
2015-10-14,0.5097302334475805
2015-10-15,0.5086970434432602
2015-10-16,0.5088752686505008
2015-10-19,0.5088453169057018
2015-10-20,0.5094093848690916
2015-10-21,0.5093399262852106
2015-10-22,0.5086921606115954
2015-10-23,0.5090624668266014
2015-10-26,0.5100267519988996
2015-10-27,0.5104878714363131
2015-10-28,0.5107657715228462
2015-10-29,0.5101272976742319
2015-10-30,0.5111009233457512
2015-11-02,0.5110389301866944
2015-11-03,0.5113559256953488
2015-11-04,0.5129092859303533
2015-11-05,0.5135462268342598
2015-11-06,0.5134759179096431
2015-11-09,0.512425823446579
2015-11-10,0.5113701236927528
2015-11-11,0.5129506918216051
2015-11-12,0.5135135810107524
2015-11-13,0.5142113758203687
2015-11-16,0.5127083404990895
2015-11-17,0.5124955661006796
2015-11-18,0.5131641028740999
2015-11-19,0.5127094434546176
2015-11-20,0.5142128254571351
2015-11-23,0.5146319586806511
2015-11-24,0.5131285289501629
2015-11-25,0.5110148114580614
2015-11-27,0.511411846016336
2015-11-30,0.5112483589218936
2015-12-01,0.5107947267870551
2015-12-02,0.5109381053175305
2015-12-03,0.5103508301929337
2015-12-04,0.509997442962162
2015-12-07,0.510131272963045
2015-12-08,0.5097727239116331
2015-12-09,0.5091592028878507
2015-12-10,0.5099595025439998
2015-12-11,0.5103638636399344
2015-12-14,0.5108831741994064
2015-12-15,0.5108804018283857
2015-12-16,0.5113363533107272
2015-12-17,0.5110545712918683
2015-12-18,0.5124739289499498
2015-12-21,0.5122652800380071
2015-12-22,0.5123314683206684
2015-12-23,0.51222921922907
2015-12-24,0.5123343552067026
2015-12-28,0.5124007071465112
2015-12-29,0.5122983392553696
2015-12-30,0.5125033464168225
2015-12-31,0.5129907339146041
2016-01-04,0.5151457755895743
2016-01-05,0.5173770890713769
2016-01-06,0.5170546927903591
2016-01-07,0.5185030655734861
2016-01-08,0.5215587311806665
2016-01-11,0.5230344505865134
2016-01-12,0.5232424884889603
2016-01-13,0.5238321838535617
2016-01-14,0.5235560411553449
2016-01-15,0.5241504894895792
2016-01-19,0.5241849865474789
2016-01-20,0.5242885309794323
2016-01-21,0.52397913144702
2016-01-22,0.5237889801296345
2016-01-25,0.5248267256253636
2016-01-26,0.5251892764442425
2016-01-27,0.5244732677032939
2016-01-28,0.5239115536380996
2016-01-29,0.5247453493135305
2016-02-01,0.5249003308796437
2016-02-02,0.5257256064204984
2016-02-03,0.526326271323787
2016-02-04,0.5264207691421559
2016-02-05,0.5274173904597487
2016-02-08,0.5281405094796537
2016-02-09,0.5293731236279919
2016-02-10,0.5296508336085703
2016-02-11,0.5296434282501948
2016-02-12,0.5303126718791892
2016-02-16,0.5313571274763381
2016-02-17,0.5332509125119425
2016-02-18,0.5341398154191369
2016-02-19,0.5336156344602325
2016-02-22,0.5336146321901042
2016-02-23,0.5330882628197341
2016-02-24,0.5333130065806346
2016-02-25,0.5341388077000779
2016-02-26,0.5358292729552775
2016-02-29,0.5362324101756595
2016-03-01,0.5352620831280216
2016-03-02,0.5346659990613571
2016-03-03,0.534632064137966
2016-03-04,0.5339623973849565
2016-03-07,0.5343857533943847
2016-03-08,0.5349682458431949
2016-03-09,0.5351823049841958
2016-03-10,0.5352209674477364
2016-03-11,0.5342090261214913
2016-03-14,0.534120104175071
2016-03-15,0.5336735521583826
2016-03-16,0.5320787225121858
2016-03-17,0.5336881935073506
2016-03-18,0.5324699692445188
2016-03-21,0.5325220010431726
2016-03-22,0.5324998945007962
2016-03-23,0.5298725579227859
2016-03-24,0.5304131498097888
2016-03-28,0.5307907724772273
2016-03-29,0.5316032272725916
2016-03-30,0.5306123246947192
2016-03-31,0.5313120120180825
2016-04-01,0.5299150142516103
2016-04-04,0.5287556470593321
2016-04-05,0.5286791820903888
2016-04-06,0.5290508612685142
2016-04-07,0.5285662219831135
2016-04-08,0.5270311248383747
2016-04-11,0.5278220183544622
2016-04-12,0.5281932347321213
2016-04-13,0.5271627023725196
2016-04-14,0.5266336856414149
2016-04-15,0.5270786151672141
2016-04-18,0.5257146208111119
2016-04-19,0.5244554499213083
2016-04-20,0.5250775209618883
2016-04-21,0.524933173951703
2016-04-22,0.5240171741714645
2016-04-25,0.5236227950330532
2016-04-26,0.5247667362058576
2016-04-27,0.5250100102080061
2016-04-28,0.5256456611173982
2016-04-29,0.5257181346180582
2016-05-02,0.5250359766755016
2016-05-03,0.5239019327798446
2016-05-04,0.5251290426658917
2016-05-05,0.5251187003628686
2016-05-06,0.5248694242310722
2016-05-09,0.5240300960458809
2016-05-10,0.5236675414257909
2016-05-11,0.5224975693515312
2016-05-12,0.5213730827078609
2016-05-13,0.5198433878580263
2016-05-16,0.5189032767295679
2016-05-17,0.5195876266686268
2016-05-18,0.5197266901502733
2016-05-19,0.5192831701812557
2016-05-20,0.5187555152465488
2016-05-23,0.5192308918369103
2016-05-24,0.5189220504710249
2016-05-25,0.519236988707893
2016-05-26,0.5198574116369593
2016-05-27,0.5204873165007404
2016-05-31,0.5220856304607068
2016-06-01,0.5220779455716007
2016-06-02,0.5223466672433432
2016-06-03,0.5217860484226556
2016-06-06,0.5220337882737727
2016-06-07,0.5217786597834742
2016-06-08,0.5232741258288671
2016-06-09,0.5234123893942002
2016-06-10,0.5216116896456504
2016-06-13,0.5230319359791011
2016-06-14,0.5234221977297642
2016-06-15,0.5240125283925816
2016-06-16,0.5237129287363494
2016-06-17,0.523667476655761
2016-06-20,0.5230574253982194
2016-06-21,0.5229373833172665
2016-06-22,0.5238128994712576
2016-06-23,0.5223531819560647
2016-06-24,0.5253468959906312
2016-06-27,0.527691872303208
2016-06-28,0.5277515756557262
2016-06-29,0.5278727163932134
2016-06-30,0.5295510852959975
2016-07-01,0.5300020388806369
2016-07-05,0.5300893898358052
2016-07-06,0.530395724965256
2016-07-07,0.5315087944247043
2016-07-08,0.5300162484268219
2016-07-11,0.5312728099446302
2016-07-12,0.5306361444753153
2016-07-13,0.5311432533788503
2016-07-14,0.5310808991723714
2016-07-15,0.5313356912769832
2016-07-18,0.5304727309927251
2016-07-19,0.5309663572795726
2016-07-20,0.5306695057902939
2016-07-21,0.5310702622057581
2016-07-22,0.530924396626443
2016-07-25,0.532695598737785
2016-07-26,0.5339872994570705
2016-07-27,0.5317132568750997
2016-07-28,0.5336761148983773
2016-07-29,0.5340070451893638
2016-08-01,0.5347373104690213
2016-08-02,0.5345180621195328
2016-08-03,0.5344450566154372
2016-08-04,0.5352310729724156
2016-08-05,0.534116797013498
2016-08-08,0.5349391721552316
2016-08-09,0.5355571298264198
2016-08-10,0.5363016412253033
2016-08-11,0.5362250140772973
2016-08-12,0.5376216823109491
2016-08-15,0.5368272067227996
2016-08-16,0.5367907510482011
2016-08-17,0.5367865691941733
2016-08-18,0.5371414231178807
2016-08-19,0.5374274260388003
2016-08-22,0.53824698125037
2016-08-23,0.5390919714130552
2016-08-24,0.5380252027386472
2016-08-25,0.5370097167742269
2016-08-26,0.5376390582910683
2016-08-29,0.537690523048525
2016-08-30,0.5390036746085201
2016-08-31,0.5383457671529894
2016-09-01,0.5394782631864524
2016-09-02,0.5402106427733497
2016-09-06,0.5402996723581054
2016-09-07,0.5404771906433816
2016-09-08,0.5403060001173735
2016-09-09,0.5399618794347016
2016-09-12,0.5403685856609997
2016-09-13,0.5407075730834247
2016-09-14,0.5409742524339385
2016-09-15,0.5410358850581984
2016-09-16,0.5406583858655887
2016-09-19,0.5405728646191734
2016-09-20,0.5406971643494397
2016-09-21,0.538850066773571
2016-09-22,0.5387925989234643
2016-09-23,0.5384626893669554
2016-09-26,0.539245330076134
2016-09-27,0.5389076492514957
2016-09-28,0.5394253651187473
2016-09-29,0.5394584203272399
2016-09-30,0.5385991163300939
2016-10-03,0.5378005043342862
2016-10-04,0.5383178678444499
2016-10-05,0.5375246403301748
2016-10-06,0.5366260298448099
2016-10-07,0.5384246239596235
2016-10-10,0.5386272719645537
2016-10-11,0.538367121339886
2016-10-12,0.5380912840483663
2016-10-13,0.5380101841345065
2016-10-14,0.5394059655976401
2016-10-17,0.5390569756027266
2016-10-18,0.5380045683066206
2016-10-19,0.5361756339576756
2016-10-20,0.5366854553134254
2016-10-21,0.5376781773146033
2016-10-24,0.5364957499692434
2016-10-25,0.5357932222388779
2016-10-26,0.5350211348343915
2016-10-27,0.5359465563385849
2016-10-28,0.5354736734726073
2016-10-31,0.5351865685330791
2016-11-01,0.5356212723135263
2016-11-02,0.5352229308465218
2016-11-03,0.535548467452343
2016-11-04,0.5359801356062668
2016-11-07,0.5360696292865813
2016-11-08,0.5363974420272702
2016-11-09,0.5371922902462352
2016-11-10,0.536477757797109
2016-11-11,0.5366689414718159
2016-11-14,0.5377435831262275
2016-11-15,0.5379590592301043
2016-11-16,0.5378698241196874
2016-11-17,0.5372436761788864
2016-11-18,0.5372804305577037
2016-11-21,0.5365383721391566
2016-11-22,0.5357208623007412
2016-11-23,0.5343357722502281
2016-11-25,0.5342261803141756
2016-11-28,0.5331264341663642
2016-11-29,0.5338211533773373
2016-11-30,0.5337118238680872
2016-12-01,0.5330361999236567
2016-12-02,0.5330726594123391
2016-12-05,0.5330899298527321
2016-12-06,0.5330341814759618
2016-12-07,0.5326695127157024
2016-12-08,0.5328346706301715
2016-12-09,0.5328665099857441
2016-12-12,0.5335629634829582
2016-12-13,0.5334894863965025
2016-12-14,0.5331942096422173
2016-12-15,0.5330107730787699
2016-12-16,0.5338405483224321
2016-12-19,0.5339881573936853
2016-12-20,0.5336227922307076
2016-12-21,0.5349036202514476
2016-12-22,0.5347560221753486
2016-12-23,0.5356327268930775
2016-12-27,0.5350668366184677
2016-12-28,0.5362013722852188
2016-12-29,0.5368735558712525
2016-12-30,0.5365789629213007
2017-01-03,0.5367835391872392
2017-01-04,0.5367303134552123
2017-01-05,0.5374962257406932
2017-01-06,0.5375065673626492
2017-01-09,0.5381284698837743
2017-01-10,0.5386917936465754
2017-01-11,0.5392893529659915
2017-01-12,0.5389425576357544
2017-01-13,0.5399700315519083
2017-01-17,0.5398494707348331
2017-01-18,0.5397706507984048
2017-01-19,0.5392833686288407
2017-01-20,0.5401791983019159
2017-01-23,0.5407779706627497
2017-01-24,0.5394829373643457
2017-01-25,0.5384697169092055
2017-01-26,0.5395605803361956
2017-01-27,0.5396723528132416
2017-01-30,0.5391515097776975
2017-01-31,0.5389072961761242
2017-02-01,0.5395783334756957
2017-02-02,0.5382594810270183
2017-02-03,0.5367344593782133
2017-02-06,0.5385574087318934
2017-02-07,0.5398821973930501
2017-02-08,0.5415753243119517
2017-02-09,0.5410537896160889
2017-02-10,0.5400209232084701
2017-02-13,0.5400814036260351
2017-02-14,0.5408547150785183
2017-02-15,0.541241251839687
2017-02-16,0.541254052959514
2017-02-17,0.5409812645532528
2017-02-21,0.5409591094756129
2017-02-22,0.5412195257061306
2017-02-23,0.5415161192071746
2017-02-24,0.5416270145739213
2017-02-27,0.5425272889490111
2017-02-28,0.5420828132185014
2017-03-01,0.5408395829646105
2017-03-02,0.5407505116066874
2017-03-03,0.5397433327977869
2017-03-06,0.5388465426656912
2017-03-07,0.5374747233427652
2017-03-08,0.5375379833455132
2017-03-09,0.5365054122010028
2017-03-10,0.5364926313466377
2017-03-13,0.5362046378969972
2017-03-14,0.5364465265288346
2017-03-15,0.5360462047986011
2017-03-16,0.5361943238084815
2017-03-17,0.536672729357116
2017-03-20,0.535568120993414
2017-03-21,0.5334364371408963
2017-03-22,0.5334527625510022
2017-03-23,0.5333028078419918
2017-03-24,0.5337451510354694
2017-03-27,0.5339486167339085
2017-03-28,0.5340598061971992
2017-03-29,0.5340781235323425
2017-03-30,0.5350586735934023
2017-03-31,0.5334691725024461
2017-04-03,0.5328572225429622
2017-04-04,0.5333557804115422
2017-04-05,0.5317448141399215
2017-04-06,0.531589150695443
2017-04-07,0.5311747886055452
2017-04-10,0.5320644434490368
2017-04-11,0.5326824800634653
2017-04-12,0.532945990320166
2017-04-13,0.532945990320166
2017-04-17,0.5329829208422971
2017-04-18,0.533148304176994
2017-04-19,0.5330024394501633
2017-04-20,0.5304257844842607
2017-04-21,0.5293872171203204
2017-04-24,0.5305749155149283
2017-04-25,0.5300908312336381
2017-04-26,0.5305624195158868
2017-04-27,0.530704002628732
2017-04-28,0.5293682988968715
2017-05-01,0.5288118875261684
2017-05-02,0.5308560756696519
2017-05-03,0.5308775578338595
2017-05-04,0.5298553921546586
2017-05-05,0.5300037807240712
2017-05-08,0.5304411099684384
2017-05-09,0.5303212730010699
2017-05-10,0.5318801230494161
2017-05-11,0.5315456547732187
2017-05-12,0.5316614652958375
2017-05-15,0.531159101569921
2017-05-16,0.530746962672545
2017-05-17,0.5311327252094309
2017-05-18,0.5318676141310765
2017-05-19,0.5313552619243658
2017-05-22,0.5319339720259045
2017-05-23,0.5315038635455939
2017-05-24,0.5327263874185617
2017-05-25,0.5323541123807051
2017-05-26,0.5329721694955537
2017-05-30,0.5337757589094707
2017-05-31,0.5345625056426454
2017-06-01,0.5340391055545342
2017-06-02,0.5345803766278999
2017-06-05,0.5350835989804651
2017-06-06,0.5348047555492751
2017-06-07,0.5349352238716537
2017-06-08,0.5350448375598882
2017-06-09,0.5335964542129987
2017-06-12,0.5351150950595527
2017-06-13,0.5350600483248904
2017-06-14,0.5340213979262683
2017-06-15,0.5330507576729069
2017-06-16,0.5332737957391676
2017-06-19,0.5337956276369065
2017-06-20,0.5335694449362086
2017-06-21,0.5340941943676119
2017-06-22,0.534789287068987
2017-06-23,0.5350308382206711
2017-06-26,0.533233158563888
2017-06-27,0.5325029013143764
2017-06-28,0.5323443934357245
2017-06-29,0.5317184226236701
2017-06-30,0.5303162673477413
2017-07-03,0.5305708346776906
2017-07-05,0.5293922620700456
2017-07-06,0.5293236662881391
2017-07-07,0.5293525262961976
2017-07-10,0.5282785107243907
2017-07-11,0.5280441380733863
2017-07-12,0.5283531311245804
2017-07-13,0.5282412159053788
2017-07-14,0.5290214548916521
2017-07-17,0.5295542946185963
2017-07-18,0.5304479817405247
2017-07-19,0.5307990816946879
2017-07-20,0.5303573105945436
2017-07-21,0.5309119175553743
2017-07-24,0.532228559300402
2017-07-25,0.5327255770296762
2017-07-26,0.5344905468996782
2017-07-27,0.5335089435654036
2017-07-28,0.5335853366061305
2017-07-31,0.5329435689931112
2017-08-01,0.5332621019790554
2017-08-02,0.5331868230996023
2017-08-03,0.5334894863965025
2017-08-04,0.5336778499641264
2017-08-07,0.5332065319234945
2017-08-08,0.5338102316471937
2017-08-09,0.5334351145917308
2017-08-10,0.5326944066816888
2017-08-11,0.5328802412702939
2017-08-14,0.5330094233397772
2017-08-15,0.5331193266494266
2017-08-16,0.5332915883228161
2017-08-17,0.5301642373203167
2017-08-18,0.5304518131880959
2017-08-21,0.529833840470439
2017-08-22,0.5301733123683031
2017-08-23,0.530744558164404
2017-08-24,0.5293456915465767
2017-08-25,0.5293146126748338
2017-08-28,0.528447314615697
2017-08-29,0.5291951193704572
2017-08-30,0.5280034217476325
2017-08-31,0.5284403160424043
2017-09-01,0.528283588298742
2017-09-05,0.5278717965051329
2017-09-06,0.5285013460254943
2017-09-07,0.529460531449117
2017-09-08,0.5292234998074347
2017-09-11,0.5295575114361872
2017-09-12,0.5299891683821717
2017-09-13,0.5296622755170513
2017-09-14,0.5294255446590408
2017-09-15,0.5293347459748248
2017-09-18,0.5293347459748248
2017-09-19,0.5290523395955012
2017-09-20,0.5306362390392864
2017-09-21,0.5296701333346695
2017-09-22,0.5290382914285687
2017-09-25,0.5289922559309026
2017-09-26,0.5291318080440349
2017-09-27,0.5301382227707145
2017-09-28,0.5301533396119805
2017-09-29,0.5293862236249007
2017-10-02,0.5291919363967427
2017-10-03,0.5292863484338756
2017-10-04,0.5307239095091049
2017-10-05,0.5298699507566719
2017-10-06,0.5303179969386379
2017-10-09,0.5309666115766802
2017-10-10,0.5314264386580234
2017-10-11,0.5329590234894422
2017-10-12,0.5328509716733405
2017-10-13,0.5326837860097947
2017-10-16,0.5340376986589541
2017-10-17,0.5352742621513118
2017-10-18,0.5344124740108301
2017-10-19,0.5338161257478311
2017-10-20,0.5341327096455436
2017-10-23,0.5334818100846868
2017-10-24,0.5334254758327021
2017-10-25,0.5326572699041531
2017-10-26,0.534450181273971
2017-10-27,0.5343751266317835
2017-10-30,0.5342258063476547
2017-10-31,0.53486143214691
2017-11-01,0.5349569696689167
2017-11-02,0.5350726330405517
2017-11-03,0.5340939367107048
2017-11-06,0.5353929450316882
2017-11-07,0.5351827284378423
2017-11-08,0.534620303479772
2017-11-09,0.5335694449362086
2017-11-10,0.5336432596432742
2017-11-13,0.5336046747512547
2017-11-14,0.533472654733822
2017-11-15,0.5335477657365048
2017-11-16,0.5340934187375184
2017-11-17,0.5343580982933224
2017-11-20,0.5345279519037283
2017-11-21,0.5346593615998891
2017-11-22,0.5351875646335228
2017-11-24,0.5349423444981272
2017-11-27,0.5359583299875136
2017-11-28,0.5363514321588667
2017-11-29,0.5354664914326633
2017-11-30,0.5356755902794417
2017-12-01,0.5357134514338362
2017-12-04,0.5346955889998438
2017-12-05,0.5348085942557336
2017-12-06,0.5338677686890129
2017-12-07,0.5337909918583251
2017-12-08,0.5331294319259152
2017-12-11,0.5325254591646553
2017-12-12,0.5332029508211502
2017-12-13,0.5331255792277676
2017-12-14,0.5328590133863655
2017-12-15,0.5317009509393691
2017-12-18,0.5312237612450682
2017-12-19,0.5323179808823872
2017-12-20,0.5324665041983573
2017-12-21,0.5332518521704136
2017-12-22,0.5335209170124413
2017-12-26,0.5324348217365497
2017-12-27,0.5320074882939341
2017-12-28,0.5330375418193889
2017-12-29,0.5321250178854942
2018-01-02,0.5320662920482262
2018-01-03,0.5319865585226201
2018-01-04,0.5329231443242542
2018-01-05,0.5323731905632582
2018-01-08,0.532024521086425
2018-01-09,0.5325541503193064
2018-01-10,0.5328623654072707
2018-01-11,0.5332102197410129
2018-01-12,0.5337277395229395
2018-01-16,0.5336699414182366
2018-01-17,0.5327504240199697
2018-01-18,0.5323010968790771
2018-01-19,0.5318179034344824
2018-01-22,0.5308768653898103
2018-01-23,0.5305063507231377
2018-01-24,0.5296104335947258
2018-01-25,0.5295559770944119
2018-01-26,0.5292895974274242
2018-01-29,0.5296090348726539
2018-01-30,0.5297084283287834
2018-01-31,0.5281379317008741
2018-02-01,0.5287861160448082
2018-02-02,0.5304169052116747
2018-02-05,0.5354068676592727
2018-02-06,0.5363577135049327
2018-02-07,0.5364801613424749
2018-02-08,0.5429153433479071
2018-02-09,0.5431763345000821
2018-02-12,0.5426416958667241
2018-02-13,0.5429181548498436
2018-02-14,0.544969446815792
2018-02-15,0.5477947371246281
2018-02-16,0.5479374667668864
2018-02-20,0.5479221662998165
2018-02-21,0.5470372067644811
2018-02-22,0.5470792866898807
2018-02-23,0.546278873170287
2018-02-26,0.5476883598270825
2018-02-27,0.5474385209686409
2018-02-28,0.5475972520211667
2018-03-01,0.5479298222825579
2018-03-02,0.5464094265757831
2018-03-05,0.5473062345818089
2018-03-06,0.5482171061832255
2018-03-07,0.5482245830786358
2018-03-08,0.5467772490447462
2018-03-09,0.5476428342087349
2018-03-12,0.5469203484886203
2018-03-13,0.546278873170287
2018-03-14,0.5461872769003324
2018-03-15,0.5467635271065969
2018-03-16,0.5468942753250415
2018-03-19,0.5470792866898807
2018-03-20,0.5469112573611618
2018-03-21,0.5469112573611618
2018-03-22,0.5475536675395215
2018-03-23,0.5504174616871275
2018-03-26,0.5504920372301599
2018-03-27,0.5508655505742357
2018-03-28,0.552490285789335
2018-03-29,0.5519889301651346
2018-04-02,0.5535060273505684
2018-04-03,0.5533808597154577
2018-04-04,0.5528862478913502
2018-04-05,0.5529941213463474
2018-04-06,0.5520068128238602
2018-04-09,0.5517238476756258
2018-04-10,0.5524779245595642
2018-04-11,0.5526233071896636
2018-04-12,0.5513225929836332
2018-04-13,0.5499900479568672
2018-04-16,0.5487711948961888
2018-04-17,0.5485903058593613
2018-04-18,0.549122559052133
2018-04-19,0.5489033581206293
2018-04-20,0.5489946908058932
2018-04-23,0.5499104505234793
2018-04-24,0.5512652270700613
2018-04-25,0.5513674004368292
2018-04-26,0.5501470302379572
2018-04-27,0.5494233874512924
2018-04-30,0.5482743447015589
2018-05-01,0.5479687962911601
2018-05-02,0.5478943347334624
2018-05-03,0.547506876747698
2018-05-04,0.5465349400712967
2018-05-07,0.5465889733485031
2018-05-08,0.5472050338349884
2018-05-09,0.5472710029327156
2018-05-10,0.5483034948474946
2018-05-11,0.5486828166571242
2018-05-14,0.5486828166571242
2018-05-15,0.5480731303955637
2018-05-16,0.5484752513765636
2018-05-17,0.5479239943416493
2018-05-18,0.5473662201698666
2018-05-21,0.5471888749976874
2018-05-22,0.5472710029327156
2018-05-23,0.54641318544768
2018-05-24,0.5460642530499253
2018-05-25,0.5466934757424944
2018-05-29,0.5456509559258185
2018-05-30,0.5449278753670126
2018-05-31,0.5446892311849602
2018-06-01,0.5445666432827863
2018-06-04,0.545005056494707
2018-06-05,0.544922811438095
2018-06-06,0.5442866089063847
2018-06-07,0.5439765840970141
2018-06-08,0.5436963885473356
2018-06-11,0.5443448928314059
2018-06-12,0.5440127724443119
2018-06-13,0.5441418537107756
2018-06-14,0.5439972461505309
2018-06-15,0.5436257975611356
2018-06-18,0.5446424460329635
2018-06-19,0.5445274297369115
2018-06-20,0.5442446412932822
2018-06-21,0.54346021042859
2018-06-22,0.5409475693342719
2018-06-25,0.5432799264740581
2018-06-26,0.5429062997153241
2018-06-27,0.5440381152959923
2018-06-28,0.5441714431948682
2018-06-29,0.5439150105044993
2018-07-02,0.5436994927138669
2018-07-03,0.5438583372959216
2018-07-05,0.5440178478708783
2018-07-06,0.5453436009027985
2018-07-09,0.545804523234243
2018-07-10,0.5453723392169909
2018-07-11,0.5455066066994659
2018-07-12,0.5453167694694238
2018-07-13,0.5450166609225459
2018-07-16,0.5459052967932317
2018-07-17,0.5458505302689828
2018-07-18,0.5457963094983537
2018-07-19,0.5458510559768608
2018-07-20,0.5458510559768608
2018-07-23,0.547199015053909
2018-07-24,0.5476177753051606
2018-07-25,0.5466956238110133
2018-07-26,0.5467885007882687
2018-07-27,0.5453872411457158
2018-07-30,0.5451097164544486
2018-07-31,0.545903921213228
2018-08-01,0.546947209669718
2018-08-02,0.5471374066897893
2018-08-03,0.5470725970238168
2018-08-06,0.5476118627421455
2018-08-07,0.5481318794449308
2018-08-08,0.5481539897023462
2018-08-09,0.5470201421039821
2018-08-10,0.5456144600567324
2018-08-13,0.5460719360608254
2018-08-14,0.5456783339686457
2018-08-15,0.5458430918315867
2018-08-16,0.5453845486221183
2018-08-17,0.5449232336963743
2018-08-20,0.5474854868710651
2018-08-21,0.5462571583789398
2018-08-22,0.5467820360056888
2018-08-23,0.5487781045691194
2018-08-24,0.5489473051555512
2018-08-27,0.5486203234470207
2018-08-28,0.5490350387564626
2018-08-29,0.5494694574177301
2018-08-30,0.5494259484498905
2018-08-31,0.5501391344585008
2018-09-04,0.5496799082063444
2018-09-05,0.5513624199535814
2018-09-06,0.552573722592044
2018-09-07,0.552814308282654
2018-09-10,0.5526821796890571
2018-09-11,0.5524405124504435
2018-09-12,0.5525032656855844
2018-09-13,0.5502137355946191
2018-09-14,0.5505705959089537
2018-09-17,0.550158816331123
2018-09-18,0.5499104505234793
2018-09-19,0.5506610129246026
2018-09-20,0.5506455914000947
2018-09-21,0.5501727030360858
2018-09-24,0.5498546588903541
2018-09-25,0.5515631937505836
2018-09-26,0.5517000092193239
2018-09-27,0.5519016822957747
2018-09-28,0.5521314013034333
2018-10-01,0.5521864564060681
2018-10-02,0.5521115685327933
2018-10-03,0.5524197387301664
2018-10-04,0.551830873460128
2018-10-05,0.5533261989747821
2018-10-08,0.5547520030945279
2018-10-09,0.5552419860409902
2018-10-10,0.5564110636346431
2018-10-11,0.5602195472091642
2018-10-12,0.5590954894432624
2018-10-15,0.5581838153966306
2018-10-16,0.5577095840244226
2018-10-17,0.5582200378026093
2018-10-18,0.5571962561435058
2018-10-19,0.5570840210975953
2018-10-22,0.5567517242040987
2018-10-23,0.5566368811002347
2018-10-24,0.5597351446806688
2018-10-25,0.558509116768112
2018-10-26,0.559993392867657
2018-10-29,0.5623642407693188
2018-10-30,0.5620098105021718
2018-10-31,0.5620913010371827
2018-11-01,0.5637462049019148
2018-11-02,0.5641283446690953
2018-11-05,0.5637827939090877
2018-11-06,0.5644517217868437
2018-11-07,0.563148091558298
2018-11-08,0.5649891862846718
2018-11-09,0.565099224180243
2018-11-12,0.5648144825024392
2018-11-13,0.5667717179053597
2018-11-14,0.5667970889240169
2018-11-15,0.5667005230300478
2018-11-16,0.567092205987591
2018-11-19,0.5675733901411008
2018-11-20,0.5678533309413709
2018-11-21,0.5677816986973853
2018-11-23,0.5677394664111627
2018-11-26,0.5688165310910914
2018-11-27,0.5693353634249723
2018-11-28,0.5704849976373777
2018-11-29,0.5714214105968114
2018-11-30,0.5717346267508892
2018-12-03,0.5721536484852224
2018-12-04,0.5722779897009374
2018-12-06,0.5726879168210021
2018-12-07,0.5756444704833528
2018-12-10,0.5783735297571818
2018-12-11,0.5788257644009838
2018-12-12,0.5785656285468649
2018-12-13,0.576525250933534
2018-12-14,0.5766550795783048
2018-12-17,0.5799208342082415
2018-12-18,0.5800502211772132
2018-12-19,0.5818060604075395
2018-12-20,0.5825624682334798
2018-12-21,0.5854660555764888
2018-12-24,0.5886263504182665
2018-12-26,0.5886100108433033
2018-12-27,0.5898615378375298
2018-12-28,0.5896420721147627
2018-12-31,0.5891404650725435
2019-01-02,0.587959811035384
2019-01-03,0.5886938472557943
2019-01-04,0.5873848535941322
2019-01-07,0.5878391028065673
2019-01-08,0.5874181245851741
2019-01-09,0.5872244978928809
2019-01-10,0.588499411413918
2019-01-11,0.5884167166699417
2019-01-14,0.588474774075509
2019-01-15,0.5885122355091377
2019-01-16,0.5891556786026271
2019-01-17,0.5871602953023846
2019-01-18,0.5872315712829461
2019-01-22,0.5861196670512955
2019-01-23,0.5876989706378414
2019-01-24,0.5877333564382481
2019-01-25,0.5877149024739178
2019-01-28,0.5863297942646164
2019-01-29,0.5853092685966116
2019-01-30,0.585861972714217
2019-01-31,0.586990223057848
2019-02-01,0.5871693151103313
2019-02-04,0.5872745419549115
2019-02-05,0.58770274071479
2019-02-06,0.5875780637093393
2019-02-07,0.5878459888556498
2019-02-08,0.5875965288468638
2019-02-11,0.5877225651725304
2019-02-12,0.5870245588236083
2019-02-13,0.5878818210886071
2019-02-14,0.5880798895028232
2019-02-15,0.5880252308992459
2019-02-19,0.5883333831925958
2019-02-20,0.5880473054405769
2019-02-21,0.5877956740389092
2019-02-22,0.5883333831925958
2019-02-25,0.588295443852236
2019-02-26,0.589758111136693
2019-02-27,0.590959445123416
2019-02-28,0.5913715069445474
2019-03-01,0.5909135178387122
2019-03-04,0.5905897317112974
2019-03-05,0.5925300488521766
2019-03-06,0.5909910946353929
2019-03-07,0.5924245881813782
2019-03-08,0.5923673839048019
2019-03-11,0.5924033259756507
2019-03-12,0.5924033259756507
2019-03-13,0.5918351163868263
2019-03-14,0.5934917268693154
2019-03-15,0.5933691471040881
2019-03-18,0.593037257722095
2019-03-19,0.5937751119245336
2019-03-20,0.5948922546095377
2019-03-21,0.5937106204157958
2019-03-22,0.5936747034670187
2019-03-25,0.5940618379575823
2019-03-26,0.5941200117444906
2019-03-27,0.5938764354834601
2019-03-28,0.5940509929893263
2019-03-29,0.5941231613678558
2019-04-01,0.5944082090977657
2019-04-02,0.5945389260263599
2019-04-03,0.5940564243204601
2019-04-04,0.5952591909642568
2019-04-05,0.5952955220383475
2019-04-08,0.5958828493417667
2019-04-09,0.5944755993298165
2019-04-10,0.5932465249976268
2019-04-11,0.5941830059521089
2019-04-12,0.5934504635427276
2019-04-15,0.5929722278739973
2019-04-16,0.5924414076141179
2019-04-17,0.5920700882097726
2019-04-18,0.5927320420236851
2019-04-22,0.5932487633011331
2019-04-23,0.5919791568371315
2019-04-24,0.5916925686429804
2019-04-25,0.5915437940470282
2019-04-26,0.5921853177211484
2019-04-29,0.5930230809213665
2019-04-30,0.5925233178448601
2019-05-01,0.5922131263893965
2019-05-02,0.5925018929098742
2019-05-03,0.5924657686917374
2019-05-06,0.5934660596392498
2019-05-07,0.5930736308896668
2019-05-08,0.5934660596392498
2019-05-09,0.5921237479156114
2019-05-10,0.5918888231833588
2019-05-13,0.592314873794529
2019-05-14,0.5929071605947608
2019-05-15,0.5941777300670827
2019-05-16,0.5950163762833187
2019-05-17,0.5935245593003636
2019-05-20,0.5934881642183333
2019-05-21,0.593656027415208
2019-05-22,0.5934831343194562
2019-05-23,0.5943273374644767
2019-05-24,0.5944322353748183
2019-05-28,0.5940971383027037
2019-05-29,0.5942473673630171
2019-05-30,0.5941771769328816
2019-05-31,0.5940838205157969
2019-06-03,0.5930088953706019
2019-06-04,0.5916434669517643
2019-06-05,0.5920762097361402
2019-06-06,0.5917811532621001
2019-06-07,0.5956828380864805
2019-06-10,0.597143797142066
2019-06-11,0.5970572303459377
2019-06-12,0.5974920936566112
2019-06-13,0.5978794313583711
2019-06-14,0.5963337544214394
2019-06-17,0.5959942585798274
2019-06-18,0.5963207484691256
2019-06-19,0.5974800233597861
2019-06-20,0.5982790948245386
2019-06-21,0.5984908685676261
2019-06-24,0.597880271601819
2019-06-25,0.5994557945742243
2019-06-26,0.5994294778607908
2019-06-27,0.5997089919714004
2019-06-28,0.6000007835014235
2019-07-01,0.6001653175430688
2019-07-02,0.599209416180293
2019-07-03,0.5994019499493244
2019-07-05,0.6008872013744779
2019-07-08,0.6004994088644352
2019-07-09,0.6009820740995274
2019-07-10,0.5999326866483596
2019-07-11,0.6004437361728019
2019-07-12,0.5983204664076401
2019-07-15,0.598119604461518
2019-07-16,0.5991314582309352
2019-07-17,0.5989772895519724
2019-07-18,0.5991936585570713
2019-07-19,0.5993512439946744
2019-07-22,0.5984829233496451
2019-07-23,0.5981646833413871
2019-07-24,0.5967241652435693
2019-07-25,0.5968001789870061
2019-07-26,0.5961683972518835
2019-07-29,0.5967859455443246
2019-07-30,0.5969925426849755
2019-07-31,0.5964399165267876
2019-08-01,0.5983688532173107
2019-08-02,0.5988427978953581
2019-08-05,0.6009805653825492
2019-08-06,0.6013085642447756
2019-08-07,0.5999892682007878
2019-08-08,0.6024819356095701
2019-08-09,0.6030824275133411
2019-08-12,0.6035589044077533
2019-08-13,0.6027805498768279
2019-08-14,0.6042887190568476
2019-08-15,0.6042288265537796
2019-08-16,0.6049714392094465
2019-08-19,0.6063806562500552
2019-08-20,0.6063493255314377
2019-08-21,0.6060257845981176
2019-08-22,0.6048668070558466
2019-08-23,0.6058868386203125
2019-08-26,0.6047188836734483
2019-08-27,0.6064192223551857
2019-08-28,0.606340164876647
2019-08-29,0.6061589163882638
2019-08-30,0.6064351709079382
2019-09-03,0.606308689347425
2019-09-04,0.6057939957736376
2019-09-05,0.6059372118085968
2019-09-06,0.6063481838065714
2019-09-09,0.6057628587210098
2019-09-10,0.605216378046533
2019-09-11,0.6056588247126434
2019-09-12,0.6055882981204146
2019-09-13,0.6079787601358495
2019-09-16,0.6071459973306712
2019-09-17,0.6075392785713412
2019-09-18,0.609054341488463
2019-09-19,0.6100282712985458
2019-09-20,0.6077737210197055
2019-09-23,0.6068915214702302
2019-09-24,0.6059178080618637
2019-09-25,0.6058374843530979
2019-09-26,0.6061831976258937
2019-09-27,0.605870422168304
2019-09-30,0.6055460344976897
2019-10-01,0.6071669944907505
2019-10-02,0.6094618344777879
2019-10-03,0.6095284008783206
2019-10-04,0.609430269357033
2019-10-07,0.6103901216757935
2019-10-08,0.6097812395088495
2019-10-09,0.610606466192952
2019-10-10,0.6107664739003502
2019-10-11,0.6094969718741157
2019-10-14,0.6097565749249058
2019-10-15,0.6055120598774073
2019-10-16,0.602352501526514
2019-10-17,0.6002320443073148
2019-10-18,0.5993000264474945
2019-10-21,0.5990435061389476
2019-10-22,0.5980946341374881
2019-10-23,0.5980805398039459
2019-10-24,0.5978163381087437
2019-10-25,0.5979096788696513
2019-10-28,0.5982395776772387
2019-10-29,0.5981074665119877
2019-10-30,0.5978698912136848
2019-10-31,0.5983716396959556
2019-11-01,0.5979087370376236
2019-11-04,0.5973138831155518
2019-11-05,0.5975519396402257
2019-11-06,0.5955911615905397
2019-11-07,0.5968077207179776
2019-11-08,0.5961734540997762
2019-11-11,0.5969956504515513
2019-11-12,0.5978285157867015
2019-11-13,0.5988146735623681
2019-11-14,0.6002400597848276
2019-11-15,0.5993139414954403
2019-11-18,0.6002134917169917
2019-11-19,0.5989837663699467
2019-11-20,0.598657258090079
2019-11-21,0.5990502726978633
2019-11-22,0.5993225345497872
2019-11-25,0.5987603556657114
2019-11-26,0.5980061572645118
2019-11-27,0.5971712951392495
2019-11-29,0.596869400262734
2019-12-02,0.5966967589873913
2019-12-03,0.596892684120389
2019-12-04,0.5970767134595409
2019-12-05,0.5974064035791832
2019-12-06,0.5974327739088264
2019-12-09,0.5969297468429231
2019-12-10,0.5967428305412809
2019-12-11,0.597432962059187
2019-12-12,0.5968783496089726
2019-12-13,0.5969313449725386
2019-12-16,0.5966955494454547
2019-12-17,0.5967338131548681
2019-12-18,0.5971291173169134
2019-12-19,0.5972876726852114
2019-12-20,0.5970110798950851
2019-12-23,0.597683623325157
2019-12-24,0.5972744285241033
2019-12-26,0.5956510717403274
2019-12-27,0.5939511491088832
2019-12-30,0.5918326418879084
2019-12-31,0.5933350641165438
2020-01-02,0.5936497507840889
2020-01-03,0.5938563910881002
2020-01-06,0.5941981161040596
2020-01-07,0.5948439579388911
2020-01-08,0.5940908383036226
2020-01-09,0.5935072618198275
2020-01-10,0.5931688045288963
2020-01-13,0.5934044669738944
2020-01-14,0.5931056002642064
2020-01-15,0.5928058417471511
2020-01-16,0.5905267837842157
2020-01-17,0.5898811851223265
2020-01-21,0.5892709572271477
2020-01-22,0.5891812849457668
2020-01-23,0.5902857448819413
2020-01-24,0.5886261575264488
2020-01-27,0.589141152078452
2020-01-28,0.5894876997463031
2020-01-29,0.589530215085531
2020-01-30,0.5876192242823018
2020-01-31,0.5880049748870702
2020-02-03,0.5879662314490112
2020-02-04,0.5885000978961538
2020-02-05,0.5897195451063197
2020-02-06,0.5901542234680142
2020-02-07,0.5903477446721418
2020-02-10,0.5898317016667601
2020-02-11,0.5897930334481298
2020-02-12,0.5895539892718225
2020-02-13,0.5892317857848041
2020-02-14,0.5895961650486377
2020-02-18,0.5912513629532834
2020-02-19,0.5895989498482284
2020-02-20,0.588443271112267
2020-02-21,0.5895605935108867
2020-02-24,0.5965889884516582
2020-02-25,0.6068624254169537
2020-02-26,0.6100153362270719
2020-02-27,0.6164031474757369
2020-02-28,0.6179120558984301
2020-03-02,0.6178027717388522
2020-03-03,0.6177475567702928
2020-03-04,0.6182855730352034
2020-03-05,0.6178375252198277
2020-03-06,0.6185928064890572
2020-03-09,0.6308796915341204
2020-03-10,0.6320373657533234
2020-03-11,0.6362781309280944
2020-03-12,0.65423441174011
2020-03-13,0.6541095697154579
2020-03-16,0.6657120801727406
2020-03-17,0.6655806496700892
2020-03-18,0.668252220097932
2020-03-19,0.6687869506809899
2020-03-20,0.6697036371573976
2020-03-23,0.6703232482598391
2020-03-24,0.6752273462331487
2020-03-25,0.6763131047958667
2020-03-26,0.6850829469651123
2020-03-27,0.6856180032580309
2020-03-30,0.6866467444871425
2020-03-31,0.6863167394882971
2020-04-01,0.6862739785135101
2020-04-02,0.6862913908742553
2020-04-03,0.6867005239522879
2020-04-06,0.6898049593388441
2020-04-07,0.6924490464880374
2020-04-08,0.6947927116588506
2020-04-09,0.6967320556315366
2020-04-13,0.6971026991843908
2020-04-14,0.7038292589088406
2020-04-15,0.7040399080371307
2020-04-16,0.7058315846976027
2020-04-17,0.7059136912315331
2020-04-20,0.7051216012091555
2020-04-21,0.7078944533686373
2020-04-22,0.7080274528935615
2020-04-23,0.7073485064885398
2020-04-24,0.7055308830135568
2020-04-27,0.7055596995565989
2020-04-28,0.7067466620144288
2020-04-29,0.7093538220262947
2020-04-30,0.7098283868609494
2020-05-01,0.7112258815933334
2020-05-04,0.711531722912066
2020-05-05,0.7108537144609
2020-05-06,0.7102959029808141
2020-05-07,0.7101317576899127
2020-05-08,0.7097644691057005
2020-05-11,0.7101296617749253
2020-05-12,0.7095560019145625
2020-05-13,0.7122683226403078
2020-05-14,0.7120525465494772
2020-05-15,0.7118967270902095
2020-05-18,0.7152726344616868
2020-05-19,0.7155169773516279
2020-05-20,0.7160195320928411
2020-05-21,0.7165910085824738
2020-05-22,0.7170320311092205
2020-05-26,0.7176973815170219
2020-05-27,0.7175030111161186
2020-05-28,0.7182668632174527
2020-05-29,0.7178576790210667
2020-06-01,0.7177872588707854
2020-06-02,0.7173368028913534
2020-06-03,0.7185807859963147
2020-06-04,0.7186487990533509
2020-06-05,0.7182325019688139
2020-06-08,0.717988556463059
2020-06-09,0.7188431840843471
2020-06-10,0.7183886122774491
2020-06-11,0.7197586016472968
2020-06-12,0.7217627604858671
2020-06-15,0.7219715145624989
2020-06-16,0.7216597048248605
2020-06-17,0.722457516472493
2020-06-18,0.7230477425612553
2020-06-19,0.7229092730692515
2020-06-22,0.7228748504648592
2020-06-23,0.7232881149335297
2020-06-24,0.723739229131589
2020-06-25,0.7236383447805981
2020-06-26,0.7247379908922953
2020-06-29,0.7251928330652636
2020-06-30,0.7270382836495031
2020-07-01,0.7271727679029827
2020-07-02,0.7286171547048202
2020-07-06,0.7302448952369842
2020-07-07,0.7301134023186124
2020-07-08,0.7309298415296479
2020-07-09,0.7312799536970388
2020-07-10,0.7313258330502467
2020-07-13,0.7321075196798464
2020-07-14,0.732118979355252
2020-07-15,0.734838439937376
2020-07-16,0.7341236796227234
2020-07-17,0.7332218495974517
2020-07-20,0.7331281981799501
2020-07-21,0.7325487800376547
2020-07-22,0.7309358930193187
2020-07-23,0.7298630391086658
2020-07-24,0.7309207686823002
2020-07-27,0.7307367665287786
2020-07-28,0.729705583337564
2020-07-29,0.7271650146059908
2020-07-30,0.726017857838286
2020-07-31,0.7287935079981479
2020-08-03,0.7295328041001142
2020-08-04,0.7310679586221643
2020-08-05,0.7311680806278349
2020-08-06,0.731617276061108
2020-08-07,0.7319503086148775
2020-08-10,0.7324623832943641
2020-08-11,0.73244440839499
2020-08-12,0.731050324404426
2020-08-13,0.7334851109754155
2020-08-14,0.7342284074984068
2020-08-17,0.7337367516103052
2020-08-18,0.7335944098986945
2020-08-19,0.7329905131503699
2020-08-20,0.7332362139146221
2020-08-21,0.7334718792926723
2020-08-24,0.7336840418396355
2020-08-25,0.7332467259329786
2020-08-26,0.7324986812236391
2020-08-27,0.7355602474668727
2020-08-28,0.7356338869667063
2020-08-31,0.7356417170126777
2020-09-01,0.7358311406942271
2020-09-02,0.7367678205483874
2020-09-03,0.7389323419814543
2020-09-04,0.7428333434599459
2020-09-08,0.7488883120138203
2020-09-09,0.7496829555043929
2020-09-10,0.7506516144529154
2020-09-11,0.7502465614168817
2020-09-14,0.749011744390896
2020-09-15,0.7474516269903941
2020-09-16,0.7476717447229096
2020-09-17,0.7470379093086321
2020-09-18,0.7470259192146539
2020-09-21,0.7462662921425134
2020-09-22,0.7474209397501969
2020-09-23,0.7462319037016799
2020-09-24,0.7446583983085137
2020-09-25,0.7469362002354372
2020-09-28,0.7474612955202155
2020-09-29,0.7465648633947037
2020-09-30,0.7465791278005233
2020-10-01,0.7459627901608604
2020-10-02,0.7438998909914042
2020-10-05,0.7442511586278205
2020-10-06,0.7452372813043754
2020-10-07,0.7446062172450872
2020-10-08,0.7431406587510593
2020-10-09,0.7429047479649652
2020-10-12,0.7412689745454493
2020-10-13,0.74192372980772
2020-10-14,0.7430146492073831
2020-10-15,0.742954779676551
2020-10-16,0.7424698375215599
2020-10-19,0.7421483847324218
2020-10-20,0.7405968051724993
2020-10-21,0.7388986173579939
2020-10-22,0.7375421628821912
2020-10-23,0.7365251413990767
2020-10-26,0.7360396695921221
2020-10-27,0.7356105691496756
2020-10-28,0.7381834048180095
2020-10-29,0.7404840456651384
2020-10-30,0.7410601440221941
2020-11-02,0.7407973707651199
2020-11-03,0.7410273460972031
2020-11-04,0.7448835410681968
2020-11-05,0.7516557282519758
2020-11-06,0.755284999937354
2020-11-09,0.7530935067252754
2020-11-10,0.7549539936797922
2020-11-11,0.7556084209816033
2020-11-12,0.7554218313519544
2020-11-13,0.7546084456815048
2020-11-16,0.7546379364304766
2020-11-17,0.7542765477675667
2020-11-18,0.7550745725545109
2020-11-19,0.7557855523192275
2020-11-20,0.7549824795342862
2020-11-23,0.7537908742906325
2020-11-24,0.7513737469171298
2020-11-25,0.7513630266983689
2020-11-27,0.7506616865943525
2020-11-30,0.7501765518431783
2020-12-01,0.7521937171694744
2020-12-02,0.7519579938576422
2020-12-03,0.7516167562987275
2020-12-04,0.752176348588053
2020-12-07,0.7525649009499805
2020-12-08,0.7539987225743605
2020-12-09,0.7539895244436075
2020-12-10,0.7513371684453831
2020-12-11,0.7485749603728254
2020-12-14,0.7494903227392695
2020-12-15,0.7490947346150967
2020-12-16,0.7500000096866728
2020-12-17,0.7511681555608746
2020-12-18,0.7518700627652121
2020-12-21,0.7520878373985254
2020-12-22,0.7519276233256051
2020-12-23,0.7511510709394567
2020-12-24,0.751022963009702
2020-12-28,0.7490077617478561
2020-12-29,0.7485335253611014
2020-12-30,0.7488892859024836
2020-12-31,0.7510325836666332
2021-01-04,0.7483277567893116
2021-01-05,0.7479195988059819
2021-01-06,0.7469920980772953
2021-01-07,0.747173456085889
2021-01-08,0.7482388104196944
2021-01-11,0.7485820553039214
2021-01-12,0.7464157727016779
2021-01-13,0.7488652278020657
2021-01-14,0.7479422281758897
2021-01-15,0.7442399682620501
2021-01-19,0.7437379249601009
2021-01-20,0.7456177614415749
2021-01-21,0.7459225246380222
2021-01-22,0.7472791982388242
2021-01-25,0.7486028612370591
2021-01-26,0.7483410500634873
2021-01-27,0.7479240461116087
2021-01-28,0.7476161657389814
2021-01-29,0.7508227983019511
2021-02-01,0.7510235577431013
2021-02-02,0.7526070188365789
2021-02-03,0.7537601561021766
2021-02-04,0.7552779692728225
2021-02-05,0.7564590340014591
2021-02-08,0.7566296113561162
2021-02-09,0.7564284666136621
2021-02-10,0.7549933098627222
2021-02-11,0.7544805190445002
2021-02-12,0.7518826198014148
2021-02-16,0.7510533416137296
2021-02-17,0.7492551757183286
2021-02-18,0.7483498029172942
2021-02-19,0.748934396820296
2021-02-22,0.7516213122145043
2021-02-23,0.75315394917499
2021-02-24,0.752868546244593
2021-02-25,0.7536743128882767
2021-02-26,0.7544275155940462
2021-03-01,0.7567409294493381
2021-03-02,0.7543948938380415
2021-03-03,0.7543735995448164
2021-03-04,0.7556542605430143
2021-03-05,0.7554489048986088
2021-03-08,0.7551284304583228
2021-03-09,0.756862409088869
2021-03-10,0.7569130599939001
2021-03-11,0.7582696941314063
2021-03-12,0.7580305369032463
2021-03-15,0.7572150242382438
2021-03-16,0.7577446902577343
2021-03-17,0.758348116963789
2021-03-18,0.7575426516327933
2021-03-19,0.7565186034546854
2021-03-22,0.7584720465133805
2021-03-23,0.7585260357525583
2021-03-24,0.7589353947554026
2021-03-25,0.7593144410607358
2021-03-26,0.7585453422868783
2021-03-29,0.7570545006795256
2021-03-30,0.754841892472456
2021-03-31,0.7503003255738057
2021-04-01,0.7514370891803717
2021-04-05,0.7537696629530078
2021-04-06,0.7558754949051258
2021-04-07,0.7544184136951688
2021-04-08,0.7547733346730506
2021-04-09,0.7521981004474747
2021-04-12,0.7499308880036045
2021-04-13,0.7492373901721338
2021-04-14,0.7469706587014294
2021-04-15,0.7463564860946231
2021-04-16,0.7453798337656483
2021-04-19,0.7426466115678938
2021-04-20,0.7430950895120516
2021-04-21,0.7436079662524449
2021-04-22,0.7441175764886988
2021-04-23,0.743438039354485
2021-04-26,0.7434706875192435
2021-04-27,0.7439476992965042
2021-04-28,0.7433112394402347
2021-04-29,0.7431334526903981
2021-04-30,0.7402659514498824
2021-05-03,0.7392878590614395
2021-05-04,0.7376545358929001
2021-05-05,0.7368007537899289
2021-05-06,0.7354239294873096
2021-05-07,0.732540797809377
2021-05-10,0.7298099040048271
2021-05-11,0.7337832602458351
2021-05-12,0.7359653938792088
2021-05-13,0.7370775583562812
2021-05-14,0.7370502694448877
2021-05-17,0.7379437331967459
2021-05-18,0.7375510990434176
2021-05-19,0.7371409665034435
2021-05-20,0.7344630382772328
2021-05-21,0.732717137826035
2021-05-24,0.7323058566178301
2021-05-25,0.7310940785580139
2021-05-26,0.7315493726541812
2021-05-27,0.731307415880009
2021-05-28,0.73119259619374
2021-06-01,0.7313297079879109
2021-06-02,0.7316474598782471
2021-06-03,0.7292588041328487
2021-06-04,0.729355955223476
2021-06-07,0.7293636262649112
2021-06-08,0.729485417319813
2021-06-09,0.7269237064879612
2021-06-10,0.7292048009846005
2021-06-11,0.728205397011852
2021-06-14,0.7287728227565925
2021-06-15,0.7293309984860809
2021-06-16,0.7283758460356453
2021-06-17,0.7269478312783687
2021-06-18,0.7246842737536653
2021-06-21,0.7244043543573108
2021-06-22,0.7227095715325966
2021-06-23,0.7217326102717446
2021-06-24,0.7205758797885239
2021-06-25,0.7186812372081277
2021-06-28,0.7170365061085718
2021-06-29,0.715028363214005
2021-06-30,0.7135317147904415
2021-07-01,0.7121044386429226
2021-07-02,0.7074883963732276
2021-07-06,0.706155215030754
2021-07-07,0.704744046968747
2021-07-08,0.7060466738917818
2021-07-09,0.706309861101846
2021-07-12,0.7061309971802519
2021-07-13,0.7061935501234916
2021-07-14,0.706404278866335
2021-07-15,0.7030669137539748
2021-07-16,0.7030892078980303
2021-07-19,0.7010605130670657
2021-07-20,0.6991593580947408
2021-07-21,0.6987953322774083
2021-07-22,0.6987031275122325
2021-07-23,0.6999475784619347
2021-07-26,0.6985461829959096
2021-07-27,0.6972004068573031
2021-07-28,0.6954749015598892
2021-07-29,0.6931130725851621
2021-07-30,0.6936028755882313
2021-08-02,0.6938315839749271
2021-08-03,0.6942187662783097
2021-08-04,0.6939668850414262
2021-08-05,0.6919227386274721
2021-08-06,0.6914770420900558
2021-08-09,0.692310898933183
2021-08-10,0.6896959063881246
2021-08-11,0.6887091400588323
2021-08-12,0.6881839472446768
2021-08-13,0.6865412850022706
2021-08-16,0.6862088767003057
2021-08-17,0.6872206157515307
2021-08-18,0.686942586347295
2021-08-19,0.6872324275657575
2021-08-20,0.6872502624031135
2021-08-23,0.6881735352219441
2021-08-24,0.688426942338448
2021-08-25,0.689042767018516
2021-08-26,0.6893426838447191
2021-08-27,0.6887863029020118
2021-08-30,0.6882020227323719
2021-08-31,0.6885893871734055
2021-09-01,0.6885320599397077
2021-09-02,0.6887923434307321
2021-09-03,0.6879837930585042
2021-09-07,0.6884589803982717
2021-09-08,0.6866276225354396
2021-09-09,0.6845306320797653
2021-09-10,0.6826646454926848
2021-09-13,0.6816233265723775
2021-09-14,0.6793730231094438
2021-09-15,0.6767735420041777
2021-09-16,0.6770676003902824
2021-09-17,0.6749439356983924
2021-09-20,0.6757975680542863
2021-09-21,0.6768983497678565
2021-09-22,0.6770849727594019
2021-09-23,0.676225227422129
2021-09-24,0.6743434597424077
2021-09-27,0.6748017019683741
2021-09-28,0.6740106647917177
2021-09-29,0.6716361041966825
2021-09-30,0.6744763613043518
2021-10-01,0.6745012028119098
2021-10-04,0.6751608820214338
2021-10-05,0.6744932227202536
2021-10-06,0.6744145790730993
2021-10-07,0.6757692543987848
2021-10-08,0.676165821356416
2021-10-11,0.6761916909221732
2021-10-12,0.6763186011542952
2021-10-13,0.6759896578466713
2021-10-14,0.6737768171393763
2021-10-15,0.6725255282826149
2021-10-18,0.6716649705032662
2021-10-19,0.670036815562763
2021-10-20,0.6714329179231674
2021-10-21,0.6712137101417133
2021-10-22,0.6696306371158998
2021-10-25,0.6705660318038613
2021-10-26,0.6705848144105274
2021-10-27,0.6712538829636401
2021-10-28,0.6678520187823723
2021-10-29,0.6691249661388182
2021-11-01,0.6692512588003038
2021-11-02,0.6675506011546325
2021-11-03,0.6674355209115436
2021-11-04,0.6673332822097606
2021-11-05,0.6658678509909793
2021-11-08,0.6643532997210617
2021-11-09,0.662638984736523
2021-11-10,0.6635673921183373
2021-11-11,0.6624204736715028
2021-11-12,0.6632857218864969
2021-11-15,0.663284357958969
2021-11-16,0.6624626221423559
2021-11-17,0.6619920855523478
2021-11-18,0.6623164443516004
2021-11-19,0.6614180771687145
2021-11-22,0.6577842713301583
2021-11-23,0.6556859249759287
2021-11-24,0.6562783641303535
2021-11-26,0.6561075637561711
2021-11-29,0.653001446327889
2021-11-30,0.6511546805887207
2021-12-01,0.6498455849905774
2021-12-02,0.6479195011242586
2021-12-03,0.6481865374530156
2021-12-06,0.6473853442169833
2021-12-07,0.646756222195444
2021-12-08,0.645582272916139
2021-12-09,0.6444542381723034
2021-12-10,0.6441118043420124
2021-12-13,0.6415103090167285
2021-12-14,0.6404000308787627
2021-12-15,0.6406851267108982
2021-12-16,0.6416548640358719
2021-12-17,0.6425323325962976
2021-12-20,0.6434770082128753
2021-12-21,0.6431515621699929
2021-12-22,0.6437705607616526
2021-12-23,0.6433174273188773
2021-12-27,0.641366399488035
2021-12-28,0.6408793402900443
2021-12-29,0.6392952684963831
2021-12-30,0.6376120000481849
2021-12-31,0.637339151719185
2022-01-03,0.6367749839650122
2022-01-04,0.6359267440852564
2022-01-05,0.6366472475057444
2022-01-06,0.6367157475893915
2022-01-07,0.6384305964100039
2022-01-10,0.6385774911940895
2022-01-11,0.6371834475595283
2022-01-12,0.6376205965833226
2022-01-13,0.6357625880086136
2022-01-14,0.6353076993396956
2022-01-18,0.6352665062085011
2022-01-19,0.6345334106700519
2022-01-20,0.6387124282399764
2022-01-21,0.6418510780282988
2022-01-24,0.6429379221652535
2022-01-25,0.6462150474541702
2022-01-26,0.6465278135053625
2022-01-27,0.6477637922842381
2022-01-28,0.6473566466561416
2022-01-31,0.649745230989425
2022-02-01,0.6511891370016121
2022-02-02,0.6508837014421702
2022-02-03,0.6492458765054698
2022-02-04,0.6473172309831811
2022-02-07,0.6469899000652382
2022-02-08,0.6470126216867961
2022-02-09,0.6476558148194625
2022-02-10,0.6462357995221992
2022-02-11,0.6450968512675459
2022-02-14,0.6457390098451575
2022-02-15,0.6457122386619827
2022-02-16,0.6446616662335264
2022-02-17,0.6427718532862745
2022-02-18,0.6447340395175974
2022-02-22,0.6454040449360607
2022-02-23,0.647518240266023
2022-02-24,0.6470973800251894
2022-02-25,0.6471644793069493
2022-02-28,0.6472602509003208
2022-03-01,0.6467950363336982
2022-03-02,0.644894939508052
2022-03-03,0.6432427652586052
2022-03-04,0.6455672345675187
2022-03-07,0.648131371836579
2022-03-08,0.6492603990384826
2022-03-09,0.6482565360492156
2022-03-10,0.647103130534268
2022-03-11,0.6465114279660776
2022-03-14,0.6462900481465014
2022-03-15,0.6465750508396055
2022-03-16,0.6487850758911466
2022-03-17,0.6503212133564629
2022-03-18,0.6499219588446408
2022-03-21,0.6507512631243753
2022-03-22,0.6503898611011549
2022-03-23,0.6505578195190962
2022-03-24,0.6504348522465622
2022-03-25,0.6506430486964955
2022-03-28,0.6502125538673129
2022-03-29,0.6496732428115841
2022-03-30,0.6500464432901998
2022-03-31,0.6499361406854167
2022-04-01,0.6505181025460758
2022-04-04,0.6502140002898096
2022-04-05,0.6511464213338626
2022-04-06,0.6514985712988882
2022-04-07,0.6513853030216007
2022-04-08,0.6516436445746939
2022-04-11,0.6536732567253012
2022-04-12,0.6537567956433104
2022-04-13,0.6545852398209463
2022-04-14,0.6549215756205977
2022-04-18,0.6550559721790694
2022-04-19,0.6548452533586678
2022-04-20,0.655207700212528
2022-04-21,0.6559091505328885
2022-04-22,0.6577158747453482
2022-04-25,0.6579519968681817
2022-04-26,0.6583977539361399
2022-04-27,0.6578978306576525
2022-04-28,0.659961585115141
2022-04-29,0.6600552413093648
2022-05-02,0.6601705665592679
2022-05-03,0.6603801540848423
2022-05-04,0.659706179904727
2022-05-05,0.660616558526658
2022-05-06,0.6623660288098867
2022-05-09,0.6668699844002134
2022-05-10,0.6680856986899174
2022-05-11,0.6701502024213285
2022-05-12,0.671043944494248
2022-05-13,0.6706420048741474
2022-05-16,0.6706756836775206
2022-05-17,0.6712647842842208
2022-05-18,0.6711556975882216
2022-05-19,0.6722332070431016
2022-05-20,0.6725611275397284
2022-05-23,0.6726529579804801
2022-05-24,0.6722213052306234
2022-05-25,0.6732546164350137
2022-05-26,0.6742979266524554
2022-05-27,0.6759170027193235
2022-05-31,0.6757961865776871
2022-06-01,0.6780025012429561
2022-06-02,0.6786985283538991
2022-06-03,0.677555091072798
2022-06-06,0.6801797782281118
2022-06-07,0.6790198199637141
2022-06-08,0.6787218805948025
2022-06-09,0.678583069832523
2022-06-10,0.6811273519200332
2022-06-13,0.6857418444482672
2022-06-14,0.6859632829368929
2022-06-15,0.6863801414901369
2022-06-16,0.6865413656839253
2022-06-17,0.6847593397533202
2022-06-21,0.6842255879231055
2022-06-22,0.6842471975487882
2022-06-23,0.6840178172706199
2022-06-24,0.6857030611988211
2022-06-27,0.6860704800436749
2022-06-28,0.6849358411839567
2022-06-29,0.6841416125446546
2022-06-30,0.6841714011683532
2022-07-01,0.6837466504676114
2022-07-05,0.6822174240032445
2022-07-06,0.6838934618808736
2022-07-07,0.6844996858505602
2022-07-08,0.6847935210945397
2022-07-11,0.6850245910089132
2022-07-12,0.6846034853532965
2022-07-13,0.684535135466851
2022-07-14,0.6832216862596344
2022-07-15,0.6811018651180515
2022-07-18,0.6778518886310859
2022-07-19,0.6766413306591794
2022-07-20,0.6757224369035265
2022-07-21,0.6758711034071951
2022-07-22,0.6783090479407005
2022-07-25,0.6786160870757917
2022-07-26,0.6789282207715526
2022-07-27,0.6782623846029442
2022-07-28,0.6807975200507506
2022-07-29,0.6818815700646665
2022-08-01,0.6797779606681487
2022-08-02,0.6791659734694162
2022-08-03,0.6780427335686554
2022-08-04,0.6783673037236568
2022-08-05,0.676696019991824
2022-08-08,0.6744204210078297
2022-08-09,0.6723031194847436
2022-08-10,0.6709594714865085
2022-08-11,0.671697962016763
2022-08-12,0.6724734891285609
2022-08-15,0.6730483317538921
2022-08-16,0.6730029923272738
2022-08-17,0.6732373707472746
2022-08-18,0.673464651102427
2022-08-19,0.673203331864825
2022-08-22,0.6721046667179955
2022-08-23,0.6720082111011036
2022-08-24,0.6716527590920757
2022-08-25,0.6718330904090843
2022-08-26,0.67195623744593
2022-08-29,0.6727692511399601
2022-08-30,0.6738614921173911
2022-08-31,0.6747603704318716
2022-09-01,0.6738590891434141
2022-09-02,0.6707002702853344
2022-09-06,0.6699131071645487
2022-09-07,0.6685277342203064
2022-09-08,0.6669551475663684
2022-09-09,0.664699930610806
2022-09-12,0.665656556271266
2022-09-13,0.6670009645216302
2022-09-14,0.6678763897648397
2022-09-15,0.6686080355872484
2022-09-16,0.6699534217706229
2022-09-19,0.670210734523059
2022-09-20,0.6705098343411607
2022-09-21,0.6707312033527589
2022-09-22,0.6722807570831923
2022-09-23,0.6737187345534815
2022-09-26,0.6726391563094325
2022-09-27,0.6712160961950796
2022-09-28,0.6689178088651778
2022-09-29,0.6647443058033243
2022-09-30,0.6655543930278525
2022-10-03,0.6656258399732572
2022-10-04,0.6651378810212668
2022-10-05,0.6668809582401669
2022-10-06,0.6675114706802788
2022-10-07,0.6673907783343983
2022-10-10,0.6694758012752093
2022-10-11,0.6695014760036646
2022-10-12,0.6700239457193119
2022-10-13,0.6662638803577957
2022-10-14,0.6671471931523275
2022-10-17,0.6672240684338331
2022-10-18,0.6665195561064835
2022-10-19,0.6650733784072629
2022-10-20,0.6638820097607616
2022-10-21,0.6612854776553699
2022-10-24,0.6594479705001001
2022-10-25,0.6600413415364578
2022-10-26,0.6598423148133952
2022-10-27,0.6597949440910579
2022-10-28,0.6596004432224521
2022-10-31,0.6593530175566492
2022-11-01,0.659801323844524
2022-11-02,0.6602250416955582
2022-11-03,0.6607624179507462
2022-11-04,0.6628681846161973
2022-11-07,0.6631081644995146
2022-11-08,0.663519528600547
2022-11-09,0.6634696055718388
2022-11-10,0.6643497359970245
2022-11-11,0.6625807884780129
2022-11-14,0.658509370021554
2022-11-15,0.6590037217850125
2022-11-16,0.6581488030113896
2022-11-17,0.657439425725466
2022-11-18,0.6544174954206088
2022-11-21,0.6545682602957708
2022-11-22,0.6534821040267763
2022-11-23,0.6541097471258905
2022-11-25,0.6542763466364785
2022-11-28,0.6540086813085477
2022-11-29,0.653672042522519
2022-11-30,0.6540119717656281
2022-12-01,0.6545135539813871
2022-12-02,0.6533839812425545
2022-12-05,0.652742647721584
2022-12-06,0.654289619049212
2022-12-07,0.6545616019195715
2022-12-08,0.6555540260377426
2022-12-09,0.655303124868875
2022-12-12,0.6543189999644348
2022-12-13,0.6544634032163531
2022-12-14,0.6547627324705179
2022-12-15,0.6544655184834437
2022-12-16,0.6541482107442416
2022-12-19,0.6548802805964723
2022-12-20,0.6546695695985548
2022-12-21,0.654947302648338
2022-12-22,0.6552549344237218
2022-12-23,0.6548121388373712
2022-12-27,0.6544467393902967
2022-12-28,0.6536508134128487
2022-12-29,0.6554963107416023
2022-12-30,0.6557092675331656
2023-01-03,0.6568743786690504
2023-01-04,0.656898421550667
2023-01-05,0.6556570067027475
2023-01-06,0.655935661457013
2023-01-09,0.6560601404582906
2023-01-10,0.6565179105530293
2023-01-11,0.6582735010372798
2023-01-12,0.660146289541141
2023-01-13,0.6606138466734497
2023-01-17,0.6602167119326041
2023-01-18,0.6597001184702515
2023-01-19,0.6601947819067709
2023-01-20,0.6618051522710313
2023-01-23,0.661837165553496
2023-01-24,0.6622275780707679
2023-01-25,0.6623692011080762
2023-01-26,0.6634036837541671
2023-01-27,0.6634318498629268
2023-01-30,0.6627210215754502
2023-01-31,0.6626954996415374
2023-02-01,0.6624976397226738
2023-02-02,0.6653249417079791
2023-02-03,0.6653745262764231
2023-02-06,0.6675538561173842
2023-02-07,0.6679027106827914
2023-02-08,0.6674569143632745
2023-02-09,0.6673573096556411
2023-02-10,0.6675040717570089
2023-02-13,0.6671368273973802
2023-02-14,0.6664696728425376
2023-02-15,0.6645376893310918
2023-02-16,0.6637206129158657
2023-02-17,0.6638657568885487
2023-02-21,0.6647849627682836
2023-02-22,0.6649587521741545
2023-02-23,0.6656073079326735
2023-02-24,0.6665053463553483
2023-02-27,0.6664811246236179
2023-02-28,0.6661847231350606
2023-03-01,0.6655354726186639
2023-03-02,0.6654865895876884
2023-03-03,0.6651104132871456
2023-03-06,0.6673793634020249
2023-03-07,0.666523940258521
2023-03-08,0.6656928387064039
2023-03-09,0.6646061389699977
2023-03-10,0.6661804805848583
2023-03-13,0.6679188163903338
2023-03-14,0.6676678079050561
2023-03-15,0.6680282288888717
2023-03-16,0.6669468355671998
2023-03-17,0.6664917226473114
2023-03-20,0.6674187573470143
2023-03-21,0.6670337858170323
2023-03-22,0.6668548160503501
2023-03-23,0.6654489850189244
2023-03-24,0.6648850791889549
2023-03-27,0.6640659865396
2023-03-28,0.6635531436415301
2023-03-29,0.6636789633220918
2023-03-30,0.6646537957149878
2023-03-31,0.6642698066265095
2023-04-03,0.6641926898702838
2023-04-04,0.6633706744515825
2023-04-05,0.6607655259023899
2023-04-06,0.6602508457810702
2023-04-10,0.6564181378786343
2023-04-11,0.6517460719340753
2023-04-12,0.6504019593856993
2023-04-13,0.64860926370347
2023-04-14,0.6483213501191679
2023-04-17,0.6455053644432441
2023-04-18,0.6450772211131219
2023-04-19,0.6456142649343045
2023-04-20,0.6432400046628016
2023-04-21,0.6428076163786944
2023-04-24,0.6397319371165827
2023-04-25,0.6402284514062837
2023-04-26,0.6405885920057905
2023-04-27,0.6405504951931303
2023-04-28,0.6417264154929597
2023-05-01,0.6411271753179519
2023-05-02,0.6396726261041904
2023-05-03,0.639440545571676
2023-05-04,0.637673807283711
2023-05-05,0.6354562939292235
2023-05-08,0.6325541086132161
2023-05-09,0.630040418699631
2023-05-10,0.6304086078622451
2023-05-11,0.6334658236553878
2023-05-12,0.6338040890639918
2023-05-15,0.6337156045036628
2023-05-16,0.6353355273102582
2023-05-17,0.6337950985989825
2023-05-18,0.6316823144797381
2023-05-19,0.6315729310265445
2023-05-22,0.6318389899858857
2023-05-23,0.6294004681481963
2023-05-24,0.6293763353373509
2023-05-25,0.627900114676853
2023-05-26,0.6250630389438524
2023-05-30,0.6244965186733396
2023-05-31,0.6223596774141106
2023-06-01,0.6226085915516772
2023-06-02,0.6207954975346631
2023-06-05,0.6191262122550211
2023-06-06,0.6164088684016413
2023-06-07,0.6129534447057428
2023-06-08,0.6111878038548301
2023-06-09,0.6098294394764575
2023-06-12,0.6086827499501325
2023-06-13,0.6073395877186617
2023-06-14,0.6066962200288984
2023-06-15,0.6036076035724603
2023-06-16,0.6010957543924195
2023-06-20,0.6007737983440375
2023-06-21,0.5999086886732926
2023-06-22,0.6007263956148096
2023-06-23,0.6011192128899513
2023-06-26,0.6010771919697645
2023-06-27,0.6034727669217904
2023-06-28,0.6036168121254497
2023-06-29,0.6048554653038808
2023-06-30,0.6025430486489406
2023-07-03,0.6032314925465501
2023-07-05,0.6033616168958639
2023-07-06,0.6034797498205585
2023-07-07,0.6036336009963915
2023-07-10,0.6034207131591158
2023-07-11,0.6050738649722562
2023-07-12,0.6041452326381623
2023-07-13,0.6043323558133314
2023-07-14,0.6045594241082108
2023-07-17,0.6049410811547361
2023-07-18,0.6047132289799182
2023-07-19,0.6049517206164706
2023-07-20,0.6049835562903244
2023-07-21,0.6055289848110588
2023-07-24,0.6053070118216863
2023-07-25,0.6055460344976897
2023-07-26,0.6040275343895657
2023-07-27,0.6029582268391893
2023-07-28,0.6035645371900041
2023-07-31,0.6043283142297967
2023-08-01,0.6045198112534205
2023-08-02,0.6034693129602892
2023-08-03,0.6012192528430832
2023-08-04,0.6014734933814
2023-08-07,0.6005909874576065
2023-08-08,0.6006319632058773
2023-08-09,0.5995733453712184
2023-08-10,0.5976805889979222
2023-08-11,0.5970627910036137
2023-08-14,0.5963137868590079
2023-08-15,0.5976996006120191
2023-08-16,0.5980344762279952
2023-08-17,0.5980175687935295
2023-08-18,0.5978103840782334
2023-08-21,0.5976199791601348
2023-08-22,0.5964339732513403
2023-08-23,0.5937072650540652
2023-08-24,0.5926573222909296
2023-08-25,0.5933413913000207
2023-08-28,0.5925700644535942
2023-08-29,0.5921622710944596
2023-08-30,0.5922765661841008
2023-08-31,0.5916519925152076
2023-09-01,0.5895095801769651
2023-09-05,0.5871159978930683
2023-09-06,0.5866677733370406
2023-09-07,0.5861954874341281
2023-09-08,0.586786056241099
2023-09-11,0.5864312573783733
2023-09-12,0.5854600618629203
2023-09-13,0.5860989228274535
2023-09-14,0.5865493985027763
2023-09-15,0.5864071731011435
2023-09-18,0.5858843500086609
2023-09-19,0.5849291112189078
2023-09-20,0.5837096586191607
2023-09-21,0.5835678557195164
2023-09-22,0.583735487789022
2023-09-25,0.5841869429339415
2023-09-26,0.5842597817719176
2023-09-27,0.5839462813878171
2023-09-28,0.5845409723349119
2023-09-29,0.5845188107559681
2023-10-02,0.582713811033073
2023-10-03,0.5821701599360584
2023-10-04,0.5825726872934323
2023-10-05,0.581861776102982
2023-10-06,0.5805546335921392
2023-10-09,0.5813355758508794
2023-10-10,0.5805546335921392
2023-10-11,0.5808803949690243
2023-10-12,0.5795209153287137
2023-10-13,0.5804803557878203
2023-10-16,0.5799676875437065
2023-10-17,0.5802286521707021
2023-10-18,0.5785950334112228
2023-10-19,0.5788259870382705
2023-10-20,0.5792823912337233
2023-10-23,0.580182087640477
2023-10-24,0.5797894140908619
2023-10-25,0.5795745836491405
2023-10-26,0.5791272461733351
2023-10-27,0.5787148844819615
2023-10-30,0.5775354674825144
2023-10-31,0.5764704565704091
2023-11-01,0.5765014363929671
2023-11-02,0.5746279470565359
2023-11-03,0.5722750549296804
2023-11-06,0.5716554485923251
2023-11-07,0.570639713807505
2023-11-08,0.5704517813968403
2023-11-09,0.5701140825037128
2023-11-10,0.5693705613013075
2023-11-13,0.5700524507011776
2023-11-14,0.5708563663359912
2023-11-15,0.5702778578359415
2023-11-16,0.5706931834045389
2023-11-17,0.5700781897143934
2023-11-20,0.5714814761466693
2023-11-21,0.5716899628424933
2023-11-22,0.5723493618164627
2023-11-24,0.5745493990030585
2023-11-27,0.5747441509920597
2023-11-28,0.5774374514062757
2023-11-29,0.5779344039278329
2023-11-30,0.5768742714612933
2023-12-01,0.5770303058209728
2023-12-04,0.5762836735162289
2023-12-05,0.5748975799470861
2023-12-06,0.5740052491711285
2023-12-07,0.5729029048244659
2023-12-08,0.5731654724305839
2023-12-11,0.5732459427889053
2023-12-12,0.5726061232382801
2023-12-13,0.5717825640762034
2023-12-14,0.5722343576081637
2023-12-15,0.5721655272903866
2023-12-18,0.5735395109232042
2023-12-19,0.5720619185914114
2023-12-20,0.5703404028443877
2023-12-21,0.567547994362862
2023-12-22,0.5677280118140251
2023-12-26,0.5674718140467812
2023-12-27,0.566625458779492
2023-12-28,0.5642535534254584
2023-12-29,0.5613886411938895
2024-01-02,0.5591895892578075
2024-01-03,0.5581556200636858
2024-01-04,0.5563513832102656
2024-01-05,0.5546719487690949
2024-01-08,0.5545732937812071
2024-01-09,0.5545639991204149
2024-01-10,0.5537985394677472
2024-01-11,0.5512701990347777
2024-01-12,0.5506018110154525
2024-01-16,0.5500531509721387
2024-01-17,0.5503856810312729
2024-01-18,0.5510735874574945
2024-01-19,0.5510797762609384
2024-01-22,0.5513802411534753
2024-01-23,0.5509976871997417
2024-01-24,0.5525982199514312
2024-01-25,0.5531082396906541
2024-01-26,0.5522483978984453
2024-01-29,0.5522535651108214
2024-01-30,0.551615588729662
2024-01-31,0.5502591081924307
2024-02-01,0.5480628311868841
2024-02-02,0.5479382616871434
2024-02-05,0.5495253490108211
2024-02-06,0.5495701731654434
2024-02-07,0.5497047294693669
2024-02-08,0.5487042139000041
2024-02-09,0.5473234359473375
2024-02-12,0.5467207229935669
2024-02-13,0.5447565566223458
2024-02-14,0.542891445124981
2024-02-15,0.5405568461637427
2024-02-16,0.5396252327038337
2024-02-20,0.536551063490756
2024-02-21,0.5361678882463441
2024-02-22,0.5361243710754372
2024-02-23,0.5363856790760146
2024-02-26,0.5376607354261562
2024-02-27,0.5380040017384883
2024-02-28,0.5364641420327703
2024-02-29,0.53539116395323
2024-03-01,0.5348732102012653
2024-03-04,0.5337661405711994
2024-03-05,0.5330048633719846
2024-03-06,0.5315190010449864
2024-03-07,0.5305073097732583
2024-03-08,0.5303625642016173
2024-03-11,0.529411833299401
2024-03-12,0.5288140711665923
2024-03-13,0.5260404607289452
2024-03-14,0.5244840441061457
2024-03-15,0.5233343857340954
2024-03-18,0.5234298244065783
2024-03-19,0.5228967761889971
2024-03-20,0.5223875547863047
2024-03-21,0.5225900380292268
2024-03-22,0.5239091861377164
2024-03-25,0.5247478928091394
2024-03-26,0.5241944747939523
2024-03-27,0.5228383515606647
2024-03-28,0.5213149547700023
2024-04-01,0.5220668877137908
2024-04-02,0.5224722902797401
2024-04-03,0.5223728411678397
2024-04-04,0.5218901025928354
2024-04-05,0.5213717768110934
2024-04-08,0.5207311270889771
2024-04-09,0.5177981608393202
2024-04-10,0.5171788167321762
2024-04-11,0.5157252861960963
2024-04-12,0.5152288741362567
2024-04-15,0.5159741181502094
2024-04-16,0.5163013776095308
2024-04-17,0.5163458870313977
2024-04-18,0.5161465634296936
2024-04-19,0.5161835193216107
2024-04-22,0.5143582248472361
2024-04-23,0.5141078746073651
2024-04-24,0.5148207587970814
2024-04-25,0.5148585728903147
2024-04-26,0.5140648317812312
2024-04-29,0.514897166331235
2024-04-30,0.514022914653965
2024-05-01,0.5116733353711937
2024-05-02,0.5115485261465873
2024-05-03,0.5110888009203634
2024-05-06,0.5082555509704891
2024-05-07,0.508813526272675
2024-05-08,0.5065564738681602
2024-05-09,0.5066399617519627
2024-05-10,0.5069744609319037
2024-05-13,0.5073741683979853
2024-05-14,0.5077653641279849
2024-05-15,0.5074453989799693
2024-05-16,0.5082043224305347
2024-05-17,0.5082881090722263
2024-05-20,0.5073248459583649
2024-05-21,0.5074160267485537
2024-05-22,0.5082397863928999
2024-05-23,0.5092452014552089
2024-05-24,0.5089938736839892
2024-05-28,0.5103140106169848
2024-05-29,0.5108373635358835
2024-05-30,0.5105435935791331
2024-05-31,0.5100328548364783
2024-06-03,0.509260943835188
2024-06-04,0.5099358036120364
2024-06-05,0.5087246462277074
2024-06-06,0.5091409983093943
2024-06-07,0.5083551972280391
2024-06-10,0.5085998595550006
2024-06-11,0.5093761695511532
2024-06-12,0.5090214390986241
2024-06-13,0.5091046986033837
2024-06-14,0.5090938938056584
2024-06-17,0.5094850054649319
2024-06-18,0.5105892450925766
2024-06-20,0.510212816899416
2024-06-21,0.5103044462575774
2024-06-24,0.5107709760420458
2024-06-25,0.510471350507946
2024-06-26,0.5107221126368382
2024-06-27,0.5104296041825526
2024-06-28,0.510021562738691
2024-07-01,0.5102749344474231
2024-07-02,0.50959750605354
2024-07-03,0.5098096003967847
2024-07-05,0.5101959988745939
2024-07-08,0.5105772375669833
2024-07-09,0.5103204853554603
2024-07-10,0.5102042380546592
2024-07-11,0.5095801691830334
2024-07-12,0.5101918654866938
2024-07-15,0.51018772285909
2024-07-16,0.5095560420233984
2024-07-17,0.508305865898199
2024-07-18,0.5080938212819839
2024-07-19,0.5072927419562021
2024-07-22,0.5076072036685642
2024-07-23,0.5074207481134526
2024-07-24,0.5061298267048416
2024-07-25,0.5048866401793056
2024-07-26,0.5043764809839287
2024-07-29,0.5051537097087735
2024-07-30,0.5048054369342698
2024-07-31,0.5039951700225409
2024-08-01,0.5035812011478679
2024-08-02,0.5064819634397663
2024-08-05,0.5089356815054679
2024-08-06,0.5091580017057054
2024-08-07,0.509415351424504
2024-08-08,0.5093741799802445
2024-08-09,0.510411326751107
2024-08-12,0.5100630826766168
2024-08-13,0.5105735327079479
2024-08-14,0.5102292963995226
2024-08-15,0.5127181164763223
2024-08-16,0.5121718543067523
2024-08-19,0.5133095275820864
2024-08-20,0.5132263772049764
2024-08-21,0.5133514975136352
2024-08-22,0.5119693237516797
2024-08-23,0.5118330361424291
2024-08-26,0.5128837969000174
2024-08-27,0.512800837178613
2024-08-28,0.5117027473939251
2024-08-29,0.5118657735505604
2024-08-30,0.5104559085110456
2024-09-03,0.5109247727195403
2024-09-04,0.5111800556528416
2024-09-05,0.5102882627071941
2024-09-06,0.511566773040853
2024-09-09,0.5119432457909086
2024-09-10,0.5125351643175419
2024-09-11,0.5121985110454618
2024-09-12,0.5117397893798845
2024-09-13,0.5127524002511269
2024-09-16,0.5128792293135658
2024-09-17,0.5135581339130642
2024-09-18,0.5139407395596862
2024-09-19,0.5116583801212293
2024-09-20,0.5114016327251876
2024-09-23,0.5116062171487795
2024-09-24,0.5108442467135051
2024-09-25,0.5096662797619497
2024-09-26,0.510050185972575
2024-09-27,0.5098374852790718
2024-09-30,0.5108510990040341
2024-10-01,0.5098510990773363
2024-10-02,0.5100544945004906
2024-10-03,0.510012882989049
2024-10-04,0.5098836369794568
2024-10-07,0.5097912449301745
2024-10-08,0.5099073689420854
2024-10-09,0.5082428304521399
2024-10-10,0.5074184038218236
2024-10-11,0.50831346871868
2024-10-14,0.509010450200983
2024-10-15,0.5071015780315213
2024-10-16,0.5063164113809772
2024-10-17,0.5078697230144076
2024-10-18,0.5066062687814159
2024-10-21,0.5057430938021409
2024-10-22,0.5070058896439101
2024-10-23,0.5063651263294442
2024-10-24,0.5063149601213858
2024-10-25,0.5064730406324421
2024-10-28,0.5063651263294442
2024-10-29,0.5066230551811239
2024-10-30,0.5061814538238194
2024-10-31,0.5046181112863951
2024-11-01,0.5043992471072816
2024-11-04,0.5038249212020725
2024-11-05,0.5033443046111773
2024-11-06,0.5035283888542781
2024-11-07,0.5026352567273107
2024-11-08,0.5029883823567379
2024-11-11,0.5036578094498891
2024-11-12,0.503210380883793
2024-11-13,0.5038409797112275
2024-11-14,0.5039164424952771
2024-11-15,0.5037156400423735
2024-11-18,0.5035812011478679
2024-11-19,0.5037336325424828
2024-11-20,0.5037928749516839
2024-11-21,0.5031525067888638
2024-11-22,0.5042684486289858
2024-11-25,0.5047642839863837
2024-11-26,0.5042407901345307
2024-11-27,0.5043745253900329
2024-11-29,0.5031436297372003
2024-12-02,0.5024951677685229
2024-12-03,0.5024822905765584
2024-12-04,0.5020210871319776
2024-12-05,0.50146626820288
2024-12-06,0.5012899129478361
2024-12-09,0.501072852139311
2024-12-10,0.5011801226066266
2024-12-11,0.5002898413084524
2024-12-12,0.4999608029590624
2024-12-13,0.4997431737298224
2024-12-16,0.4989958572167142
2024-12-17,0.4994773975090871
2024-12-18,0.4989661916007099
2024-12-19,0.5004364338394873
2024-12-20,0.5003563837862637
2024-12-23,0.5001503366870771
2024-12-24,0.5004914802728189
2024-12-26,0.5003011724805811
2024-12-27,0.5002057901050884
2024-12-30,0.500061152141677
2024-12-31,0.4999170218520298
2025-01-02,0.4997342362194513
2025-01-03,0.4986187436548043
2025-01-06,0.5000546650963472
2025-01-07,0.4990926567892023
2025-01-08,0.4996785891050506
2025-01-10,0.4989326223312274
2025-01-13,0.4993330943193494
2025-01-14,0.4992434992082672
2025-01-15,0.4993806430217337
2025-01-16,0.4995091329142537
2025-01-17,0.4988139314882737
2025-01-21,0.5002841152651568
2025-01-22,0.5006937304429513
2025-01-23,0.500744947444208
2025-01-24,0.4991435059089676
2025-01-27,0.4998004760612083
2025-01-28,0.4989882148751065
2025-01-29,0.4982751776227939
2025-01-30,0.4974338979354443
2025-01-31,0.4969506350082902
2025-02-03,0.4959778609268618
2025-02-04,0.4967287950232774
2025-02-05,0.4975022299126059
2025-02-06,0.4968287194362562
2025-02-07,0.4962815558012466
2025-02-10,0.496220737097625
2025-02-11,0.4957549696565053
2025-02-12,0.4962006040556884
2025-02-13,0.4960183071413314
2025-02-14,0.4956515646997514
2025-02-18,0.49544695214149
2025-02-19,0.4963630135687641
2025-02-20,0.4955881314808176
2025-02-21,0.4974423225467175
2025-02-24,0.4972355721510244
2025-02-25,0.4963624110934783
2025-02-26,0.4965247295696174
2025-02-27,0.4987867043558091
2025-02-28,0.4983665247796489
2025-03-03,0.4987284866249372
2025-03-04,0.4999007644675383
2025-03-05,0.499638471588015
2025-03-06,0.500949076195696
2025-03-07,0.5000239087351881
2025-03-10,0.4981760292393677
2025-03-11,0.4981760292393677
2025-03-12,0.4977778063848117
2025-03-13,0.4974338979354443
2025-03-14,0.4969279880307122
2025-03-17,0.4956547673482139
2025-03-18,0.4949459431016128
2025-03-19,0.4949611134979592
2025-03-20,0.4947958689036461
2025-03-21,0.4952822672501089
2025-03-24,0.4937654856526769
2025-03-25,0.4942132736661741
2025-03-26,0.4940067154060594
2025-03-27,0.4944502046649575
2025-03-28,0.4944638689747086
2025-03-31,0.4951502066610885
2025-04-01,0.4946021872251842
2025-04-02,0.4940698582979357
2025-04-03,0.4934820141494489
2025-04-04,0.4966541828794228
2025-04-07,0.496784013798263
2025-04-08,0.4983451496892645
2025-04-09,0.5004144127186848
2025-04-10,0.4996683966966778
2025-04-11,0.5009777758759856
2025-04-14,0.5012459567836439
2025-04-15,0.5011940407689501
2025-04-16,0.500194409833869
2025-04-17,0.4995233490736051
2025-04-21,0.5006578723126707
2025-04-22,0.5006578723126707
2025-04-23,0.5008108293918533
2025-04-24,0.5022424789535734
2025-04-25,0.5051578486155477
2025-04-28,0.5060894840165401
2025-04-29,0.5061660312472249
2025-04-30,0.5049386841462212
2025-05-01,0.5046709475078391
2025-05-02,0.5048142453143648
2025-05-05,0.5050246126417489
2025-05-06,0.504220929752795
2025-05-07,0.5030880038663375
2025-05-08,0.501608665824778
2025-05-09,0.5001736043238519
2025-05-12,0.5029666733661206
2025-05-13,0.5065116372805958
2025-05-14,0.5072902275458838
2025-05-15,0.507276581744662
2025-05-16,0.5076503402614189
2025-05-19,0.5078028991145302
2025-05-20,0.5089402077409856
2025-05-21,0.5086777870482876
2025-05-22,0.5080823756381401
2025-05-23,0.5093574890865236
2025-05-27,0.5090885172402173
2025-05-28,0.5093574890865236
2025-05-29,0.5096018714660615
2025-05-30,0.5116387407544013
2025-06-02,0.511563931384706
2025-06-03,0.511563931384706
2025-06-04,0.509687448792185
2025-06-05,0.5091318486555877
2025-06-06,0.5101022548037977
2025-06-09,0.5109239795223165
2025-06-10,0.5109332072407942
2025-06-11,0.5111262095062692
2025-06-12,0.51163406437316
2025-06-13,0.5105515221503351
2025-06-16,0.510782233442385
2025-06-17,0.5106986787764077
2025-06-18,0.5105446031599932
2025-06-20,0.510660142616731
2025-06-23,0.5102294272922913
2025-06-24,0.508426321554716
2025-06-25,0.5080259914461838
2025-06-26,0.5083440565081343
2025-06-27,0.5091269073258
2025-06-30,0.5088148438978771
2025-07-01,0.5081085635976762
2025-07-02,0.5083325150785588
2025-07-03,0.509160396421671
2025-07-07,0.5086561327367554
2025-07-08,0.5089247672472215
2025-07-09,0.5083555501697908
2025-07-10,0.5087871007371191
2025-07-11,0.5103595774940429
2025-07-14,0.5110163361117778
2025-07-15,0.5100874101977902
2025-07-16,0.5105584126503783
2025-07-17,0.5106867125268995
2025-07-18,0.5123084923531792
2025-07-21,0.5132794279993409
2025-07-22,0.5123902475716957
2025-07-23,0.5127741186244752
2025-07-24,0.5110281876968907
2025-07-25,0.5107184124625842
2025-07-28,0.5123470384636585
2025-07-29,0.5123101247556071
2025-07-30,0.5121946730340815
2025-07-31,0.5125839654563362
2025-08-01,0.5106203818566268
2025-08-04,0.509946436594961
2025-08-05,0.5096961346150107
2025-08-06,0.5081324794511475
2025-08-07,0.5071418171722516
2025-08-08,0.5057205074859721
2025-08-11,0.5055809703303062
2025-08-12,0.5055723113046208
2025-08-13,0.5065495413743382
2025-08-14,0.508744458766843
2025-08-15,0.5082824918709015
2025-08-18,0.5079630945608739
2025-08-19,0.5072214302409861
2025-08-20,0.5071308192579076
2025-08-21,0.5079059588613045
2025-08-22,0.5071864915590499
2025-08-25,0.5065262963014114
2025-08-26,0.5054257401872783
2025-08-27,0.5052161210015685
2025-08-28,0.5060017023365893
2025-08-29,0.5044701622634253
2025-09-02,0.5046898236179475
2025-09-03,0.5062939344871571
2025-09-04,0.5053720497564309
2025-09-05,0.5068991403408715
2025-09-08,0.5069139497863373
2025-09-09,0.5077908679601486
2025-09-10,0.5073238930166226
2025-09-11,0.5075317175875074
2025-09-12,0.5078230100119099
2025-09-15,0.5070111000423827
2025-09-16,0.5070038662455326
2025-09-17,0.5080947962986895
2025-09-18,0.5077389816331744
2025-09-19,0.50769365111287
2025-09-22,0.5078618013045465
2025-09-23,0.5072989935618407
2025-09-24,0.5074404769169728
2025-09-25,0.507881599880344
2025-09-26,0.5070838530897489
2025-09-29,0.5070305389709956
2025-09-30,0.5075302390393635
2025-10-01,0.5066970326359295
2025-10-02,0.5075827325816534
2025-10-03,0.5075047426797294
2025-10-06,0.5076217453809767
2025-10-07,0.5070621890879106
2025-10-08,0.5065881164351992
2025-10-09,0.5064948045186521
2025-10-10,0.5069433814485284
2025-10-13,0.5065338663105117
2025-10-14,0.5063712716531844
2025-10-15,0.5066810905565196
2025-10-16,0.5061229990346041
2025-10-17,0.5063099516713615
2025-10-20,0.5048333928857732
2025-10-21,0.5045847804864897
2025-10-22,0.504068234191757
2025-10-23,0.5048431033198296
2025-10-24,0.5052362482388285
2025-10-27,0.5036277210911049
2025-10-28,0.504068234191757
2025-10-29,0.5037802185763344
2025-10-30,0.5024957074351818
2025-10-31,0.5026005524347366
2025-11-03,0.5033038103544795
2025-11-04,0.5022559846678502
2025-11-05,0.5028307890425409
2025-11-06,0.5028159456908573
2025-11-07,0.5026627657746918
2025-11-10,0.5027274878969118
2025-11-11,0.5030768990459747
2025-11-12,0.5057276046625949
2025-11-13,0.505017218772995
2025-11-14,0.5047661873694369
2025-11-17,0.505017218772995
2025-11-18,0.5042081841093093
2025-11-19,0.5031612824616494
2025-11-20,0.5039532857986765
2025-11-21,0.5043599805726842
2025-11-24,0.5048435251367684
2025-11-25,0.5043986047996646
2025-11-26,0.505267644730586
2025-11-28,0.5053540013973106
2025-12-01,0.5053836180837542
2025-12-02,0.5053952637498663
2025-12-03,0.5049399450249238
2025-12-04,0.5040233686589118
2025-12-05,0.5039080012218748
2025-12-08,0.5050839200086281
2025-12-09,0.5058995227096781
2025-12-10,0.5068111161087294
2025-12-11,0.5073473180069042
2025-12-12,0.5065724767074533
2025-12-15,0.5052324311726318
2025-12-16,0.5049761900124319
2025-12-17,0.5066338937824385
2025-12-18,0.5064955604220752
2025-12-19,0.5072742063690993
2025-12-22,0.5058609493713211
2025-12-23,0.5059683366642262
2025-12-24,0.5061394009026867
2025-12-26,0.5055384141095758
2025-12-29,0.504233915687631
2025-12-30,0.5044170888453948
2025-12-31,0.5058532276218849
2026-01-02,0.5052421004538792
2026-01-05,0.5037622081795596
2026-01-06,0.5029684097774505
2026-01-07,0.5033682675645657
2026-01-08,0.5036845889496013
2026-01-09,0.5042003671152879
2026-01-12,0.5044932217490177
2026-01-13,0.5055059426286104
2026-01-14,0.5049603475520869
2026-01-15,0.5054969568614888
2026-01-16,0.5046091997680148
2026-01-20,0.507515098642613
2026-01-21,0.5073435086052007
2026-01-22,0.5076594819529129
2026-01-23,0.5080285119737485
2026-01-26,0.5079290560897891
2026-01-27,0.507896066128052
2026-01-28,0.5078567132518117
2026-01-29,0.5077452934284122
2026-01-30,0.5073462247178105
2026-02-02,0.5074638489647143
2026-02-03,0.5073070406860891
2026-02-04,0.507536992516225
2026-02-05,0.507122671675126
2026-02-06,0.5076217453809767
2026-02-09,0.508202319507717
2026-02-10,0.5080846572585518
2026-02-11,0.5094923943370109
2026-02-12,0.5081665143714382
2026-02-13,0.5077001857605309
2026-02-17,0.5079782457871955
2026-02-18,0.508334084227771
2026-02-19,0.5095295014080176
2026-02-20,0.5099804539467767
2026-02-23,0.5097424256798221
2026-02-24,0.5107265631747181
2026-02-25,0.5102536091897788
2026-02-26,0.5090125535311623
2026-02-27,0.5084335537478247
2026-03-02,0.5082264425827523
2026-03-03,0.5079594816240907
2026-03-04,0.5081934115557304
2026-03-05,0.5083105369560165
2026-03-06,0.507122671675126
2026-03-09,0.5068213132309205
2026-03-10,0.5072109242583924
2026-03-11,0.5075504565857287
2026-03-12,0.5079984402750876
2026-03-13,0.5081665143714382
2026-03-16,0.5083554676514649
2026-03-17,0.5084335537478247
2026-03-18,0.507563863778219
2026-03-19,0.5066658013250038
2026-03-20,0.5069047012372236
2026-03-23,0.5057321746656817
2026-03-24,0.5058873959857215
2026-03-25,0.5058703481630112
2026-03-26,0.5054907840622551
2026-03-27,0.5065107731694164
2026-03-30,0.5082144904002686
2026-03-31,0.5070882028612396
2026-04-01,0.5075651177993512
2026-04-02,0.508208537365555
2026-04-06,0.5083245473404308
2026-04-07,0.5083574338662442
2026-04-08,0.5087669751168677
2026-04-09,0.5082766398251104
2026-04-10,0.5083978276079995
2026-04-13,0.508606829575236
2026-04-14,0.508968307979508
2026-04-15,0.5108977439528879
2026-04-16,0.5115591066157317
2026-04-17,0.5119966309011434
2026-04-20,0.5123454421239475
2026-04-21,0.5124583026515802
2026-04-22,0.5127295210640104
2026-04-23,0.5120623731877465
2026-04-24,0.5115566867445708
2026-04-27,0.5121011671428375
2026-04-28,0.5117889585894391
2026-04-29,0.5122513394109764
2026-04-30,0.5125272466007118
2026-05-01,0.5128437521576265
2026-05-04,0.5130790652285893
2026-05-05,0.51225815875447
2026-05-06,0.5121841170942335
2026-05-07,0.5126481000289042
2026-05-08,0.5135865971087407
2026-05-11,0.5134698848913458
2026-05-12,0.5135473188874025
2026-05-13,0.5137034141079371
2026-05-14,0.5129614775790129
2026-05-15,0.5127246729035666
2026-05-18,0.5118969583718909
2026-05-19,0.5122919818518638
2026-05-20,0.5116222882961494
2026-05-21,0.5111866480092143
2026-05-22,0.5115761489700988
2026-05-26,0.5115081263223439
2026-05-27,0.5115081263223439
2026-05-28,0.5109983740703736
2026-05-29,0.5111146861513816
2026-06-01,0.510879031765565
2026-06-02,0.5124868188835283
2026-06-03,0.5122953113290479
2026-06-04,0.5116704648410902
2026-06-05,0.5123182367416081
2026-06-08,0.5138983423697506
2026-06-09,0.515124795542728
2026-06-10,0.5154990366684101
2026-06-11,0.5157677358029026
2026-06-12,0.5156542863658219
2026-06-15,0.5170266897625366
2026-06-16,0.5171347037148063
2026-06-17,0.5178606147400258
2026-06-18,0.5183890662502839
2026-06-22,0.5183167277292758
2026-06-23,0.5186485546206591
2026-06-24,0.5191991147490232
2026-06-25,0.5190892501720711
2026-06-26,0.5191276230548123
2026-06-29,0.5191991147490232
2026-06-30,0.5202716596175084
2026-07-01,0.5207016267513811
2026-07-02,0.5211580660290804
2026-07-06,0.5212354250061211
2026-07-07,0.5203228468833776
2026-07-08,0.5205540514778872
2026-07-09,0.5187398749802117
2026-07-10,0.5176610294778331
2026-07-13,0.5163355026391885
2026-07-14,0.5162225858619996
2026-07-15,0.5164508657893224
2026-07-16,0.5162515265863238
2026-07-17,0.5159837144758596
2026-07-20,0.5161703828482233
2026-07-21,0.5160580053011019
2026-07-22,0.5163639892822677
2026-07-23,0.5162016499160691
2026-07-24,0.5170998015609407
2026-07-27,0.5184813537670329
2026-07-28,0.5184049188783791
2026-07-29,0.5183711698625207
2026-07-30,0.518524194628038
2026-07-31,0.519275860427607
2026-08-03,0.520622865710507
2026-08-04,0.5233712824299143
2026-08-05,0.5239522066846407
2026-08-06,0.5238287826474681
2026-08-07,0.5241911303469405
2026-08-10,0.5237142609994704
2026-08-11,0.5233596275257449
2026-08-12,0.5210693598308326
2026-08-13,0.5203293258574682
2026-08-14,0.5205845442940705
2026-08-17,0.5203484668874871
2026-08-18,0.519320766564787
2026-08-19,0.5200873702287916
2026-08-20,0.5213089280078612
2026-08-21,0.5208638068320626
2026-08-24,0.5209472884353814
2026-08-25,0.5206793906193454
2026-08-26,0.5218078065969629
2026-08-27,0.5208051079958399
2026-08-28,0.5207737580044715
2026-08-31,0.5208500790666047
2026-09-01,0.5208951518068277
2026-09-02,0.520825563484471
2026-09-03,0.5210551888223778
2026-09-04,0.5209472884353814
2026-09-08,0.5217309342896738
2026-09-09,0.5214090536199192
2026-09-10,0.5212870473561397
2026-09-11,0.521523879692095
2026-09-14,0.5226003883984988
2026-09-15,0.5225831919295391
2026-09-16,0.5224291867290328
2026-09-17,0.5221298276715142
2026-09-18,0.5221298276715142
2026-09-21,0.522714924617005
2026-09-23,0.5226383362064916
