date,value
1995-02-22,0.4975008150343568
1995-02-23,0.4954204490327652
1995-02-24,0.4954987136824896
1995-02-27,0.4962060338146917
1995-02-28,0.4957262933348587
1995-03-01,0.4956098969693357
1995-03-02,0.4966475871069927
1995-03-03,0.4968759592897741
1995-03-06,0.4962825526068446
1995-03-07,0.4906790438768963
1995-03-08,0.4912135176667559
1995-03-09,0.4922202832809335
1995-03-10,0.4912386264445736
1995-03-13,0.4910608494798487
1995-03-14,0.4906666637870683
1995-03-15,0.4912014066651279
1995-03-16,0.4911248707421012
1995-03-17,0.4911248707421012
1995-03-20,0.4917984526932843
1995-03-21,0.4921008862044773
1995-03-22,0.4907804489528944
1995-03-23,0.4913531381763159
1995-03-24,0.4899030182394208
1995-03-27,0.4899410357562782
1995-03-28,0.4897890371775291
1995-03-29,0.4891529784392742
1995-03-30,0.4902549489698484
1995-03-31,0.4904484717917706
1995-04-03,0.4913929572757992
1995-04-04,0.4919413166266587
1995-04-05,0.4927676994889595
1995-04-06,0.4945465311261629
1995-04-07,0.4934919705840304
1995-04-10,0.494215296314662
1995-04-11,0.4950152261557316
1995-04-12,0.4946319499310188
1995-04-13,0.4960106476698615
1995-04-17,0.4952736920169597
1995-04-18,0.4956420561411734
1995-04-19,0.494558950925262
1995-04-20,0.4939669587405842
1995-04-21,0.4932139359777438
1995-04-24,0.4927994426322869
1995-04-25,0.4928144941399662
1995-04-26,0.4931452169681509
1995-04-27,0.4944948873632189
1995-04-28,0.4932835324613678
1995-05-01,0.4931532461200242
1995-05-02,0.4932305013923417
1995-05-03,0.4924455170404845
1995-05-04,0.4924455170404845
1995-05-05,0.4932066147556497
1995-05-08,0.4927610835156592
1995-05-09,0.4932066147556497
1995-05-10,0.4925694682338406
1995-05-11,0.4917816392527719
1995-05-12,0.4927994426322869
1995-05-15,0.4925343370204463
1995-05-16,0.4930145316204806
1995-05-17,0.4939340278988594
1995-05-18,0.4928783854532175
1995-05-19,0.4929922403023641
1995-05-22,0.4934868385440603
1995-05-23,0.4934868385440603
1995-05-24,0.4938906198374433
1995-05-25,0.4940270777589249
1995-05-26,0.4938362239069104
1995-05-30,0.4939507005998744
1995-05-31,0.4944016890860312
1995-06-01,0.4937980887307421
1995-06-02,0.4937218539246698
1995-06-05,0.4936075904914495
1995-06-06,0.4936075904914495
1995-06-07,0.4933360793039171
1995-06-08,0.4929536420226596
1995-06-09,0.4918103480398474
1995-06-12,0.4923111486986594
1995-06-13,0.4918239614896882
1995-06-14,0.491844059139882
1995-06-15,0.4917679505348029
1995-06-16,0.4917191010110895
1995-06-19,0.4905310312983787
1995-06-20,0.4910348873604058
1995-06-21,0.4907567760152441
1995-06-22,0.4904400486456431
1995-06-23,0.490553810442068
1995-06-26,0.4905917547314103
1995-06-27,0.4906039914173078
1995-06-28,0.4913267595834049
1995-06-29,0.4919722505600763
1995-06-30,0.4926758122595812
1995-07-03,0.4923833645158368
1995-07-05,0.4928447116839229
1995-07-06,0.4910978966263088
1995-07-07,0.4907691993941216
1995-07-10,0.4913149556305214
1995-07-11,0.4915577227116579
1995-07-12,0.4923255191039178
1995-07-13,0.4922971366390325
1995-07-14,0.4924985381524044
1995-07-17,0.4921773868141535
1995-07-18,0.4916809881500542
1995-07-19,0.4920909113981327
1995-07-20,0.4924747897742038
1995-07-21,0.4922587039134865
1995-07-24,0.4920283612965815
1995-07-25,0.491303095529527
1995-07-26,0.4914179461579417
1995-07-27,0.4927078243609799
1995-07-28,0.4916863528321565
1995-07-31,0.4917631491578034
1995-08-01,0.491965691906939
1995-08-02,0.4928460048684857
1995-08-03,0.493022301111134
1995-08-04,0.4922826997403337
1995-08-07,0.4934216720665177
1995-08-08,0.4943237623037095
1995-08-09,0.4950657571483138
1995-08-10,0.4953576809086555
1995-08-11,0.4948005440120349
1995-08-14,0.4954526928126936
1995-08-15,0.4954911622056392
1995-08-16,0.4950303200811165
1995-08-17,0.4955332574971292
1995-08-18,0.4959945303614392
1995-08-21,0.495784328320635
1995-08-22,0.494845638339542
1995-08-23,0.4924005674709724
1995-08-24,0.4925052221965478
1995-08-25,0.4932202682324847
1995-08-28,0.4936075904914495
1995-08-29,0.4936394251818796
1995-08-30,0.4948494343030984
1995-08-31,0.4946014253480244
1995-09-01,0.494218228780463
1995-09-05,0.4943848851699334
1995-09-06,0.4947105236538101
1995-09-07,0.4953238874684208
1995-09-08,0.4949981112086531
1995-09-11,0.4949743927778968
1995-09-12,0.4950126679626567
1995-09-13,0.4952629654840934
1995-09-14,0.4957092324560135
1995-09-15,0.4959187274599913
1995-09-18,0.4967245596673724
1995-09-19,0.4970899106347811
1995-09-20,0.4968388508115414
1995-09-21,0.4960712766627146
1995-09-22,0.4958775163691117
1995-09-25,0.4947970165183776
1995-09-26,0.4947934724085794
1995-09-27,0.4932666596034486
1995-09-28,0.4907320228510117
1995-09-29,0.4915667210242311
1995-10-02,0.4920726703214543
1995-10-03,0.4925870586456753
1995-10-04,0.4904363508636121
1995-10-05,0.4907047818079179
1995-10-06,0.4917082367108337
1995-10-09,0.4893827427157291
1995-10-10,0.4892691115217642
1995-10-11,0.4893720217200661
1995-10-12,0.4896640728193241
1995-10-13,0.4893720217200661
1995-10-16,0.4894314413743752
1995-10-17,0.4894585561585708
1995-10-18,0.4907047818079179
1995-10-19,0.4906039914173078
1995-10-20,0.4898044687272866
1995-10-23,0.4894585561585708
1995-10-24,0.4892418077831192
1995-10-25,0.4889390110266749
1995-10-26,0.4891934166355168
1995-10-27,0.489534417108702
1995-10-30,0.4899410357562782
1995-10-31,0.4907421676746812
1995-11-01,0.4894150691124153
1995-11-02,0.4892312581583569
1995-11-03,0.4894042663082456
1995-11-06,0.4893116700555079
1995-11-07,0.4893712769196633
1995-11-08,0.4882783462817391
1995-11-09,0.4878960679937699
1995-11-10,0.4889861088457446
1995-11-13,0.4874645646557844
1995-11-14,0.4860190718717562
1995-11-15,0.4862605617984672
1995-11-16,0.4861150230329393
1995-11-17,0.4861438793717083
1995-11-20,0.4864821070310144
1995-11-21,0.4868179566311391
1995-11-22,0.4867341288966283
1995-11-24,0.4866125552006082
1995-11-27,0.4880960933603148
1995-11-28,0.487409724862699
1995-11-29,0.4873717077849196
1995-11-30,0.4862605617984672
1995-12-01,0.4862224800046688
1995-12-04,0.4856906021017502
1995-12-05,0.4863259138123162
1995-12-06,0.4866284998210775
1995-12-07,0.4868559410957396
1995-12-08,0.4870078082873686
1995-12-11,0.4872116855661279
1995-12-12,0.4881078021058729
1995-12-13,0.4876828537568088
1995-12-14,0.4875697062953488
1995-12-15,0.4869535143919404
1995-12-18,0.4864673419640281
1995-12-19,0.4871024721137361
1995-12-20,0.4870728126044772
1995-12-21,0.4866756374192983
1995-12-22,0.4862471586474252
1995-12-26,0.4861789322882825
1995-12-27,0.4869235236904284
1995-12-28,0.4867728905928104
1995-12-29,0.4861105753869815
1996-01-02,0.4861414429190772
1996-01-03,0.4862846345999354
1996-01-04,0.4860306367051643
1996-01-05,0.4850260839979009
1996-01-08,0.4853140039092459
1996-01-09,0.4851878209297376
1996-01-10,0.4862574622113072
1996-01-11,0.4863693799073957
1996-01-12,0.4865187661690588
1996-01-15,0.4871458541631073
1996-01-16,0.4878564515464182
1996-01-17,0.4878564515464182
1996-01-18,0.4874318213876639
1996-01-19,0.4875152349003217
1996-01-22,0.4872309008746153
1996-01-23,0.4882787212701223
1996-01-24,0.486593529120387
1996-01-25,0.4866527340765852
1996-01-26,0.4874816984890545
1996-01-29,0.4879273203404264
1996-01-30,0.488316786817438
1996-01-31,0.490493334126185
1996-02-01,0.4902154912312402
1996-02-02,0.4901488449475736
1996-02-05,0.4930377304296436
1996-02-06,0.4931903023106154
1996-02-07,0.4931139926020867
1996-02-08,0.4931521415113283
1996-02-09,0.4931139926020867
1996-02-12,0.4909083726357499
1996-02-13,0.4906162590410394
1996-02-14,0.4885734110282906
1996-02-15,0.4881053438908381
1996-02-16,0.4888786546633003
1996-02-20,0.4910355313832559
1996-02-21,0.4902956502090158
1996-02-22,0.4930298502696718
1996-02-23,0.4939998725965565
1996-02-26,0.4942852931285139
1996-02-27,0.494554830567142
1996-02-28,0.4949153784331257
1996-02-29,0.4949329225982191
1996-03-01,0.4945246904088081
1996-03-04,0.4978599989426006
1996-03-05,0.4979762035063175
1996-03-06,0.4980149625280936
1996-03-07,0.4979762035063175
1996-03-08,0.5011335235480728
1996-03-11,0.5024073157243343
1996-03-12,0.5019251244998694
1996-03-13,0.5022571767925357
1996-03-14,0.502449128334976
1996-03-15,0.5027953801068664
1996-03-18,0.502736542790813
1996-03-19,0.5042973466660697
1996-03-20,0.5039815384309876
1996-03-21,0.5020398288810086
1996-03-22,0.5029577009582059
1996-03-25,0.5038589351876659
1996-03-26,0.5028276875627425
1996-03-27,0.5028307890425409
1996-03-28,0.5033038103544795
1996-03-29,0.5045936786957975
1996-04-01,0.5047855807715924
1996-04-02,0.5048239960688753
1996-04-03,0.5049871810260084
1996-04-04,0.5034254327532695
1996-04-08,0.5038353602541347
1996-04-09,0.5051486754360656
1996-04-10,0.5083115702843263
1996-04-11,0.5104301226875403
1996-04-12,0.5090701538020659
1996-04-15,0.5094802974625593
1996-04-16,0.5092375542607258
1996-04-17,0.5087923814192752
1996-04-18,0.5088584174673686
1996-04-19,0.5091417006741302
1996-04-22,0.5083783953707204
1996-04-23,0.5081502870755013
1996-04-24,0.5078405443451732
1996-04-25,0.5073213445746424
1996-04-26,0.5077710875394218
1996-04-29,0.5072317397084609
1996-04-30,0.5091318486555877
1996-05-01,0.5092231145908463
1996-05-02,0.5075699762615169
1996-05-03,0.5095541087938015
1996-05-06,0.509578711967589
1996-05-07,0.5091427395651296
1996-05-08,0.5092090669235971
1996-05-09,0.5106650784241892
1996-05-10,0.5106965641751973
1996-05-13,0.5126430181968138
1996-05-14,0.5128785916717677
1996-05-15,0.5127258495300936
1996-05-16,0.5129878555520588
1996-05-17,0.5126821071572676
1996-05-20,0.5127680404679374
1996-05-21,0.5129933158833837
1996-05-22,0.5127680404679374
1996-05-23,0.5128806293224398
1996-05-24,0.5128806293224398
1996-05-28,0.5120161864939055
1996-05-29,0.5122031785290506
1996-05-30,0.512466852233397
1996-05-31,0.5119594778075462
1996-06-03,0.5119237384758939
1996-06-04,0.5116602074377032
1996-06-05,0.5118483891321978
1996-06-06,0.5119614295968324
1996-06-07,0.5121878069362402
1996-06-10,0.5120029483038632
1996-06-11,0.511657954736184
1996-06-12,0.5113468723179049
1996-06-13,0.5114198101774827
1996-06-14,0.5115331668031022
1996-06-17,0.5111906603682451
1996-06-18,0.5109614488586506
1996-06-19,0.5109177162888954
1996-06-20,0.510066079478728
1996-06-21,0.5095207694922709
1996-06-24,0.5101982109178645
1996-06-25,0.5102321139830917
1996-06-26,0.510307443144762
1996-06-27,0.5106814885637259
1996-06-28,0.5111039054833448
1996-07-01,0.5108829988838836
1996-07-02,0.5108860464680324
1996-07-03,0.5106944972238846
1996-07-05,0.512495918431507
1996-07-08,0.5175989199610418
1996-07-09,0.5179073985603259
1996-07-10,0.5177643135834531
1996-07-11,0.5176364580446922
1996-07-12,0.5174523586997454
1996-07-15,0.5218260649194296
1996-07-16,0.5235465772321539
1996-07-17,0.5233422444068159
1996-07-18,0.5233782026007225
1996-07-19,0.5245851595384187
1996-07-22,0.5251285465933669
1996-07-23,0.525664899823756
1996-07-24,0.5272274775319503
1996-07-25,0.5269518882193492
1996-07-26,0.526675865876054
1996-07-29,0.5264488862989105
1996-07-30,0.5271021826780609
1996-07-31,0.5278472885476848
1996-08-01,0.5290708008143772
1996-08-02,0.5294378111123595
1996-08-05,0.5298334569872447
1996-08-06,0.5320941192531747
1996-08-07,0.5315619248063853
1996-08-08,0.5313242215933521
1996-08-09,0.53067353386858
1996-08-12,0.5305616799142722
1996-08-13,0.5301523309468076
1996-08-14,0.5304280178384583
1996-08-15,0.5308071055591167
1996-08-16,0.5283971843263126
1996-08-19,0.5312072081486189
1996-08-20,0.5283971843263126
1996-08-21,0.5289790714424607
1996-08-22,0.5299295662504908
1996-08-23,0.5275959690160557
1996-08-26,0.5308011813370643
1996-08-27,0.5312716392071319
1996-08-28,0.528526146222136
1996-08-29,0.5312503265888108
1996-08-30,0.5319634245904967
1996-09-03,0.5322799393406419
1996-09-04,0.5326931836470155
1996-09-05,0.5322389827249419
1996-09-06,0.5316887736195132
1996-09-09,0.5313565522953179
1996-09-10,0.5319516118595962
1996-09-11,0.5318556220599112
1996-09-12,0.5321167315113832
1996-09-13,0.5321167315113832
1996-09-16,0.5330290900461923
1996-09-17,0.5331016276952986
1996-09-18,0.5335489588168472
1996-09-19,0.5337549526272611
1996-09-20,0.5335501478180799
1996-09-23,0.5329129039262346
1996-09-24,0.532242626425711
1996-09-25,0.5333839866262269
1996-09-26,0.5341698330935059
1996-09-27,0.5342631450905116
1996-09-30,0.5327366845405943
1996-10-01,0.5337979101658263
1996-10-02,0.5338539846763257
1996-10-03,0.5342817074979608
1996-10-04,0.5328744734706734
1996-10-07,0.532798367362053
1996-10-08,0.5324269368150224
1996-10-09,0.532055248061814
1996-10-10,0.5319981435957628
1996-10-11,0.5311695773478368
1996-10-14,0.5305408260970269
1996-10-15,0.530978888739103
1996-10-16,0.5302033799926722
1996-10-17,0.5301443180247977
1996-10-18,0.5294625420846498
1996-10-21,0.53067353386858
1996-10-22,0.5299370247954702
1996-10-23,0.5301009438992281
1996-10-24,0.5283400253627071
1996-10-25,0.5303364377526057
1996-10-28,0.5304476224069015
1996-10-29,0.5304476224069015
1996-10-30,0.529744206641479
1996-10-31,0.5293742422896697
1996-11-01,0.5289963028096506
1996-11-04,0.5294399223767885
1996-11-05,0.5285308458041408
1996-11-06,0.5305873269832625
1996-11-07,0.532915804491723
1996-11-08,0.536060149511129
1996-11-11,0.5358045431223427
1996-11-12,0.5349450050354617
1996-11-13,0.534596369125086
1996-11-14,0.5341334633434666
1996-11-15,0.5341150765964345
1996-11-18,0.5339673237124125
1996-11-19,0.5333778911076801
1996-11-20,0.5331575027542722
1996-11-21,0.5305721144654806
1996-11-22,0.5335274230696556
1996-11-25,0.5332343179500545
1996-11-26,0.5333676119637681
1996-11-27,0.5332185940858039
1996-11-29,0.5335097010141517
1996-12-02,0.5339691773703353
1996-12-03,0.5332551019546032
1996-12-04,0.5345180621195328
1996-12-05,0.5341713258424169
1996-12-06,0.5347543252311573
1996-12-09,0.5351196483325589
1996-12-10,0.5351386824713894
1996-12-11,0.5348292530460347
1996-12-12,0.533425660957504
1996-12-13,0.534857715510212
1996-12-16,0.5377017697465026
1996-12-17,0.5381741630954684
1996-12-18,0.5383049399483647
1996-12-19,0.5403883986568554
1996-12-20,0.5444803956772085
1996-12-23,0.5440546626722754
1996-12-24,0.5457514238518764
1996-12-26,0.5470571689583592
1996-12-27,0.5472710029327156
1996-12-30,0.5467854557455215
1996-12-31,0.5469177283794112
1997-01-02,0.5491514801865454
1997-01-03,0.5493227989197574
1997-01-06,0.5485603401892108
1997-01-07,0.5491555488386727
1997-01-08,0.5491859541325702
1997-01-09,0.5492839877537363
1997-01-10,0.5491530478723154
1997-01-13,0.5488221759322057
1997-01-14,0.5484722412499394
1997-01-15,0.5477174585124023
1997-01-16,0.547571463112868
1997-01-17,0.5473189499185118
1997-01-20,0.5472870325355822
1997-01-21,0.5482873532063275
1997-01-22,0.5484651344398964
1997-01-23,0.54856922290386
1997-01-24,0.5486621149827828
1997-01-27,0.5488137588084744
1997-01-28,0.5501216361859804
1997-01-29,0.5494221175754509
1997-01-30,0.551239221871891
1997-01-31,0.5525472614146392
1997-02-03,0.552621044003971
1997-02-04,0.55373961243038
1997-02-05,0.5538101467097369
1997-02-06,0.5538377668651265
1997-02-07,0.5535293423785727
1997-02-10,0.5530238307883361
1997-02-11,0.5530535240028613
1997-02-12,0.5525426343372187
1997-02-13,0.5562589329929684
1997-02-14,0.5560338512977315
1997-02-18,0.5567092232651414
1997-02-19,0.556337614256273
1997-02-20,0.5568138460873524
1997-02-21,0.5588483260185628
1997-02-24,0.5586269947360719
1997-02-25,0.5585167688155873
1997-02-26,0.5577038709216203
1997-02-27,0.5577793948042553
1997-02-28,0.5575243611483872
1997-03-03,0.5578905030933493
1997-03-04,0.5577793948042553
1997-03-05,0.5579276846685041
1997-03-06,0.557377642269724
1997-03-07,0.55741371276418
1997-03-10,0.558916571816715
1997-03-11,0.5584774527688012
1997-03-12,0.5582944446571669
1997-03-13,0.5604075972314537
1997-03-14,0.5607368224883544
1997-03-17,0.5612595793643723
1997-03-18,0.5610438991688734
1997-03-19,0.5631943537197612
1997-03-20,0.5628665617144575
1997-03-21,0.5625385815238498
1997-03-24,0.5627649098055532
1997-03-25,0.563331773998178
1997-03-26,0.5627747876576314
1997-03-27,0.5621618763939173
1997-03-31,0.5657190382479974
1997-04-01,0.5683628283827342
1997-04-02,0.5705868147559207
1997-04-03,0.5705868147559207
1997-04-04,0.5700664837584951
1997-04-07,0.5701029817766369
1997-04-08,0.5700667898344295
1997-04-09,0.5715340906011422
1997-04-10,0.5716807894744682
1997-04-11,0.5748281506901306
1997-04-14,0.5738522813007911
1997-04-15,0.5742503796188466
1997-04-16,0.5754949768391259
1997-04-17,0.5751777673087021
1997-04-18,0.5765739960389447
1997-04-21,0.5777997516833232
1997-04-22,0.5777396077584187
1997-04-23,0.5778623775531972
1997-04-24,0.578155571387791
1997-04-25,0.5783023765453401
1997-04-28,0.578168837223729
1997-04-29,0.5815103211434378
1997-04-30,0.5850587650377684
1997-05-01,0.5881127903341834
1997-05-02,0.5898714199383472
1997-05-05,0.5912994530294783
1997-05-06,0.5905761871158451
1997-05-07,0.5913561907606826
1997-05-08,0.5919763650665532
1997-05-09,0.5923853339002874
1997-05-12,0.5929650975686854
1997-05-13,0.5924965458532531
1997-05-14,0.5920751403071325
1997-05-15,0.591519773217196
1997-05-16,0.5929649771935463
1997-05-19,0.5930012743793477
1997-05-20,0.5930375797570242
1997-05-21,0.5924101480066759
1997-05-22,0.5922644859426113
1997-05-23,0.5927034177393352
1997-05-27,0.5924925026588427
1997-05-28,0.5918737134656364
1997-05-29,0.5921339764596425
1997-05-30,0.5916278551652647
1997-06-02,0.5910829362416953
1997-06-03,0.5923936056363174
1997-06-04,0.5915607976858063
1997-06-05,0.5919768960890233
1997-06-06,0.5933580545616426
1997-06-09,0.5932707784025428
1997-06-10,0.5947384398773176
1997-06-11,0.5945429200886845
1997-06-12,0.5932097759686444
1997-06-13,0.5951815641103613
1997-06-16,0.597379974977518
1997-06-17,0.5988568485099706
1997-06-18,0.5983426416307449
1997-06-19,0.5977781007305507
1997-06-20,0.5981667987976689
1997-06-23,0.598151316061116
1997-06-24,0.5969931725898131
1997-06-25,0.5959006169990144
1997-06-26,0.5987159370137595
1997-06-27,0.5989469534346423
1997-06-30,0.5983886491884508
1997-07-01,0.5973069834193604
1997-07-02,0.5993980890680762
1997-07-03,0.6047271555644499
1997-07-07,0.6050215911388268
1997-07-08,0.6050952819020078
1997-07-09,0.6057173348989349
1997-07-10,0.6073052330384489
1997-07-11,0.6068292029573259
1997-07-14,0.6071720238714067
1997-07-15,0.6067546994219359
1997-07-16,0.6073776597119729
1997-07-17,0.6075473354639109
1997-07-18,0.6089725348123638
1997-07-21,0.6110104754015969
1997-07-22,0.6111179346199017
1997-07-23,0.611268229121096
1997-07-24,0.612588152005485
1997-07-25,0.6125286274104068
1997-07-28,0.6121627076318786
1997-07-29,0.612116498981662
1997-07-30,0.6133386865163168
1997-07-31,0.6111970531630232
1997-08-01,0.6132916802772143
1997-08-04,0.6132109269475615
1997-08-05,0.6148842217966344
1997-08-06,0.6136616091880223
1997-08-07,0.614265431399134
1997-08-08,0.6160583340881994
1997-08-11,0.6173706014783593
1997-08-12,0.618383337847861
1997-08-13,0.6220192433302939
1997-08-14,0.6221741620383697
1997-08-15,0.6239369084413349
1997-08-18,0.6241664126801704
1997-08-19,0.6258882045349299
1997-08-20,0.6299425089605752
1997-08-21,0.6300189193764378
1997-08-22,0.6300909547138757
1997-08-25,0.6295560686143084
1997-08-26,0.631819101614294
1997-08-27,0.630137884488671
1997-08-28,0.6321418776966489
1997-08-29,0.6331518710112826
1997-09-02,0.6323360479990466
1997-09-03,0.6325064218499964
1997-09-04,0.6341774256850244
1997-09-05,0.6340925952998586
1997-09-08,0.6339301266629205
1997-09-09,0.6329901956330097
1997-09-10,0.6311646976806146
1997-09-11,0.6319272686552552
1997-09-12,0.6327144579135946
1997-09-15,0.6328584663859518
1997-09-16,0.6344479019617185
1997-09-17,0.6355257832491862
1997-09-18,0.634826103666043
1997-09-19,0.6345696720438253
1997-09-22,0.6342929883272752
1997-09-23,0.6343565781046205
1997-09-24,0.6344275219192531
1997-09-25,0.6370284232609609
1997-09-26,0.6364006541098929
1997-09-29,0.6361140829599172
1997-09-30,0.6357079116678225
1997-10-01,0.6362401309665104
1997-10-02,0.6354495308514307
1997-10-03,0.6352531640016973
1997-10-06,0.636014667275431
1997-10-07,0.637512567189571
1997-10-08,0.6373941458896536
1997-10-09,0.6376077304049362
1997-10-10,0.6372752499801996
1997-10-13,0.6361800657581497
1997-10-14,0.635733530378088
1997-10-15,0.6349030476835901
1997-10-16,0.6356356509455898
1997-10-17,0.6343102854285149
1997-10-20,0.6351199368904255
1997-10-21,0.6357306068166977
1997-10-22,0.635553790877165
1997-10-23,0.6358856408715966
1997-10-24,0.637955665907443
1997-10-27,0.6577582322164813
1997-10-28,0.6586947253620093
1997-10-29,0.6595833882690992
1997-10-30,0.658973618015277
1997-10-31,0.6595044053360707
1997-11-03,0.660517503121813
1997-11-04,0.663881882023013
1997-11-05,0.6645031494621192
1997-11-06,0.6633359984023922
1997-11-07,0.6650475334418869
1997-11-10,0.6660418447217694
1997-11-11,0.6664880092719897
1997-11-12,0.6670966104812219
1997-11-13,0.666504928593281
1997-11-14,0.6648218853868478
1997-11-17,0.6651767820070779
1997-11-18,0.6629991227175883
1997-11-19,0.6643129972443977
1997-11-20,0.6648782004048638
1997-11-21,0.6644837007032564
1997-11-24,0.6617054192400875
1997-11-25,0.6594836060640424
1997-11-26,0.6607313215211382
1997-11-28,0.660370745769228
1997-12-01,0.6622265156590036
1997-12-02,0.6621272203422416
1997-12-03,0.66359064955768
1997-12-04,0.6631315773390245
1997-12-05,0.6638116060054079
1997-12-08,0.6629899268845271
1997-12-09,0.6621080890565533
1997-12-10,0.6608132511667528
1997-12-11,0.6628958013558469
1997-12-12,0.6628396972254248
1997-12-15,0.6628516402635376
1997-12-16,0.6615978264732257
1997-12-17,0.6631441831870148
1997-12-18,0.6630772465857636
1997-12-19,0.6640197247547153
1997-12-22,0.6631338009628697
1997-12-23,0.6640759441420138
1997-12-24,0.6659667687717228
1997-12-26,0.6666503826775665
1997-12-29,0.6669033708269071
1997-12-30,0.6674340677997239
1997-12-31,0.6691002126358637
1998-01-02,0.6697208499357898
1998-01-05,0.6706096003222671
1998-01-06,0.6703407666954748
1998-01-07,0.6709141856047299
1998-01-08,0.6709095094332135
1998-01-09,0.6769279148256822
1998-01-12,0.6757867642449018
1998-01-13,0.6745776550384672
1998-01-14,0.674107629708711
1998-01-15,0.6734524458869731
1998-01-16,0.6720519461413716
1998-01-20,0.6734973282037995
1998-01-21,0.6736843910407057
1998-01-22,0.6733320939172291
1998-01-23,0.671462906378796
1998-01-26,0.6745939491026014
1998-01-27,0.6737594065731993
1998-01-28,0.6735518475948594
1998-01-29,0.6747341831445401
1998-01-30,0.6749828621383274
1998-02-02,0.6778857946382197
1998-02-03,0.6787670583230755
1998-02-04,0.6782865297013635
1998-02-05,0.6776569877347446
1998-02-06,0.6762907774712166
1998-02-09,0.6750064804396143
1998-02-10,0.6744888582653162
1998-02-11,0.6742439443631493
1998-02-12,0.6735238313052626
1998-02-13,0.6736624430068218
1998-02-17,0.6735810131410007
1998-02-18,0.671857916263927
1998-02-19,0.6717181941964652
1998-02-20,0.6712606021426568
1998-02-23,0.6692963544376483
1998-02-24,0.6689546930556973
1998-02-25,0.6693170158288426
1998-02-26,0.6683654825811973
1998-02-27,0.6679407262478894
1998-03-02,0.6674250774875927
1998-03-03,0.6671754367956422
1998-03-04,0.6657168687476304
1998-03-05,0.6658739937112346
1998-03-06,0.6635091820031751
1998-03-09,0.6611395092101613
1998-03-10,0.6602581744040595
1998-03-11,0.6615578306352445
1998-03-12,0.6620199068034106
1998-03-13,0.6620942834369319
1998-03-16,0.6618921007010851
1998-03-17,0.6612279431784884
1998-03-18,0.6613804527605178
1998-03-19,0.6604534266668987
1998-03-20,0.6607656515263687
1998-03-23,0.6605471829602534
1998-03-24,0.6619920855523478
1998-03-25,0.6619920855523478
1998-03-26,0.6621402456356027
1998-03-27,0.6611185219307238
1998-03-30,0.6612166273818418
1998-03-31,0.6595368635111196
1998-04-01,0.6588399254505424
1998-04-02,0.6579193737458878
1998-04-03,0.657479362415639
1998-04-06,0.6583501291405206
1998-04-07,0.6580326764184177
1998-04-08,0.6604535251118857
1998-04-09,0.6600065850674375
1998-04-13,0.6627411826513275
1998-04-14,0.6617714911189496
1998-04-15,0.6614652739808011
1998-04-16,0.6637422762031798
1998-04-17,0.6629454184806473
1998-04-20,0.6639195735720044
1998-04-21,0.6633447454291148
1998-04-22,0.6625639974871402
1998-04-23,0.6613876446884097
1998-04-24,0.6610280107019082
1998-04-27,0.6639449008330554
1998-04-28,0.6658462787091994
1998-04-29,0.6655051640583652
1998-04-30,0.664555839757198
1998-05-01,0.6670476948764368
1998-05-04,0.6670866191840639
1998-05-05,0.665855262721509
1998-05-06,0.6667524004729507
1998-05-07,0.6670335953202966
1998-05-08,0.6668178384184424
1998-05-11,0.6679941793331224
1998-05-12,0.6665337541567617
1998-05-13,0.6679374607408771
1998-05-14,0.6680608005402711
1998-05-15,0.668019678424495
1998-05-18,0.666740520192692
1998-05-19,0.6670873775516116
1998-05-20,0.666881886075595
1998-05-21,0.6650231913948281
1998-05-22,0.6665222325618307
1998-05-26,0.6683826742329969
1998-05-27,0.6708512867536199
1998-05-28,0.6713867709585879
1998-05-29,0.6709299314913537
1998-06-01,0.6700756059489121
1998-06-02,0.6697997893251931
1998-06-03,0.6700136508250275
1998-06-04,0.6696064719901542
1998-06-05,0.6714505752321025
1998-06-08,0.6726548830525189
1998-06-09,0.6728139086764314
1998-06-10,0.6735661336735066
1998-06-11,0.6729598368549569
1998-06-12,0.6747497220924022
1998-06-15,0.6755889580736955
1998-06-16,0.6744395490721161
1998-06-17,0.6729219641945043
1998-06-18,0.6711496719629276
1998-06-19,0.6705413022168807
1998-06-22,0.6718990761281481
1998-06-23,0.6715920993233363
1998-06-24,0.6714031799299334
1998-06-25,0.6718223061752112
1998-06-26,0.6721223356000502
1998-06-29,0.6722906423556014
1998-06-30,0.6697283376634628
1998-07-01,0.6712214005102094
1998-07-02,0.6717959726458748
1998-07-06,0.672557917653441
1998-07-07,0.6725464889326075
1998-07-08,0.6726803366128297
1998-07-09,0.6716928384853454
1998-07-10,0.6686071976033087
1998-07-13,0.6681368422172297
1998-07-14,0.6641027019416975
1998-07-15,0.6627159105542143
1998-07-16,0.6609127646416393
1998-07-17,0.6585175863009249
1998-07-20,0.65830554538054
1998-07-21,0.659082487698501
1998-07-22,0.659751031852077
1998-07-23,0.6639692619381975
1998-07-24,0.6644584543576482
1998-07-27,0.6630817548097147
1998-07-28,0.6624047024009446
1998-07-29,0.6634794074012706
1998-07-30,0.6635170767720557
1998-07-31,0.6643695225511834
1998-08-03,0.6663549081890048
1998-08-04,0.6729709115290713
1998-08-05,0.6754851610037675
1998-08-06,0.6751808259775984
1998-08-07,0.6755299012267549
1998-08-10,0.6758870569141942
1998-08-11,0.6726223724239405
1998-08-12,0.6726465241393171
1998-08-13,0.671786800982661
1998-08-14,0.6728095696571689
1998-08-17,0.6716907437183772
1998-08-18,0.672575761834019
1998-08-19,0.6696688081200513
1998-08-20,0.6697997893251931
1998-08-21,0.6693203727079717
1998-08-24,0.6684650077282509
1998-08-25,0.6668880623859303
1998-08-26,0.6638297493657834
1998-08-27,0.668473350262574
1998-08-28,0.674935659781079
1998-08-31,0.6924134548643286
1998-09-01,0.6956492931635242
1998-09-02,0.6960670326855096
1998-09-03,0.6975150471932124
1998-09-04,0.6970624011821039
1998-09-08,0.6969021318205622
1998-09-09,0.6951951362053091
1998-09-10,0.6952546490695944
1998-09-11,0.6938728721170803
1998-09-14,0.6976310693278154
1998-09-15,0.6983634714468498
1998-09-16,0.699498209705811
1998-09-17,0.6979537255340846
1998-09-18,0.6998265882048728
1998-09-21,0.6992394594707794
1998-09-22,0.6985624504874629
1998-09-23,0.7015874288322118
1998-09-24,0.7011017999789536
1998-09-25,0.7006600218904664
1998-09-28,0.7006599115814223
1998-09-29,0.6995923943354725
1998-09-30,0.6999103762306069
1998-10-01,0.704788845276341
1998-10-02,0.7063423184741927
1998-10-05,0.7062911226433738
1998-10-06,0.7063746046542115
1998-10-07,0.7062078937637621
1998-10-08,0.70836670191919
1998-10-09,0.708092650735341
1998-10-12,0.710005860248289
1998-10-13,0.7095727435378308
1998-10-14,0.709210195911974
1998-10-15,0.7126286531341235
1998-10-16,0.7192798180497513
1998-10-19,0.7218306106797178
1998-10-20,0.7216690610277458
1998-10-21,0.7221505443503131
1998-10-22,0.7219114068052425
1998-10-23,0.7228825034302001
1998-10-26,0.7228442910653553
1998-10-27,0.7190578467242004
1998-10-28,0.7187328081185498
1998-10-29,0.7199390952781196
1998-10-30,0.7208653744197563
1998-11-02,0.7239451183808621
1998-11-03,0.7264604458863574
1998-11-04,0.7272603524797387
1998-11-05,0.7286970551536835
1998-11-06,0.729536462256847
1998-11-09,0.7291397092062659
1998-11-10,0.7294337084526066
1998-11-11,0.7286879279134426
1998-11-12,0.7287289599418855
1998-11-13,0.7272077903979577
1998-11-16,0.7263897330042784
1998-11-17,0.7281290455885938
1998-11-18,0.7299036148005614
1998-11-19,0.7301115314065235
1998-11-20,0.7306655229485903
1998-11-23,0.7331109622895493
1998-11-24,0.7357247431346988
1998-11-25,0.7354545488729992
1998-11-27,0.7358725937311484
1998-11-30,0.7367698276152762
1998-12-01,0.7355271643627539
1998-12-02,0.7350980626060086
1998-12-03,0.734632401877801
1998-12-04,0.7356941599629678
1998-12-07,0.7353607795505377
1998-12-08,0.735923867406644
1998-12-09,0.735687954392666
1998-12-10,0.735238566830686
1998-12-11,0.7359112061484909
1998-12-14,0.7391254359478105
1998-12-15,0.7393058741348298
1998-12-16,0.7389172643002281
1998-12-17,0.7383973889308783
1998-12-18,0.7398494432779378
1998-12-21,0.7435055475993898
1998-12-22,0.7439674461066558
1998-12-23,0.7451201037925336
1998-12-24,0.7444556893319411
1998-12-28,0.741221520536328
1998-12-29,0.7433544456135773
1998-12-30,0.7438660567980604
1998-12-31,0.7435006356845429
1999-01-04,0.7402135541778457
1999-01-05,0.7393902323236685
1999-01-06,0.742201640689088
1999-01-07,0.7429194785230027
1999-01-08,0.7436431945654547
1999-01-11,0.743686103911798
1999-01-12,0.7449997796064064
1999-01-13,0.7464449373250768
1999-01-14,0.74774643452041
1999-01-15,0.7474816928564176
1999-01-19,0.7494508437567671
1999-01-20,0.7505091028301867
1999-01-21,0.7504589257046066
1999-01-22,0.7494262430627247
1999-01-25,0.7486977099669689
1999-01-26,0.7509289828490752
1999-01-27,0.75115735805523
1999-01-28,0.7510480749724227
1999-01-29,0.7513784443986793
1999-02-01,0.7533168126260505
1999-02-02,0.7520991693739275
1999-02-03,0.7532977779803838
1999-02-04,0.7516381232220039
1999-02-05,0.752486383918236
1999-02-08,0.7512423171469399
1999-02-09,0.7524962492417089
1999-02-10,0.7490190652433549
1999-02-11,0.7485064004735625
1999-02-12,0.7475811702561881
1999-02-16,0.7459195427894546
1999-02-17,0.7462769596911525
1999-02-18,0.7444387506595734
1999-02-19,0.7436672911381887
1999-02-22,0.7437063343448933
1999-02-23,0.7409319744741643
1999-02-24,0.7384915175877241
1999-02-25,0.7354685589671431
1999-02-26,0.7344066801138384
1999-03-01,0.7317297434623481
1999-03-02,0.7318044313043487
1999-03-03,0.7330258495608318
1999-03-04,0.7317646654803053
1999-03-05,0.7322886936408844
1999-03-08,0.7359216879848999
1999-03-09,0.7363051558367306
1999-03-10,0.7352565792059836
1999-03-11,0.734762094509769
1999-03-12,0.7337246591314714
1999-03-15,0.7327839520555445
1999-03-16,0.7313395415150493
1999-03-17,0.7297830587322948
1999-03-18,0.7285295841468133
1999-03-19,0.7262058914781512
1999-03-22,0.7247366798231285
1999-03-23,0.7269116114080653
1999-03-24,0.7279549475640864
1999-03-25,0.7280573863157286
1999-03-26,0.7268450741882835
1999-03-29,0.7275297255809346
1999-03-30,0.7259239290968466
1999-03-31,0.7239945187665224
1999-04-01,0.7205498560934623
1999-04-05,0.718680296673842
1999-04-06,0.7159438855238536
1999-04-07,0.7172652024568942
1999-04-08,0.7179889021662762
1999-04-09,0.7169544124485066
1999-04-12,0.7158753784400668
1999-04-13,0.7152141577842536
1999-04-14,0.7183582392163561
1999-04-15,0.7196266922661052
1999-04-16,0.7212120577358495
1999-04-19,0.7218422037240686
1999-04-20,0.7203997733933337
1999-04-21,0.7194952965112144
1999-04-22,0.721527458922826
1999-04-23,0.7221553649825623
1999-04-26,0.7215275211685056
1999-04-27,0.7234231493609152
1999-04-28,0.7229282506668927
1999-04-29,0.723387718287464
1999-04-30,0.7222995029658252
1999-05-03,0.7208925251966621
1999-05-04,0.7192486609332321
1999-05-05,0.7166220246910529
1999-05-06,0.7135984125580458
1999-05-07,0.7106438734500534
1999-05-10,0.7088276506659449
1999-05-11,0.7072473483411542
1999-05-12,0.7062933093821696
1999-05-13,0.7052578281793588
1999-05-14,0.7030675534316889
1999-05-17,0.7028794749835036
1999-05-18,0.7020371974464349
1999-05-19,0.700296267153679
1999-05-20,0.6999511103677426
1999-05-21,0.6966552011135357
1999-05-24,0.6936405385585317
1999-05-25,0.6947462224391667
1999-05-26,0.6922472450198892
1999-05-27,0.6943043861054241
1999-05-28,0.6928792332790678
1999-06-01,0.69192745572138
1999-06-02,0.692814650827211
1999-06-03,0.6906824059016914
1999-06-04,0.6891714328109894
1999-06-07,0.6887648050036608
1999-06-08,0.6886575011523034
1999-06-09,0.688894186146543
1999-06-10,0.6853420083686953
1999-06-11,0.6829489120675604
1999-06-14,0.680294366033807
1999-06-15,0.6778409002946337
1999-06-16,0.6773072409263162
1999-06-17,0.6767051274907976
1999-06-18,0.6781001224074142
1999-06-21,0.6773178193995577
1999-06-22,0.6747975619506945
1999-06-23,0.6737576304951223
1999-06-24,0.6731576708316502
1999-06-25,0.6723165706702269
1999-06-28,0.6688245964761381
1999-06-29,0.6654567118210329
1999-06-30,0.665925492611043
1999-07-01,0.6656697881291741
1999-07-02,0.6663991498993819
1999-07-06,0.6680639256830009
1999-07-07,0.6690892538384486
1999-07-08,0.6684717048485812
1999-07-09,0.6689861403531823
1999-07-12,0.6684515718716078
1999-07-13,0.6660853393149887
1999-07-14,0.6674323676665905
1999-07-15,0.6671733629842789
1999-07-16,0.6675241540293676
1999-07-19,0.6673082687527474
1999-07-20,0.6675606429338728
1999-07-21,0.6678245993987765
1999-07-22,0.6677553436080762
1999-07-23,0.667526506941275
1999-07-26,0.6669024071749633
1999-07-27,0.6675223054743196
1999-07-28,0.6670891424642863
1999-07-29,0.667951414283345
1999-07-30,0.6674275580116775
1999-08-02,0.6660162705089648
1999-08-03,0.6647280068762034
1999-08-04,0.6662628770310024
1999-08-05,0.6649913610868406
1999-08-06,0.6642643311436109
1999-08-09,0.6655230888078567
1999-08-10,0.6653682502775122
1999-08-11,0.6657261631640278
1999-08-12,0.6662858042780503
1999-08-13,0.6629822414560774
1999-08-16,0.6619662996198419
1999-08-17,0.6624764196177332
1999-08-18,0.6615808312066258
1999-08-19,0.6588504891995238
1999-08-20,0.6598135314545344
1999-08-23,0.6594548800472317
1999-08-24,0.6594745290978111
1999-08-25,0.6588231371242746
1999-08-26,0.6583290142006565
1999-08-27,0.6569086168709843
1999-08-30,0.656263943992505
1999-08-31,0.6565712949478858
1999-09-01,0.6581790987621757
1999-09-02,0.6586115710152082
1999-09-03,0.6611357108747836
1999-09-07,0.6613560887096359
1999-09-08,0.6613496281249919
1999-09-09,0.6615470633240548
1999-09-10,0.6623036912790059
1999-09-13,0.661765307009536
1999-09-14,0.6605070498436142
1999-09-15,0.6591284941372589
1999-09-16,0.6592661225748588
1999-09-17,0.65868356985551
1999-09-20,0.6570576760954974
1999-09-21,0.6562834962596962
1999-09-22,0.6551418312215017
1999-09-23,0.6547095811762641
1999-09-24,0.6546024729924922
1999-09-27,0.6546261665934296
1999-09-28,0.6542939759668114
1999-09-29,0.6541851832252144
1999-09-30,0.6541033562800577
1999-10-01,0.6510623849181228
1999-10-04,0.6481804612217218
1999-10-05,0.6453985972935334
1999-10-06,0.6432516079681807
1999-10-07,0.64244048324309
1999-10-08,0.6441044410742263
1999-10-11,0.6434676506292233
1999-10-12,0.6418979215553392
1999-10-13,0.6446684655431345
1999-10-14,0.6434290271599162
1999-10-15,0.6444976330409071
1999-10-18,0.6428766875917358
1999-10-19,0.6408028061357025
1999-10-20,0.639732462730741
1999-10-21,0.6385208522680444
1999-10-22,0.6386504402009325
1999-10-25,0.6365519914431658
1999-10-26,0.6334969006621969
1999-10-27,0.6319047052356053
1999-10-28,0.6314581616068715
1999-10-29,0.6331343692801794
1999-11-01,0.6323460912342366
1999-11-02,0.6312225192721361
1999-11-03,0.6293531032746252
1999-11-04,0.6267758511339571
1999-11-05,0.6271620778912805
1999-11-08,0.6258323212140061
1999-11-09,0.6235685384618052
1999-11-10,0.6222227673727148
1999-11-11,0.6211657871903066
1999-11-12,0.6207864127030773
1999-11-15,0.6207004465557793
1999-11-16,0.6206156307980758
1999-11-17,0.6196351482916352
1999-11-18,0.6204414359289729
1999-11-19,0.619841769898456
1999-11-22,0.6191550680130177
1999-11-23,0.6189813571719431
1999-11-24,0.6188058373771809
1999-11-26,0.6192733984937435
1999-11-29,0.619237710711836
1999-11-30,0.617234107457931
1999-12-01,0.6151907847123567
1999-12-02,0.6148099819733644
1999-12-03,0.6134568979701439
1999-12-06,0.6127515626605637
1999-12-07,0.6135342909130994
1999-12-08,0.6129165987970208
1999-12-09,0.612512026406513
1999-12-10,0.6114864215458887
1999-12-13,0.6113840201293445
1999-12-14,0.6097471109775348
1999-12-15,0.6096490031333646
1999-12-16,0.6099889292471956
1999-12-17,0.609169754672391
1999-12-20,0.6091914857792646
1999-12-21,0.6059546262937299
1999-12-22,0.6049794905229202
1999-12-23,0.6056484553604305
1999-12-27,0.60702860044262
1999-12-28,0.6058061578764605
1999-12-29,0.6037187337518665
1999-12-30,0.6026294423602275
1999-12-31,0.6037765090497373
2000-01-03,0.6030002711122978
2000-01-04,0.6041294520750393
2000-01-05,0.6033238392041073
2000-01-06,0.60250235471493
2000-01-07,0.6018640491456626
2000-01-10,0.603147213771061
2000-01-11,0.6023729565529657
2000-01-12,0.6010868786326033
2000-01-13,0.60004011295731
2000-01-14,0.5983247415581217
2000-01-18,0.5966414502612944
2000-01-19,0.5937991373637702
2000-01-20,0.5924412226640816
2000-01-21,0.592946276228803
2000-01-24,0.594802181323726
2000-01-25,0.5956070601255143
2000-01-26,0.5950577853639635
2000-01-27,0.5928963016748932
2000-01-28,0.5940739771282717
2000-01-31,0.5922714625703289
2000-02-01,0.5930463371233046
2000-02-02,0.5930465522326067
2000-02-03,0.5942686126518226
2000-02-04,0.5948315029374145
2000-02-07,0.5948158285877351
2000-02-08,0.593657992596785
2000-02-09,0.5946681842136257
2000-02-10,0.593239664906765
2000-02-11,0.5910940325451515
2000-02-14,0.5898188870427176
2000-02-15,0.588339747365616
2000-02-16,0.5871393490052212
2000-02-17,0.5836652516110746
2000-02-18,0.5844670537620652
2000-02-22,0.5852625411158751
2000-02-23,0.5850072406592464
2000-02-24,0.5849612476710504
2000-02-25,0.585635417753164
2000-02-28,0.5859487464519871
2000-02-29,0.5858022180611514
2000-03-01,0.5863251523852613
2000-03-02,0.586889551736767
2000-03-03,0.5855333882292021
2000-03-06,0.583869203808357
2000-03-07,0.5833807139964958
2000-03-08,0.579897989014765
2000-03-09,0.5767892077711841
2000-03-10,0.5766668546175554
2000-03-13,0.5754519905092119
2000-03-14,0.5750365960046901
2000-03-15,0.5737099743574179
2000-03-16,0.5756656414620124
2000-03-17,0.5765692869355894
2000-03-20,0.5780995570002686
2000-03-21,0.5785367482201506
2000-03-22,0.5780554924318522
2000-03-23,0.579815010831837
2000-03-24,0.5802812048518354
2000-03-27,0.5810863409356293
2000-03-28,0.5808896869787239
2000-03-29,0.5809156574958755
2000-03-30,0.5811128289625128
2000-03-31,0.5812150723516437
2000-04-03,0.5805280433776396
2000-04-04,0.5803122718683389
2000-04-05,0.5815337063561118
2000-04-06,0.5813081356667325
2000-04-07,0.5808265082080993
2000-04-10,0.5800221582217877
2000-04-11,0.5802787100663258
2000-04-12,0.5813052270221613
2000-04-13,0.5814197819139358
2000-04-14,0.5901473066943423
2000-04-17,0.5909964411037794
2000-04-18,0.5910544308907678
2000-04-19,0.591106505491973
2000-04-20,0.5903860354652876
2000-04-24,0.5902378037456213
2000-04-25,0.5929136103572291
2000-04-26,0.593711503163723
2000-04-27,0.5932433041405031
2000-04-28,0.5928805529860305
2000-05-01,0.5928061669153674
2000-05-02,0.5917161485479033
2000-05-03,0.5943509792724078
2000-05-04,0.5941083928897174
2000-05-05,0.5929547067609618
2000-05-08,0.5915839798893164
2000-05-09,0.589429103042331
2000-05-10,0.5877794647200403
2000-05-11,0.586330843038143
2000-05-12,0.5870282793354216
2000-05-15,0.585448635005225
2000-05-16,0.5857570506916154
2000-05-17,0.5865354062411745
2000-05-18,0.5864736624153578
2000-05-19,0.5849741096957431
2000-05-22,0.5850538511484431
2000-05-23,0.5887569360021401
2000-05-24,0.5886768447696179
2000-05-25,0.5889673097405884
2000-05-26,0.589564799238644
2000-05-30,0.5901896701667348
2000-05-31,0.5900696959724002
2000-06-01,0.5904321094494428
2000-06-02,0.5910649948464333
2000-06-05,0.5897542499855821
2000-06-06,0.58715028356248
2000-06-07,0.5849072642193607
2000-06-08,0.583276778500083
2000-06-09,0.5812811658247975
2000-06-12,0.5796166700549922
2000-06-13,0.5767832811432028
2000-06-14,0.5746391689824091
2000-06-15,0.5723996163894559
2000-06-16,0.5703454631662663
2000-06-19,0.5719617330051577
2000-06-20,0.5717704938733015
2000-06-21,0.5714578514878748
2000-06-22,0.5697957038356668
2000-06-23,0.5705486077992439
2000-06-26,0.5697644678122206
2000-06-27,0.5697535347832098
2000-06-28,0.5701549283667293
2000-06-29,0.5699629074379255
2000-06-30,0.5692428778136178
2000-07-03,0.5682083548452695
2000-07-05,0.5677061842565604
2000-07-06,0.5672135330852879
2000-07-07,0.5654667096619224
2000-07-10,0.5649123190166243
2000-07-11,0.5637887929620277
2000-07-12,0.5632465970807149
2000-07-13,0.5642238267633604
2000-07-14,0.5626725530554251
2000-07-17,0.5630026671242354
2000-07-18,0.5625619468908366
2000-07-19,0.5621280115620508
2000-07-20,0.5622149645865244
2000-07-21,0.5626635807408233
2000-07-24,0.562870169492401
2000-07-25,0.56212459777905
2000-07-26,0.5615340158079077
2000-07-27,0.5619479811759812
2000-07-28,0.5614118330632187
2000-07-31,0.5600069279106937
2000-08-01,0.5583937016645772
2000-08-02,0.5570985735974014
2000-08-03,0.555045897954122
2000-08-04,0.5548015202267224
2000-08-07,0.5558567433760873
2000-08-08,0.5554896052360778
2000-08-09,0.5548337850585137
2000-08-10,0.5524309316905258
2000-08-11,0.5511828505214075
2000-08-14,0.5501414877878955
2000-08-15,0.5497047294693669
2000-08-16,0.5487248369866075
2000-08-17,0.5475964789535769
2000-08-18,0.5459054774544854
2000-08-21,0.5472646882079013
2000-08-22,0.5490224226717278
2000-08-23,0.5501521031480471
2000-08-24,0.5511225074957908
2000-08-25,0.55249325520762
2000-08-28,0.5535313534775987
2000-08-29,0.5543505037252505
2000-08-30,0.5541180276064717
2000-08-31,0.5533489715555396
2000-09-01,0.5534983712906829
2000-09-05,0.5524530382528937
2000-09-06,0.5520752795572587
2000-09-07,0.5518960678384689
2000-09-08,0.5518061123991692
2000-09-11,0.5518110802208568
2000-09-12,0.5513660730269614
2000-09-13,0.5513607581571239
2000-09-14,0.5508876172358134
2000-09-15,0.5495251298561096
2000-09-18,0.5510422612824096
2000-09-19,0.5519823931476529
2000-09-20,0.5514841678857964
2000-09-21,0.551680380197121
2000-09-22,0.5505076396063415
2000-09-25,0.5496510098924282
2000-09-26,0.548891020016492
2000-09-27,0.5476539309990484
2000-09-28,0.548508109151702
2000-09-29,0.548307219554128
2000-10-02,0.5483240333670527
2000-10-03,0.5466440711976137
2000-10-04,0.5442160607895303
2000-10-05,0.5413368048339176
2000-10-06,0.5409764497494396
2000-10-09,0.5412144287887911
2000-10-10,0.5414684821686246
2000-10-11,0.542083196445407
2000-10-12,0.542066933329442
2000-10-13,0.5420546911540743
2000-10-16,0.5416429731190023
2000-10-17,0.5409923970111195
2000-10-18,0.5407259792737049
2000-10-19,0.5405560130699344
2000-10-20,0.5410201649344702
2000-10-23,0.5404372342121727
2000-10-24,0.5403688981627077
2000-10-25,0.5391323639090615
2000-10-26,0.5376307597309893
2000-10-27,0.5360617164826446
2000-10-30,0.5364418039946603
2000-10-31,0.537744816776221
2000-11-01,0.5369250697548116
2000-11-02,0.536283691876845
2000-11-03,0.5352487704695162
2000-11-06,0.5349558222266467
2000-11-07,0.5353486137658989
2000-11-08,0.5324905633101333
2000-11-09,0.5330585491689598
2000-11-10,0.5346973081725513
2000-11-13,0.5344211865151206
2000-11-14,0.5342444903314023
2000-11-15,0.5341059790263119
2000-11-16,0.5328543783187695
2000-11-17,0.5300005992751431
2000-11-20,0.5301108563997567
2000-11-21,0.5286222438361488
2000-11-22,0.5267766878748772
2000-11-24,0.5261344651158264
2000-11-27,0.5257639491780853
2000-11-28,0.5248320172424887
2000-11-29,0.5249100928056805
2000-11-30,0.5228976338652344
2000-12-01,0.5208629519042107
2000-12-04,0.5193468408030472
2000-12-05,0.5193196546733998
2000-12-06,0.5185135223683752
2000-12-07,0.5178966079747451
2000-12-08,0.5176337657142622
2000-12-11,0.5174126255515374
2000-12-12,0.5172259251433102
2000-12-13,0.5171130209778155
2000-12-14,0.5164200383524706
2000-12-15,0.5184888334709622
2000-12-18,0.5195240368628744
2000-12-19,0.5196853033908484
2000-12-20,0.5198559845004657
2000-12-21,0.5193409623141318
2000-12-22,0.5194801232911366
2000-12-26,0.5188718234375916
2000-12-27,0.5180639784838629
2000-12-28,0.5167347776486008
2000-12-29,0.5164769045027104
2001-01-02,0.516785265769457
2001-01-03,0.5176404698036133
2001-01-04,0.5172669063755134
2001-01-05,0.5154896268931388
2001-01-08,0.5148723257810975
2001-01-09,0.5146801735273464
2001-01-10,0.5126806826038586
2001-01-11,0.514055798743275
2001-01-12,0.513622100015073
2001-01-16,0.5123144750001348
2001-01-17,0.5123932111911825
2001-01-18,0.5105699965776325
2001-01-19,0.5101245887191511
2001-01-22,0.5101166249229858
2001-01-23,0.5090955936494095
2001-01-24,0.5086122391086016
2001-01-25,0.5098465712982437
2001-01-26,0.5096902387198272
2001-01-29,0.5094950897860625
2001-01-30,0.5086567092223675
2001-01-31,0.508534380345265
2001-02-01,0.508378804531728
2001-02-02,0.5085181310001597
2001-02-05,0.508662220605104
2001-02-06,0.5082234173591886
2001-02-07,0.5081070005522558
2001-02-08,0.5073970805378387
2001-02-09,0.5066880416758502
2001-02-12,0.5065029870609051
2001-02-13,0.503984901154086
2001-02-14,0.5026772512404774
2001-02-15,0.5023861976820154
2001-02-16,0.5024246896728588
2001-02-20,0.5017973427939137
2001-02-21,0.5026772512404774
2001-02-22,0.503754341505721
2001-02-23,0.5027393324601187
2001-02-26,0.5028959284924369
2001-02-27,0.5023738999288395
2001-02-28,0.5018868703082664
2001-03-01,0.501078954330276
2001-03-02,0.5006252742621368
2001-03-05,0.4986483196340615
2001-03-06,0.4983524808458633
2001-03-07,0.4965494117979305
2001-03-08,0.4952904186201269
2001-03-09,0.4923292640481737
2001-03-12,0.4945615385679957
2001-03-13,0.4943694041533309
2001-03-14,0.4960569547040762
2001-03-15,0.4958485964601617
2001-03-16,0.4959802397493061
2001-03-19,0.4957146998589664
2001-03-20,0.4967566752774833
2001-03-21,0.4971910849774659
2001-03-22,0.4957902983027848
2001-03-23,0.4944906013571677
2001-03-26,0.4945032636162492
2001-03-27,0.4945832706050318
2001-03-28,0.4934686775516487
2001-03-29,0.492522962172749
2001-03-30,0.4927035901831552
2001-04-02,0.4924907193638917
2001-04-03,0.4932725282683584
2001-04-04,0.4928188534831791
2001-04-05,0.4928863860057209
2001-04-06,0.4915244675094711
2001-04-09,0.492054606487687
2001-04-10,0.4932808856168437
2001-04-11,0.4933725230963163
2001-04-12,0.4938362239069104
2001-04-16,0.49427324831857
2001-04-17,0.4944266340813223
2001-04-18,0.4949774957280332
2001-04-19,0.4951181203828101
2001-04-20,0.4950977217430807
2001-04-23,0.4958225854318296
2001-04-24,0.49595698150084
2001-04-25,0.4952425692100215
2001-04-26,0.4956451598882614
2001-04-27,0.4943330623480301
2001-04-30,0.4938792367896591
2001-05-01,0.493780344897774
2001-05-02,0.4939944364118043
2001-05-03,0.4941315367800294
2001-05-04,0.4945162890148558
2001-05-07,0.4940660146308969
2001-05-08,0.4950985349258566
2001-05-09,0.4951964454740145
2001-05-10,0.4954100441054297
2001-05-11,0.4954689896227886
2001-05-14,0.4954873329604372
2001-05-15,0.4954283305085318
2001-05-16,0.4953328036747903
2001-05-17,0.495605003665125
2001-05-18,0.4956822317683365
2001-05-21,0.4956451598882614
2001-05-22,0.495294201603194
2001-05-23,0.4951371672931439
2001-05-24,0.4945679567923742
2001-05-25,0.4931452169681509
2001-05-29,0.4925222339053119
2001-05-30,0.4935145757687351
2001-05-31,0.4935531253709817
2001-06-01,0.4929450394126323
2001-06-04,0.4930606040929539
2001-06-05,0.492929796546212
2001-06-06,0.4925901889279238
2001-06-07,0.4931225819974883
2001-06-08,0.4939114262791177
2001-06-11,0.4939114262791177
2001-06-12,0.4926260601090516
2001-06-13,0.4937830410635454
2001-06-14,0.4950841437523579
2001-06-15,0.495889506609279
2001-06-18,0.4958111299632188
2001-06-19,0.4951022535195968
2001-06-20,0.4949997695603517
2001-06-21,0.496025795033042
2001-06-22,0.4950993736181799
2001-06-25,0.4946038415110308
2001-06-26,0.4955129514021017
2001-06-27,0.4953349925742272
2001-06-28,0.4959663281521332
2001-06-29,0.4956703187389353
2001-07-02,0.4951596075556121
2001-07-03,0.4940897721922458
2001-07-05,0.4941119815909753
2001-07-06,0.4952197258857856
2001-07-09,0.4953557846243079
2001-07-10,0.4943687669619885
2001-07-11,0.4934121961315753
2001-07-12,0.4933820802780297
2001-07-13,0.4931391274187024
2001-07-16,0.4920917641772703
2001-07-17,0.4915737293552303
2001-07-18,0.4911554602741028
2001-07-19,0.4920857630297729
2001-07-20,0.4916804179732845
2001-07-23,0.490920278007801
2001-07-24,0.4918097854557122
2001-07-25,0.491508940480269
2001-07-26,0.4913653286424601
2001-07-27,0.4904746316018689
2001-07-30,0.4906317088963973
2001-07-31,0.4916295546844597
2001-08-01,0.4929653915251468
2001-08-02,0.4935750707441146
2001-08-03,0.4930288976723897
2001-08-06,0.4934094847426327
2001-08-07,0.4929100717018195
2001-08-08,0.4925937656113905
2001-08-09,0.4942561176489692
2001-08-10,0.4942959041118104
2001-08-13,0.4949159436890725
2001-08-14,0.4934094847426327
2001-08-15,0.4951002390395297
2001-08-16,0.495440547076477
2001-08-17,0.495440547076477
2001-08-20,0.4964422324499589
2001-08-21,0.4970632638391309
2001-08-22,0.497183923877624
2001-08-23,0.4977853600875261
2001-08-24,0.4980456964549445
2001-08-27,0.4984500798595127
2001-08-28,0.4984905906079024
2001-08-29,0.4979872090867043
2001-08-30,0.4985027757679929
2001-08-31,0.498849541612874
2001-09-04,0.4982119584494109
2001-09-05,0.4983207314157775
2001-09-06,0.4976710916928471
2001-09-07,0.4993535393326067
2001-09-10,0.4994755523239662
2001-09-17,0.5012038997541245
2001-09-18,0.5009332565082437
2001-09-19,0.5013284418566835
2001-09-20,0.5027521883194803
2001-09-21,0.5019671796411217
2001-09-24,0.5020080993713966
2001-09-25,0.5015868951575386
2001-09-26,0.5027709161598237
2001-09-27,0.5035050195767781
2001-09-28,0.503961582252111
2001-10-01,0.5049190021521559
2001-10-02,0.5056924466832545
2001-10-03,0.505844094067406
2001-10-04,0.5061749558313865
2001-10-05,0.5060418996690463
2001-10-08,0.5056696958892232
2001-10-09,0.5062992510408554
2001-10-10,0.505472900465203
2001-10-11,0.5055458696692319
2001-10-12,0.5065730992082406
2001-10-15,0.5060921597167061
2001-10-16,0.5059770190636017
2001-10-17,0.5050206872883106
2001-10-18,0.5061273078697132
2001-10-19,0.5052574102406452
2001-10-22,0.5043940761447225
2001-10-23,0.504496102786114
2001-10-24,0.5053616812786388
2001-10-25,0.5062270184562374
2001-10-26,0.5063747717769463
2001-10-29,0.5047234327066619
2001-10-30,0.5050517682370455
2001-10-31,0.5065730992082406
2001-11-01,0.5067721979985993
2001-11-02,0.5073694589777802
2001-11-05,0.5069204766862175
2001-11-06,0.5061185505405684
2001-11-07,0.5068632038066411
2001-11-08,0.5076821597758142
2001-11-09,0.5081180833088086
2001-11-12,0.5078621592951139
2001-11-13,0.5063832393605873
2001-11-14,0.5050928699928926
2001-11-15,0.5055046210575251
2001-11-16,0.5067468711704568
2001-11-19,0.5093965325988755
2001-11-20,0.5089853513517486
2001-11-21,0.5088607409750201
2001-11-23,0.5082140465741193
2001-11-26,0.5072671894921106
2001-11-27,0.5063662850888602
2001-11-28,0.5060272120961189
2001-11-29,0.5057615128935761
2001-11-30,0.50592672889145
2001-12-03,0.504970423127473
2001-12-04,0.5030784890404505
2001-12-05,0.5025638042672368
2001-12-06,0.5035578279891775
2001-12-07,0.5031236822587062
2001-12-10,0.5022260549485121
2001-12-11,0.5030826890097746
2001-12-12,0.5032057087324875
2001-12-13,0.5029473845944915
2001-12-14,0.5026889782767421
2001-12-17,0.5027045443214292
2001-12-18,0.502622455109446
2001-12-19,0.503193571277931
2001-12-20,0.5022260549485121
2001-12-21,0.4993351438326264
2001-12-24,0.499638471588015
2001-12-26,0.4995155574315539
2001-12-27,0.5002607978634254
2001-12-28,0.5005943181495314
2001-12-31,0.4998583580486455
2002-01-02,0.4990659052603752
2002-01-03,0.4993276910569657
2002-01-04,0.4996874626379115
2002-01-07,0.500788500007763
2002-01-08,0.5008444056614755
2002-01-09,0.501940695499219
2002-01-10,0.502241705147866
2002-01-11,0.502514550104378
2002-01-14,0.5027172568635049
2002-01-15,0.5024174658132178
2002-01-16,0.5032757403627306
2002-01-17,0.5029224909157262
2002-01-18,0.5022549821389071
2002-01-22,0.501845071189453
2002-01-23,0.5024044124011403
2002-01-24,0.5033990943626908
2002-01-25,0.5033579629702298
2002-01-28,0.5035050195767781
2002-01-29,0.5015334521925077
2002-01-30,0.5007300382125348
2002-01-31,0.4989242305379279
2002-02-01,0.4976677416636899
2002-02-04,0.4966234136770301
2002-02-05,0.4970248342596156
2002-02-06,0.4971245834525299
2002-02-07,0.4966833419089468
2002-02-08,0.4973260937964093
2002-02-11,0.4982524899784151
2002-02-12,0.4985365811212559
2002-02-13,0.4998348885848893
2002-02-14,0.5005790652125003
2002-02-15,0.5014869644874663
2002-02-19,0.5011459025406196
2002-02-20,0.5011313203212805
2002-02-21,0.500691488427181
2002-02-22,0.5009376673047087
2002-02-25,0.500665644506513
2002-02-26,0.5008853532869759
2002-02-27,0.5010229920611072
2002-02-28,0.5016938794572854
2002-03-01,0.5004202944794703
2002-03-04,0.5011077619184907
2002-03-05,0.5012014040067024
2002-03-06,0.5035283888542781
2002-03-07,0.503498929066789
2002-03-08,0.5010756321027355
2002-03-11,0.5031982052837457
2002-03-12,0.5035637540227376
2002-03-13,0.5012183167067772
2002-03-14,0.5014757777098562
2002-03-15,0.5018723244893719
2002-03-18,0.5021184576922676
2002-03-19,0.5021719184043983
2002-03-20,0.5013426734662864
2002-03-21,0.5008667080130113
2002-03-22,0.5005677005877905
2002-03-25,0.5001627751715487
2002-03-26,0.499985446839323
2002-03-27,0.4997759722007995
2002-03-28,0.498837152146059
2002-04-01,0.4996950075192064
2002-04-02,0.4980551819558617
2002-04-03,0.4971205809902543
2002-04-04,0.4964819445088825
2002-04-05,0.4958598693919462
2002-04-08,0.4950943488944998
2002-04-09,0.492869304342636
2002-04-10,0.4926768701011799
2002-04-11,0.49204411838636
2002-04-12,0.4918484274683661
2002-04-15,0.4917429757410382
2002-04-16,0.4898155844132815
2002-04-17,0.4892255811752419
2002-04-18,0.4912806745026082
2002-04-19,0.491439529175633
2002-04-22,0.4912519564478723
2002-04-23,0.4914515980362226
2002-04-24,0.4898791053989433
2002-04-25,0.4904911141710202
2002-04-26,0.4923643742190923
2002-04-29,0.4927371030415806
2002-04-30,0.492656361291873
2002-05-01,0.4917490759818034
2002-05-02,0.4915905968679309
2002-05-03,0.4909063292254872
2002-05-06,0.4908260795564679
2002-05-07,0.4894585561585708
2002-05-08,0.4885642181832569
2002-05-09,0.4882442101112714
2002-05-10,0.4865536792989601
2002-05-13,0.4854712041394004
2002-05-14,0.4853119308749503
2002-05-15,0.485664145427523
2002-05-16,0.4853179024364971
2002-05-17,0.4840709209029797
2002-05-20,0.4835631962188185
2002-05-21,0.4830944948607751
2002-05-22,0.4835631962188185
2002-05-23,0.4834478118158746
2002-05-24,0.4832529318067822
2002-05-28,0.484513284677336
2002-05-29,0.4842343333456521
2002-05-30,0.4843984092785656
2002-05-31,0.4842035095950368
2002-06-03,0.4827910756262264
2002-06-04,0.4826743103164531
2002-06-05,0.4823606156505756
2002-06-06,0.4820444779116831
2002-06-07,0.4823626175010675
2002-06-10,0.4817703782280977
2002-06-11,0.4820841986238275
2002-06-12,0.4830726136942244
2002-06-13,0.4818897919781865
2002-06-14,0.4824864911236359
2002-06-17,0.4817328886573987
2002-06-18,0.4817340374936057
2002-06-19,0.4820123846121923
2002-06-20,0.4816541926136426
2002-06-21,0.4816142903959142
2002-06-24,0.4817340374936057
2002-06-25,0.4814156924535865
2002-06-26,0.4807391822902061
2002-06-27,0.4817351894971692
2002-06-28,0.4816963048886529
2002-07-01,0.4815345263678819
2002-07-02,0.4817727762215023
2002-07-03,0.4817340374936057
2002-07-05,0.4826513030133184
2002-07-08,0.4826159066896206
2002-07-09,0.4806583595969924
2002-07-10,0.4827366719951224
2002-07-11,0.4819768686408224
2002-07-12,0.4821812279972541
2002-07-15,0.4824233256478067
2002-07-16,0.4836994678960512
2002-07-17,0.4844305724208795
2002-07-18,0.4839062698218171
2002-07-19,0.4845276505806398
2002-07-22,0.4852170145221057
2002-07-23,0.4853078879261152
2002-07-24,0.4859513699979323
2002-07-25,0.4860794882171385
2002-07-26,0.4843279406245999
2002-07-29,0.4847320413691895
2002-07-30,0.4845780947887976
2002-07-31,0.4848857766289126
2002-08-01,0.4856035283093684
2002-08-02,0.485730130858244
2002-08-05,0.48540983441586
2002-08-06,0.485730130858244
2002-08-07,0.4861388440908742
2002-08-08,0.4854498245931257
2002-08-09,0.4868175527263715
2002-08-12,0.4867773709935971
2002-08-13,0.4864061132636683
2002-08-14,0.4861863414553755
2002-08-15,0.486557791015469
2002-08-16,0.4885581892400345
2002-08-19,0.4882936119225644
2002-08-20,0.4880487839329126
2002-08-21,0.4881092137917059
2002-08-22,0.4875978072259872
2002-08-23,0.4874437930913595
2002-08-26,0.4880062363869816
2002-08-27,0.4879341016985574
2002-08-28,0.4877610127223583
2002-08-29,0.487534482878148
2002-08-30,0.4866625631284405
2002-09-03,0.4870367233280536
2002-09-04,0.4864184362835437
2002-09-05,0.4862447314593695
2002-09-06,0.4864080694224194
2002-09-09,0.4865385132048758
2002-09-10,0.4868583989544605
2002-09-11,0.4866125552006082
2002-09-12,0.485735400347891
2002-09-13,0.4860213324471164
2002-09-16,0.486866657852802
2002-09-17,0.4864898219107327
2002-09-18,0.4870466234689724
2002-09-19,0.4856065590954375
2002-09-20,0.4852528247033595
2002-09-23,0.4858578590698399
2002-09-24,0.4868828564381174
2002-09-25,0.4863672140665412
2002-09-26,0.4870551269097593
2002-09-27,0.4867601775367639
2002-09-30,0.485340372420787
2002-10-01,0.4852996047026615
2002-10-02,0.485632698320138
2002-10-03,0.4866031695260835
2002-10-04,0.4857829621484041
2002-10-07,0.4855379912934465
2002-10-08,0.486028435398417
2002-10-09,0.4868420603836796
2002-10-10,0.4861513609463179
2002-10-11,0.4855035824633462
2002-10-14,0.4868255906867467
2002-10-15,0.4886626149981291
2002-10-16,0.4888382134565142
2002-10-17,0.4890859688271082
2002-10-18,0.4898075966926625
2002-10-21,0.4904748397927209
2002-10-22,0.4902130447683993
2002-10-23,0.4908633317443608
2002-10-24,0.489258136854254
2002-10-25,0.485603088199639
2002-10-28,0.4844241011722135
2002-10-29,0.484387865948175
2002-10-30,0.4845939334017148
2002-10-31,0.4845013437324822
2002-11-01,0.4830426806803812
2002-11-04,0.4836080450774585
2002-11-05,0.4844453478488472
2002-11-06,0.4841140006085703
2002-11-07,0.4837884845329661
2002-11-08,0.4846396552387861
2002-11-11,0.4841863717936715
2002-11-12,0.4840732623827155
2002-11-13,0.4844044400691796
2002-11-14,0.4847320959807636
2002-11-15,0.4842818009161163
2002-11-18,0.485254273928246
2002-11-19,0.4853076675437371
2002-11-20,0.4845835788979908
2002-11-21,0.4853138465891145
2002-11-22,0.4860787129812943
2002-11-25,0.4858307843470967
2002-11-26,0.4860230085346313
2002-11-27,0.4849373388932187
2002-11-29,0.4851900998189877
2002-12-02,0.485266463180867
2002-12-03,0.4852603600388853
2002-12-04,0.485377578116168
2002-12-05,0.4842047170322316
2002-12-06,0.4842139666342644
2002-12-09,0.4844963049916639
2002-12-10,0.4857414840295275
2002-12-11,0.4858651222994698
2002-12-12,0.4842186108696792
2002-12-13,0.4848306251452465
2002-12-16,0.4846711580769273
2002-12-17,0.4845526914072873
2002-12-18,0.48467646020238
2002-12-19,0.4836194660546101
2002-12-20,0.4841044636801522
2002-12-23,0.4849956072417897
2002-12-24,0.485272583425784
2002-12-26,0.4863271557555627
2002-12-27,0.4853076675437371
2002-12-30,0.4860932595297186
2002-12-31,0.4862593061618432
2003-01-02,0.4856791472331104
2003-01-03,0.4859274427068188
2003-01-06,0.4862103110085116
2003-01-07,0.4850427054170231
2003-01-08,0.484847238706546
2003-01-09,0.4851788512743347
2003-01-10,0.485789284792046
2003-01-13,0.4850840599271536
2003-01-14,0.484387865948175
2003-01-15,0.4862932726947516
2003-01-16,0.4856444655928952
2003-01-17,0.4864100845672651
2003-01-21,0.4851017876730764
2003-01-22,0.4841365138944997
2003-01-23,0.4846404477200037
2003-01-24,0.4847177450247085
2003-01-27,0.4842596805868933
2003-01-28,0.4847536242414956
2003-01-29,0.4841089711413968
2003-01-30,0.4847590441391053
2003-01-31,0.4841867659895197
2003-02-03,0.4844752726776239
2003-02-04,0.4833425189942509
2003-02-05,0.4843247699533217
2003-02-06,0.4847644792975182
2003-02-07,0.485893030848992
2003-02-10,0.4861688516891767
2003-02-11,0.4859617700073335
2003-02-12,0.4866511416590913
2003-02-13,0.4877289528814534
2003-02-14,0.4874888492410336
2003-02-18,0.4876042336919928
2003-02-19,0.4880521534277022
2003-02-20,0.4874888492410336
2003-02-21,0.4873823389088919
2003-02-24,0.4872574695596835
2003-02-25,0.4868504986034907
2003-02-26,0.4858032305905621
2003-02-27,0.4850723242720919
2003-02-28,0.485513902672585
2003-03-03,0.4858720701554985
2003-03-04,0.4863457051073219
2003-03-05,0.4871153160758473
2003-03-06,0.4870324660754762
2003-03-07,0.4877418428324297
2003-03-10,0.4878054865656201
2003-03-11,0.487919811353028
2003-03-12,0.4887164619546552
2003-03-13,0.487837192320318
2003-03-14,0.4875577004817598
2003-03-17,0.4879828131127038
2003-03-18,0.4883338693162566
2003-03-19,0.4875804124230395
2003-03-20,0.4884372440995588
2003-03-21,0.4882926328560136
2003-03-24,0.488540263270716
2003-03-25,0.4889955755976882
2003-03-26,0.4889015688262021
2003-03-27,0.4892330821452212
2003-03-28,0.4879415860140331
2003-03-31,0.4888905045197906
2003-04-01,0.4892398876829318
2003-04-02,0.4889620276649558
2003-04-03,0.489375659772953
2003-04-04,0.4891871192620655
2003-04-07,0.4899774509740493
2003-04-08,0.489993757012181
2003-04-09,0.4903809585932111
2003-04-10,0.4918689741067102
2003-04-11,0.4927195413793478
2003-04-14,0.4913040985610058
2003-04-15,0.4924349910332068
2003-04-16,0.4930356485138917
2003-04-17,0.4933271139214981
2003-04-21,0.4931188535707491
2003-04-22,0.4929775465808109
2003-04-23,0.4935255601715876
2003-04-24,0.4942164469577178
2003-04-25,0.492927393304025
2003-04-28,0.4946579662047337
2003-04-29,0.4951672672251982
2003-04-30,0.4952979526807846
2003-05-01,0.4954032848686749
2003-05-02,0.4946560411763026
2003-05-05,0.4952784290128771
2003-05-06,0.4958216105811401
2003-05-07,0.4973035798091151
2003-05-08,0.4973428501843422
2003-05-09,0.4973846746348131
2003-05-12,0.4972789013506772
2003-05-13,0.4977352914029654
2003-05-14,0.4991252890228377
2003-05-15,0.5003185615653575
2003-05-16,0.5005079291940421
2003-05-19,0.4993466972528609
2003-05-20,0.4987117449108141
2003-05-21,0.4997560530390475
2003-05-22,0.4993125923215893
2003-05-23,0.4987533496869089
2003-05-27,0.4984389743773876
2003-05-28,0.4990727649365417
2003-05-29,0.4978599509069506
2003-05-30,0.4975968787295063
2003-06-02,0.4986049060263353
2003-06-03,0.4976761224143132
2003-06-04,0.4961990848177379
2003-06-05,0.496713010731012
2003-06-06,0.4973298155208605
2003-06-09,0.4969175853484628
2003-06-10,0.4970607607238557
2003-06-11,0.4968764376707367
2003-06-12,0.4965477476957169
2003-06-13,0.4959939062128255
2003-06-16,0.4954212136543245
2003-06-17,0.4960563447183677
2003-06-18,0.4961174336323954
2003-06-19,0.4947438395684997
2003-06-20,0.4944589832190763
2003-06-23,0.4949103875765872
2003-06-24,0.4952771779652457
2003-06-25,0.4955028642888358
2003-06-26,0.4953204496963732
2003-06-27,0.4950544537115013
2003-06-30,0.4953013331602972
2003-07-01,0.4942382004768448
2003-07-02,0.4941518331937179
2003-07-03,0.4957283986410864
2003-07-07,0.4960563447183677
2003-07-08,0.4949103875765872
2003-07-09,0.4952988390103066
2003-07-10,0.4947699491630834
2003-07-11,0.4941747854411565
2003-07-14,0.4942787299551671
2003-07-15,0.4941747854411565
2003-07-16,0.4936252141303899
2003-07-17,0.4940762161657798
2003-07-18,0.494607669971641
2003-07-21,0.4940817371441595
2003-07-22,0.4938336397188285
2003-07-23,0.4951793825445448
2003-07-24,0.4955881314808176
2003-07-25,0.4959138691398761
2003-07-28,0.4956076028274815
2003-07-29,0.4964038381078403
2003-07-30,0.4961590928627826
2003-07-31,0.4958113742021431
2003-08-01,0.4965263926510301
2003-08-04,0.4973822961048612
2003-08-05,0.4980306507352124
2003-08-06,0.4979896938973172
2003-08-07,0.4955088000142204
2003-08-08,0.4975022299126059
2003-08-11,0.4979855235902071
2003-08-12,0.4970301794447477
2003-08-13,0.4979630490867945
2003-08-14,0.4979813738397035
2003-08-15,0.4984783177112405
2003-08-18,0.4993202748142217
2003-08-19,0.4985311145492442
2003-08-20,0.4988323665008565
2003-08-21,0.4978622488462579
2003-08-22,0.4985953654528351
2003-08-25,0.4980551819558617
2003-08-26,0.4979790117247868
2003-08-27,0.4971416404450859
2003-08-28,0.4967821799479013
2003-08-29,0.4967420771425876
2003-09-02,0.4955812218604272
2003-09-03,0.4944375368501921
2003-09-04,0.4951958755688133
2003-09-05,0.4954384409437458
2003-09-08,0.4960210765598261
2003-09-09,0.4959614195498937
2003-09-10,0.4961417005755227
2003-09-11,0.4976023893988693
2003-09-12,0.4978986281718713
2003-09-15,0.4980192230131596
2003-09-16,0.497818296605147
2003-09-17,0.4976208979656661
2003-09-18,0.4975776132762155
2003-09-19,0.4977781502995314
2003-09-22,0.4988945194218247
2003-09-23,0.4986931472715784
2003-09-24,0.4990592754183839
2003-09-25,0.4988480348859866
2003-09-26,0.4991464150394427
2003-09-29,0.4989453600614003
2003-09-30,0.4982111791264044
2003-10-01,0.4979888581840384
2003-10-02,0.4980909783521303
2003-10-03,0.4981088159395
2003-10-06,0.4990759849036678
2003-10-07,0.500466394470876
2003-10-08,0.5009837402704714
2003-10-09,0.5005668376521871
2003-10-10,0.5005817794019903
2003-10-13,0.5003412206847061
2003-10-14,0.5000056574826162
2003-10-15,0.502503736433347
2003-10-16,0.50268764484483
2003-10-17,0.5022863524152656
2003-10-20,0.5024321036351117
2003-10-21,0.5014875872905444
2003-10-22,0.5013820685164575
2003-10-23,0.5019261873277874
2003-10-24,0.5017138209979115
2003-10-27,0.5010901014974257
2003-10-28,0.5013682093028808
2003-10-29,0.5013026297833457
2003-10-30,0.5019791889147327
2003-10-31,0.5027344297385871
2003-11-03,0.5019260953834082
2003-11-04,0.5032211594080824
2003-11-05,0.5024932965284796
2003-11-06,0.503511897065475
2003-11-07,0.5041840914493546
2003-11-10,0.5043146253747425
2003-11-11,0.5042453223868364
2003-11-12,0.5051262486002125
2003-11-13,0.5052658863746989
2003-11-14,0.5041363852996708
2003-11-17,0.5053342967433804
2003-11-18,0.5045159102865733
2003-11-19,0.5046253585350751
2003-11-20,0.5048651776032321
2003-11-21,0.5053248941606131
2003-11-24,0.5051647484069149
2003-11-25,0.5066050977324411
2003-11-26,0.5062915784483363
2003-11-28,0.5067338802673187
2003-12-01,0.5060423676532951
2003-12-02,0.5066131002029595
2003-12-03,0.5058019569719985
2003-12-04,0.5065326436815387
2003-12-05,0.5068454433012493
2003-12-08,0.5069008858876195
2003-12-09,0.5066449352276656
2003-12-10,0.5062681658632688
2003-12-11,0.5063718828561512
2003-12-12,0.5074014289162152
2003-12-15,0.5091194760909897
2003-12-16,0.5096244212052489
2003-12-17,0.5094321877473103
2003-12-18,0.5095317354477418
2003-12-19,0.5101431979201341
2003-12-22,0.5112859337734372
2003-12-23,0.5119871771784266
2003-12-24,0.5140608866219251
2003-12-26,0.5126332662868303
2003-12-29,0.5119830484976632
2003-12-30,0.5113235640249365
2003-12-31,0.5127934196259729
2004-01-02,0.514469986426448
2004-01-05,0.514753969676616
2004-01-06,0.514957375533697
2004-01-07,0.5161342710134725
2004-01-08,0.5170259187591147
2004-01-09,0.5161270662630075
2004-01-12,0.5169881446995107
2004-01-13,0.5171457983081678
2004-01-14,0.5173551830429903
2004-01-15,0.5171081575540595
2004-01-16,0.5168174063759616
2004-01-20,0.5174673226966879
2004-01-21,0.51818174740215
2004-01-22,0.5199558279718757
2004-01-23,0.5197368695331888
2004-01-26,0.5199711538806466
2004-01-27,0.5200534963954729
2004-01-28,0.5201425508339164
2004-01-29,0.5211960563698208
2004-01-30,0.5208574123180918
2004-02-02,0.5204519785887405
2004-02-03,0.5198129234600019
2004-02-04,0.5196895242964175
2004-02-05,0.520246028115066
2004-02-06,0.5199646868904184
2004-02-09,0.5190963613734416
2004-02-10,0.5203764620180392
2004-02-11,0.5197530481081797
2004-02-12,0.518767958211394
2004-02-13,0.5177757750996437
2004-02-17,0.5173403414377555
2004-02-18,0.5172583063087265
2004-02-19,0.5175867541926952
2004-02-20,0.5173366509281754
2004-02-23,0.5168897803615614
2004-02-24,0.5175378343407745
2004-02-25,0.516081514067874
2004-02-26,0.5149528216865112
2004-02-27,0.5151987768363845
2004-03-01,0.5156041516012728
2004-03-02,0.5164898334725665
2004-03-03,0.5152015844546955
2004-03-04,0.5152044042224724
2004-03-05,0.5163805183507354
2004-03-08,0.5160476606536694
2004-03-09,0.5164954082788263
2004-03-10,0.5152745541397505
2004-03-11,0.5154747815679118
2004-03-12,0.5156782716983905
2004-03-15,0.5150725167562412
2004-03-16,0.5164161723846874
2004-03-17,0.5158454700733202
2004-03-18,0.5168615954080571
2004-03-19,0.5163263531228387
2004-03-22,0.5161655065835877
2004-03-23,0.5155986602698843
2004-03-24,0.5156394149249067
2004-03-25,0.5152324385077879
2004-03-26,0.514141710430617
2004-03-29,0.5130895200979105
2004-03-30,0.5141411882548504
2004-03-31,0.5144239525473876
2004-04-01,0.5141411882548504
2004-04-02,0.5135749044713177
2004-04-05,0.5137772187674712
2004-04-06,0.5138983423697506
2004-04-07,0.5143011751277785
2004-04-08,0.5140593260648875
2004-04-12,0.5126895759588004
2004-04-13,0.5123691290614676
2004-04-14,0.5116039074145484
2004-04-15,0.5119634990718546
2004-04-16,0.5121710921213668
2004-04-19,0.5117636026063039
2004-04-20,0.5105635825821924
2004-04-21,0.5103938323736533
2004-04-22,0.5086628981281948
2004-04-23,0.5090237939030716
2004-04-26,0.5099220591664179
2004-04-27,0.5107720536021595
2004-04-28,0.5099389202628636
2004-04-29,0.5101046160046525
2004-04-30,0.509099212244744
2004-05-03,0.5089866962442261
2004-05-04,0.5091827528744778
2004-05-05,0.5092710655216534
2004-05-06,0.5074404769169728
2004-05-07,0.5074016037966727
2004-05-10,0.5076548271114889
2004-05-11,0.5069747784521408
2004-05-12,0.506742564788079
2004-05-13,0.5054639301037931
2004-05-14,0.5035906491519123
2004-05-17,0.5017319457473479
2004-05-18,0.5010040325324782
2004-05-19,0.4994063550550279
2004-05-20,0.4984053742996065
2004-05-21,0.4983885194129294
2004-05-24,0.498918037924965
2004-05-25,0.498301994609112
2004-05-26,0.4991525852391441
2004-05-27,0.4985824390255301
2004-05-28,0.4983740241264933
2004-06-01,0.4980122891039116
2004-06-02,0.5000377391038614
2004-06-03,0.5004043804747929
2004-06-04,0.500856017696726
2004-06-07,0.5004333122849168
2004-06-08,0.502028512924043
2004-06-09,0.5017840439578491
2004-06-10,0.5019253821452503
2004-06-14,0.5000675485236862
2004-06-15,0.4945687978797447
2004-06-16,0.4948428778909209
2004-06-17,0.4965188367580372
2004-06-18,0.4974831525323464
2004-06-21,0.4974619798071887
2004-06-22,0.4973410104313605
2004-06-23,0.4964784984635083
2004-06-24,0.4970881157663635
2004-06-25,0.4973987848758576
2004-06-28,0.4978466206235391
2004-06-29,0.4982361705012041
2004-06-30,0.4984110147689661
2004-07-01,0.4980000889826857
2004-07-02,0.4990923274827353
2004-07-06,0.4991876099667052
2004-07-07,0.4993850336100172
2004-07-08,0.4991481627128646
2004-07-09,0.4986420269010008
2004-07-12,0.4999617459959985
2004-07-13,0.5004172543953425
2004-07-14,0.5001351349686697
2004-07-15,0.4987096822257595
2004-07-16,0.4984727011188014
2004-07-19,0.4994084853730136
2004-07-20,0.5005113218151014
2004-07-21,0.4976745546236642
2004-07-22,0.4984312757804053
2004-07-23,0.4976992831519484
2004-07-26,0.4980915021619613
2004-07-27,0.497774952519423
2004-07-28,0.4972902135543995
2004-07-29,0.4974647650868344
2004-07-30,0.4975683877149904
2004-08-02,0.4954844608269542
2004-08-03,0.4944115960608091
2004-08-04,0.4951060719973189
2004-08-05,0.4951669615462033
2004-08-06,0.4953093786452972
2004-08-09,0.4967388811011753
2004-08-10,0.4953862654346853
2004-08-11,0.4965214762186278
2004-08-12,0.497556054884274
2004-08-13,0.4972174614132517
2004-08-16,0.4977128134965918
2004-08-17,0.4978509250378118
2004-08-18,0.4989958572167142
2004-08-19,0.498835756245896
2004-08-20,0.498972611683754
2004-08-23,0.4992128176072742
2004-08-24,0.4999744808199822
2004-08-25,0.4992387274597744
2004-08-26,0.4995182778270347
2004-08-27,0.5013626009092135
2004-08-30,0.5014846970211829
2004-08-31,0.5013384406719258
2004-09-01,0.5025671228023098
2004-09-02,0.5022192224522263
2004-09-03,0.5027526608824661
2004-09-07,0.5024847928191533
2004-09-08,0.5030938934539977
2004-09-09,0.5037579642396928
2004-09-10,0.5044939341798295
2004-09-13,0.5052775698114808
2004-09-14,0.5051359053417737
2004-09-15,0.5042957795691138
2004-09-16,0.5038976697145829
2004-09-17,0.5046557866147483
2004-09-20,0.5043377397645142
2004-09-21,0.5046463415242937
2004-09-22,0.5037546023775239
2004-09-23,0.5038335843252395
2004-09-24,0.5038050772305459
2004-09-27,0.5040277894514514
2004-09-28,0.5035517579031923
2004-09-29,0.505254283481046
2004-09-30,0.5063883478953642
2004-10-01,0.5057974091438973
2004-10-04,0.5067485403546899
2004-10-05,0.5068932426853247
2004-10-06,0.507276411877181
2004-10-07,0.5064690712070661
2004-10-08,0.5071488471927248
2004-10-11,0.5075379934247046
2004-10-12,0.5075241267871772
2004-10-13,0.5078857320782044
2004-10-14,0.5067007401173069
2004-10-15,0.5069008858876195
2004-10-18,0.5058995662036958
2004-10-19,0.5051040437791807
2004-10-20,0.5052942838103583
2004-10-21,0.503363992851686
2004-10-22,0.503563187814292
2004-10-25,0.5040134205626505
2004-10-26,0.5039335120349702
2004-10-27,0.5042746610332184
2004-10-28,0.5041041665112154
2004-10-29,0.5057573852421884
2004-11-01,0.5047449829656269
2004-11-02,0.5051165705484613
2004-11-03,0.5042640668889619
2004-11-04,0.5042054254503394
2004-11-05,0.5042347093028958
2004-11-08,0.5040750283644608
2004-11-09,0.5047750779280572
2004-11-10,0.5056587845580067
2004-11-11,0.5058556147509261
2004-11-12,0.5051743206077756
2004-11-15,0.5061774912559303
2004-11-16,0.5058065462619169
2004-11-17,0.5067910501626437
2004-11-18,0.5083451736524104
2004-11-19,0.5082764244439099
2004-11-22,0.5088955825678058
2004-11-23,0.5082640771073195
2004-11-24,0.5081955528657511
2004-11-26,0.50841585819765
2004-11-29,0.5082204309906213
2004-11-30,0.5074108871501372
2004-12-01,0.5069960988664687
2004-12-02,0.5082204309906213
2004-12-03,0.5089846158324418
2004-12-06,0.5088295040825179
2004-12-07,0.5079968490162463
2004-12-08,0.5086805654140149
2004-12-09,0.5079712716274932
2004-12-10,0.5068454433012493
2004-12-13,0.506612829220362
2004-12-14,0.5067085786656162
2004-12-15,0.5078586871880495
2004-12-16,0.5083252772954332
2004-12-17,0.507279619013352
2004-12-20,0.508663596640261
2004-12-21,0.5088295040825179
2004-12-22,0.5092060490891333
2004-12-23,0.5082973447292902
2004-12-27,0.5091659856725512
2004-12-28,0.5086974245287695
2004-12-29,0.5100076201134782
2004-12-30,0.5078710615174846
2004-12-31,0.5070778061738478
2005-01-03,0.5074549931513797
2005-01-04,0.5066752573634729
2005-01-05,0.5075394565608358
2005-01-06,0.5073804717686824
2005-01-07,0.5079570739729284
2005-01-10,0.5071569104542436
2005-01-11,0.5044205694449718
2005-01-12,0.5019127055610282
2005-01-13,0.5017169970446004
2005-01-14,0.5019257338897587
2005-01-18,0.5020951958389565
2005-01-19,0.5019907625727498
2005-01-20,0.5006323684037866
2005-01-21,0.5008169585658622
2005-01-24,0.5005833865156033
2005-01-25,0.5007779996353459
2005-01-26,0.4999948672377483
2005-01-27,0.500855929612837
2005-01-28,0.500679724330881
2005-01-31,0.5006166198121408
2005-02-01,0.5007469297179472
2005-02-02,0.5003607488327264
2005-02-03,0.4994365512927177
2005-02-04,0.4992363029123838
2005-02-07,0.5002781631200677
2005-02-08,0.5005635432192451
2005-02-09,0.4996688324571146
2005-02-10,0.4994148094836947
2005-02-11,0.4994304154100775
2005-02-14,0.4991843672559137
2005-02-15,0.497880227748211
2005-02-16,0.4979185110903767
2005-02-17,0.497193139041953
2005-02-18,0.4964546502538169
2005-02-22,0.4961683697504299
2005-02-23,0.4958639217688965
2005-02-24,0.4953105767630081
2005-02-25,0.4946762272634964
2005-02-28,0.4947902729216111
2005-03-01,0.494697096570323
2005-03-02,0.4952499708210842
2005-03-03,0.4955965106258795
2005-03-04,0.4955800179151934
2005-03-07,0.495921389770532
2005-03-08,0.4966435886863241
2005-03-09,0.4959987829498651
2005-03-10,0.4959046995362527
2005-03-11,0.495735554481207
2005-03-14,0.4963774981526873
2005-03-15,0.4972312109518771
2005-03-16,0.4977760376955855
2005-03-17,0.4979453821047191
2005-03-18,0.4985554352495717
2005-03-21,0.4977760376955855
2005-03-22,0.4975685244289966
2005-03-23,0.4976445607476599
2005-03-24,0.4979701596110568
2005-03-28,0.4986756319896984
2005-03-29,0.4978210657943617
2005-03-30,0.4976889878632648
2005-03-31,0.4993292348462343
2005-04-01,0.4997917470563767
2005-04-04,0.4984674068108116
2005-04-05,0.5000998941748489
2005-04-06,0.50094371401681
2005-04-07,0.5010761876739297
2005-04-08,0.5004477317053551
2005-04-11,0.5002416442692875
2005-04-12,0.5002033458772007
2005-04-13,0.4996150102973948
2005-04-14,0.4994088886904842
2005-04-15,0.4992429549937701
2005-04-18,0.4997669532891751
2005-04-19,0.4996835889605034
2005-04-20,0.4992700451883573
2005-04-21,0.4985936630975084
2005-04-22,0.4970989306504624
2005-04-25,0.4968917059071857
2005-04-26,0.4965868881957762
2005-04-27,0.4960734141331421
2005-04-28,0.4952749948448127
2005-04-29,0.4955223128876527
2005-05-02,0.4954844146729972
2005-05-03,0.4953707898707835
2005-05-04,0.4949173355033969
2005-05-05,0.4954285997701848
2005-05-06,0.4953151580722517
2005-05-09,0.4936997519791505
2005-05-10,0.4936234879217114
2005-05-11,0.4936044976214787
2005-05-12,0.4938187476053909
2005-05-13,0.4934127102795123
2005-05-16,0.4937035755311175
2005-05-17,0.493626854188475
2005-05-18,0.4932750654676037
2005-05-19,0.4935436712963158
2005-05-20,0.4936874774446803
2005-05-23,0.4941097442470177
2005-05-24,0.4950152261557316
2005-05-25,0.4944906013571677
2005-05-26,0.4949199429995742
2005-05-27,0.4964183181326665
2005-05-31,0.4965142421839075
2005-06-01,0.494730276156235
2005-06-02,0.4938898886763633
2005-06-03,0.4946319499310188
2005-06-06,0.4948879428366405
2005-06-07,0.4949121192420196
2005-06-08,0.4952350626920644
2005-06-09,0.4949827104819015
2005-06-10,0.4950152261557316
2005-06-13,0.4954650419637585
2005-06-14,0.4963406285277238
2005-06-15,0.4946414200126987
2005-06-16,0.4941003633157572
2005-06-17,0.49354001063544
2005-06-20,0.4937846778549239
2005-06-21,0.4930606040929539
2005-06-22,0.4930067252283241
2005-06-23,0.492976151137771
2005-06-24,0.4914544006582297
2005-06-27,0.4917846756479975
2005-06-28,0.4916973207741952
2005-06-29,0.49274422413567
2005-06-30,0.4929145922131625
2005-07-01,0.492430936129525
2005-07-05,0.4926460783108214
2005-07-06,0.492976151137771
2005-07-07,0.4931526905032534
2005-07-08,0.4927694534237412
2005-07-11,0.4921968406572238
2005-07-12,0.4925400862221596
2005-07-13,0.4925254506342804
2005-07-14,0.4928077231570775
2005-07-15,0.493037593310259
2005-07-18,0.493626854188475
2005-07-19,0.4932367412356863
2005-07-20,0.4932822011356423
2005-07-21,0.4934802125953232
2005-07-22,0.4934262919913595
2005-07-25,0.4933725230963163
2005-07-26,0.4920785482983454
2005-07-27,0.4916024208502335
2005-07-28,0.4922302889241396
2005-07-29,0.492377060522938
2005-08-01,0.4926131355527311
2005-08-02,0.4931136762508799
2005-08-03,0.4936677965299996
2005-08-04,0.4945201833821076
2005-08-05,0.4943134665553425
2005-08-08,0.4943514025261521
2005-08-09,0.4940377094800044
2005-08-10,0.4940973345140249
2005-08-11,0.4941518331937179
2005-08-12,0.4943590628032218
2005-08-15,0.4936297587377898
2005-08-16,0.4941353376199009
2005-08-17,0.494845638339542
2005-08-18,0.495784328320635
2005-08-19,0.4954767742398918
2005-08-22,0.4955532887761877
2005-08-23,0.4960335251510708
2005-08-24,0.4961105627402285
2005-08-25,0.4973757249615405
2005-08-26,0.496129472645398
2005-08-29,0.4955915638529202
2005-08-30,0.4956880213021592
2005-08-31,0.4951153615870161
2005-09-01,0.4956115128337329
2005-09-02,0.4971832688161222
2005-09-06,0.4967235725366776
2005-09-07,0.4954767742398918
2005-09-08,0.4958991352429552
2005-09-09,0.4959764925001731
2005-09-12,0.4962635304862969
2005-09-13,0.4956131211683804
2005-09-14,0.4955948693758316
2005-09-15,0.4964739699081409
2005-09-16,0.4964353784838161
2005-09-19,0.4958814656884446
2005-09-20,0.4954786977078472
2005-09-21,0.4952499708210842
2005-09-22,0.4955948693758316
2005-09-23,0.4961105627402285
2005-09-26,0.495402408246447
2005-09-27,0.4961290698173468
2005-09-28,0.4956497611371115
2005-09-29,0.4962443321944068
2005-09-30,0.4958618816226914
2005-10-03,0.4976954387894746
2005-10-04,0.4979185110903767
2005-10-05,0.4972513481755277
2005-10-06,0.4971550788225799
2005-10-07,0.4959973785599216
2005-10-10,0.4957867329585735
2005-10-11,0.4958443883920413
2005-10-12,0.4965687889568058
2005-10-13,0.4960160519514371
2005-10-14,0.4957302992337941
2005-10-17,0.4959019367460407
2005-10-18,0.4961875553151622
2005-10-19,0.4963208313361616
2005-10-20,0.4958074942037997
2005-10-21,0.4962827314494274
2005-10-24,0.4957316221694311
2005-10-25,0.4960926727458524
2005-10-26,0.4950071802300119
2005-10-27,0.4950275980645359
2005-10-28,0.4940319592749548
2005-10-31,0.4945243306860029
2005-11-01,0.4952904186201269
2005-11-02,0.4948317379305762
2005-11-03,0.4958225854318296
2005-11-04,0.4960529588898001
2005-11-07,0.4937906457616616
2005-11-08,0.4925813368699123
2005-11-09,0.4912683563574692
2005-11-10,0.4906328862720827
2005-11-11,0.489312633565218
2005-11-14,0.488198386181595
2005-11-15,0.4889989352484827
2005-11-16,0.4895032644178976
2005-11-17,0.4894250357959095
2005-11-18,0.4893578961825945
2005-11-21,0.4895423976917236
2005-11-22,0.489934427321768
2005-11-23,0.4878843962581077
2005-11-25,0.4879327421905784
2005-11-28,0.4872771547518194
2005-11-29,0.4874027630906948
2005-11-30,0.4874723187793255
2005-12-01,0.4871602081823379
2005-12-02,0.4868412135575451
2005-12-05,0.4868645515026263
2005-12-06,0.4882561540326748
2005-12-07,0.4901157238541604
2005-12-08,0.4907754466940908
2005-12-09,0.4903671290554469
2005-12-12,0.4911436166328701
2005-12-13,0.4906177886989968
2005-12-14,0.4917369675315951
2005-12-15,0.4928536340383901
2005-12-16,0.4944861510708931
2005-12-19,0.4944728670191459
2005-12-20,0.4942959041118104
2005-12-21,0.4945127728778363
2005-12-22,0.492734387321824
2005-12-23,0.4944329741104735
2005-12-27,0.4941645357234773
2005-12-28,0.4933373560941564
2005-12-29,0.4933697891317102
2005-12-30,0.4923130499862851
2006-01-03,0.4916831820590958
2006-01-04,0.4926061891704849
2006-01-05,0.4921443900460965
2006-01-06,0.4908413299650596
2006-01-09,0.4906699716697777
2006-01-10,0.4916321331308466
2006-01-11,0.4919751191700577
2006-01-12,0.491643602379784
2006-01-13,0.4914597107029161
2006-01-17,0.4906965921291448
2006-01-18,0.4894193016783918
2006-01-19,0.4905248584162148
2006-01-20,0.4899891956540444
2006-01-23,0.4901309186271677
2006-01-24,0.4899975080096248
2006-01-25,0.4906165469354699
2006-01-26,0.4906432900090407
2006-01-27,0.4904459681255994
2006-01-30,0.4904584996027009
2006-01-31,0.4896271472288642
2006-02-01,0.4899069488802266
2006-02-02,0.4891840418047624
2006-02-03,0.4888320078234356
2006-02-06,0.488949238613672
2006-02-07,0.4885299090401787
2006-02-08,0.4880720561539925
2006-02-09,0.4880424813490845
2006-02-10,0.4878180416136732
2006-02-13,0.4869338794682483
2006-02-14,0.4880238454682028
2006-02-15,0.4876535994444048
2006-02-16,0.4893468576971754
2006-02-17,0.4892796629303068
2006-02-21,0.4880315160204098
2006-02-22,0.4879831278776315
2006-02-23,0.488168903326579
2006-02-24,0.4875545512704057
2006-02-27,0.488364219179027
2006-02-28,0.4878207483902314
2006-03-01,0.4880145639425858
2006-03-02,0.4877909922030119
2006-03-03,0.4875198978486261
2006-03-06,0.487288016323197
2006-03-07,0.486609854132748
2006-03-08,0.4858937167512088
2006-03-09,0.4856637904736054
2006-03-10,0.485287247300371
2006-03-13,0.4854019398472554
2006-03-14,0.4843736512448724
2006-03-15,0.4839990444928356
2006-03-16,0.4837111489741107
2006-03-17,0.483787077983002
2006-03-20,0.4843580948866963
2006-03-21,0.4842730234141567
2006-03-22,0.4835283570868637
2006-03-23,0.4824018275425689
2006-03-24,0.4829705947651354
2006-03-27,0.4832248131662718
2006-03-28,0.4831839582925876
2006-03-29,0.4833353863446797
2006-03-30,0.4834937443926858
2006-03-31,0.4831111839055318
2006-04-03,0.4826978022936014
2006-04-04,0.4819850498829433
2006-04-05,0.4824336707399935
2006-04-06,0.4828037653592859
2006-04-07,0.4826885160630256
2006-04-10,0.4825758334132825
2006-04-11,0.48209184855923
2006-04-12,0.4822401549107414
2006-04-13,0.4809357015918166
2006-04-17,0.4802651237665364
2006-04-18,0.4795966739649821
2006-04-19,0.4795191786600702
2006-04-20,0.4804510126552305
2006-04-21,0.4816046238095173
2006-04-24,0.4817527541482855
2006-04-25,0.4815690704984611
2006-04-26,0.4792558348435009
2006-04-27,0.479443212351789
2006-04-28,0.4797402367032251
2006-05-01,0.4770813257400532
2006-05-02,0.4767450686974291
2006-05-03,0.4781347710036312
2006-05-04,0.4782892450093844
2006-05-05,0.4776642790254
2006-05-08,0.4775370558171899
2006-05-09,0.4781311961260627
2006-05-10,0.4789226780410346
2006-05-11,0.478890895453222
2006-05-12,0.4794488250212505
2006-05-15,0.4815276526795626
2006-05-16,0.4797831831696416
2006-05-17,0.4818249611200931
2006-05-18,0.480712947913821
2006-05-19,0.4813077804179554
2006-05-22,0.4818297378965779
2006-05-23,0.4826111733015052
2006-05-24,0.48272374536126
2006-05-25,0.4826464334223365
2006-05-26,0.4826486854440091
2006-05-30,0.4830244610269023
2006-05-31,0.4832127960652664
2006-06-01,0.4833541595097048
2006-06-02,0.4832444387515995
2006-06-05,0.4828339288654721
2006-06-06,0.4826111733015052
2006-06-07,0.4824987080650203
2006-06-08,0.4821309309265582
2006-06-09,0.4826200439960142
2006-06-12,0.4829116032953697
2006-06-13,0.4826839087971541
2006-06-14,0.4826089698922106
2006-06-15,0.4827612931482651
2006-06-16,0.4828364244097141
2006-06-19,0.4825758334132825
2006-06-20,0.4823921162666142
2006-06-21,0.4815699361806421
2006-06-22,0.4819822398371013
2006-06-23,0.4821652090841066
2006-06-26,0.4827541174928724
2006-06-27,0.4812328017027878
2006-06-28,0.480229704051775
2006-06-29,0.4794525428081785
2006-06-30,0.4802314180682422
2006-07-03,0.4801584955552996
2006-07-05,0.4798257034923373
2006-07-06,0.4793380604260342
2006-07-07,0.4787490767113496
2006-07-10,0.478743552306469
2006-07-11,0.478675661515785
2006-07-12,0.4780133029856235
2006-07-13,0.4780206670811865
2006-07-14,0.4789453437762535
2006-07-17,0.4788304927239981
2006-07-18,0.4790869914682798
2006-07-19,0.4789794473564851
2006-07-20,0.4784222399996627
2006-07-21,0.4787151615166757
2006-07-24,0.478681343628985
2006-07-25,0.478382460399301
2006-07-26,0.4787885065788245
2006-07-27,0.4790503143968656
2006-07-28,0.4787151615166757
2006-07-31,0.4788645026507518
2006-08-01,0.480050087880064
2006-08-02,0.4782098968607929
2006-08-03,0.4804211939053153
2006-08-04,0.4810084538291628
2006-08-07,0.4807886212060396
2006-08-08,0.4813732016463021
2006-08-09,0.4814815807632585
2006-08-10,0.4811167219072421
2006-08-11,0.4811896034959597
2006-08-14,0.4817753889749822
2006-08-15,0.4811899707716148
2006-08-16,0.4816654018319215
2006-08-17,0.4815555169668971
2006-08-18,0.4823618661651465
2006-08-21,0.4825419223513149
2006-08-22,0.4826500959065051
2006-08-23,0.4818499739923679
2006-08-24,0.4819602720445718
2006-08-25,0.48210596562635
2006-08-28,0.4820324242626468
2006-08-29,0.4825377796280366
2006-08-30,0.4821121116577396
2006-08-31,0.4810828528733165
2006-09-01,0.4798257034923373
2006-09-05,0.4795682489450685
2006-09-06,0.4796433543212213
2006-09-07,0.4796449547403977
2006-09-08,0.479307295185247
2006-09-11,0.478907272993377
2006-09-12,0.4757192374893327
2006-09-13,0.4701367888256075
2006-09-14,0.4705137586298256
2006-09-15,0.4710461542348407
2006-09-18,0.4709328884034368
2006-09-19,0.4680915985433577
2006-09-20,0.4676001767820422
2006-09-21,0.4681579066008606
2006-09-22,0.4685747029873326
2006-09-25,0.4657383452545889
2006-09-26,0.4626382765227791
2006-09-27,0.4631119000772237
2006-09-28,0.4636093848033937
2006-09-29,0.4623787282817373
2006-10-02,0.4601060882219937
2006-10-03,0.4605112339652301
2006-10-04,0.4603493305992749
2006-10-05,0.4595393974827547
2006-10-06,0.4598072770646671
2006-10-09,0.4602512610122014
2006-10-10,0.461668577958344
2006-10-11,0.4617740915845946
2006-10-12,0.4618019355991971
2006-10-13,0.4622828128414581
2006-10-16,0.462762737538761
2006-10-17,0.4632673063081915
2006-10-18,0.4632285245911269
2006-10-19,0.459776555820843
2006-10-20,0.4583110788099492
2006-10-23,0.4580730861143696
2006-10-24,0.4579201319507677
2006-10-25,0.4576521175128
2006-10-26,0.4574649284847164
2006-10-27,0.4574914752569122
2006-10-30,0.4574992607763484
2006-10-31,0.4567897583264855
2006-11-01,0.457647965013153
2006-11-02,0.4562555617416443
2006-11-03,0.4565962397797414
2006-11-06,0.456253695901083
2006-11-07,0.4556508595329423
2006-11-08,0.4553853489716805
2006-11-09,0.4537095849790671
2006-11-10,0.4546977914841674
2006-11-13,0.4537383024724122
2006-11-14,0.4510416201155827
2006-11-15,0.4510861212726303
2006-11-16,0.4507400402078998
2006-11-17,0.450522079119773
2006-11-20,0.4507546132100387
2006-11-21,0.4523321899717204
2006-11-22,0.4522191666963415
2006-11-24,0.4523038440972795
2006-11-27,0.4503663495978244
2006-11-28,0.4499438132517031
2006-11-29,0.448859435253411
2006-11-30,0.4491208794790808
2006-12-01,0.4503939010531657
2006-12-04,0.4490498848909069
2006-12-05,0.4473935704590364
2006-12-06,0.4439589101021576
2006-12-07,0.4454569432284747
2006-12-08,0.4457442871251891
2006-12-11,0.4459152886752716
2006-12-12,0.4459926568708926
2006-12-13,0.4473325091008258
2006-12-14,0.4469584224556361
2006-12-15,0.44777392448671
2006-12-18,0.4483183715218928
2006-12-19,0.4484081198132429
2006-12-20,0.4493092932854343
2006-12-21,0.4498359863889574
2006-12-22,0.4499621959734572
2006-12-26,0.4502833350323766
2006-12-27,0.4500012364719014
2006-12-28,0.4505020255368688
2006-12-29,0.4511002102051998
2007-01-03,0.4519146366632732
2007-01-04,0.4519090478883898
2007-01-05,0.450240970080578
2007-01-08,0.4508734978634059
2007-01-09,0.450240970080578
2007-01-10,0.4498383003618164
2007-01-11,0.4504858562672919
2007-01-12,0.4505963058259165
2007-01-16,0.4506754301923845
2007-01-17,0.4515350600871437
2007-01-18,0.4504300091530523
2007-01-19,0.4512707373801486
2007-01-22,0.4508809458471536
2007-01-23,0.4514032891854303
2007-01-24,0.4505567656146412
2007-01-25,0.4509528278210456
2007-01-26,0.4512707373801486
2007-01-29,0.4510719332194925
2007-01-30,0.4512707373801486
2007-01-31,0.4514699114695807
2007-02-01,0.4513635917649558
2007-02-02,0.4516417831722196
2007-02-05,0.4519206985677118
2007-02-06,0.4522454140243575
2007-02-07,0.4539065635584378
2007-02-08,0.4539086910423177
2007-02-09,0.4544353698855986
2007-02-12,0.4543150687247894
2007-02-13,0.4539529305161573
2007-02-14,0.4537106515024173
2007-02-15,0.4543150687247894
2007-02-16,0.4556833935242923
2007-02-20,0.4560845099063809
2007-02-21,0.4556412013248108
2007-02-22,0.4554408533080448
2007-02-23,0.4558424811309666
2007-02-26,0.4560409161490447
2007-02-27,0.4560614754962179
2007-02-28,0.4557836593390204
2007-03-01,0.4559025961794679
2007-03-02,0.4558228476076441
2007-03-05,0.4573320396489887
2007-03-06,0.4566387250079438
2007-03-07,0.4563315222967709
2007-03-08,0.4567957371516028
2007-03-09,0.4574143617423472
2007-03-12,0.4580302800361412
2007-03-13,0.4575121173505047
2007-03-14,0.4574418993033999
2007-03-15,0.4560942485815094
2007-03-16,0.4566832505877712
2007-03-19,0.456133416392564
2007-03-20,0.4562136485545991
2007-03-21,0.4560959023424416
2007-03-22,0.4560535131952852
2007-03-23,0.4560159552418131
2007-03-26,0.4554706610368187
2007-03-27,0.4546509368761671
2007-03-28,0.4544951610295377
2007-03-29,0.455080545864079
2007-03-30,0.4554712569980152
2007-04-02,0.4557836593390204
2007-04-03,0.4552367012800571
2007-04-04,0.4560959023424416
2007-04-05,0.4563666047825968
2007-04-09,0.4572251164517652
2007-04-10,0.4579564281574251
2007-04-11,0.4573674661857941
2007-04-12,0.4565627452375537
2007-04-13,0.4566779568470124
2007-04-16,0.4577204626223864
2007-04-17,0.4575201674024221
2007-04-18,0.4579468803632978
2007-04-19,0.4584131704494297
2007-04-20,0.4580204966338486
2007-04-23,0.4586435123972863
2007-04-24,0.4587616417448579
2007-04-25,0.4583291213451546
2007-04-26,0.4586768881326825
2007-04-27,0.4590573597401816
2007-04-30,0.4593973335876293
2007-05-01,0.4601607556061085
2007-05-02,0.4598540677973535
2007-05-03,0.4590246074165169
2007-05-04,0.4587886903285907
2007-05-07,0.4584862041998772
2007-05-08,0.4592934650788803
2007-05-09,0.4595276521512834
2007-05-10,0.4585602266941884
2007-05-11,0.4589646910051239
2007-05-14,0.4582696449267945
2007-05-15,0.4573699925733717
2007-05-16,0.4570513315907259
2007-05-17,0.458000203579492
2007-05-18,0.4577605528469073
2007-05-21,0.4577206620398749
2007-05-22,0.4590981293800166
2007-05-23,0.4585096004516861
2007-05-24,0.4584865333365477
2007-05-25,0.4579505194945164
2007-05-29,0.4564655361274557
2007-05-30,0.4554748756956601
2007-05-31,0.4575696287782615
2007-06-01,0.4570911133869105
2007-06-04,0.4571672111685159
2007-06-05,0.4568893200862009
2007-06-06,0.457429979537452
2007-06-07,0.4584862041998772
2007-06-08,0.4584862041998772
2007-06-11,0.4585706347403477
2007-06-12,0.458965287027361
2007-06-13,0.4591958733199495
2007-06-14,0.4591563267212329
2007-06-15,0.4588404653388057
2007-06-18,0.4587283254069189
2007-06-19,0.4586159279579314
2007-06-20,0.4575984915853308
2007-06-21,0.4583848325547692
2007-06-22,0.4598623252373942
2007-06-25,0.4594730985227059
2007-06-26,0.4593145985514608
2007-06-27,0.4586613907029694
2007-06-28,0.4587863337157575
2007-06-29,0.4589717890282055
2007-07-02,0.4585764589762499
2007-07-03,0.4579564281574251
2007-07-05,0.4578035899599329
2007-07-06,0.4583848325547692
2007-07-09,0.4588467422863895
2007-07-10,0.4580989188714757
2007-07-11,0.4584076346376981
2007-07-12,0.4583683709618433
2007-07-13,0.4593651477459375
2007-07-16,0.459136005174787
2007-07-17,0.4599174880994208
2007-07-18,0.4600674850752342
2007-07-19,0.4587555206278484
2007-07-20,0.4584413282404281
2007-07-23,0.4582114567677724
2007-07-24,0.4583966186558927
2007-07-25,0.4583183722519685
2007-07-26,0.4589923954507428
2007-07-27,0.4580540190138443
2007-07-30,0.4583556195450346
2007-07-31,0.4593385838767391
2007-08-01,0.4589742956560683
2007-08-02,0.4585334977860921
2007-08-03,0.4593558810950023
2007-08-06,0.4596191104799307
2007-08-07,0.4596567661317505
2007-08-08,0.4615189430522672
2007-08-09,0.4627820771214112
2007-08-10,0.4631619797916887
2007-08-13,0.4631999072356264
2007-08-14,0.4640104441817012
2007-08-15,0.4648550218882955
2007-08-16,0.4657279584738121
2007-08-17,0.4665222690500464
2007-08-20,0.4662426969068007
2007-08-21,0.4670317828210646
2007-08-22,0.4680223109439912
2007-08-23,0.468322513538502
2007-08-24,0.4684523879862289
2007-08-27,0.4678171699461229
2007-08-28,0.468707297471021
2007-08-29,0.4685988892668752
2007-08-30,0.4688617204645881
2007-08-31,0.4686156969838464
2007-09-04,0.4692802451075666
2007-09-05,0.4700696269134379
2007-09-06,0.4702583846598828
2007-09-07,0.4718527271517334
2007-09-10,0.4718903995605786
2007-09-11,0.4720789476236484
2007-09-12,0.4718781772522306
2007-09-13,0.4714639225577468
2007-09-14,0.4717650499701122
2007-09-17,0.4720789476236484
2007-09-18,0.4750428879433508
2007-09-19,0.4748486275109033
2007-09-20,0.474485572050489
2007-09-21,0.4749910409564902
2007-09-24,0.4740728710571313
2007-09-25,0.47460679570203
2007-09-26,0.4746527162427257
2007-09-27,0.4744104256961863
2007-09-28,0.4742425065497097
2007-10-01,0.4738764064171543
2007-10-02,0.4746902590272534
2007-10-03,0.4744393621072805
2007-10-04,0.4752548681226257
2007-10-05,0.4755784917969897
2007-10-08,0.4767312845879534
2007-10-09,0.4769043376514724
2007-10-10,0.4771260734847674
2007-10-11,0.4764284467491779
2007-10-12,0.4769209593646206
2007-10-15,0.4756091263598843
2007-10-16,0.4758116023341592
2007-10-17,0.4753000941005278
2007-10-18,0.475239734617484
2007-10-19,0.4792590348268202
2007-10-22,0.4803642279662657
2007-10-23,0.480135053198769
2007-10-24,0.4790222145010917
2007-10-25,0.4772591572612251
2007-10-26,0.4780011086649327
2007-10-29,0.4780387688317236
2007-10-30,0.47822372140272
2007-10-31,0.47822372140272
2007-11-01,0.4784634850981584
2007-11-02,0.478466685355905
2007-11-05,0.4796104651611389
2007-11-06,0.4791923383236872
2007-11-07,0.4811628147549669
2007-11-08,0.4822145535872881
2007-11-09,0.4825028395138371
2007-11-12,0.4837053987512226
2007-11-13,0.4841922756245373
2007-11-14,0.4844882825837595
2007-11-15,0.4834228773374966
2007-11-16,0.4831692410541008
2007-11-19,0.4837464196974925
2007-11-20,0.4841964982778778
2007-11-21,0.485766819470291
2007-11-23,0.4861061199220913
2007-11-26,0.4860617760145834
2007-11-27,0.4855212581456716
2007-11-28,0.4857482554230427
2007-11-29,0.4869757314442099
2007-11-30,0.4889187286005768
2007-12-03,0.4890249178675382
2007-12-04,0.4888356889867182
2007-12-05,0.488562597285573
2007-12-06,0.4881559382356412
2007-12-07,0.4899525036968388
2007-12-10,0.4909210409160391
2007-12-11,0.4906666637870683
2007-12-12,0.4914179461579417
2007-12-13,0.4915712489925776
2007-12-14,0.4911119182707355
2007-12-17,0.491871671712397
2007-12-18,0.4927694534237412
2007-12-19,0.4925930071568273
2007-12-20,0.492330531995226
2007-12-21,0.4919237532342806
2007-12-24,0.4915532983477195
2007-12-26,0.4928541573064598
2007-12-27,0.4926929498669047
2007-12-28,0.4929529995042771
2007-12-31,0.4945334681429197
2008-01-02,0.4958765174162578
2008-01-03,0.4967265478559075
2008-01-04,0.4966842773564288
2008-01-07,0.4981101049522159
2008-01-08,0.498533751838362
2008-01-09,0.4988453674891084
2008-01-10,0.4989059241014868
2008-01-11,0.4988128228436082
2008-01-14,0.498763741081027
2008-01-15,0.4982376609712641
2008-01-16,0.5015652192493609
2008-01-17,0.5034915987260703
2008-01-18,0.5056311651797145
2008-01-22,0.5065496228130976
2008-01-23,0.5058387646313482
2008-01-24,0.508134868268056
2008-01-25,0.5072842238325359
2008-01-28,0.5081493141643271
2008-01-29,0.5085791973132117
2008-01-30,0.5090096062668902
2008-01-31,0.5090533636228615
2008-02-01,0.5086836580784263
2008-02-04,0.5087113063705682
2008-02-05,0.509610749484738
2008-02-06,0.5093466825741411
2008-02-07,0.5088394210503621
2008-02-08,0.5081301207575027
2008-02-11,0.5085742862660729
2008-02-12,0.5081502870755013
2008-02-13,0.5082758721013813
2008-02-14,0.506716570001709
2008-02-15,0.5057879277254387
2008-02-19,0.5057963425244837
2008-02-20,0.5053153416772825
2008-02-21,0.5042460118612718
2008-02-22,0.503950736149283
2008-02-25,0.5039233109004577
2008-02-26,0.5046720191424928
2008-02-27,0.5043295665314119
2008-02-28,0.5040230756086771
2008-02-29,0.5046624067575081
2008-03-03,0.5052305473080614
2008-03-04,0.5065876196692661
2008-03-05,0.5069991726030737
2008-03-06,0.5073949398378221
2008-03-07,0.5084319849541525
2008-03-10,0.5094284306493642
2008-03-11,0.508759480349416
2008-03-12,0.5092853675473858
2008-03-13,0.5091367797611308
2008-03-14,0.5087381806253015
2008-03-17,0.5096018714660615
2008-03-18,0.5105165982178491
2008-03-19,0.5106668262247908
2008-03-20,0.5116503476330234
2008-03-24,0.5133593952114455
2008-03-25,0.5153976741048653
2008-03-26,0.5158236917706291
2008-03-27,0.516638060079613
2008-03-28,0.5158644965713988
2008-03-31,0.5163314484444748
2008-04-01,0.5167045870984699
2008-04-02,0.5176642039088086
2008-04-03,0.5179168882146767
2008-04-04,0.5184139089205422
2008-04-07,0.5183496076392268
2008-04-08,0.5177812079689375
2008-04-09,0.5166685585344073
2008-04-10,0.5160199624120745
2008-04-11,0.5167045870984699
2008-04-14,0.5181892159358861
2008-04-15,0.5181199220981558
2008-04-16,0.518388643965322
2008-04-17,0.5185792336625394
2008-04-18,0.5189159084626557
2008-04-21,0.5190721694134335
2008-04-22,0.5198562551434961
2008-04-23,0.5187996171800613
2008-04-24,0.5191486039132054
2008-04-25,0.5179023980894755
2008-04-28,0.518686602515328
2008-04-29,0.5187946084667966
2008-04-30,0.518907380492301
2008-05-01,0.5183195755234539
2008-05-02,0.5182547132030091
2008-05-05,0.5179931491315717
2008-05-06,0.5178754844087142
2008-05-07,0.5176796097900145
2008-05-08,0.5177226732660802
2008-05-09,0.5186176300197579
2008-05-12,0.5188147049957728
2008-05-13,0.5187752664673365
2008-05-14,0.5184601815651796
2008-05-15,0.5181415042461168
2008-05-16,0.517945628661075
2008-05-19,0.5188440041479754
2008-05-20,0.5175975592647947
2008-05-21,0.5175975592647947
2008-05-22,0.5176404698036133
2008-05-23,0.5182849509989104
2008-05-27,0.5183677917998707
2008-05-28,0.518333133460295
2008-05-29,0.5183815277217787
2008-05-30,0.5189176332276003
2008-06-02,0.5184508513219909
2008-06-03,0.5191432368539042
2008-06-04,0.5189125016187162
2008-06-05,0.5184069903247492
2008-06-06,0.5187553341186125
2008-06-09,0.5189569953464707
2008-06-10,0.5206123195317796
2008-06-11,0.5208076016281175
2008-06-12,0.5212663122972993
2008-06-13,0.5214242672079831
2008-06-16,0.5208358367353295
2008-06-17,0.520619193718465
2008-06-18,0.5211999375387976
2008-06-19,0.5213512781662293
2008-06-20,0.5208287563448254
2008-06-23,0.5210984066750862
2008-06-24,0.5210984066750862
2008-06-25,0.5203486959241242
2008-06-26,0.5204406993954739
2008-06-27,0.5222707347989719
2008-06-30,0.5222226210396405
2008-07-01,0.5220809745084838
2008-07-02,0.5220809745084838
2008-07-03,0.5223275524014571
2008-07-07,0.5213436569425826
2008-07-08,0.5211103579775327
2008-07-09,0.5212224385389217
2008-07-10,0.5209728435155947
2008-07-11,0.5208531037228887
2008-07-14,0.5194133712626704
2008-07-15,0.5179000588231671
2008-07-16,0.518919385947024
2008-07-17,0.5189538507220478
2008-07-18,0.518919385947024
2008-07-21,0.5187708273703423
2008-07-22,0.5185026453482139
2008-07-23,0.518855397076697
2008-07-24,0.51827363520893
2008-07-25,0.517924938817857
2008-07-28,0.5183835654156868
2008-07-29,0.51822943400548
2008-07-30,0.5186169502700767
2008-07-31,0.51822943400548
2008-08-01,0.5186813857756128
2008-08-04,0.5178414799695958
2008-08-05,0.5179604339508563
2008-08-06,0.5180355117805863
2008-08-07,0.5178976765014981
2008-08-08,0.5181012617758837
2008-08-11,0.5171535206688544
2008-08-12,0.5170076975375364
2008-08-13,0.5170940509643577
2008-08-14,0.5176504455579888
2008-08-15,0.5182035350132916
2008-08-18,0.5177265931367407
2008-08-19,0.5187063683171766
2008-08-20,0.5192751510747485
2008-08-21,0.5195174980237661
2008-08-22,0.5197822629182913
2008-08-25,0.5189580068606637
2008-08-26,0.5184234109546063
2008-08-27,0.5183783191853926
2008-08-28,0.518796909587247
2008-08-29,0.5184139089205422
2008-09-02,0.5192279684369927
2008-09-03,0.5178034192280043
2008-09-04,0.5175819031141278
2008-09-05,0.51745398695836
2008-09-08,0.5174614494661326
2008-09-09,0.5178952499247446
2008-09-10,0.5179713649354319
2008-09-11,0.5182573858533553
2008-09-12,0.5190143957749945
2008-09-15,0.520322027725276
2008-09-16,0.5203888475548862
2008-09-17,0.5263347478643737
2008-09-18,0.5262518049848902
2008-09-19,0.5311721851865508
2008-09-22,0.5302467089716071
2008-09-23,0.5310674876445194
2008-09-24,0.532490155740031
2008-09-25,0.5322405138224119
2008-09-26,0.5317854206609621
2008-09-29,0.5349480431089055
2008-09-30,0.5349883545356
2008-10-01,0.535759293556866
2008-10-02,0.5354662856200408
2008-10-03,0.5376532361015016
2008-10-06,0.5408545537901823
2008-10-07,0.5477495245199673
2008-10-08,0.5494971361965788
2008-10-09,0.5607429337401284
2008-10-10,0.5629036637511057
2008-10-13,0.5628005138158008
2008-10-14,0.5621966880887965
2008-10-15,0.5629618685640339
2008-10-16,0.5636907981111459
2008-10-17,0.5636308198805787
2008-10-20,0.562580196487181
2008-10-21,0.562033741878098
2008-10-22,0.5649973117567174
2008-10-23,0.5649924035166383
2008-10-24,0.5664254243729205
2008-10-27,0.568048431622256
2008-10-28,0.569280251827113
2008-10-29,0.570131808655737
2008-10-30,0.5712645418386147
2008-10-31,0.5736034316696021
2008-11-03,0.5732390884989065
2008-11-04,0.5732349803733408
2008-11-05,0.5727083512718131
2008-11-06,0.5751446387748574
2008-11-07,0.5751825174193381
2008-11-10,0.5757898468798649
2008-11-11,0.5762984506621392
2008-11-12,0.5773323860865834
2008-11-13,0.5778635063303466
2008-11-14,0.5780506344734555
2008-11-17,0.578741180498942
2008-11-18,0.5782682540913037
2008-11-19,0.580864328636758
2008-11-20,0.585972158046683
2008-11-21,0.5857435136771736
2008-11-24,0.5870125499152453
2008-11-25,0.5887265465433273
2008-11-26,0.5907140165053281
2008-11-28,0.5923439986809266
2008-12-01,0.5927835510646726
2008-12-02,0.5932211250868754
2008-12-03,0.593251828111593
2008-12-04,0.5930552288185305
2008-12-05,0.5940924879521025
2008-12-08,0.5950989550325326
2008-12-09,0.5950849905268208
2008-12-10,0.5956664397302776
2008-12-11,0.5956527297354884
2008-12-12,0.5954830192174295
2008-12-15,0.5962244450009551
2008-12-16,0.5975843751772565
2008-12-17,0.597494984335301
2008-12-18,0.5975463163604259
2008-12-19,0.5967384782824955
2008-12-22,0.5957891299438537
2008-12-23,0.5965835215929997
2008-12-24,0.5976375813985522
2008-12-26,0.5977276392771482
2008-12-29,0.597688973200053
2008-12-30,0.5957017180162207
2008-12-31,0.5954797432241224
2009-01-02,0.5974312269990659
2009-01-05,0.5980463632875183
2009-01-06,0.5978028015323579
2009-01-07,0.5982405830053049
2009-01-08,0.5981646833413871
2009-01-09,0.5968642006632816
2009-01-12,0.5977155244080163
2009-01-13,0.5979996334261296
2009-01-14,0.5991943217447672
2009-01-15,0.5980258776735152
2009-01-16,0.5972634457002597
2009-01-20,0.599110757776498
2009-01-21,0.5996375359062647
2009-01-22,0.6004119395620516
2009-01-23,0.6008004461726051
2009-01-26,0.6001296530297165
2009-01-27,0.5998859983556889
2009-01-28,0.5995549630440279
2009-01-29,0.5995706331203736
2009-01-30,0.5997164666286677
2009-02-02,0.5996652246652592
2009-02-03,0.6001209864577152
2009-02-04,0.5990224587275303
2009-02-05,0.5977084985344503
2009-02-06,0.5961033222247567
2009-02-09,0.596483421071596
2009-02-10,0.5967078910579648
2009-02-11,0.5970499794859015
2009-02-12,0.596481828294835
2009-02-13,0.5962290370625517
2009-02-17,0.5952896000589291
2009-02-18,0.5957269214607228
2009-02-19,0.594970137086426
2009-02-20,0.594605798592616
2009-02-23,0.5936477277470393
2009-02-24,0.5941887037409389
2009-02-25,0.5946504930547583
2009-02-26,0.594367894826976
2009-02-27,0.5936805120627027
2009-03-02,0.5940055581891052
2009-03-03,0.5949992518228315
2009-03-04,0.5954296327982385
2009-03-05,0.5951198739428777
2009-03-06,0.5955385071762754
2009-03-09,0.5975667259081546
2009-03-10,0.5970599465523402
2009-03-11,0.5982056779409698
2009-03-12,0.5997821289072072
2009-03-13,0.6012383367391326
2009-03-16,0.6018411187429509
2009-03-17,0.6019833355222644
2009-03-18,0.603275265619898
2009-03-19,0.6026388947248728
2009-03-20,0.6012771058144205
2009-03-23,0.6016518810932729
2009-03-24,0.6007765162918443
2009-03-25,0.6001179942415991
2009-03-26,0.5985284915754809
2009-03-27,0.5988279420497081
2009-03-30,0.5983455937795635
2009-03-31,0.5974876290712021
2009-04-01,0.5978664496653174
2009-04-02,0.5975419716256616
2009-04-03,0.5990797277800496
2009-04-06,0.598285976943913
2009-04-07,0.5982745868531998
2009-04-08,0.5976522017976877
2009-04-09,0.5973936087563988
2009-04-13,0.5984025562116291
2009-04-14,0.5993490309529024
2009-04-15,0.5993490309529024
2009-04-16,0.5996999819134874
2009-04-17,0.6003262314593025
2009-04-20,0.5988336996523492
2009-04-21,0.5984416460540934
2009-04-22,0.5971479503344523
2009-04-23,0.5960540290771088
2009-04-24,0.5958033718415429
2009-04-27,0.5935892063545345
2009-04-28,0.5920164962972078
2009-04-29,0.5914822517874847
2009-04-30,0.5916783809825458
2009-05-01,0.5912507808043248
2009-05-04,0.59144516561555
2009-05-05,0.5923739689619452
2009-05-06,0.592850285100036
2009-05-07,0.5924784527777666
2009-05-08,0.5918945192288149
2009-05-11,0.5913486961414931
2009-05-12,0.592117407442237
2009-05-13,0.5916356667362785
2009-05-14,0.5915783749711238
2009-05-15,0.5916017110277136
2009-05-18,0.5919079942627709
2009-05-19,0.5932400059181069
2009-05-20,0.5941818752534944
2009-05-21,0.5923369586383145
2009-05-22,0.5900664475186396
2009-05-26,0.587837089108394
2009-05-27,0.587360753861507
2009-05-28,0.5875244135999571
2009-05-29,0.5877657521387075
2009-06-01,0.5873213917245221
2009-06-02,0.5865364374164612
2009-06-03,0.5868600193025658
2009-06-04,0.5878109032654201
2009-06-05,0.586617153575336
2009-06-08,0.587927646606607
2009-06-09,0.5887907403892961
2009-06-10,0.5890838134498538
2009-06-11,0.5893345053824538
2009-06-12,0.5900038120715798
2009-06-15,0.5885629241280209
2009-06-16,0.5897804220377303
2009-06-17,0.5889259658995126
2009-06-18,0.5900977658262139
2009-06-19,0.5902012349126354
2009-06-22,0.5890340184360114
2009-06-23,0.5885188480144008
2009-06-24,0.589650789476327
2009-06-25,0.5892675491267424
2009-06-26,0.5901338276470705
2009-06-29,0.5901971150054083
2009-06-30,0.5904821539938104
2009-07-01,0.5907268782878853
2009-07-02,0.5906296825114314
2009-07-06,0.5907109807616008
2009-07-07,0.590733966085887
2009-07-08,0.5910658535783516
2009-07-09,0.5921190706136065
2009-07-10,0.5920373653074414
2009-07-13,0.5910540973225421
2009-07-14,0.5912578315811722
2009-07-15,0.5898859412846362
2009-07-16,0.5900931912092395
2009-07-17,0.5896993364088803
2009-07-20,0.5891185792431712
2009-07-21,0.5884381985595011
2009-07-22,0.5895595583134136
2009-07-23,0.5876681010825211
2009-07-24,0.5871445431443739
2009-07-27,0.5859672652888753
2009-07-28,0.5875947393868484
2009-07-29,0.5875960401760888
2009-07-30,0.5869437505359599
2009-07-31,0.5874955581291399
2009-08-03,0.587597344361299
2009-08-04,0.5876225126940569
2009-08-05,0.588219335228403
2009-08-06,0.5890471672627284
2009-08-07,0.5892098099076386
2009-08-10,0.588654762910688
2009-08-11,0.5875852496753609
2009-08-12,0.5871336221336799
2009-08-13,0.5890216312112475
2009-08-14,0.5892653449479625
2009-08-17,0.587914325989819
2009-08-18,0.5881864035290273
2009-08-19,0.5882475647852708
2009-08-20,0.5882300569685556
2009-08-21,0.5873174451919236
2009-08-24,0.5877321379545118
2009-08-25,0.5879394146022792
2009-08-26,0.5872797791957806
2009-08-27,0.5879845676402843
2009-08-28,0.5893524515733964
2009-08-31,0.5888323169372651
2009-09-01,0.5873617367468091
2009-09-02,0.5854578665480215
2009-09-03,0.5855362167352053
2009-09-04,0.585574961274556
2009-09-08,0.5845473019158978
2009-09-09,0.58486046292035
2009-09-10,0.5850467969316274
2009-09-11,0.5846864348166744
2009-09-14,0.584282686237783
2009-09-15,0.5858808958993241
2009-09-16,0.5836989901301797
2009-09-17,0.5841349039719415
2009-09-18,0.5850384477513787
2009-09-21,0.5867438609805661
2009-09-22,0.5865759245976486
2009-09-23,0.5848361249134303
2009-09-24,0.5848140861469533
2009-09-25,0.5852299364357465
2009-09-28,0.5851880620611313
2009-09-29,0.5857548725465994
2009-09-30,0.586533919020909
2009-10-01,0.5850864697877088
2009-10-02,0.5863663176232428
2009-10-05,0.5848755140822244
2009-10-06,0.5866179979174148
2009-10-07,0.5867232866109927
2009-10-08,0.5876487201896855
2009-10-09,0.5877550627063276
2009-10-12,0.588008873140333
2009-10-13,0.5902438767714279
2009-10-14,0.5899601144284888
2009-10-15,0.5907396904795474
2009-10-16,0.5909286352741757
2009-10-19,0.5903855498380935
2009-10-20,0.5895205093687457
2009-10-21,0.5890641287940099
2009-10-22,0.588390350511016
2009-10-23,0.5867873997188455
2009-10-26,0.5874228322659745
2009-10-27,0.5859822665903109
2009-10-28,0.5847302549948629
2009-10-29,0.5852776879257973
2009-10-30,0.5844461579283622
2009-11-02,0.5848449444186158
2009-11-03,0.5856130652530794
2009-11-04,0.5869396435454103
2009-11-05,0.5857859524177049
2009-11-06,0.5865542613941614
2009-11-09,0.5862976658522122
2009-11-10,0.5874307348327904
2009-11-11,0.5883467675968834
2009-11-12,0.5868535446889911
2009-11-13,0.5864897661608648
2009-11-16,0.5853557126285703
2009-11-17,0.5864469203037985
2009-11-18,0.5883587865797824
2009-11-19,0.5846724278136058
2009-11-20,0.5838675315840505
2009-11-23,0.5838405458804335
2009-11-24,0.5850448336750037
2009-11-25,0.5839564092530064
2009-11-27,0.581700135462606
2009-11-30,0.5815594830616535
2009-12-01,0.5810269046269783
2009-12-02,0.582075006567855
2009-12-03,0.582705197896366
2009-12-04,0.5837861904565349
2009-12-07,0.5829378513222284
2009-12-08,0.5834739458442176
2009-12-09,0.583878736554748
2009-12-10,0.5835395887275209
2009-12-11,0.5839091533084627
2009-12-14,0.5845731108654791
2009-12-15,0.5841730924373939
2009-12-16,0.5848673748298675
2009-12-17,0.5844490822266827
2009-12-18,0.5850013798196578
2009-12-21,0.5849144470444575
2009-12-22,0.5847251779703759
2009-12-23,0.5868313431959097
2009-12-24,0.5872123176139546
2009-12-28,0.5875735115646629
2009-12-29,0.5884251356673105
2009-12-30,0.5885534735073917
2009-12-31,0.5872756543010637
2010-01-04,0.587256636550434
2010-01-05,0.5868313431959097
2010-01-06,0.5865116027196777
2010-01-07,0.5841047268177851
2010-01-08,0.58399732546181
2010-01-11,0.5843812117653211
2010-01-12,0.5837056692718187
2010-01-13,0.5856376683280302
2010-01-14,0.5859572129685852
2010-01-15,0.5848944233014353
2010-01-19,0.581919484482898
2010-01-20,0.5827529637459825
2010-01-21,0.5826973628933798
2010-01-22,0.5830696380771133
2010-01-25,0.5839018017754263
2010-01-26,0.5835395887275209
2010-01-27,0.5832107408123898
2010-01-28,0.5821721210465692
2010-01-29,0.5815772155687416
2010-02-01,0.5814005287370257
2010-02-02,0.5816484147176424
2010-02-03,0.5820806887855482
2010-02-04,0.582190276492813
2010-02-05,0.5807757676030392
2010-02-08,0.5802324016152897
2010-02-09,0.5793622949561875
2010-02-10,0.5792893904713758
2010-02-11,0.5803250002528714
2010-02-12,0.5808715798752465
2010-02-16,0.5805212665002685
2010-02-17,0.5803763636743184
2010-02-18,0.5798300776166192
2010-02-19,0.5810251688618954
2010-02-22,0.5828957033676743
2010-02-23,0.5826189862423634
2010-02-24,0.5837706221287089
2010-02-25,0.5841226395401067
2010-02-26,0.5844043654011818
2010-03-01,0.585859037637424
2010-03-02,0.5874211290010725
2010-03-03,0.589518094210402
2010-03-04,0.5896928947830363
2010-03-05,0.5896294205079079
2010-03-08,0.5902184481108629
2010-03-09,0.591526214623048
2010-03-10,0.5933585720057203
2010-03-11,0.5954212116825456
2010-03-12,0.596166858375598
2010-03-15,0.5965396573599513
2010-03-16,0.5965549077358208
2010-03-17,0.597703969242198
2010-03-18,0.6001902341795947
2010-03-19,0.6004837408086782
2010-03-22,0.6001865602073077
2010-03-23,0.5982991660735897
2010-03-24,0.5971757479563117
2010-03-25,0.598755179308834
2010-03-26,0.5985165558262762
2010-03-29,0.60008747657834
2010-03-30,0.6008366769736554
2010-03-31,0.6015944835639061
2010-04-01,0.6011840436674922
2010-04-05,0.600328777386025
2010-04-06,0.6005099936760124
2010-04-07,0.6022233940762916
2010-04-08,0.6020468766855263
2010-04-09,0.6033295197208843
2010-04-12,0.6030864255641419
2010-04-13,0.604540654022938
2010-04-14,0.6043738958638954
2010-04-15,0.6052254510975585
2010-04-16,0.6029541711615694
2010-04-19,0.6024001010614966
2010-04-20,0.6030533520143087
2010-04-21,0.6021770073201198
2010-04-22,0.6018028781680754
2010-04-23,0.6021770073201198
2010-04-26,0.6015869970486543
2010-04-27,0.601057003435627
2010-04-28,0.5999943161785611
2010-04-29,0.6006860512787452
2010-04-30,0.6003077916655515
2010-05-03,0.5992603192412813
2010-05-04,0.6000591841372819
2010-05-05,0.6007307967195493
2010-05-06,0.6012410298710752
2010-05-07,0.6002580667786369
2010-05-10,0.5989452564381755
2010-05-11,0.599435103756061
2010-05-12,0.5977740506998165
2010-05-13,0.5974384876079921
2010-05-14,0.5961918435424488
2010-05-17,0.5959105391300157
2010-05-18,0.5968638170041259
2010-05-19,0.5970406008013275
2010-05-20,0.5979672077838152
2010-05-21,0.5982941024833945
2010-05-24,0.598029468440905
2010-05-25,0.5978530153371926
2010-05-26,0.5980464654062619
2010-05-27,0.5980608551861051
2010-05-28,0.5991047647706521
2010-06-01,0.5995088547567308
2010-06-02,0.6008167385860573
2010-06-03,0.6006686479336351
2010-06-04,0.5996481690625574
2010-06-07,0.5993972643853284
2010-06-08,0.6004433293264523
2010-06-09,0.6002052128881197
2010-06-10,0.5998189506128393
2010-06-11,0.5981111833912822
2010-06-14,0.5974699350472692
2010-06-15,0.5980253561007253
2010-06-16,0.598055891077306
2010-06-17,0.5977556427914638
2010-06-18,0.5987346240203121
2010-06-21,0.598055891077306
2010-06-22,0.5971391926558773
2010-06-23,0.5971691286713842
2010-06-24,0.5976969723243085
2010-06-25,0.5972437555193971
2010-06-28,0.5952129315990506
2010-06-29,0.5935271646319695
2010-06-30,0.5929975087303476
2010-07-01,0.5934404317868537
2010-07-02,0.5933677712493095
2010-07-06,0.5935034370532369
2010-07-07,0.5933499479499658
2010-07-08,0.5937473907612549
2010-07-09,0.593925322918697
2010-07-12,0.5940540845452743
2010-07-13,0.5941273796750336
2010-07-14,0.5948144027270607
2010-07-15,0.5959605836722167
2010-07-16,0.5942997282960986
2010-07-19,0.5948468989443739
2010-07-20,0.5943728499937785
2010-07-21,0.5941923840620237
2010-07-22,0.5940121197692353
2010-07-23,0.5930154994909776
2010-07-26,0.5943495497137455
2010-07-27,0.5943495497137455
2010-07-28,0.5943948156874196
2010-07-29,0.5940887914461277
2010-07-30,0.5939705011375835
2010-08-02,0.5937898641742525
2010-08-03,0.5938801573556375
2010-08-04,0.5936996215479722
2010-08-05,0.5948701739664999
2010-08-06,0.5949872902220149
2010-08-09,0.5954388882061543
2010-08-10,0.5951272278035347
2010-08-11,0.5952217299961312
2010-08-12,0.5961873460027985
2010-08-13,0.5963048085115125
2010-08-16,0.5947964848496128
2010-08-17,0.5955344007565673
2010-08-18,0.5954559566989086
2010-08-19,0.5946552870091306
2010-08-20,0.5946891516577769
2010-08-23,0.5947964848496128
2010-08-24,0.5947060517495166
2010-08-25,0.5947627686562486
2010-08-26,0.5945589722574338
2010-08-27,0.5944340585534973
2010-08-30,0.5938204356337845
2010-08-31,0.5942008096391266
2010-09-01,0.593521158719492
2010-09-02,0.5939983190078779
2010-09-03,0.5949893372698883
2010-09-07,0.5941447134053972
2010-09-08,0.5943543073656616
2010-09-09,0.5942030908768396
2010-09-10,0.5940017022726591
2010-09-13,0.5942502631063323
2010-09-14,0.5942951915554668
2010-09-15,0.5950039365142646
2010-09-16,0.5962934045191418
2010-09-17,0.598193055083195
2010-09-20,0.5969291043984878
2010-09-21,0.597379974977518
2010-09-22,0.5953444706707399
2010-09-23,0.5951932272747413
2010-09-24,0.5938392776333655
2010-09-27,0.593249165156048
2010-09-28,0.5927370108440181
2010-09-29,0.5929436473624582
2010-09-30,0.5930777792178021
2010-10-01,0.5934436842059794
2010-10-04,0.5916682156615836
2010-10-05,0.5923198679165798
2010-10-06,0.5930955758674826
2010-10-07,0.5942629410336407
2010-10-08,0.5926146912751131
2010-10-11,0.5931396953506407
2010-10-12,0.5919052550580786
2010-10-13,0.593103826627841
2010-10-14,0.5925716526237421
2010-10-15,0.5935370797269337
2010-10-18,0.5939878172024174
2010-10-19,0.5925027758845112
2010-10-20,0.5926781518213847
2010-10-21,0.5911044963697905
2010-10-22,0.59134432230566
2010-10-25,0.5922777971356352
2010-10-26,0.5933880953572874
2010-10-27,0.5941758769187226
2010-10-28,0.5942436114782454
2010-10-29,0.5954416861496562
2010-11-01,0.5967401473440224
2010-11-02,0.5964748692132422
2010-11-03,0.5968011050096756
2010-11-04,0.5953087662347955
2010-11-05,0.5946929461849282
2010-11-08,0.5946156692475635
2010-11-09,0.5941001575415495
2010-11-10,0.5943492133249778
2010-11-11,0.5943935921158006
2010-11-12,0.594004867067763
2010-11-15,0.5940765682702993
2010-11-16,0.5926613094552952
2010-11-17,0.590121026333213
2010-11-18,0.5891132171406578
2010-11-19,0.5894503770573625
2010-11-22,0.5908249914952788
2010-11-23,0.5883808420305765
2010-11-24,0.58846837673437
2010-11-26,0.5864661009063741
2010-11-29,0.5850894587581367
2010-11-30,0.5845396342315637
2010-12-01,0.5837665964044947
2010-12-02,0.584641549378655
2010-12-03,0.5841148975232731
2010-12-06,0.5822275809815264
2010-12-07,0.5818025463267887
2010-12-08,0.5809838601494842
2010-12-09,0.5805660546652966
2010-12-10,0.5800882606751243
2010-12-13,0.5803660025956953
2010-12-14,0.5829692939356576
2010-12-15,0.5822776466953906
2010-12-16,0.5839343909778837
2010-12-17,0.5849287723970545
2010-12-20,0.5843137261113426
2010-12-21,0.5851583668592871
2010-12-22,0.5873930980049844
2010-12-23,0.5895472752666568
2010-12-27,0.5911170215675727
2010-12-28,0.5922729784335642
2010-12-29,0.5927121187823486
2010-12-30,0.5931396953506407
2010-12-31,0.5950466535360773
2011-01-03,0.5946324165656167
2011-01-04,0.5936475933120303
2011-01-05,0.5924732445539356
2011-01-06,0.5915330678555125
2011-01-07,0.5899254970350651
2011-01-10,0.5871635331805654
2011-01-11,0.5880621771456768
2011-01-12,0.5880391998285183
2011-01-13,0.5884581405450028
2011-01-14,0.5875370685392153
2011-01-18,0.5905144918196771
2011-01-19,0.5900087116877385
2011-01-20,0.589534349450917
2011-01-21,0.588967682361625
2011-01-24,0.5886464438396459
2011-01-25,0.5905726302150487
2011-01-26,0.5895184863315319
2011-01-27,0.5877743486328767
2011-01-28,0.5856597391145608
2011-01-31,0.5860069903840986
2011-02-01,0.5836444620989996
2011-02-02,0.5831541001260462
2011-02-03,0.5829705061701548
2011-02-04,0.5855854002318736
2011-02-07,0.5841887464891928
2011-02-08,0.5836165463464352
2011-02-09,0.5837705612183326
2011-02-10,0.584887924263789
2011-02-11,0.5849108989909337
2011-02-14,0.585482886023344
2011-02-15,0.5854441867319105
2011-02-16,0.5854890750132881
2011-02-17,0.585989847032394
2011-02-18,0.5867053590150659
2011-02-22,0.5853660831550691
2011-02-23,0.5861217176670842
2011-02-24,0.5860998076606896
2011-02-25,0.5858189771323533
2011-02-28,0.5857315782649919
2011-03-01,0.5843904641378244
2011-03-02,0.584904520030784
2011-03-03,0.5840167913691102
2011-03-04,0.5823372340483444
2011-03-07,0.5805473543795003
2011-03-08,0.5810115747433992
2011-03-09,0.5795849225181875
2011-03-10,0.579749394286601
2011-03-11,0.5799804021609664
2011-03-14,0.5794728262709186
2011-03-15,0.5801091711682376
2011-03-16,0.579327988619108
2011-03-17,0.5799281623938848
2011-03-18,0.5798925835599265
2011-03-21,0.5793341318790991
2011-03-22,0.5801860897755381
2011-03-23,0.5802461800606155
2011-03-24,0.577492707916162
2011-03-25,0.5762455321227826
2011-03-28,0.577625506629765
2011-03-29,0.5776080054026594
2011-03-30,0.5781333242539806
2011-03-31,0.5808408785581458
2011-04-01,0.5803245133556548
2011-04-04,0.5829336449877406
2011-04-05,0.5825574114717865
2011-04-06,0.5803424178286991
2011-04-07,0.580188048183496
2011-04-08,0.5788796174139496
2011-04-11,0.5784476346400077
2011-04-12,0.5794236306636535
2011-04-13,0.5793381500891386
2011-04-14,0.5798350398955141
2011-04-15,0.5802388431289444
2011-04-18,0.5788095050593447
2011-04-19,0.5787398127844372
2011-04-20,0.5785145798933468
2011-04-21,0.5787826279630921
2011-04-25,0.5798327967805037
2011-04-26,0.579280994661348
2011-04-27,0.5778492561224163
2011-04-28,0.5757758937439158
2011-04-29,0.5782302368739466
2011-05-02,0.5792931450931931
2011-05-03,0.5786318696400595
2011-05-04,0.5787985672259864
2011-05-05,0.5790559182003392
2011-05-06,0.5790129967508171
2011-05-09,0.5796678254228941
2011-05-10,0.5793934123325297
2011-05-11,0.5784874834005386
2011-05-12,0.5769706725896124
2011-05-13,0.577569949939914
2011-05-16,0.5781249513151024
2011-05-17,0.5784803861912088
2011-05-18,0.5786093953222952
2011-05-19,0.579422550291029
2011-05-20,0.5790614932846315
2011-05-23,0.579399717216213
2011-05-24,0.5796217857471161
2011-05-25,0.57611521227468
2011-05-26,0.5750939155689616
2011-05-27,0.5770486611610535
2011-05-31,0.5759704697644451
2011-06-01,0.5750642684721626
2011-06-02,0.5766024669411662
2011-06-03,0.576458189730872
2011-06-06,0.57530588375432
2011-06-07,0.5746964605032113
2011-06-08,0.5756173103178449
2011-06-09,0.5750215199520113
2011-06-10,0.5730344088908919
2011-06-13,0.5736652658480799
2011-06-14,0.572024809401219
2011-06-15,0.5723298317215274
2011-06-16,0.5738463399642948
2011-06-17,0.5737147818695335
2011-06-20,0.5733451791170934
2011-06-21,0.5727332750307751
2011-06-22,0.5712757955833407
2011-06-23,0.5699158313373915
2011-06-24,0.5695176889156789
2011-06-27,0.5686033231440542
2011-06-28,0.5702315645795001
2011-06-29,0.5701679710988651
2011-06-30,0.5708744676676395
2011-07-01,0.5708305110257559
2011-07-05,0.5705635468469911
2011-07-06,0.5705195431086258
2011-07-07,0.5716567397096527
2011-07-08,0.5700947146075417
2011-07-11,0.5691210045802455
2011-07-12,0.5695278767216538
2011-07-13,0.5705493641565096
2011-07-14,0.5696892452375828
2011-07-15,0.5692197154967051
2011-07-18,0.5691583167214396
2011-07-19,0.5685990138879793
2011-07-20,0.5676087611182868
2011-07-21,0.5647574349286065
2011-07-22,0.5660921084116117
2011-07-25,0.566010062585174
2011-07-26,0.5667439634788439
2011-07-27,0.5659773554586204
2011-07-28,0.5664194136668732
2011-07-29,0.566973944504638
2011-08-01,0.5669296240185028
2011-08-02,0.56620219568998
2011-08-03,0.5671140232759685
2011-08-04,0.5688213124408947
2011-08-05,0.5687511284785085
2011-08-08,0.5720927658760641
2011-08-09,0.571352264101624
2011-08-10,0.5720046191929078
2011-08-11,0.5717441676488327
2011-08-12,0.5720369419499381
2011-08-15,0.5720469804627185
2011-08-16,0.5721014603367273
2011-08-17,0.5723754027427357
2011-08-18,0.5737899012201988
2011-08-19,0.5741515189017925
2011-08-22,0.5743524781838382
2011-08-23,0.5742106419183086
2011-08-24,0.5722252745166645
2011-08-25,0.5737778186657285
2011-08-26,0.5737966897511951
2011-08-29,0.573790202748169
2011-08-30,0.5733625372319007
2011-08-31,0.5729593032966914
2011-09-01,0.5732035670390114
2011-09-02,0.5730273066129081
2011-09-06,0.5716570475355717
2011-09-07,0.5722956093497027
2011-09-08,0.5720977646895938
2011-09-09,0.5715910855751677
2011-09-12,0.5717119272906364
2011-09-13,0.571854900895053
2011-09-14,0.5717558656800981
2011-09-15,0.5714047126207715
2011-09-16,0.5716238842582723
2011-09-19,0.571822411409285
2011-09-20,0.5723860622456273
2011-09-21,0.570975080333003
2011-09-22,0.573225967050175
2011-09-23,0.573225967050175
2011-09-26,0.5736330919261943
2011-09-27,0.5738716216737512
2011-09-28,0.573079150673866
2011-09-29,0.5734628603008536
2011-09-30,0.5733574061055482
2011-10-03,0.5732407320995471
2011-10-04,0.5734205129037038
2011-10-05,0.5736645366120646
2011-10-06,0.573376736060276
2011-10-07,0.5734450948624713
2011-10-10,0.5746464855365312
2011-10-11,0.5748355831132427
2011-10-12,0.5751438060663704
2011-10-13,0.5755732712629305
2011-10-14,0.5756614275308402
2011-10-17,0.5755732712629305
2011-10-18,0.5745498950018697
2011-10-19,0.5746646892073275
2011-10-20,0.575597199191892
2011-10-21,0.575984709505998
2011-10-24,0.5756454408741686
2011-10-25,0.5768573048751379
2011-10-26,0.577080139674321
2011-10-27,0.576827123844537
2011-10-28,0.5770927625767341
2011-10-31,0.5776452260981696
2011-11-01,0.5786907394339811
2011-11-02,0.5788301640612992
2011-11-03,0.5793969008748745
2011-11-04,0.5793519434355062
2011-11-07,0.5757905399663056
2011-11-08,0.5752428832752905
2011-11-09,0.5754502650923277
2011-11-10,0.5753452652708348
2011-11-11,0.5756113051076319
2011-11-14,0.574718192779059
2011-11-15,0.5737272340335077
2011-11-16,0.5749364003490385
2011-11-17,0.5758461809039443
2011-11-18,0.5765163609539249
2011-11-21,0.5759051803826384
2011-11-22,0.5756784150804237
2011-11-23,0.5753346495654703
2011-11-25,0.5763663556815983
2011-11-28,0.5763060578103713
2011-11-29,0.5765466981891361
2011-11-30,0.5758879648347669
2011-12-01,0.5759340732196472
2011-12-02,0.5755158448436297
2011-12-05,0.5757536264235158
2011-12-06,0.5756336491409022
2011-12-07,0.5766212392495416
2011-12-08,0.5755528650844817
2011-12-09,0.5747316227669012
2011-12-12,0.5744166519423001
2011-12-13,0.573803216951279
2011-12-14,0.574171312988954
2011-12-15,0.5736068223926193
2011-12-16,0.5738097847232081
2011-12-19,0.5740193528734855
2011-12-20,0.5738286977336157
2011-12-21,0.5739491127811732
2011-12-22,0.5739619772338945
2011-12-23,0.5737399090532367
2011-12-27,0.5739047113387803
2011-12-28,0.5738159470052434
2011-12-29,0.5737526046686972
2011-12-30,0.573144178873878
2012-01-03,0.5721746630902288
2012-01-04,0.5717009701913672
2012-01-05,0.5728667833292329
2012-01-06,0.5744656834899404
2012-01-09,0.5762198615738674
2012-01-10,0.5756454408741686
2012-01-11,0.577151037242131
2012-01-12,0.5794361866013422
2012-01-13,0.5776686728813755
2012-01-17,0.5784528030450771
2012-01-18,0.5785754768560637
2012-01-19,0.5781222947039286
2012-01-20,0.5785432477356383
2012-01-23,0.5802770695278828
2012-01-24,0.5804529196506663
2012-01-25,0.5803741925003552
2012-01-26,0.5809420153606477
2012-01-27,0.5804442575935347
2012-01-30,0.5801567866658756
2012-01-31,0.5807931508192347
2012-02-01,0.5800340663540068
2012-02-02,0.5804092973791337
2012-02-03,0.5790187895198559
2012-02-06,0.5800711957124909
2012-02-07,0.579159164844636
2012-02-08,0.5791860292501999
2012-02-09,0.5808759900559994
2012-02-10,0.5807720877115178
2012-02-13,0.5809175750510293
2012-02-14,0.5811153622290628
2012-02-15,0.5809080038992629
2012-02-16,0.5796045158450662
2012-02-17,0.5798705764936873
2012-02-21,0.5836649608340122
2012-02-22,0.5840934697665847
2012-02-23,0.5859501586877973
2012-02-24,0.5851570896882056
2012-02-27,0.5856726193087637
2012-02-28,0.5873690783262263
2012-02-29,0.5873240884114446
2012-03-01,0.5883264913611792
2012-03-02,0.5881955461749588
2012-03-05,0.5877218862547452
2012-03-06,0.5868084338932
2012-03-07,0.5870207925201001
2012-03-08,0.5863424703751009
2012-03-09,0.5857652343112826
2012-03-12,0.5873857127487788
2012-03-13,0.5857056907005351
2012-03-14,0.585748017015669
2012-03-15,0.5855787797560134
2012-03-16,0.5859192757470842
2012-03-19,0.5872530655996292
2012-03-20,0.5882630896508855
2012-03-21,0.5892465721569939
2012-03-22,0.5891126305778236
2012-03-23,0.5892853728068856
2012-03-26,0.589067063972569
2012-03-27,0.588589231596148
2012-03-28,0.5887581502966797
2012-03-29,0.5890703744075598
2012-03-30,0.5894856879033846
2012-04-02,0.5902194642550214
2012-04-03,0.5901112505719144
2012-04-04,0.5894550027990033
2012-04-05,0.5894396409602133
2012-04-09,0.5895853425736969
2012-04-10,0.5898532874083929
2012-04-11,0.5889989648377896
2012-04-12,0.589297489299203
2012-04-13,0.5897161348600675
2012-04-16,0.589819716077944
2012-04-17,0.5903042043822195
2012-04-18,0.590299246435201
2012-04-19,0.5905613232873391
2012-04-20,0.5905005584728092
2012-04-23,0.5895583137019833
2012-04-24,0.5904820195737273
2012-04-25,0.59115993187398
2012-04-26,0.5913714359628295
2012-04-27,0.5914073569787469
2012-04-30,0.591141823876254
2012-05-01,0.5895893408342663
2012-05-02,0.5907065374593136
2012-05-03,0.5901065843492154
2012-05-04,0.5910277318875319
2012-05-07,0.590222987261369
2012-05-08,0.5896453020488324
2012-05-09,0.5899067366331225
2012-05-10,0.5901858307183261
2012-05-11,0.5896534069408932
2012-05-14,0.5895884514076057
2012-05-15,0.5894626752849167
2012-05-16,0.5896493491147352
2012-05-17,0.5899386910708403
2012-05-18,0.5896830894189264
2012-05-21,0.5889893798878714
2012-05-22,0.5882012248817495
2012-05-23,0.590237455934702
2012-05-24,0.5903537634490379
2012-05-25,0.590524645037786
2012-05-29,0.5891941918134413
2012-05-30,0.5892963584799202
2012-05-31,0.5893984571660225
2012-06-01,0.5896212432408809
2012-06-04,0.5898290815046034
2012-06-05,0.5893758467411255
2012-06-06,0.5903424568439063
2012-06-07,0.5904857291378508
2012-06-08,0.5894627026584307
2012-06-11,0.5895459398667461
2012-06-12,0.589117726443385
2012-06-13,0.5892045015438536
2012-06-14,0.5874031828581754
2012-06-15,0.5870328592338598
2012-06-18,0.587721066987629
2012-06-19,0.5880736645019431
2012-06-20,0.5881990906451047
2012-06-21,0.5888217782057356
2012-06-22,0.5880337882600475
2012-06-25,0.5894054165890612
2012-06-26,0.5894703053101993
2012-06-27,0.5897836545669637
2012-06-28,0.5893251131825412
2012-06-29,0.5883767544159582
2012-07-02,0.5853935816204338
2012-07-03,0.586576092530381
2012-07-05,0.5858885267071996
2012-07-06,0.585635417753164
2012-07-09,0.5870168099980968
2012-07-10,0.586974772047915
2012-07-11,0.586974772047915
2012-07-12,0.5873329448842886
2012-07-13,0.5874378036599301
2012-07-16,0.5871651753069863
2012-07-17,0.5853606153547721
2012-07-18,0.5845445574980197
2012-07-19,0.5872907947978412
2012-07-20,0.5859470087617287
2012-07-23,0.585317161040258
2012-07-24,0.5856328409042297
2012-07-25,0.5862199905831814
2012-07-26,0.5855520835998753
2012-07-27,0.5849459206094649
2012-07-30,0.5855319683117652
2012-07-31,0.5854472099131862
2012-08-01,0.5856328409042297
2012-08-02,0.5854240318723052
2012-08-03,0.5850164281045147
2012-08-06,0.5857514586779594
2012-08-07,0.5848266345558304
2012-08-08,0.5856276455474418
2012-08-09,0.587101596932053
2012-08-10,0.5887216037517354
2012-08-13,0.5903703160440865
2012-08-14,0.5909603245494378
2012-08-15,0.5917568468923772
2012-08-16,0.5912563353393204
2012-08-17,0.5924194227478337
2012-08-20,0.5959679620975269
2012-08-21,0.5959910458098363
2012-08-22,0.5956830279736959
2012-08-23,0.5950512259240798
2012-08-24,0.5947152714179346
2012-08-27,0.5946313918232383
2012-08-28,0.5958306431648797
2012-08-29,0.5967055000049307
2012-08-30,0.5965259992843751
2012-08-31,0.5964131215872972
2012-09-04,0.5967631540704291
2012-09-05,0.5972401985467926
2012-09-06,0.5958332302700866
2012-09-07,0.5963186887321372
2012-09-10,0.5958571635420892
2012-09-11,0.5967499545374074
2012-09-12,0.5967654714693268
2012-09-13,0.5962561446580241
2012-09-14,0.5961317536782221
2012-09-17,0.5958242221338947
2012-09-18,0.5956318863547773
2012-09-19,0.5962582380329873
2012-09-20,0.5975877792633925
2012-09-21,0.5992458489140081
2012-09-24,0.5991846650527253
2012-09-25,0.5986169245449962
2012-09-26,0.5986713227648545
2012-09-27,0.5985058987923351
2012-09-28,0.5979302625077949
2012-10-01,0.5978054983704891
2012-10-02,0.5971739694448983
2012-10-03,0.598258077127238
2012-10-04,0.5981196514513978
2012-10-05,0.5990380067175327
2012-10-08,0.5985948941916318
2012-10-09,0.5970397093802902
2012-10-10,0.5968080376040318
2012-10-11,0.5973527108488834
2012-10-12,0.5975025702287498
2012-10-15,0.5968080376040318
2012-10-16,0.5976248092037566
2012-10-17,0.5977065025682196
2012-10-18,0.5979099451215117
2012-10-19,0.5974207550947684
2012-10-22,0.5980048700746394
2012-10-23,0.598626846077381
2012-10-24,0.5978824190437079
2012-10-25,0.5972032716198987
2012-10-26,0.5968775539702906
2012-10-31,0.5960613027305874
2012-11-01,0.5957221597817511
2012-11-02,0.5971617232391189
2012-11-05,0.5977071012057704
2012-11-06,0.5960181996725529
2012-11-07,0.5957251843267108
2012-11-08,0.5943211880145464
2012-11-09,0.5947069435674502
2012-11-12,0.5940847393559006
2012-11-13,0.5942226532555528
2012-11-14,0.5941003501584102
2012-11-15,0.5939467718575082
2012-11-16,0.5950856266706358
2012-11-19,0.5947177176924812
2012-11-20,0.5930454903120255
2012-11-21,0.5939685056178122
2012-11-23,0.593736713913209
2012-11-26,0.5921207591783925
2012-11-27,0.5917400388000582
2012-11-28,0.5899177984248059
2012-11-29,0.5901583221494029
2012-11-30,0.5902487988126247
2012-12-03,0.5832827191093486
2012-12-04,0.5807115040196359
2012-12-05,0.5782812135719261
2012-12-06,0.57799943038262
2012-12-07,0.5783281723566766
2012-12-10,0.5788895011725999
2012-12-11,0.5777610408695694
2012-12-12,0.5793871348206016
2012-12-13,0.5783005918025703
2012-12-14,0.5768410761099129
2012-12-17,0.5767710366505892
2012-12-18,0.5768433032880648
2012-12-19,0.5753514774402877
2012-12-20,0.574921648805737
2012-12-21,0.5736415467676274
2012-12-24,0.5743683736783736
2012-12-26,0.5732386309619821
2012-12-27,0.5726143692463929
2012-12-28,0.572908515352126
2012-12-31,0.5726488935284406
2013-01-02,0.5719280629399741
2013-01-03,0.5722637619798575
2013-01-04,0.5725996887493031
2013-01-07,0.5727735858779782
2013-01-08,0.5723982979846449
2013-01-09,0.5722559339274039
2013-01-10,0.5717226329500508
2013-01-11,0.5727482274220572
2013-01-14,0.5743880790632072
2013-01-15,0.5740786707086915
2013-01-16,0.5712680285532051
2013-01-17,0.5707058818669654
2013-01-18,0.5716899628424933
2013-01-22,0.5688741905787195
2013-01-23,0.5687496570492591
2013-01-24,0.5683585214202378
2013-01-25,0.5682338025417805
2013-01-28,0.5692197154967051
2013-01-29,0.5693601536054121
2013-01-30,0.5696765405569838
2013-01-31,0.5692792431182697
2013-02-01,0.5682031180631345
2013-02-04,0.5683353309235836
2013-02-05,0.5679111337462267
2013-02-06,0.567867103703059
2013-02-07,0.5700552862826105
2013-02-08,0.5692337447941708
2013-02-11,0.5699184935749131
2013-02-12,0.5703876082689251
2013-02-13,0.5707221752835371
2013-02-14,0.5718871469178921
2013-02-15,0.571766438450311
2013-02-19,0.5709587957340657
2013-02-20,0.5698589836124736
2013-02-21,0.5704768088126552
2013-02-22,0.5703027347131807
2013-02-25,0.5703167752865644
2013-02-26,0.5700419969557751
2013-02-27,0.5692654860527109
2013-02-28,0.5701968741196962
2013-03-01,0.5701385292362031
2013-03-04,0.5699647079748662
2013-03-05,0.5695900015039156
2013-03-06,0.5675265276384991
2013-03-07,0.5666311558672658
2013-03-08,0.5660734331335053
2013-03-11,0.5666243058666048
2013-03-12,0.5668969442881363
2013-03-13,0.5684092188571344
2013-03-14,0.5684687866505848
2013-03-15,0.5676955023187955
2013-03-18,0.5668052461667699
2013-03-19,0.5653916245836142
2013-03-20,0.5670614165571987
2013-03-21,0.5669186406153216
2013-03-22,0.5659147693308629
2013-03-25,0.5661591021066509
2013-03-26,0.5655544747611658
2013-03-27,0.5660842391443844
2013-03-28,0.5667131488663398
2013-04-01,0.56671459199471
2013-04-02,0.5663336931419889
2013-04-03,0.5652556254066737
2013-04-04,0.5645155502614425
2013-04-05,0.5644887337516805
2013-04-08,0.5643996867371542
2013-04-09,0.5641671494478365
2013-04-10,0.5639293530096167
2013-04-11,0.562717118407122
2013-04-12,0.5616990676824887
2013-04-15,0.561448777784404
2013-04-16,0.560464856898182
2013-04-17,0.5604269148582101
2013-04-18,0.5606793033330405
2013-04-19,0.5610140189265207
2013-04-22,0.5613469030303541
2013-04-23,0.56072110147397
2013-04-24,0.5612807619399625
2013-04-25,0.5620118234394499
2013-04-26,0.5635530951336046
2013-04-29,0.5637373784197325
2013-04-30,0.5645163449603992
2013-05-01,0.5634038916856164
2013-05-02,0.5633358301297948
2013-05-03,0.5629958534267855
2013-05-06,0.5626044531440028
2013-05-07,0.5611340599947165
2013-05-08,0.5615929961629376
2013-05-09,0.5610162394433647
2013-05-10,0.561487514275632
2013-05-13,0.561899663866703
2013-05-14,0.5610892330125028
2013-05-15,0.5600476059321363
2013-05-16,0.5598358296889396
2013-05-17,0.5597935108090456
2013-05-20,0.5595421699311315
2013-05-21,0.5594564847091604
2013-05-22,0.5570182045246711
2013-05-23,0.557060070894633
2013-05-24,0.5571446216305064
2013-05-28,0.5571430560509767
2013-05-29,0.5560887364484417
2013-05-30,0.5565965255734411
2013-05-31,0.5565167377869983
2013-06-03,0.5565167377869983
2013-06-04,0.5564710526713812
2013-06-05,0.5565584612462438
2013-06-06,0.555794315570449
2013-06-07,0.5556610727197433
2013-06-10,0.556589129756341
2013-06-11,0.5558760937122482
2013-06-12,0.555667036498411
2013-06-13,0.5551593424344339
2013-06-14,0.5551916036626242
2013-06-17,0.5547841725230247
2013-06-18,0.5546593299150323
2013-06-19,0.5554099922621525
2013-06-20,0.5561818204967935
2013-06-21,0.5561833771100355
2013-06-24,0.5576932273783887
2013-06-25,0.5577349140345161
2013-06-26,0.5577324814251841
2013-06-27,0.5573971668396209
2013-06-28,0.5572702627449272
2013-07-01,0.5576915426367383
2013-07-02,0.5576508132525686
2013-07-03,0.559612194407194
2013-07-05,0.5583596289155422
2013-07-08,0.5578610488388882
2013-07-09,0.5582763165018636
2013-07-10,0.5583590331884368
2013-07-11,0.5570347486869223
2013-07-12,0.5578201917148431
2013-07-15,0.5579864813693265
2013-07-16,0.5584839895617512
2013-07-17,0.5589396202404345
2013-07-18,0.5601337748644786
2013-07-19,0.5613212431891438
2013-07-22,0.5624945092657239
2013-07-23,0.5630089530164186
2013-07-24,0.561984148109659
2013-07-25,0.5608035604034327
2013-07-26,0.5602382316389178
2013-07-29,0.5595837880495019
2013-07-30,0.5599956220836728
2013-07-31,0.5596285097348126
2013-08-01,0.5605250888607689
2013-08-02,0.560282873408899
2013-08-05,0.5609035002147895
2013-08-06,0.5604894602496525
2013-08-07,0.5599543870247271
2013-08-08,0.5587676806375279
2013-08-09,0.5584807362725146
2013-08-12,0.5588099504763789
2013-08-13,0.5589736121995645
2013-08-14,0.5583984092512518
2013-08-15,0.5574963230503042
2013-08-16,0.5593353083078269
2013-08-19,0.5593353083078269
2013-08-20,0.5597882383803169
2013-08-21,0.5597483840181259
2013-08-22,0.5607812787130275
2013-08-23,0.5609404896025468
2013-08-26,0.5601655461615261
2013-08-27,0.5602794488890157
2013-08-28,0.5592596687897742
2013-08-29,0.5590148330347269
2013-08-30,0.5594679474293253
2013-09-03,0.5592202310309403
2013-09-04,0.5595092739202491
2013-09-05,0.5595907884001062
2013-09-06,0.5590177055411405
2013-09-09,0.5579872680137821
2013-09-10,0.5574934016083708
2013-09-11,0.5567539927166674
2013-09-12,0.5584827999511649
2013-09-13,0.5583586376181234
2013-09-16,0.5583578502450072
2013-09-17,0.5553088504386118
2013-09-18,0.555971795721099
2013-09-19,0.5569177672830259
2013-09-20,0.5565061342746618
2013-09-23,0.5571195998352342
2013-09-24,0.5568328206861076
2013-09-25,0.5569550767192546
2013-09-26,0.5561273572614053
2013-09-27,0.5560403584806732
2013-09-30,0.556252009002639
2013-10-01,0.5567431640372481
2013-10-02,0.5571975719127576
2013-10-03,0.5563327012889377
2013-10-04,0.5553752944084872
2013-10-07,0.5563654639136973
2013-10-08,0.5564122134159811
2013-10-09,0.556287253396373
2013-10-10,0.5556688501794069
2013-10-11,0.5564162694112719
2013-10-14,0.5570792719880281
2013-10-15,0.5556297901973629
2013-10-16,0.5549217909148566
2013-10-17,0.5548372722420934
2013-10-18,0.5537515329182154
2013-10-21,0.5544867276337597
2013-10-22,0.5556531775704572
2013-10-23,0.5552407159206317
2013-10-24,0.5547696409978028
2013-10-25,0.5553990397965396
2013-10-28,0.5562401036432397
2013-10-29,0.5547633580009518
2013-10-30,0.5543842737504604
2013-10-31,0.5545916297806109
2013-11-01,0.5547526660730779
2013-11-04,0.5537855219567802
2013-11-05,0.554978754163496
2013-11-06,0.555277369169021
2013-11-07,0.5535362008093335
2013-11-08,0.5523708516229271
2013-11-11,0.5520591700459794
2013-11-12,0.5531283376832266
2013-11-13,0.5533124352786211
2013-11-14,0.5535214962197446
2013-11-15,0.5534021191490284
2013-11-18,0.5531602771612601
2013-11-19,0.5525532219447217
2013-11-20,0.5534205382071373
2013-11-21,0.5534655017541845
2013-11-22,0.5531283376832266
2013-11-25,0.5534205382071373
2013-11-26,0.5534767080706584
2013-11-27,0.5549450830125014
2013-11-29,0.555784611277619
2013-12-02,0.5545860082136623
2013-12-03,0.5533430889977504
2013-12-04,0.5538299353000079
2013-12-05,0.5536217027257329
2013-12-06,0.5534543418873422
2013-12-09,0.5534543418873422
2013-12-10,0.5544896329954151
2013-12-11,0.5534989592687393
2013-12-12,0.5550784846728781
2013-12-13,0.5548320386789769
2013-12-16,0.5550784846728781
2013-12-17,0.5549064545297209
2013-12-18,0.5534321603521034
2013-12-19,0.5535136750596021
2013-12-20,0.5537141522190108
2013-12-23,0.5533876539721713
2013-12-24,0.5538027768211834
2013-12-26,0.5530212179502657
2013-12-27,0.5537141522190108
2013-12-30,0.553306143845543
2013-12-31,0.5528138223181567
2014-01-02,0.5521744984518361
2014-01-03,0.5527048790763865
2014-01-06,0.5531025683379776
2014-01-07,0.5524845966756768
2014-01-08,0.5529275230771106
2014-01-09,0.5537281576179017
2014-01-10,0.5546380807640701
2014-01-13,0.5545563975618854
2014-01-14,0.5543055689288516
2014-01-15,0.5545098408130156
2014-01-16,0.5554595542341202
2014-01-17,0.5544660583094251
2014-01-21,0.5550881577044672
2014-01-22,0.5565408358082439
2014-01-23,0.5555171676034413
2014-01-24,0.5555760679095395
2014-01-27,0.5567646512426644
2014-01-28,0.5565174968894339
2014-01-29,0.5575381002839803
2014-01-30,0.557659886561256
2014-01-31,0.5574953523140133
2014-02-03,0.5578661420298039
2014-02-04,0.5579472068334119
2014-02-05,0.5574968072706853
2014-02-06,0.556963285466168
2014-02-07,0.5574982553624332
2014-02-10,0.5584781163616745
2014-02-11,0.5599428188471904
2014-02-12,0.5604745196969517
2014-02-13,0.5604708138366779
2014-02-14,0.5604370933537323
2014-02-18,0.5608099249468574
2014-02-19,0.5587255560942078
2014-02-20,0.5581106265512472
2014-02-21,0.5576563005492253
2014-02-24,0.5589376393264232
2014-02-25,0.5596809205091815
2014-02-26,0.5606194996336903
2014-02-27,0.5592219905820849
2014-02-28,0.5600106195010134
2014-03-03,0.5574502518605702
2014-03-04,0.5571569662077276
2014-03-05,0.5578608487056812
2014-03-06,0.5577776835757063
2014-03-07,0.5581521973356641
2014-03-10,0.5595656019356275
2014-03-11,0.559187508942273
2014-03-12,0.5591866504666865
2014-03-13,0.5591840832327183
2014-03-14,0.5597600921345767
2014-03-17,0.5593489407007463
2014-03-18,0.5587324303600344
2014-03-19,0.5573217458525248
2014-03-20,0.5576945654501991
2014-03-21,0.5575294011430921
2014-03-24,0.5574465561886789
2014-03-25,0.557695894970411
2014-03-26,0.5576130888107921
2014-03-27,0.5579031146096449
2014-03-28,0.5579032803696742
2014-03-31,0.5582767140640686
2014-04-01,0.5579861837849004
2014-04-02,0.5568639674477719
2014-04-03,0.5578614481447075
2014-04-04,0.5570710106197931
2014-04-07,0.5593161208049915
2014-04-08,0.5591091706659016
2014-04-09,0.5591525941458226
2014-04-10,0.5585278670603778
2014-04-11,0.5586528340428535
2014-04-14,0.5592809463344599
2014-04-15,0.5591559510302367
2014-04-16,0.5588200693035482
2014-04-17,0.5583197709293043
2014-04-21,0.5585703953288812
2014-04-22,0.5589889072619589
2014-04-23,0.5586979284216794
2014-04-24,0.557646704239387
2014-04-25,0.5574778536786675
2014-04-28,0.5574352167487566
2014-04-29,0.5566311813159311
2014-04-30,0.5571351514125631
2014-05-01,0.5582805187529005
2014-05-02,0.5584503291059384
2014-05-05,0.5570497663322819
2014-05-06,0.5539934139119584
2014-05-07,0.5535112289533228
2014-05-08,0.5523925821143287
2014-05-09,0.5527277333003461
2014-05-12,0.5519545179665153
2014-05-13,0.5517767505161014
2014-05-14,0.551719072793966
2014-05-15,0.5509661469909064
2014-05-16,0.5497746685443223
2014-05-19,0.5503992230688161
2014-05-20,0.5502371202686825
2014-05-21,0.5498310771658466
2014-05-22,0.550500439815643
2014-05-23,0.550090808415582
2014-05-27,0.5480219976316999
2014-05-28,0.548550746772503
2014-05-29,0.5483242797209392
2014-05-30,0.5476931452610452
2014-06-02,0.5474231136961868
2014-06-03,0.5482491834232734
2014-06-04,0.5501575875460541
2014-06-05,0.5479292337693666
2014-06-06,0.5490757042561479
2014-06-09,0.5507911758013889
2014-06-10,0.5508761786701816
2014-06-11,0.5504028208899848
2014-06-12,0.5490410215882183
2014-06-13,0.5481397107780219
2014-06-16,0.5470548334273814
2014-06-17,0.548913797141378
2014-06-18,0.5480636067339418
2014-06-19,0.5472054241821651
2014-06-20,0.5477833674240262
2014-06-23,0.5491650770546644
2014-06-24,0.5484521156755839
2014-06-25,0.5481481038047538
2014-06-26,0.5480890170530659
2014-06-27,0.5481481038047538
2014-06-30,0.5465097743939986
2014-07-01,0.5444848717756081
2014-07-02,0.5446839603257536
2014-07-03,0.5444890899870497
2014-07-07,0.5430139913025351
2014-07-08,0.5424286612401131
2014-07-09,0.5434880562851174
2014-07-10,0.5435004912527602
2014-07-11,0.5423483959633747
2014-07-14,0.5419721464750953
2014-07-15,0.5407206728594838
2014-07-16,0.5403310150136448
2014-07-17,0.5383403350870017
2014-07-18,0.5383819090234294
2014-07-21,0.5383819090234294
2014-07-22,0.5402778654528368
2014-07-23,0.5405740186363237
2014-07-24,0.5418184510625988
2014-07-25,0.5427524586783952
2014-07-28,0.5426973544570209
2014-07-29,0.5422645720150175
2014-07-30,0.5426710040805471
2014-07-31,0.541456557765073
2014-08-01,0.5419288746295763
2014-08-04,0.5403879066888704
2014-08-05,0.5410944403512352
2014-08-06,0.540788348111995
2014-08-07,0.5410654094978153
2014-08-08,0.5390382886771194
2014-08-11,0.5387732490736534
2014-08-12,0.5393899008566592
2014-08-13,0.5393386294833012
2014-08-14,0.5387648107084971
2014-08-15,0.5405740186363237
2014-08-18,0.5400319840055293
2014-08-19,0.5403387775597028
2014-08-20,0.540395581228675
2014-08-21,0.5407830520865436
2014-08-22,0.5399651425825222
2014-08-25,0.5396089117548367
2014-08-26,0.540624578111961
2014-08-27,0.5416508776941275
2014-08-28,0.5417766147386885
2014-08-29,0.5400212598030057
2014-09-02,0.5399748939990444
2014-09-03,0.5398552149212436
2014-09-04,0.5399536815431301
2014-09-05,0.5404939368748973
2014-09-08,0.5410799372995416
2014-09-09,0.5400105752720881
2014-09-10,0.5404408158150196
2014-09-11,0.5411777959728179
2014-09-12,0.5403050183141986
2014-09-15,0.5405687402310693
2014-09-16,0.5396379543760195
2014-09-17,0.5399122095201224
2014-09-18,0.5383043118457105
2014-09-19,0.5385094218406445
2014-09-22,0.5381164105080055
2014-09-23,0.5376672391225533
2014-09-24,0.5378949942842713
2014-09-25,0.5373936950777145
2014-09-26,0.5371008794215094
2014-09-29,0.5371703983512015
2014-09-30,0.5377400741740087
2014-10-01,0.5375519077922224
2014-10-02,0.5377681932615673
2014-10-03,0.5374111653094864
2014-10-06,0.5372347838191185
2014-10-07,0.5366602106109838
2014-10-08,0.5367011728757859
2014-10-09,0.5380939605595086
2014-10-10,0.5378396884422553
2014-10-13,0.5395417088812902
2014-10-14,0.5409800739682346
2014-10-15,0.5422141237845043
2014-10-16,0.5419547000741032
2014-10-17,0.54189993006868
2014-10-20,0.5421463083354332
2014-10-21,0.5415727578313102
2014-10-22,0.5420882632064202
2014-10-23,0.5422893629174357
2014-10-24,0.542411186823481
2014-10-27,0.542492461228013
2014-10-28,0.5427518717009517
2014-10-29,0.5423622730407474
2014-10-30,0.5415579439225241
2014-10-31,0.5435506446384969
2014-11-03,0.5439574796161689
2014-11-04,0.5437741381001919
2014-11-05,0.5421886077226508
2014-11-06,0.5411302006279242
2014-11-07,0.5424101025170578
2014-11-10,0.5424759722014649
2014-11-11,0.5431590392200059
2014-11-12,0.5449501291793023
2014-11-13,0.5456368396892066
2014-11-14,0.5470724714256832
2014-11-17,0.5468878937748045
2014-11-18,0.5466070476086522
2014-11-19,0.5463294885743486
2014-11-20,0.5462663252586178
2014-11-21,0.5465434461520118
2014-11-24,0.5476151290588963
2014-11-25,0.5485704600651428
2014-11-26,0.5477239589988939
2014-11-28,0.5464704678853665
2014-12-01,0.5475496725729807
2014-12-02,0.5473071141683932
2014-12-03,0.5471879794343111
2014-12-04,0.5480972404809482
2014-12-05,0.5465752158994766
2014-12-08,0.5446780989570968
2014-12-09,0.5455852320597853
2014-12-10,0.5472188643583067
2014-12-11,0.5478652039834842
2014-12-12,0.5481053461831391
2014-12-15,0.546373451973293
2014-12-16,0.5475368373819615
2014-12-17,0.5478820977455692
2014-12-18,0.5493144002146543
2014-12-19,0.5496502029064233
2014-12-22,0.5508118761152264
2014-12-23,0.551637661095628
2014-12-24,0.55081742863123
2014-12-26,0.5529424110022775
2014-12-29,0.5544871671154202
2014-12-30,0.5528148944068794
2014-12-31,0.5529925287256189
2015-01-02,0.5531575190075151
2015-01-05,0.5540283240499511
2015-01-06,0.5555006104674942
2015-01-07,0.5556649507984807
2015-01-08,0.5550929711130137
2015-01-09,0.5552134587666302
2015-01-12,0.5557864708045108
2015-01-13,0.5560766112414984
2015-01-14,0.5542021494562123
2015-01-15,0.5553990397965396
2015-01-16,0.555605850980569
2015-01-20,0.5557281616096059
2015-01-21,0.555277369169021
2015-01-22,0.5553731089803187
2015-01-23,0.5558670508652428
2015-01-26,0.5560733532522223
2015-01-27,0.555165440048763
2015-01-28,0.5553452769954873
2015-01-29,0.5552180708925208
2015-01-30,0.554678939527987
2015-02-02,0.5530457374151893
2015-02-03,0.5544192713953886
2015-02-04,0.5526163410525096
2015-02-05,0.553357306902245
2015-02-06,0.5538401246528889
2015-02-09,0.554081400589927
2015-02-10,0.5536986088329294
2015-02-11,0.5534730465059156
2015-02-12,0.5525908001985891
2015-02-13,0.5520296343084095
2015-02-17,0.5511653639545198
2015-02-18,0.5491814555869521
2015-02-19,0.5479981162463766
2015-02-20,0.5461899976959804
2015-02-23,0.5463951785781285
2015-02-24,0.5458723832433183
2015-02-25,0.5469122888294373
2015-02-26,0.5465629650804595
2015-02-27,0.5455255854015829
2015-03-02,0.54536175203868
2015-03-03,0.5452076095873263
2015-03-04,0.544981834201536
2015-03-05,0.5448374141661643
2015-03-06,0.5452999105987224
2015-03-09,0.5452076095873263
2015-03-10,0.5463227777387226
2015-03-11,0.5450957757937702
2015-03-12,0.5461506197936732
2015-03-13,0.5463976524373602
2015-03-16,0.5472870009032846
2015-03-17,0.5466734981581015
2015-03-18,0.5473282237234243
2015-03-19,0.5470767865509241
2015-03-20,0.5459469367120339
2015-03-23,0.5473094521019859
2015-03-24,0.5469754792882295
2015-03-25,0.5474970057683437
2015-03-26,0.5481637619903256
2015-03-27,0.5486900883370605
2015-03-30,0.5481558274802497
2015-03-31,0.5476178709654138
2015-04-01,0.5477933601859123
2015-04-02,0.5478777713256406
2015-04-06,0.54729360586221
2015-04-07,0.5469515334451536
2015-04-08,0.5470219763135954
2015-04-09,0.5452270154306225
2015-04-10,0.5442077002884387
2015-04-13,0.5420256808359597
2015-04-14,0.5412065948327618
2015-04-15,0.5434210620123797
2015-04-16,0.5436510463713363
2015-04-17,0.5424533769705061
2015-04-20,0.5416517805247221
2015-04-21,0.5418735513804495
2015-04-22,0.5422189729326963
2015-04-23,0.5418592534427985
2015-04-24,0.5428506689007216
2015-04-27,0.5426694380908139
2015-04-28,0.5426280947866687
2015-04-29,0.5417763918430605
2015-04-30,0.5421596768201079
2015-05-01,0.5429846300615248
2015-05-04,0.543067391006891
2015-05-05,0.5410908447124195
2015-05-06,0.5424066569727971
2015-05-07,0.5429686975625864
2015-05-08,0.5427211707884838
2015-05-11,0.541019172242142
2015-05-12,0.541101589566472
2015-05-13,0.5420235766873455
2015-05-14,0.5411461150161716
2015-05-15,0.5419687924321295
2015-05-18,0.5422298956761211
2015-05-19,0.5405667388960479
2015-05-20,0.5399270888075308
2015-05-21,0.5397471523472648
2015-05-22,0.5395671231128176
2015-05-26,0.5395417088812902
2015-05-27,0.5380075856426182
2015-05-28,0.5353425510937679
2015-05-29,0.5339797332539863
2015-06-01,0.5335709093004783
2015-06-02,0.5331388437376646
2015-06-03,0.5332807693288294
2015-06-04,0.5331990610508296
2015-06-05,0.5328346024697201
2015-06-08,0.5328752661834484
2015-06-09,0.5330380414246997
2015-06-10,0.5331409021075453
2015-06-11,0.5325252126165259
2015-06-12,0.5319344617673745
2015-06-15,0.5315650705458069
2015-06-16,0.5307846687138568
2015-06-17,0.5304069671513049
2015-06-18,0.5301076152214664
2015-06-19,0.5296877678600819
2015-06-22,0.529104499202737
2015-06-23,0.5298411270996354
2015-06-24,0.5286359488503267
2015-06-25,0.5286911482655046
2015-06-26,0.5292660202065322
2015-06-29,0.5295282311551051
2015-06-30,0.529737455139735
2015-07-01,0.5299141041420306
2015-07-02,0.5298899479109799
2015-07-06,0.5289076892015667
2015-07-07,0.5304922473595451
2015-07-08,0.5304425048810041
2015-07-09,0.5302985609127215
2015-07-10,0.5304590525286449
2015-07-13,0.5322555627322598
2015-07-14,0.5331682718194621
2015-07-15,0.5332667293989319
2015-07-16,0.5335315173261647
2015-07-17,0.5336337119706518
2015-07-20,0.5337556513272783
2015-07-21,0.5329851864202815
2015-07-22,0.5336951776551039
2015-07-23,0.5335734049129759
2015-07-24,0.5335758821012765
2015-07-27,0.533556306827008
2015-07-28,0.5334546647483319
2015-07-29,0.5332510412865468
2015-07-30,0.5332087315047074
2015-07-31,0.5332914502700842
2015-08-03,0.5333723038492111
2015-08-04,0.5339002868558885
2015-08-05,0.5339607044839424
2015-08-06,0.5339208088777576
2015-08-07,0.5341839097946883
2015-08-10,0.5345272912064366
2015-08-11,0.5339816835211447
2015-08-12,0.5340216723643123
2015-08-13,0.5335966932205746
2015-08-14,0.5339811986529797
2015-08-17,0.5344069161361192
2015-08-18,0.5344069161361192
2015-08-19,0.5340012095855186
2015-08-20,0.5339219974927241
2015-08-21,0.536635421620691
2015-08-24,0.5450346748807818
2015-08-25,0.5524994293143642
2015-08-26,0.5515803813645199
2015-08-27,0.5533653942156186
2015-08-28,0.5563129306833983
2015-08-31,0.5566173706152249
2015-09-01,0.5596690901345647
2015-09-02,0.5595937701552541
2015-09-03,0.5591395909298594
2015-09-04,0.5592535254315929
2015-09-08,0.5597455352970832
2015-09-09,0.5605121677698849
2015-09-10,0.5599792169789277
2015-09-11,0.5612101086090119
2015-09-14,0.5602496713611743
2015-09-15,0.5599833438745611
2015-09-16,0.5600958510068895
2015-09-17,0.5608279249947286
2015-09-18,0.5621947489792573
2015-09-21,0.5604490585575794
2015-09-22,0.5608279249947286
2015-09-23,0.5610963476240743
2015-09-24,0.5610190331866308
2015-09-25,0.5596091381867894
2015-09-28,0.5621144260928583
2015-09-29,0.5580336221017345
2015-09-30,0.5568696172617246
2015-10-01,0.5498272528643928
2015-10-02,0.5499485324867269
2015-10-05,0.552031432558238
2015-10-06,0.5528309079141086
2015-10-07,0.5528309079141086
2015-10-08,0.5521474668558561
2015-10-09,0.5523410640942369
2015-10-12,0.5522248747175844
2015-10-13,0.548992135104956
2015-10-14,0.5489747375032489
2015-10-15,0.5489853492886334
2015-10-16,0.5490451141356761
2015-10-19,0.5480650950780649
2015-10-20,0.5487528079787765
2015-10-21,0.5484121632400334
2015-10-22,0.5477481411405059
2015-10-23,0.548281292443321
2015-10-26,0.5483972268732603
2015-10-27,0.548559310856876
2015-10-28,0.5477561219273706
2015-10-29,0.546600456645232
2015-10-30,0.5478004151601584
2015-11-02,0.5479098443663697
2015-11-03,0.5474122304495056
2015-11-04,0.5486242348881865
2015-11-05,0.5487166233552231
2015-11-06,0.548760011475631
2015-11-09,0.5483349780313236
2015-11-10,0.5476018849861239
2015-11-11,0.5484522506376296
2015-11-12,0.5486585146514049
2015-11-13,0.5491115279548944
2015-11-16,0.545823070583042
2015-11-17,0.5450975698392836
2015-11-18,0.5450912501327716
2015-11-19,0.545331845546494
2015-11-20,0.5459870331747442
2015-11-23,0.5461601898253742
2015-11-24,0.5468144524827006
2015-11-25,0.5457652991610243
2015-11-27,0.5465440450088008
2015-11-30,0.5458410615255384
2015-12-01,0.5453329618957097
2015-12-02,0.5450548523070526
2015-12-03,0.5448711701041734
2015-12-04,0.5450042915118727
2015-12-07,0.5447325110513883
2015-12-08,0.5445402569895941
2015-12-09,0.5440907660749726
2015-12-10,0.5444290741778933
2015-12-11,0.5440465487943699
2015-12-14,0.5452294058750602
2015-12-15,0.5455063747169351
2015-12-16,0.5452872643899972
2015-12-17,0.545554219907822
2015-12-18,0.5461555562548034
2015-12-21,0.5462884870105411
2015-12-22,0.5461570908449639
2015-12-23,0.5456209911340537
2015-12-24,0.5460026711488768
2015-12-28,0.5462356339969381
2015-12-29,0.5464463548349854
2015-12-30,0.5464011446651836
2015-12-31,0.5461122819073713
2016-01-04,0.5464848646889664
2016-01-05,0.5467809994046561
2016-01-06,0.5485979894167919
2016-01-07,0.5523067414276932
2016-01-08,0.555566668074119
2016-01-11,0.5565469947973409
2016-01-12,0.5562320186975593
2016-01-13,0.556356666505922
2016-01-14,0.5560765486861302
2016-01-15,0.5556885945914483
2016-01-19,0.5559972835884224
2016-01-20,0.5559972835884224
2016-01-21,0.5557183416902715
2016-01-22,0.5556016898219832
2016-01-25,0.5563030000893678
2016-01-26,0.5563030000893678
2016-01-27,0.5547369135143234
2016-01-28,0.5535653925531225
2016-01-29,0.5536253256126195
2016-02-01,0.5534583859735837
2016-02-02,0.555071862591394
2016-02-03,0.5549903381962351
2016-02-04,0.5550322963150263
2016-02-05,0.5553245186596829
2016-02-08,0.5562878227595703
2016-02-09,0.555897914438303
2016-02-10,0.5561334000893429
2016-02-11,0.5562527009015336
2016-02-12,0.5569614713949169
2016-02-16,0.5572426737778677
2016-02-17,0.5604625179850281
2016-02-18,0.5608124236172812
2016-02-19,0.5611684978759172
2016-02-22,0.5613666868100381
2016-02-23,0.5615254286839505
2016-02-24,0.56161015648341
2016-02-25,0.561453617097158
2016-02-26,0.561021120669062
2016-02-29,0.5601179354775189
2016-03-01,0.5599581098085263
2016-03-02,0.5597258577070198
2016-03-03,0.5590179875275454
2016-03-04,0.5583080026452383
2016-03-07,0.5586263183411891
2016-03-08,0.5579912396069646
2016-03-09,0.5583902170342391
2016-03-10,0.5595922155076701
2016-03-11,0.5588689996708655
2016-03-14,0.5591085308633934
2016-03-15,0.5576299790163716
2016-03-16,0.5570687959098308
2016-03-17,0.556263858987392
2016-03-18,0.5571071807770742
2016-03-21,0.5574270095323938
2016-03-22,0.5583522879400614
2016-03-23,0.558271565239258
2016-03-24,0.5590766540153213
2016-03-28,0.5578693612786114
2016-03-29,0.5597254594408587
2016-03-30,0.559683649476389
2016-03-31,0.560210102283681
2016-04-01,0.5588379336572602
2016-04-04,0.5573408314371565
2016-04-05,0.5575826647235033
2016-04-06,0.5579886209164534
2016-04-07,0.5574590580949084
2016-04-08,0.5580697867585778
2016-04-11,0.5589291636404702
2016-04-12,0.5581924045048903
2016-04-13,0.5574948657944729
2016-04-14,0.5564229865243925
2016-04-15,0.5561684030400038
2016-04-18,0.555420655588583
2016-04-19,0.5556649507984807
2016-04-20,0.5562475622950113
2016-04-21,0.5558331151203726
2016-04-22,0.5561178410428392
2016-04-25,0.5552041902496729
2016-04-26,0.5550736249016924
2016-04-27,0.5558616512169051
2016-04-28,0.5551583631210534
2016-04-29,0.5552841745691888
2016-05-02,0.5549090208300756
2016-05-03,0.5528164806393485
2016-05-04,0.5547696409978028
2016-05-05,0.5551051695717111
2016-05-06,0.5540563950770597
2016-05-09,0.5520278598197391
2016-05-10,0.5519606161525218
2016-05-11,0.550296567617276
2016-05-12,0.5500465605091666
2016-05-13,0.5500531137681447
2016-05-16,0.5497047294693669
2016-05-17,0.5497868322739742
2016-05-18,0.5493358454586702
2016-05-19,0.5491503674728548
2016-05-20,0.5492661703268494
2016-05-23,0.5490873516429761
2016-05-24,0.549034851918413
2016-05-25,0.5494996771423241
2016-05-26,0.5506104441870782
2016-05-27,0.5515019690141614
2016-05-31,0.5527256745815106
2016-06-01,0.5530298234085052
2016-06-02,0.5530463449058888
2016-06-03,0.5505586840332531
2016-06-06,0.550413088861022
2016-06-07,0.552223914862806
2016-06-08,0.553330431491086
2016-06-09,0.5547696409978028
2016-06-10,0.5543161660734844
2016-06-13,0.5550250393793734
2016-06-14,0.5561050097792295
2016-06-15,0.5562725813397214
2016-06-16,0.5558507735702477
2016-06-17,0.5557243190477132
2016-06-20,0.5553073893523296
2016-06-21,0.5544633158104715
2016-06-22,0.5550150941290535
2016-06-23,0.5530501187913103
2016-06-24,0.5549038841119073
2016-06-27,0.5585634681335314
2016-06-28,0.5587275046113154
2016-06-29,0.5586050968223598
2016-06-30,0.5593813033056916
2016-07-01,0.5617421855001482
2016-07-05,0.5612959870548281
2016-07-06,0.5619579489801676
2016-07-07,0.5629674585188267
2016-07-08,0.5630234149665716
2016-07-11,0.5631806947097032
2016-07-12,0.5633789039269902
2016-07-13,0.5632179703357924
2016-07-14,0.5630195756782492
2016-07-15,0.5630234149665716
2016-07-18,0.5620162614197205
2016-07-19,0.562873274302647
2016-07-20,0.5636395826198075
2016-07-21,0.5632179703357924
2016-07-22,0.5632471818995506
2016-07-25,0.5631198733374985
2016-07-26,0.5620237541018965
2016-07-27,0.5613354339308829
2016-07-28,0.5622531208624484
2016-07-29,0.5612393791104077
2016-08-01,0.5617210598440815
2016-08-02,0.5613914790434297
2016-08-03,0.561669457897316
2016-08-04,0.5619530262872385
2016-08-05,0.5612677252996082
2016-08-08,0.5615507427204658
2016-08-09,0.5617448222250384
2016-08-10,0.5627447174376815
2016-08-11,0.561817148162224
2016-08-12,0.5625790515044752
2016-08-15,0.5641879557738911
2016-08-16,0.5626253746285549
2016-08-17,0.5626988177336866
2016-08-18,0.5626253746285549
2016-08-19,0.5636406962247461
2016-08-22,0.5662174916702449
2016-08-23,0.5665792131558948
2016-08-24,0.5656324603423294
2016-08-25,0.5644849286780241
2016-08-26,0.5640613708514408
2016-08-29,0.5638604663487606
2016-08-30,0.5637041781081185
2016-08-31,0.5632193818145559
2016-09-01,0.5641499378229257
2016-09-02,0.5641499378229257
2016-09-06,0.5639810657474656
2016-09-07,0.5650017239856376
2016-09-08,0.5662743555801162
2016-09-09,0.5658155072338418
2016-09-12,0.5657929642886885
2016-09-13,0.5667463464113004
2016-09-14,0.5669725011574943
2016-09-15,0.5670190165018627
2016-09-16,0.5660659846097521
2016-09-19,0.5657133531366779
2016-09-20,0.5665806511123572
2016-09-21,0.5645887426367845
2016-09-22,0.5643964805756728
2016-09-23,0.5646822342668427
2016-09-26,0.5649591462751664
2016-09-27,0.5652709025010944
2016-09-28,0.5650831786403446
2016-09-29,0.5643850583264066
2016-09-30,0.5636600963835408
2016-10-03,0.5628927547344473
2016-10-04,0.5626231785758053
2016-10-05,0.561425988766581
2016-10-06,0.560810387314858
2016-10-07,0.560534240723403
2016-10-10,0.5590490067817163
2016-10-11,0.5577581553829252
2016-10-12,0.5566929984879516
2016-10-13,0.5568881468974203
2016-10-14,0.5579127635198647
2016-10-17,0.5570815052035518
2016-10-18,0.5566865171325824
2016-10-19,0.5560879641360862
2016-10-20,0.5562470247293975
2016-10-21,0.5584277616261051
2016-10-24,0.5594152329881371
2016-10-25,0.5584655541587852
2016-10-26,0.5575979064403318
2016-10-27,0.5587026485351057
2016-10-28,0.5586227961418677
2016-10-31,0.5581106265512472
2016-11-01,0.5588609235749485
2016-11-02,0.5565672870397657
2016-11-03,0.5586660618070549
2016-11-04,0.5591414536176879
2016-11-07,0.5585858594237406
2016-11-08,0.5588632134254577
2016-11-09,0.5603661610479601
2016-11-10,0.5600149755278954
2016-11-11,0.5591062343474205
2016-11-14,0.5593881750751499
2016-11-15,0.5601040014681277
2016-11-16,0.5607395091088858
2016-11-17,0.5599807660880987
2016-11-18,0.5606533043677456
2016-11-21,0.5602179876721723
2016-11-22,0.5607374936285477
2016-11-23,0.5616988776212539
2016-11-25,0.562484623979479
2016-11-28,0.5606533043677456
2016-11-29,0.5596277840917191
2016-11-30,0.5607092946975148
2016-12-01,0.5608601213554755
2016-12-02,0.559625454113843
2016-12-05,0.5593862131671062
2016-12-06,0.559704390048365
2016-12-07,0.5598180639387621
2016-12-08,0.5603696047788896
2016-12-09,0.5601747851434724
2016-12-12,0.5607395091088858
2016-12-13,0.5610144002930997
2016-12-14,0.5603364703858601
2016-12-15,0.5601379163942842
2016-12-16,0.5591853494697449
2016-12-19,0.5593034181483315
2016-12-20,0.5590633576757041
2016-12-21,0.5595398516417305
2016-12-22,0.5592979620872234
2016-12-23,0.560165358471957
2016-12-27,0.5609168836876476
2016-12-28,0.5613914790434297
2016-12-29,0.5611495428740418
2016-12-30,0.5613441296614454
2017-01-03,0.5607951827490569
2017-01-04,0.5600888100718777
2017-01-05,0.5603262921007617
2017-01-06,0.5603627278007812
2017-01-09,0.5600062833567515
2017-01-10,0.5599665412894539
2017-01-11,0.5605904664541594
2017-01-12,0.5602716133216348
2017-01-13,0.5599581098085263
2017-01-17,0.5595991648184917
2017-01-18,0.5605397279328012
2017-01-19,0.5606168625569677
2017-01-20,0.5594811011541158
2017-01-23,0.5584639437947236
2017-01-24,0.5573243555429238
2017-01-25,0.5564580524761086
2017-01-26,0.5561364077153401
2017-01-27,0.5552631492668252
2017-01-30,0.556447971198713
2017-01-31,0.5558535506577937
2017-02-01,0.5561652744347388
2017-02-02,0.5546478744130984
2017-02-03,0.5543584230704632
2017-02-06,0.554030955740861
2017-02-07,0.5542342845947186
2017-02-08,0.5556797784942131
2017-02-09,0.5561258407786827
2017-02-10,0.5552195840020422
2017-02-13,0.556204718712768
2017-02-14,0.5562456002630346
2017-02-15,0.5557302697484431
2017-02-16,0.5557284493029382
2017-02-17,0.5558826527706439
2017-02-21,0.5558501022146096
2017-02-22,0.5561303832853897
2017-02-23,0.5562541145459975
2017-02-24,0.5570854135083719
2017-02-27,0.5573237596689289
2017-02-28,0.5559924932840645
2017-03-01,0.5562722980810499
2017-03-02,0.5567764589273627
2017-03-03,0.5555940885501631
2017-03-06,0.5530437585283495
2017-03-07,0.5511780886873631
2017-03-08,0.5514760585326566
2017-03-09,0.5498652057593721
2017-03-10,0.5499298002723271
2017-03-13,0.5483189769402709
2017-03-14,0.5476805765562627
2017-03-15,0.5466799400542115
2017-03-16,0.5466359186670776
2017-03-17,0.5456304313533475
2017-03-20,0.5448839567980972
2017-03-21,0.5437101332436737
2017-03-22,0.5440685662744194
2017-03-23,0.5445056353092372
2017-03-24,0.5443036417365391
2017-03-27,0.5443036417365391
2017-03-28,0.5440742228115587
2017-03-29,0.5426121967384409
2017-03-30,0.5415977559585754
2017-03-31,0.5415597258084779
2017-04-03,0.5393623712974407
2017-04-04,0.5391441695436403
2017-04-05,0.5387822059439735
2017-04-06,0.5392978301344551
2017-04-07,0.5387522293363005
2017-04-10,0.5403305967737465
2017-04-11,0.5410229236369603
2017-04-12,0.54064458226433
2017-04-13,0.5401518960724891
2017-04-17,0.5400762515209742
2017-04-18,0.5403549711631667
2017-04-19,0.5408280203439022
2017-04-20,0.5397037031773366
2017-04-21,0.5385713201451208
2017-04-24,0.5381123308056223
2017-04-25,0.5386840536930474
2017-04-26,0.5388799619350552
2017-04-27,0.5390011704232568
2017-04-28,0.5391903173301102
2017-05-01,0.5385097647997241
2017-05-02,0.5379560583156647
2017-05-03,0.5382209442419579
2017-05-04,0.5384566063628928
2017-05-05,0.5378962608346338
2017-05-08,0.5395549056794541
2017-05-09,0.5416990107409353
2017-05-10,0.5427529742687024
2017-05-11,0.542926672253391
2017-05-12,0.5423940893602834
2017-05-15,0.5424078014054726
2017-05-16,0.5411173274298973
2017-05-17,0.5407683429143254
2017-05-18,0.5407525093419017
2017-05-19,0.5398637041940219
2017-05-22,0.5402275814450903
2017-05-23,0.5399628611554681
2017-05-24,0.5395945618108381
2017-05-25,0.5407878690225324
2017-05-26,0.5416361082321348
2017-05-30,0.5429031335576707
2017-05-31,0.543026274057264
2017-06-01,0.5408303073166777
2017-06-02,0.5415734888025553
2017-06-05,0.542366803010148
2017-06-06,0.5424923951859412
2017-06-07,0.5421644839939929
2017-06-08,0.5428281724027468
2017-06-09,0.5435763054311893
2017-06-12,0.5450328987309272
2017-06-13,0.5446201883648957
2017-06-14,0.5448085660893912
2017-06-15,0.5444424404683483
2017-06-16,0.5450845172484043
2017-06-19,0.5438425345637531
2017-06-20,0.5440940570269858
2017-06-21,0.5445654888625621
2017-06-22,0.5449540398700022
2017-06-23,0.5448989867548856
2017-06-26,0.5453588190890007
2017-06-27,0.5443755664370813
2017-06-28,0.5437364714684589
2017-06-29,0.5436028245691928
2017-06-30,0.5436929540095915
2017-07-03,0.5446782623196684
2017-07-05,0.5445279176098475
2017-07-06,0.5440778368980765
2017-07-07,0.5442277051703429
2017-07-10,0.5446133103504862
2017-07-11,0.546045431084565
2017-07-12,0.545659519107984
2017-07-13,0.5455090896783552
2017-07-14,0.5447765958095098
2017-07-17,0.5452837432748426
2017-07-18,0.5449364478434706
2017-07-19,0.5453309350866379
2017-07-20,0.5468526986071393
2017-07-21,0.546886625494395
2017-07-24,0.5472665546777375
2017-07-25,0.5476445321934388
2017-07-26,0.5478707133801973
2017-07-27,0.5461510992404452
2017-07-28,0.5468141240439613
2017-07-31,0.5473371040401609
2017-08-01,0.548280878665269
2017-08-02,0.5483767471588312
2017-08-03,0.5481322706603454
2017-08-04,0.5484565811560962
2017-08-07,0.5487196812691141
2017-08-08,0.549882781001367
2017-08-09,0.5503173254352609
2017-08-10,0.550154428423966
2017-08-11,0.5486624188789588
2017-08-14,0.5482119628267741
2017-08-15,0.5473039386376019
2017-08-16,0.5476424361077019
2017-08-17,0.5468789302251006
2017-08-18,0.547447147343514
2017-08-21,0.5466645202546189
2017-08-22,0.5466675259157057
2017-08-23,0.5475656663396253
2017-08-24,0.5480805612414349
2017-08-25,0.5496063667079166
2017-08-28,0.5508761786701816
2017-08-29,0.5519225752277803
2017-08-30,0.5508604733327345
2017-08-31,0.5503483698941796
2017-09-01,0.5505730691934188
2017-09-05,0.5496621681545814
2017-09-06,0.5496863780556938
2017-09-07,0.5492832380249336
2017-09-08,0.5496010795018245
2017-09-11,0.5469195586623231
2017-09-12,0.5481314941046656
2017-09-13,0.5477016322176049
2017-09-14,0.548781178461724
2017-09-15,0.5492942095277875
2017-09-18,0.5500848017204534
2017-09-19,0.5501642765944545
2017-09-20,0.551710091106081
2017-09-21,0.5513916933636727
2017-09-22,0.5515440987299863
2017-09-25,0.552300916980354
2017-09-26,0.5523462837650254
2017-09-27,0.5527239824085557
2017-09-28,0.5528311368854562
2017-09-29,0.5535967663101132
2017-10-02,0.553526026126588
2017-10-03,0.554273379485122
2017-10-04,0.5547690067107868
2017-10-05,0.5548550430497313
2017-10-06,0.5554522047718184
2017-10-09,0.5557173529634937
2017-10-10,0.5554968559351819
2017-10-11,0.5554267175487676
2017-10-12,0.5552135772099901
2017-10-13,0.5560706798513706
2017-10-16,0.5571489605484272
2017-10-17,0.5573372676157075
2017-10-18,0.5584046374806884
2017-10-19,0.5586975727054596
2017-10-20,0.5575624820617849
2017-10-23,0.5572703810182077
2017-10-24,0.5574526349643483
2017-10-25,0.5553786967174913
2017-10-26,0.5562124245680015
2017-10-27,0.5560311931194749
2017-10-30,0.556103658782073
2017-10-31,0.5549373865959367
2017-11-01,0.5551242041304038
2017-11-02,0.5558517721309779
2017-11-03,0.5567669338054562
2017-11-06,0.5582559138272966
2017-11-07,0.5578931161849987
2017-11-08,0.5580019829651709
2017-11-09,0.5574253332432698
2017-11-10,0.5570285386272394
2017-11-13,0.5570652065469124
2017-11-14,0.5561259787365735
2017-11-15,0.5558411033283656
2017-11-16,0.5560528833849985
2017-11-17,0.5561245982940404
2017-11-20,0.5568507127961244
2017-11-21,0.5568480864590224
2017-11-22,0.5576057151586759
2017-11-24,0.5568480864590224
2017-11-27,0.5585432830282606
2017-11-28,0.5578238870061493
2017-11-29,0.5575357227174451
2017-11-30,0.5576807265661624
2017-12-01,0.557177546284418
2017-12-04,0.5571039284664511
2017-12-05,0.5563127982253165
2017-12-06,0.5564569626109891
2017-12-07,0.5566735960084597
2017-12-08,0.5563127982253165
2017-12-11,0.55624134130846
2017-12-12,0.5571749590356189
2017-12-13,0.5578947742015424
2017-12-14,0.5581826977361063
2017-12-15,0.5572808909891063
2017-12-18,0.5572437168889546
2017-12-19,0.5571336733957539
2017-12-20,0.5567327154477145
2017-12-21,0.5581106265512472
2017-12-22,0.559227819667587
2017-12-26,0.5596933470494646
2017-12-27,0.5614938354274474
2017-12-28,0.5623465927036866
2017-12-29,0.5613643631725806
2018-01-02,0.5614728563820031
2018-01-03,0.5607619961517867
2018-01-04,0.5624892974007312
2018-01-05,0.5628012583225477
2018-01-08,0.5643435269548717
2018-01-09,0.5643887787553498
2018-01-10,0.5649714617927861
2018-01-11,0.5648016521046545
2018-01-12,0.5663462830925426
2018-01-16,0.566457245550171
2018-01-17,0.5669329065703036
2018-01-18,0.5672117391671072
2018-01-19,0.5662120089290742
2018-01-22,0.5650240828367776
2018-01-23,0.565479624040431
2018-01-24,0.5661248052496783
2018-01-25,0.5674894472062889
2018-01-26,0.5677503399160198
2018-01-29,0.5678323191844031
2018-01-30,0.5681055022000928
2018-01-31,0.5680205320718532
2018-02-01,0.5684354276297364
2018-02-02,0.5719451059117046
2018-02-05,0.5798928746948144
2018-02-06,0.5799933631209703
2018-02-07,0.5796450286471309
2018-02-08,0.5841726216400993
2018-02-09,0.5847249555289047
2018-02-12,0.5849762143830317
2018-02-13,0.585064148601042
2018-02-14,0.585291354408838
2018-02-15,0.588400814171599
2018-02-16,0.587641887041996
2018-02-20,0.587356431279053
2018-02-21,0.5868505722505442
2018-02-22,0.5872693208871548
2018-02-23,0.5873413176592196
2018-02-26,0.5886186632409602
2018-02-27,0.5884221145992535
2018-02-28,0.5891980483944518
2018-03-01,0.5891527746714281
2018-03-02,0.5891586706490547
2018-03-05,0.5901275233206368
2018-03-06,0.5905011374541973
2018-03-07,0.5910983047877537
2018-03-08,0.589506269321839
2018-03-09,0.5883816444222454
2018-03-12,0.5891616288505998
2018-03-13,0.5869055129559545
2018-03-14,0.5887868186944132
2018-03-15,0.5892990043810518
2018-03-16,0.5891716660642283
2018-03-19,0.5886250738437399
2018-03-20,0.5879149041718775
2018-03-21,0.5878413955641897
2018-03-22,0.589662860840864
2018-03-23,0.5926014027025691
2018-03-26,0.5926014027025691
2018-03-27,0.5926740437513641
2018-03-28,0.5929794950850317
2018-03-29,0.5929431217220517
2018-04-02,0.5936098299510574
2018-04-03,0.593204815774542
2018-04-04,0.5929576822653321
2018-04-05,0.5930012743793477
2018-04-06,0.5928340509637142
2018-04-09,0.5929722075409071
2018-04-10,0.5931109481347977
2018-04-11,0.5931915713649271
2018-04-12,0.5930380695989113
2018-04-13,0.5939872426783934
2018-04-16,0.5932295689239134
2018-04-17,0.5915373294488789
2018-04-18,0.5916647754520941
2018-04-19,0.5914767243450714
2018-04-20,0.5930166023172108
2018-04-23,0.5929350283701955
2018-04-24,0.5940782966963091
2018-04-25,0.5940869508230334
2018-04-26,0.5933420676847726
2018-04-27,0.5927863453910037
2018-04-30,0.5931207897588764
2018-05-01,0.5934186583418029
2018-05-02,0.5931869328058518
2018-05-03,0.5931128172014396
2018-05-04,0.5928979821631034
2018-05-07,0.5928460558900779
2018-05-08,0.5932169939638698
2018-05-09,0.5928460558900779
2018-05-10,0.5945597435114988
2018-05-11,0.5945830250439654
2018-05-14,0.5942796438755819
2018-05-15,0.5944521433530351
2018-05-16,0.5948871745299166
2018-05-17,0.5958697450778273
2018-05-18,0.5964147517758334
2018-05-21,0.5958533070823443
2018-05-22,0.5954530784037185
2018-05-23,0.594890140791205
2018-05-24,0.5954260116917164
2018-05-25,0.5943835619433162
2018-05-29,0.5939361390861426
2018-05-30,0.5938875606792382
2018-05-31,0.5938075507007281
2018-06-01,0.5937765465102761
2018-06-04,0.5937765465102761
2018-06-05,0.593910300388193
2018-06-06,0.5940271001878574
2018-06-07,0.5941805651954526
2018-06-08,0.5941523107441259
2018-06-11,0.5938278627675195
2018-06-12,0.5939673392701423
2018-06-13,0.5936861887271342
2018-06-14,0.5946852485884309
2018-06-15,0.5956751936070179
2018-06-18,0.5935451171391664
2018-06-19,0.593947618728207
2018-06-20,0.5941034426858498
2018-06-21,0.5927808475026619
2018-06-22,0.5912450542962331
2018-06-25,0.5929794950850317
2018-06-26,0.5929942863798863
2018-06-27,0.5933342569483151
2018-06-28,0.5918423252776083
2018-06-29,0.5930617045557409
2018-07-02,0.5926510767955925
2018-07-03,0.5923530959181674
2018-07-05,0.5920556668684519
2018-07-06,0.5926299111268706
2018-07-09,0.59300914639219
2018-07-10,0.5928758175235421
2018-07-11,0.5934174068871761
2018-07-12,0.5930760467292308
2018-07-13,0.5928157654159074
2018-07-16,0.5937689077308111
2018-07-17,0.5932247009452201
2018-07-18,0.5933734925833593
2018-07-19,0.5931579931996533
2018-07-20,0.5927707830221244
2018-07-23,0.5918545702475656
2018-07-24,0.5894463782329987
2018-07-25,0.5895569980770902
2018-07-26,0.5894698424660867
2018-07-27,0.589328579546454
2018-07-30,0.5880093179978709
2018-07-31,0.5882168698040066
2018-08-01,0.5887011474240388
2018-08-02,0.5887357889336097
2018-08-03,0.5891959408999846
2018-08-06,0.5891015718057007
2018-08-07,0.590053111152957
2018-08-08,0.5902149417601942
2018-08-09,0.5897787276759847
2018-08-10,0.5894800482822996
2018-08-13,0.5903612443483423
2018-08-14,0.5906617539505248
2018-08-15,0.589885798332072
2018-08-16,0.5889318618029518
2018-08-17,0.5879644989578032
2018-08-20,0.5883611585804522
2018-08-21,0.5879481127608603
2018-08-22,0.5882121834256716
2018-08-23,0.588587796152462
2018-08-24,0.588152757954037
2018-08-27,0.587606816244226
2018-08-28,0.5882242225935785
2018-08-29,0.58779453953706
2018-08-30,0.587665025946812
2018-08-31,0.5873663248018484
2018-09-04,0.5877416224184796
2018-09-05,0.5877583665010694
2018-09-06,0.5875329079192474
2018-09-07,0.5870085722931878
2018-09-10,0.5871235446192189
2018-09-11,0.5873313498122529
2018-09-12,0.5859559792987018
2018-09-13,0.5861447705488829
2018-09-14,0.5851822548030865
2018-09-17,0.5856895327347609
2018-09-18,0.5852918149126312
2018-09-19,0.5861803941188665
2018-09-20,0.5850911151641042
2018-09-21,0.5842174531774721
2018-09-24,0.5833458856838414
2018-09-25,0.5836829850580456
2018-09-26,0.5831630676853432
2018-09-27,0.5829348555644865
2018-09-28,0.5832377378740973
2018-10-01,0.5816496882028216
2018-10-02,0.5823549434962096
2018-10-03,0.5830389156836152
2018-10-04,0.58082207388694
2018-10-05,0.5814338401374713
2018-10-08,0.5820157087653492
2018-10-09,0.5821796846380756
2018-10-10,0.5854480519581484
2018-10-11,0.5903386988835012
2018-10-12,0.5933322549701741
2018-10-15,0.592236823433014
2018-10-16,0.5903665689815225
2018-10-17,0.5895427467971043
2018-10-18,0.5887035048668262
2018-10-19,0.5870890268462275
2018-10-22,0.5856849029790021
2018-10-23,0.5846003551159138
2018-10-24,0.586869811357178
2018-10-25,0.5874900838467734
2018-10-26,0.5889623939749892
2018-10-29,0.589117199483809
2018-10-30,0.5892299459194957
2018-10-31,0.5909292715701944
2018-11-01,0.5916610366324044
2018-11-02,0.5917407918011727
2018-11-05,0.591377323814291
2018-11-06,0.5919009703669296
2018-11-07,0.592491036286568
2018-11-08,0.5934386586168279
2018-11-09,0.5935725472040002
2018-11-12,0.5945507921479248
2018-11-13,0.5959162760233346
2018-11-14,0.5983800717234897
2018-11-15,0.5976644287575476
2018-11-16,0.597591229481051
2018-11-19,0.5986840828855791
2018-11-20,0.5998634644222158
2018-11-21,0.6004118536239891
2018-11-23,0.6004068561248511
2018-11-26,0.6018504163557191
2018-11-27,0.6022450396149936
2018-11-28,0.6034253975519656
2018-11-29,0.6052872040372425
2018-11-30,0.6063444260014882
2018-12-03,0.606404430114446
2018-12-04,0.606404430114446
2018-12-06,0.6074264350465588
2018-12-07,0.6121288990527146
2018-12-10,0.6118810603742533
2018-12-11,0.6129931757410793
2018-12-12,0.6122164429200531
2018-12-13,0.612316466791548
2018-12-14,0.6115447093803873
2018-12-17,0.613277310281526
2018-12-18,0.615501934531178
2018-12-19,0.6161817235257506
2018-12-20,0.619021090536334
2018-12-21,0.6228868649873157
2018-12-24,0.6302612681514951
2018-12-26,0.6305952979726903
2018-12-27,0.6319056227718626
2018-12-28,0.6328482364124937
2018-12-31,0.6327683002544338
2019-01-02,0.6326189269168713
2019-01-03,0.6322508584119451
2019-01-04,0.6323679495416814
2019-01-07,0.6313398651438586
2019-01-08,0.6284735396549483
2019-01-09,0.6259505536687705
2019-01-10,0.6269902430462317
2019-01-11,0.6259789713628373
2019-01-14,0.6254765533260046
2019-01-15,0.6257138142585378
2019-01-16,0.6260099689888563
2019-01-17,0.6248250393867992
2019-01-18,0.6256249890838192
2019-01-22,0.6250885847967791
2019-01-23,0.6263604917747084
2019-01-24,0.6283946581399688
2019-01-25,0.6270725675386083
2019-01-28,0.6260531098575206
2019-01-29,0.6249312725137278
2019-01-30,0.6251520869292378
2019-01-31,0.6258785788233778
2019-02-01,0.6270197934282644
2019-02-04,0.627120682637107
2019-02-05,0.6273126322171877
2019-02-06,0.6272380257821936
2019-02-07,0.6262525789141707
2019-02-08,0.6256331539372858
2019-02-11,0.6254159406808889
2019-02-12,0.6248554530731095
2019-02-13,0.6240988408612174
2019-02-14,0.6239218374270994
2019-02-15,0.6236625106313789
2019-02-19,0.6239963208654483
2019-02-20,0.622927034390076
2019-02-21,0.6229308609080967
2019-02-22,0.6234172715374833
2019-02-25,0.6234506092172589
2019-02-26,0.6228183241389988
2019-02-27,0.6247380231949087
2019-02-28,0.6233280731821225
2019-03-01,0.622739803273477
2019-03-04,0.6227020315712535
2019-03-05,0.6224796027320018
2019-03-06,0.6212982061184785
2019-03-07,0.6212616249874409
2019-03-08,0.6214813691786775
2019-03-11,0.621298275870673
2019-03-12,0.6214083102139113
2019-03-13,0.6215917641655018
2019-03-14,0.6223630888082273
2019-03-15,0.6226935794478409
2019-03-18,0.6223994159408359
2019-03-19,0.6234314601630376
2019-03-20,0.6238306660731158
2019-03-21,0.6234215202848709
2019-03-22,0.6233488329612994
2019-03-25,0.6232374742136578
2019-03-26,0.6233856675722911
2019-03-27,0.6233120061936653
2019-03-28,0.6220316103735624
2019-03-29,0.6226174257661529
2019-04-01,0.6229816979190859
2019-04-02,0.6229824787821432
2019-04-03,0.6229096661710501
2019-04-04,0.6244928637920768
2019-04-05,0.6245268886895204
2019-04-08,0.6252615881993756
2019-04-09,0.6244114508629945
2019-04-10,0.6240909483540903
2019-04-11,0.6253806686231133
2019-04-12,0.6231254441682512
2019-04-15,0.6241556476564836
2019-04-16,0.6239354237071081
2019-04-17,0.6243773880169466
2019-04-18,0.6252281757495056
2019-04-22,0.626642320233948
2019-04-23,0.6256006795890909
2019-04-24,0.6264517301474374
2019-04-25,0.6266744291873907
2019-04-26,0.6273986721078914
2019-04-29,0.6278640366070882
2019-04-30,0.6277495360746264
2019-05-01,0.6267868843689831
2019-05-02,0.6257379894896856
2019-05-03,0.6249743086321968
2019-05-06,0.6258962252990553
2019-05-07,0.6261580531506312
2019-05-08,0.6262684071703783
2019-05-09,0.626518860107837
2019-05-10,0.626197113952896
2019-05-13,0.6266436727389963
2019-05-14,0.6269136213222518
2019-05-15,0.6272821451250542
2019-05-16,0.6269110051556398
2019-05-17,0.6269214845724563
2019-05-20,0.6262707261391772
2019-05-21,0.6263443694592234
2019-05-22,0.6262039785531553
2019-05-23,0.6253603533612985
2019-05-24,0.6258074985316815
2019-05-28,0.6254743470590063
2019-05-29,0.626755067642654
2019-05-30,0.6271276978939464
2019-05-31,0.6270085638394852
2019-06-03,0.6279938924150458
2019-06-04,0.6278857341330891
2019-06-05,0.6301252840855545
2019-06-06,0.6295945468544363
2019-06-07,0.6307003346275759
2019-06-10,0.630476730937423
2019-06-11,0.630803336996483
2019-06-12,0.6324398679336923
2019-06-13,0.6324503862656886
2019-06-14,0.6327741905413423
2019-06-17,0.6331354859942785
2019-06-18,0.6307268287939627
2019-06-19,0.6310116482419161
2019-06-20,0.6332810635127585
2019-06-21,0.633383111847909
2019-06-24,0.6336158272860698
2019-06-25,0.6343181573178455
2019-06-26,0.6344576181120578
2019-06-27,0.6343940904609097
2019-06-28,0.6345268085566558
2019-07-01,0.6343058684155277
2019-07-02,0.6331466647727428
2019-07-03,0.6329962639005208
2019-07-05,0.6349978514360325
2019-07-08,0.6350623474385143
2019-07-09,0.6352743535885
2019-07-10,0.633527252497517
2019-07-11,0.6328729577298919
2019-07-12,0.632316255772717
2019-07-15,0.6312748072879975
2019-07-16,0.6326377370918367
2019-07-17,0.6324244606524133
2019-07-18,0.6319146081741736
2019-07-19,0.6335914852375341
2019-07-22,0.6333885640568049
2019-07-23,0.6331791712951893
2019-07-24,0.6320329128702317
2019-07-25,0.6331922010081719
2019-07-26,0.6331979849211217
2019-07-29,0.6339604686939445
2019-07-30,0.6338310806193896
2019-07-31,0.6332022166063715
2019-08-01,0.6337463690594106
2019-08-02,0.6345685411499404
2019-08-05,0.6389227273825958
2019-08-06,0.6397531337533915
2019-08-07,0.6393703556409527
2019-08-08,0.6407540195197513
2019-08-09,0.6410080247185034
2019-08-12,0.6409878234298559
2019-08-13,0.640887932520931
2019-08-14,0.642608132665781
2019-08-15,0.6427237798249202
2019-08-16,0.6429397289098232
2019-08-19,0.6433287182081757
2019-08-20,0.6433287182081757
2019-08-21,0.6433105132349541
2019-08-22,0.643477861099443
2019-08-23,0.640979898557777
2019-08-26,0.6428195403025929
2019-08-27,0.6435691736168974
2019-08-28,0.6435296417274267
2019-08-29,0.6440537620840409
2019-08-30,0.6442971740450596
2019-09-03,0.6446415201274666
2019-09-04,0.6445563730074406
2019-09-05,0.6440714304469378
2019-09-06,0.6439245841772843
2019-09-09,0.6430640544393699
2019-09-10,0.6428214101169892
2019-09-11,0.6437273875209861
2019-09-12,0.643964967747
2019-09-13,0.6443569574674207
2019-09-16,0.6440864799497933
2019-09-17,0.6440974068617472
2019-09-18,0.6472466554598285
2019-09-19,0.6502616292720509
2019-09-20,0.6481080642365723
2019-09-23,0.6487799146928388
2019-09-24,0.6486359533750877
2019-09-25,0.6480545030665888
2019-09-26,0.6482507655533559
2019-09-27,0.6476228568180445
2019-09-30,0.6483065377896661
2019-10-01,0.647926772106987
2019-10-02,0.6492806686333621
2019-10-03,0.6487307360083697
2019-10-04,0.6481221261950016
2019-10-07,0.6485805223324702
2019-10-08,0.6475918314933586
2019-10-09,0.6481166295285654
2019-10-10,0.6486989123638636
2019-10-11,0.6480798693055899
2019-10-14,0.6478664190416913
2019-10-15,0.6454005204119048
2019-10-16,0.6410721422246793
2019-10-17,0.6378290740980388
2019-10-18,0.6376582564716625
2019-10-21,0.6364999402315509
2019-10-22,0.6351952918911469
2019-10-23,0.6345302614773786
2019-10-24,0.6327596161067678
2019-10-25,0.6330565137953521
2019-10-28,0.6336821725927224
2019-10-29,0.632332332930348
2019-10-30,0.631825835512899
2019-10-31,0.6308982439448352
2019-11-01,0.6317066274177322
2019-11-04,0.632263622396697
2019-11-05,0.6341032811204842
2019-11-06,0.6328335534909417
2019-11-07,0.6329815001345741
2019-11-08,0.6332192597631994
2019-11-11,0.6335533990660616
2019-11-12,0.634538322047276
2019-11-13,0.6359972529202759
2019-11-14,0.6387527613106428
2019-11-15,0.6374489662172752
2019-11-18,0.6373933673071155
2019-11-19,0.6374648472518082
2019-11-20,0.6370669364054484
2019-11-21,0.6377040199763105
2019-11-22,0.6376878926473145
2019-11-25,0.6368668149325027
2019-11-26,0.6374487030514906
2019-11-27,0.6361927124096837
2019-11-29,0.6354462033269583
2019-12-02,0.6352212047882455
2019-12-03,0.6370638282726752
2019-12-04,0.6373843449234428
2019-12-05,0.6378259965747027
2019-12-06,0.6373442488619631
2019-12-09,0.636106421217915
2019-12-10,0.6355164502427383
2019-12-11,0.6358441592761362
2019-12-12,0.6347111257067699
2019-12-13,0.6348968837979989
2019-12-16,0.6347044885201051
2019-12-17,0.6345387977196223
2019-12-18,0.6350562652582614
2019-12-19,0.6348436555042737
2019-12-20,0.6336970731488785
2019-12-23,0.6349103567719193
2019-12-24,0.6355399324800016
2019-12-26,0.6346117268812738
2019-12-27,0.635234979689527
2019-12-30,0.6338744155665201
2019-12-31,0.6351647990834491
2020-01-02,0.6349441566248015
2020-01-03,0.634917715218391
2020-01-06,0.635077803418184
2020-01-07,0.6345646305364687
2020-01-08,0.6337126418240278
2020-01-09,0.6324925132963188
2020-01-10,0.6347648086309889
2020-01-13,0.6347713508309537
2020-01-14,0.6338672110778899
2020-01-15,0.633136547984081
2020-01-16,0.6316183019997165
2020-01-17,0.6301203657823327
2020-01-21,0.6273999596622404
2020-01-22,0.6284133380363518
2020-01-23,0.62938132920443
2020-01-24,0.6282050624943184
2020-01-27,0.6291703031691317
2020-01-28,0.6292848043915265
2020-01-29,0.6287193147003547
2020-01-30,0.6290432727637649
2020-01-31,0.6296968409822039
2020-02-03,0.6297322903077687
2020-02-04,0.6300100205628387
2020-02-05,0.6302651959220479
2020-02-06,0.6306281151069741
2020-02-07,0.6307257037337688
2020-02-10,0.6309044247045816
2020-02-11,0.631873756555566
2020-02-12,0.6306791245217664
2020-02-13,0.6305794826512766
2020-02-14,0.6308901557732424
2020-02-18,0.6311226582515521
2020-02-19,0.6307045240694428
2020-02-20,0.6303949865064132
2020-02-21,0.6295607346387491
2020-02-24,0.6353111771189226
2020-02-25,0.643625897210799
2020-02-26,0.6476959977124767
2020-02-27,0.6544391211564581
2020-02-28,0.6616275264225445
2020-03-02,0.6616275264225445
2020-03-03,0.6597445216593607
2020-03-04,0.6630061296274191
2020-03-05,0.6630020069574133
2020-03-06,0.6644252511868737
2020-03-09,0.6787964493534913
2020-03-10,0.6788999493473319
2020-03-11,0.6843466475926647
2020-03-12,0.7155614700608599
2020-03-13,0.7154524204418429
2020-03-16,0.7367919097488924
2020-03-17,0.7370340372362246
2020-03-18,0.741064202810264
2020-03-19,0.7426213698320868
2020-03-20,0.7468567706842163
2020-03-23,0.7512151691700295
2020-03-24,0.7530908195120749
2020-03-25,0.754188163884628
2020-03-26,0.7650803316520229
2020-03-27,0.7686740924451115
2020-03-30,0.7721027498499936
2020-03-31,0.7718577623890702
2020-04-01,0.7733793418272412
2020-04-02,0.7737022414790713
2020-04-03,0.7745441162264832
2020-04-06,0.7793278594951004
2020-04-07,0.7810396870943973
2020-04-08,0.785612767980253
2020-04-09,0.7888456338777977
2020-04-13,0.7893561058991837
2020-04-14,0.7919362965645175
2020-04-15,0.7917227766115056
2020-04-16,0.7933876109404773
2020-04-17,0.7919816227554476
2020-04-20,0.7917204574185267
2020-04-21,0.7937204996824209
2020-04-22,0.7937036600984996
2020-04-23,0.7939726357818342
2020-04-24,0.7928504435944184
2020-04-27,0.7948278602131245
2020-04-28,0.7957911950930694
2020-04-29,0.7971564521502329
2020-04-30,0.7971068450871914
2020-05-01,0.8011623051839384
2020-05-04,0.8020368309490722
2020-05-05,0.8021061702523907
2020-05-06,0.8020974057063959
2020-05-07,0.8018253025074402
2020-05-08,0.8027212356781666
2020-05-11,0.802252513058593
2020-05-12,0.8015281270604744
2020-05-13,0.8036336274336336
2020-05-14,0.8036840720194245
2020-05-15,0.8032352000587414
2020-05-18,0.8063966281367808
2020-05-19,0.8079006091653224
2020-05-20,0.8082409110294179
2020-05-21,0.8089074690071868
2020-05-22,0.8091275003561031
2020-05-26,0.809004514446742
2020-05-27,0.8094049249711166
2020-05-28,0.8094597383485743
2020-05-29,0.8104192297742498
2020-06-01,0.810620170489787
2020-06-02,0.8109264425903816
2020-06-03,0.8121496903479536
2020-06-04,0.8118380980555376
2020-06-05,0.8128693117932997
2020-06-08,0.8148769782299273
2020-06-09,0.8142659365182316
2020-06-10,0.813459480377444
2020-06-11,0.8210030932328625
2020-06-12,0.8230237072446165
2020-06-15,0.8234131300111622
2020-06-16,0.8235907574043854
2020-06-17,0.8233988831702884
2020-06-18,0.8257705536809589
2020-06-19,0.8260073643838025
2020-06-22,0.8263837253603554
2020-06-23,0.8253734177726256
2020-06-24,0.8260740012970395
2020-06-25,0.8259673125425376
2020-06-26,0.8258405632684611
2020-06-29,0.8253210174679115
2020-06-30,0.8290313295158075
2020-07-01,0.8298823086750224
2020-07-02,0.8296887104888278
2020-07-06,0.8336387514183601
2020-07-07,0.8337099106908966
2020-07-08,0.8339078436734412
2020-07-09,0.8327288444308222
2020-07-10,0.8328701552802416
2020-07-13,0.8319810937007897
2020-07-14,0.8308837622288445
2020-07-15,0.8352395101654997
2020-07-16,0.8354728557415868
2020-07-17,0.8351603998651459
2020-07-20,0.8341771752680044
2020-07-21,0.8339381530685741
2020-07-22,0.8331482351347775
2020-07-23,0.831799964672861
2020-07-24,0.830771300594597
2020-07-27,0.8308899157534184
2020-07-28,0.8306426463044749
2020-07-29,0.8306191077807155
2020-07-30,0.8294783996021785
2020-07-31,0.8315136057959752
2020-08-03,0.8314044185841587
2020-08-04,0.8313447163930477
2020-08-05,0.8311897136767769
2020-08-06,0.8318902587811748
2020-08-07,0.8319383664273389
2020-08-10,0.8325761532756715
2020-08-11,0.8321602701337187
2020-08-12,0.8312178856683126
2020-08-13,0.8332417046362999
2020-08-14,0.8340929010165324
2020-08-17,0.8340933830867281
2020-08-18,0.8345713826428602
2020-08-19,0.8340668447044595
2020-08-20,0.8349223583491893
2020-08-21,0.8342154350235906
2020-08-24,0.8326384318215
2020-08-25,0.8324963583029008
2020-08-26,0.8308570695238692
2020-08-27,0.8340517855552652
2020-08-28,0.8346714968663669
2020-08-31,0.834232440640451
2020-09-01,0.8342096036582388
2020-09-02,0.8336270528966521
2020-09-03,0.8341887975111699
2020-09-04,0.8351725393323411
2020-09-08,0.837514399135364
2020-09-09,0.8372877192641648
2020-09-10,0.8362241911344414
2020-09-11,0.8359451336757601
2020-09-14,0.8340637984731842
2020-09-15,0.8312890611319665
2020-09-16,0.8289142627600854
2020-09-17,0.825556776409359
2020-09-18,0.824793254255392
2020-09-21,0.8232453411994183
2020-09-22,0.826107624030759
2020-09-23,0.8263382363345334
2020-09-24,0.8259831299182194
2020-09-25,0.8289108322958069
2020-09-28,0.8303516985019035
2020-09-29,0.8309870767378845
2020-09-30,0.8313310208536792
2020-10-01,0.8303010665824221
2020-10-02,0.8278857283196228
2020-10-05,0.8276623608438916
2020-10-06,0.8277996088767431
2020-10-07,0.8270605299875982
2020-10-08,0.8256916849910013
2020-10-09,0.8243060480921122
2020-10-12,0.8225576847741647
2020-10-13,0.8205178037123099
2020-10-14,0.8220918315793391
2020-10-15,0.8221758859232992
2020-10-16,0.8219281946860982
2020-10-19,0.8216109942024489
2020-10-20,0.8205836445488638
2020-10-21,0.8179839525401951
2020-10-22,0.815501224343943
2020-10-23,0.8152710034323147
2020-10-26,0.8144283832680089
2020-10-27,0.81320702587297
2020-10-28,0.8148455891483337
2020-10-29,0.8181850539171043
2020-10-30,0.8191325591096638
2020-11-02,0.8183716865138794
2020-11-03,0.8196101993815312
2020-11-04,0.8205800715782231
2020-11-05,0.8244751626952445
2020-11-06,0.8243021188385026
2020-11-09,0.8214415692134083
2020-11-10,0.825556776409359
2020-11-11,0.8264768501659129
2020-11-12,0.8262939980492465
2020-11-13,0.8268606155367141
2020-11-16,0.8273336059187928
2020-11-17,0.8269745651603049
2020-11-18,0.828177327115752
2020-11-19,0.828584947163553
2020-11-20,0.8289698951235456
2020-11-23,0.8306735715820497
2020-11-24,0.8309952733775644
2020-11-25,0.8304934659000887
2020-11-27,0.8286818164734236
2020-11-30,0.8285433914380931
2020-12-01,0.8305052960854559
2020-12-02,0.8305444398108415
2020-12-03,0.8318223564626587
2020-12-04,0.8303493999272589
2020-12-07,0.830336211520881
2020-12-08,0.8307400251818944
2020-12-09,0.8283722660550946
2020-12-10,0.8268538478376994
2020-12-11,0.8242671051151241
2020-12-14,0.8232053064134442
2020-12-15,0.8214695812679389
2020-12-16,0.8206878261602608
2020-12-17,0.8210550135835497
2020-12-18,0.8207557600535039
2020-12-21,0.8203480040234484
2020-12-22,0.8210274771296171
2020-12-23,0.8219540101359641
2020-12-24,0.8216943423300922
2020-12-28,0.8212340575507082
2020-12-29,0.8218119081015662
2020-12-30,0.8223216399463098
2020-12-31,0.8209138079682219
2021-01-04,0.819621350205857
2021-01-05,0.8202846638205489
2021-01-06,0.820419627197817
2021-01-07,0.8198409599749179
2021-01-08,0.8195683538366654
2021-01-11,0.8200534236382282
2021-01-12,0.8201164546072245
2021-01-13,0.8213210393943812
2021-01-14,0.8182489276216441
2021-01-15,0.8165119189768085
2021-01-19,0.8166896229625442
2021-01-20,0.8175745164070501
2021-01-21,0.8165075016004927
2021-01-22,0.8157394199165136
2021-01-25,0.8165418984107146
2021-01-26,0.8160222900812393
2021-01-27,0.814661759838561
2021-01-28,0.8149009957163293
2021-01-29,0.8191899878285592
2021-02-01,0.8191679017585869
2021-02-02,0.8196799582836861
2021-02-03,0.8197348634335486
2021-02-04,0.8204265904648126
2021-02-05,0.8216375667632422
2021-02-08,0.8211488274121087
2021-02-09,0.8204251841909561
2021-02-10,0.8175733643101964
2021-02-11,0.8184469508864456
2021-02-12,0.8166881913731935
2021-02-16,0.8158390931373252
2021-02-17,0.8133475061401073
2021-02-18,0.8089427570857778
2021-02-19,0.8116618984703269
2021-02-22,0.8106963567955935
2021-02-23,0.8114004584967991
2021-02-24,0.8116846675910077
2021-02-25,0.8118266431429713
2021-02-26,0.8115822887752305
2021-03-01,0.8120728117518311
2021-03-02,0.8123950880053514
2021-03-03,0.8117426137739016
2021-03-04,0.8104276359582189
2021-03-05,0.8080546102684881
2021-03-08,0.805634621382178
2021-03-09,0.8005716443315948
2021-03-10,0.7979995898890027
2021-03-11,0.7991432001089387
2021-03-12,0.7985520027788272
2021-03-15,0.7990870435577209
2021-03-16,0.8006453985151623
2021-03-17,0.8012491770869332
2021-03-18,0.7989505674713681
2021-03-19,0.7983152157933823
2021-03-22,0.7995345563842049
2021-03-23,0.7994554931552968
2021-03-24,0.7992352839159158
2021-03-25,0.7992960933790865
2021-03-26,0.7997376456547931
2021-03-29,0.8002408149638112
2021-03-30,0.7985775112442381
2021-03-31,0.7956520119718503
2021-04-01,0.7953283967158657
2021-04-05,0.7965605490150897
2021-04-06,0.7966191017197287
2021-04-07,0.7965530884077661
2021-04-08,0.796874710573223
2021-04-09,0.7965883591167056
2021-04-12,0.7969511593116954
2021-04-13,0.7970902068959033
2021-04-14,0.7957789035804934
2021-04-15,0.7954864739039696
2021-04-16,0.7931305506962757
2021-04-19,0.7900163907401261
2021-04-20,0.7877204953021231
2021-04-21,0.7904297715535853
2021-04-22,0.7906164479173067
2021-04-23,0.7899034615990168
2021-04-26,0.7907396398692581
2021-04-27,0.7929094995255639
2021-04-28,0.79317122954587
2021-04-29,0.791703593744601
2021-04-30,0.7896864994129945
2021-05-03,0.7887042275779166
2021-05-04,0.7868763304700479
2021-05-05,0.7885597340099358
2021-05-06,0.7884266882603744
2021-05-07,0.7864381388413222
2021-05-10,0.7844496004591005
2021-05-11,0.7870235790778571
2021-05-12,0.7885011191442204
2021-05-13,0.7884595462909064
2021-05-14,0.7888482114541454
2021-05-17,0.7893528710922872
2021-05-18,0.7890855204476118
2021-05-19,0.789323743173967
2021-05-20,0.7880417838240987
2021-05-21,0.7875601313571123
2021-05-24,0.7843589248378624
2021-05-25,0.781847146628092
2021-05-26,0.7832819593128333
2021-05-27,0.7830975824233937
2021-05-28,0.7830184430943046
2021-06-01,0.7819007980216197
2021-06-02,0.7802159360515696
2021-06-03,0.7799174302776622
2021-06-04,0.7797180791405356
2021-06-07,0.7795023337749037
2021-06-08,0.7794639379449827
2021-06-09,0.7781217513661559
2021-06-10,0.7793457956762441
2021-06-11,0.7791733695046484
2021-06-14,0.7812358831068545
2021-06-15,0.7811931322859065
2021-06-16,0.7793272917571662
2021-06-17,0.7786902626429166
2021-06-18,0.7786651019731525
2021-06-21,0.776813645441304
2021-06-22,0.7732941436371132
2021-06-23,0.7694652056819866
2021-06-24,0.7653967769918938
2021-06-25,0.7651302443930514
2021-06-28,0.7639249286287372
2021-06-29,0.7612582391162308
2021-06-30,0.7590173550642086
2021-07-01,0.7553468958306792
2021-07-02,0.7540328728390376
2021-07-06,0.754528697980362
2021-07-07,0.7541048749865656
2021-07-08,0.7562054760830856
2021-07-09,0.7563370044617065
2021-07-12,0.756589606124249
2021-07-13,0.75678153658652
2021-07-14,0.7571456890474434
2021-07-15,0.7536034530638176
2021-07-16,0.7527870945854842
2021-07-19,0.7524975138728585
2021-07-20,0.7507555677717246
2021-07-21,0.7488866909878877
2021-07-22,0.751321320471141
2021-07-23,0.7516510715531433
2021-07-26,0.7508169777684022
2021-07-27,0.7495985801514485
2021-07-28,0.7479800976608344
2021-07-29,0.7456178269743094
2021-07-30,0.7404099659863689
2021-08-02,0.7386284600057894
2021-08-03,0.7377554504427035
2021-08-04,0.7357916879163473
2021-08-05,0.7333706694263795
2021-08-06,0.7313934413805147
2021-08-09,0.7330898893336091
2021-08-10,0.7332355567731174
2021-08-11,0.734382322423651
2021-08-12,0.7317994319179487
2021-08-13,0.7307846414520174
2021-08-16,0.7293898478167853
2021-08-17,0.7292440507044661
2021-08-18,0.7301634629831474
2021-08-19,0.7303977110494309
2021-08-20,0.7306035585337655
2021-08-23,0.7304848761605005
2021-08-24,0.7303138917287536
2021-08-25,0.7320009048555828
2021-08-26,0.7322778173672759
2021-08-27,0.7322843815858302
2021-08-30,0.7289051427266877
2021-08-31,0.7311858853303916
2021-09-01,0.7318215552964088
2021-09-02,0.7336406186344491
2021-09-03,0.7335043031437847
2021-09-07,0.7310965247311629
2021-09-08,0.7311664160527029
2021-09-09,0.7296362157641785
2021-09-10,0.7275207225262685
2021-09-13,0.7248048925573267
2021-09-14,0.7216665964029252
2021-09-15,0.7185062377081095
2021-09-16,0.7146382396568427
2021-09-17,0.7100391333500765
2021-09-20,0.7097234708667272
2021-09-21,0.7087587815448791
2021-09-22,0.7078338420291773
2021-09-23,0.705445262892068
2021-09-24,0.7039595819890497
2021-09-27,0.7027667351676473
2021-09-28,0.7019376396203609
2021-09-29,0.7003653708177352
2021-09-30,0.703444110120521
2021-10-01,0.7033102572466401
2021-10-04,0.7034607179016102
2021-10-05,0.7031762290288406
2021-10-06,0.7035780567926447
2021-10-07,0.7046325821336806
2021-10-08,0.7054221305674003
2021-10-11,0.7046378450038833
2021-10-12,0.7047953288998359
2021-10-13,0.7052048341412377
2021-10-14,0.7042300958709854
2021-10-15,0.7021817248075919
2021-10-18,0.6999687526063053
2021-10-19,0.6995086590777135
2021-10-20,0.7002535075712212
2021-10-21,0.7006214651020365
2021-10-22,0.6994059247757831
2021-10-25,0.7004484795809958
2021-10-26,0.7002768521914152
2021-10-27,0.6981279132697027
2021-10-28,0.6968388127215369
2021-10-29,0.6979761358164496
2021-11-01,0.6971701148780143
2021-11-02,0.6954647136480201
2021-11-03,0.6932121996587896
2021-11-04,0.6914365682008264
2021-11-05,0.6887804215438643
2021-11-08,0.685942542242861
2021-11-09,0.6831787551288268
2021-11-10,0.682603258475191
2021-11-11,0.6822429478537425
2021-11-12,0.6817768895288291
2021-11-15,0.6813607247696691
2021-11-16,0.6798736269270153
2021-11-17,0.6793800962075088
2021-11-18,0.679723044166834
2021-11-19,0.6798143048855829
2021-11-22,0.6774774466931279
2021-11-23,0.6759031789799749
2021-11-24,0.6762545313482364
2021-11-26,0.674936258139225
2021-11-29,0.6734946353740037
2021-11-30,0.6718771146968067
2021-12-01,0.6706074371042824
2021-12-02,0.6684505508213233
2021-12-03,0.6667659342592674
2021-12-06,0.6649917335495281
2021-12-07,0.6629378898789418
2021-12-08,0.6610898105680316
2021-12-09,0.6588827816799444
2021-12-10,0.6593129935013357
2021-12-13,0.6583543566597353
2021-12-14,0.6566812994896049
2021-12-15,0.6563060363065505
2021-12-16,0.6563147545404562
2021-12-17,0.6565241321910222
2021-12-20,0.6563654694049689
2021-12-21,0.6549241285076915
2021-12-22,0.65241411511999
2021-12-23,0.651876027504728
2021-12-27,0.6536921475290459
2021-12-28,0.6541848771294808
2021-12-29,0.653114896022782
2021-12-30,0.6518004342719501
2021-12-31,0.6519063724476699
2022-01-03,0.6512854330001465
2022-01-04,0.6508757776098679
2022-01-05,0.648554328192891
2022-01-06,0.6483181397814347
2022-01-07,0.6488522246170705
2022-01-10,0.6488026903826216
2022-01-11,0.6472680856978258
2022-01-12,0.6480123218472045
2022-01-13,0.6469882341536549
2022-01-14,0.6455085501282363
2022-01-18,0.6465283743757023
2022-01-19,0.6496522300334182
2022-01-20,0.6489628198450105
2022-01-21,0.6521905278272113
2022-01-24,0.6504715787042956
2022-01-25,0.6510838355652683
2022-01-26,0.6513662738947571
2022-01-27,0.6512690551385473
2022-01-28,0.6525566510844143
2022-01-31,0.6514951530834993
2022-02-01,0.6533702920237063
2022-02-02,0.6525216577658267
2022-02-03,0.6510752595788379
2022-02-04,0.6506705142981636
2022-02-07,0.651125174995513
2022-02-08,0.6507255419488922
2022-02-09,0.6504632533051955
2022-02-10,0.6487194332023664
2022-02-11,0.648896862922642
2022-02-14,0.6484025811285824
2022-02-15,0.6471916952021489
2022-02-16,0.6465608171264093
2022-02-17,0.6455775591322409
2022-02-18,0.6451669148334261
2022-02-22,0.6453331434445878
2022-02-23,0.6478463517265685
2022-02-24,0.6482351040373094
2022-02-25,0.6490611701505458
2022-02-28,0.6486533575064618
2022-03-01,0.6472722763469642
2022-03-02,0.6462347776223627
2022-03-03,0.6459893471740956
2022-03-04,0.6459541428601225
2022-03-07,0.6453702198866249
2022-03-08,0.6487011338878775
2022-03-09,0.6480306728903531
2022-03-10,0.6468769271381761
2022-03-11,0.6463734428302523
2022-03-14,0.6462159155310272
2022-03-15,0.6447206997643471
2022-03-16,0.6440627634542262
2022-03-17,0.6467552472935427
2022-03-18,0.6469122585028874
2022-03-21,0.6464607961271482
2022-03-22,0.6460665807286926
2022-03-23,0.6464991195727332
2022-03-24,0.6469833820933106
2022-03-25,0.647036495251624
2022-03-28,0.6473345785401758
2022-03-29,0.6475835686820782
2022-03-30,0.6478280841637493
2022-03-31,0.6477118981023567
2022-04-01,0.6475999392567771
2022-04-04,0.6477945992496553
2022-04-05,0.6489018294271856
2022-04-06,0.6487586678571219
2022-04-07,0.6490193322873913
2022-04-08,0.6488622870768223
2022-04-11,0.6483016872518126
2022-04-12,0.6478087567415998
2022-04-13,0.648444343081423
2022-04-14,0.6483925178436262
2022-04-18,0.6488235360230546
2022-04-19,0.6486933250215053
2022-04-20,0.6490455052904022
2022-04-21,0.6485370175204337
2022-04-22,0.6481133104408484
2022-04-25,0.6484643617934998
2022-04-26,0.6500482434289342
2022-04-27,0.6505774635377026
2022-04-28,0.6525485391611393
2022-04-29,0.6540579611581887
2022-05-02,0.6535515555947662
2022-05-03,0.6536507119302326
2022-05-04,0.6530184350159526
2022-05-05,0.6526759795573042
2022-05-06,0.6528961738183716
2022-05-09,0.6567417545211177
2022-05-10,0.6590776072500875
2022-05-11,0.6604498307077293
2022-05-12,0.660855856881568
2022-05-13,0.6604141649798446
2022-05-16,0.6599594500516979
2022-05-17,0.6603785642802436
2022-05-18,0.6616287642963872
2022-05-19,0.6620151475153049
2022-05-20,0.6623537507380649
2022-05-23,0.6620958025294541
2022-05-24,0.6625255378733916
2022-05-25,0.6615115129834931
2022-05-26,0.6616986855618578
2022-05-27,0.6624979525412086
2022-05-31,0.6638263636919589
2022-06-01,0.6638811931239185
2022-06-02,0.664310983567868
2022-06-03,0.6638580908433989
2022-06-06,0.6646818893815298
2022-06-07,0.6634197333408574
2022-06-08,0.66241157459106
2022-06-09,0.6637370484739891
2022-06-10,0.6634357395535277
2022-06-13,0.6727293552927305
2022-06-14,0.6765105527878138
2022-06-15,0.6765880534581742
2022-06-16,0.6780676808871543
2022-06-17,0.6784403877478073
2022-06-21,0.6775106536748671
2022-06-22,0.6783567893672369
2022-06-23,0.677642386757826
2022-06-24,0.6810054877656279
2022-06-27,0.6825061308161604
2022-06-28,0.6806228238008405
2022-06-29,0.6816288802316768
2022-06-30,0.6815365947973887
2022-07-01,0.681456497784057
2022-07-05,0.6814816066669923
2022-07-06,0.6828200286357167
2022-07-07,0.680836879746076
2022-07-08,0.6812445572069977
2022-07-11,0.6807252399276232
2022-07-12,0.6814536312116406
2022-07-13,0.6813336207822112
2022-07-14,0.6797729247356022
2022-07-15,0.6796060646849029
2022-07-18,0.6793010898196329
2022-07-19,0.6804691456148503
2022-07-20,0.6821991854778656
2022-07-21,0.6823866288578874
2022-07-22,0.6835823025087282
2022-07-25,0.6824687655228718
2022-07-26,0.680666743696345
2022-07-27,0.6812693510247253
2022-07-28,0.6810938893504905
2022-07-29,0.6797078904358822
2022-08-01,0.6770882473125176
2022-08-02,0.6753289638970863
2022-08-03,0.6748390582943569
2022-08-04,0.6738435704373668
2022-08-05,0.6740288650066041
2022-08-08,0.6759625926423198
2022-08-09,0.6743079725968852
2022-08-10,0.673439587510049
2022-08-11,0.673897301435425
2022-08-12,0.6739466466913077
2022-08-15,0.674638718882539
2022-08-16,0.6749600130631012
2022-08-17,0.6751290497212721
2022-08-18,0.6748231166242763
2022-08-19,0.6737061371110598
2022-08-22,0.6749038104189988
2022-08-23,0.6756517776254566
2022-08-24,0.676057278157243
2022-08-25,0.6763028049039613
2022-08-26,0.6776719273252166
2022-08-29,0.6785636156271462
2022-08-30,0.6802276477475447
2022-08-31,0.6819303211301051
2022-09-01,0.6805275054035752
2022-09-02,0.6771092116643945
2022-09-06,0.6767772395888115
2022-09-07,0.6751327185834175
2022-09-08,0.6736740981563998
2022-09-09,0.674143451668223
2022-09-12,0.6739302577210889
2022-09-13,0.6727549194986154
2022-09-14,0.6735097939347859
2022-09-15,0.6735776745606514
2022-09-16,0.6745896631734122
2022-09-19,0.6752827395973579
2022-09-20,0.6750514688023289
2022-09-21,0.6762818041275107
2022-09-22,0.6777883123921361
2022-09-23,0.6794592511629509
2022-09-26,0.6780314742740077
2022-09-27,0.6776069264017625
2022-09-28,0.674977175766374
2022-09-29,0.673323057562096
2022-09-30,0.6739802995961258
2022-10-03,0.6732991179276229
2022-10-04,0.6722989518982606
2022-10-05,0.6723281227507371
2022-10-06,0.6726669204015259
2022-10-07,0.6744594877382273
2022-10-10,0.673472283959127
2022-10-11,0.6726270781755623
2022-10-12,0.6708730043965905
2022-10-13,0.6687747932073622
2022-10-14,0.6683571241116244
2022-10-17,0.6688431848429282
2022-10-18,0.667684523444919
2022-10-19,0.6678449691485779
2022-10-20,0.6685092820916984
2022-10-21,0.6684700139011774
2022-10-24,0.6683715873186004
2022-10-25,0.6684534312264325
2022-10-26,0.6687082048406336
2022-10-27,0.6691604083029996
2022-10-28,0.6692921939171175
2022-10-31,0.6689382515603993
2022-11-01,0.6688006468612816
2022-11-02,0.6666148406615893
2022-11-03,0.6651344620033964
2022-11-04,0.6646677262586839
2022-11-07,0.6639839850922628
2022-11-08,0.6629355285666606
2022-11-09,0.6635910142600725
2022-11-10,0.6643030649193848
2022-11-11,0.6643665302317548
2022-11-14,0.6638920677235152
2022-11-15,0.6636537205626105
2022-11-16,0.6633287170869673
2022-11-17,0.6636505410835979
2022-11-18,0.6632385806855479
2022-11-21,0.6624118879865079
2022-11-22,0.6587134479265595
2022-11-23,0.6594890098193347
2022-11-25,0.6600537082695235
2022-11-28,0.6603834824126521
2022-11-29,0.6606228595770292
2022-11-30,0.661604380262588
2022-12-01,0.6616707857774918
2022-12-02,0.6613585053011284
2022-12-05,0.659973808189277
2022-12-06,0.6607216611185548
2022-12-07,0.661511811265595
2022-12-08,0.6620740300390107
2022-12-09,0.6620279641665874
2022-12-12,0.6617204100452919
2022-12-13,0.6622229569820987
2022-12-14,0.6621151263719165
2022-12-15,0.6621200243202688
2022-12-16,0.6617288049845838
2022-12-19,0.6624378444089296
2022-12-20,0.662677409048671
2022-12-21,0.6623032888661272
2022-12-22,0.6626053280105023
2022-12-23,0.6626904320753358
2022-12-27,0.6621864993697102
2022-12-28,0.6612992939869666
2022-12-29,0.6631353540972097
2022-12-30,0.6627588425957847
2023-01-03,0.6632065817106669
2023-01-04,0.6623997822549141
2023-01-05,0.661772233729539
2023-01-06,0.6616188328699687
2023-01-09,0.6618999405497324
2023-01-10,0.6616217196181899
2023-01-11,0.6622165084599291
2023-01-12,0.6632002735821472
2023-01-13,0.663332088284323
2023-01-17,0.6639637379607366
2023-01-18,0.6637904171399207
2023-01-19,0.6637913659411588
2023-01-20,0.6651440257895838
2023-01-23,0.6647718735173475
2023-01-24,0.6642464528093875
2023-01-25,0.6643988886497091
2023-01-26,0.6647936055058974
2023-01-27,0.6646404600358714
2023-01-30,0.6636142490088993
2023-01-31,0.663264781695145
2023-02-01,0.6630215724735985
2023-02-02,0.6631568080707672
2023-02-03,0.6635259905788388
2023-02-06,0.6648594029425111
2023-02-07,0.6653415376796066
2023-02-08,0.6650565798111415
2023-02-09,0.6641362390115308
2023-02-10,0.6643329570956712
2023-02-13,0.6644423265199929
2023-02-14,0.6647715604255257
2023-02-15,0.6631086846916059
2023-02-16,0.6617084987492626
2023-02-17,0.6620150771244124
2023-02-21,0.6620839449448612
2023-02-22,0.6621249048161274
2023-02-23,0.6626904320753358
2023-02-24,0.662603317527131
2023-02-27,0.6625597753197869
2023-02-28,0.6624891971937577
2023-03-01,0.6624248680388558
2023-03-02,0.661876859516103
2023-03-03,0.6617204100452919
2023-03-06,0.6628102064887075
2023-03-07,0.6623195769169524
2023-03-08,0.6621160757283752
2023-03-09,0.6626840753139307
2023-03-10,0.6640595725590379
2023-03-13,0.665081372529145
2023-03-14,0.6645929006189284
2023-03-15,0.66436932934823
2023-03-16,0.6626649816142939
2023-03-17,0.6621943455479876
2023-03-20,0.6621613143542109
2023-03-21,0.6621686439684323
2023-03-22,0.6619426925043339
2023-03-23,0.6613975096137417
2023-03-24,0.661414942863285
2023-03-27,0.6615479728256923
2023-03-28,0.6638542334593367
2023-03-29,0.6621453363611893
2023-03-30,0.661701245812074
2023-03-31,0.6623499147584769
2023-04-03,0.6627512500511574
2023-04-04,0.6629261279048674
2023-04-05,0.6615394057479193
2023-04-06,0.662805398770087
2023-04-10,0.6626934202555125
2023-04-11,0.6622217571028964
2023-04-12,0.65969495178219
2023-04-13,0.6573796019448281
2023-04-14,0.6553450673407505
2023-04-17,0.6530792537759985
2023-04-18,0.6529428294502811
2023-04-19,0.6553982809364074
2023-04-20,0.6543710683521802
2023-04-21,0.6546432712375798
2023-04-24,0.6538330207440021
2023-04-25,0.6535267300655461
2023-04-26,0.6536914399353014
2023-04-27,0.6539713531160851
2023-04-28,0.6540860596755337
2023-05-01,0.6538498629975579
2023-05-02,0.6546213945712063
2023-05-03,0.6534702154410422
2023-05-04,0.6514853570850048
2023-05-05,0.6504917633708446
2023-05-08,0.6472421042776978
2023-05-09,0.6469397762691598
2023-05-10,0.6487650872489118
2023-05-11,0.649074798056187
2023-05-12,0.6488988101741212
2023-05-15,0.6493244012538747
2023-05-16,0.64866522094894
2023-05-17,0.6479629525663356
2023-05-18,0.6487241458915961
2023-05-19,0.6501613150382657
2023-05-22,0.6495297850118898
2023-05-23,0.6480050308339736
2023-05-24,0.6460201281315053
2023-05-25,0.6443620427224163
2023-05-26,0.6428920315341979
2023-05-30,0.6428431058298423
2023-05-31,0.6404924702248928
2023-06-01,0.6393767378256496
2023-06-02,0.6388181018447466
2023-06-05,0.6385154021886178
2023-06-06,0.6363921274408078
2023-06-07,0.6350681287228681
2023-06-08,0.6340920476450879
2023-06-09,0.6346316211492049
2023-06-12,0.6331516266831265
2023-06-13,0.6326629119862577
2023-06-14,0.6292119347003841
2023-06-15,0.6269184240092065
2023-06-16,0.6249430953197516
2023-06-20,0.6236006925979922
2023-06-21,0.6237810353636061
2023-06-22,0.6230094759682812
2023-06-23,0.6228826677284611
2023-06-26,0.6230535831418067
2023-06-27,0.6241380516188989
2023-06-28,0.6242250261904441
2023-06-29,0.6233084663540102
2023-06-30,0.6238146113406305
2023-07-03,0.6244582722615999
2023-07-05,0.6241563169560149
2023-07-06,0.6233415844124784
2023-07-07,0.6235134446224304
2023-07-10,0.6235588974151511
2023-07-11,0.6246438962772934
2023-07-12,0.6250720626028149
2023-07-13,0.6248964792405985
2023-07-14,0.6260683775867733
2023-07-17,0.6266334573055723
2023-07-18,0.6270490798107313
2023-07-19,0.6273887391714617
2023-07-20,0.6276807203373388
2023-07-21,0.6271203574373639
2023-07-24,0.6271671771640897
2023-07-25,0.6278446337835286
2023-07-26,0.6293645617508451
2023-07-27,0.6281299542380643
2023-07-28,0.6281808008858182
2023-07-31,0.6280581458660521
2023-08-01,0.6303269431258154
2023-08-02,0.6286967727919656
2023-08-03,0.6285043806266313
2023-08-04,0.6275519840078115
2023-08-07,0.62616162416218
2023-08-08,0.626952370303626
2023-08-09,0.6254472717670253
2023-08-10,0.6263655951869752
2023-08-11,0.6256786220469899
2023-08-14,0.6259016005469239
2023-08-15,0.6265664220702016
2023-08-16,0.6270874919181387
2023-08-17,0.6276019463728858
2023-08-18,0.6273888113093241
2023-08-21,0.6276195364653011
2023-08-22,0.6278513327381009
2023-08-23,0.6254980859483005
2023-08-24,0.6250702019964178
2023-08-25,0.6252547363066678
2023-08-28,0.6255216007838047
2023-08-29,0.6246868041607433
2023-08-30,0.6247766776041406
2023-08-31,0.6235224971757931
2023-09-01,0.6214227970455835
2023-09-05,0.6195720841733905
2023-09-06,0.6190388899289149
2023-09-07,0.6186853377595879
2023-09-08,0.6191253694903882
2023-09-11,0.6189910143176541
2023-09-12,0.6181074043886572
2023-09-13,0.619170521994525
2023-09-14,0.61766578051943
2023-09-15,0.616283633030047
2023-09-18,0.6157380594698569
2023-09-19,0.6149127435727084
2023-09-20,0.6153983176764656
2023-09-21,0.6168806197054201
2023-09-22,0.6172814728181525
2023-09-25,0.617147049084285
2023-09-26,0.6172814728181525
2023-09-27,0.6165565975734906
2023-09-28,0.6165069804597417
2023-09-29,0.6164188481488712
2023-10-02,0.6173488334962113
2023-10-03,0.6164216920823848
2023-10-04,0.6169508692068133
2023-10-05,0.6169067082588169
2023-10-06,0.6161927678369462
2023-10-09,0.6163776681480142
2023-10-10,0.6167408191838353
2023-10-11,0.6157967975073458
2023-10-12,0.613410689773264
2023-10-13,0.6147721706043375
2023-10-16,0.6144717650345717
2023-10-17,0.6145157362217046
2023-10-18,0.6122337554090979
2023-10-19,0.6128626107747991
2023-10-20,0.6125786134200073
2023-10-23,0.6138526119119174
2023-10-24,0.6127657426387582
2023-10-25,0.6137304052509522
2023-10-26,0.6132934964774256
2023-10-27,0.6127022658668866
2023-10-30,0.612224549307781
2023-10-31,0.6114143143095374
2023-11-01,0.6104462971026352
2023-11-02,0.6071689445361614
2023-11-03,0.6064235400735773
2023-11-06,0.6043343581149075
2023-11-07,0.6037769600420667
2023-11-08,0.6030533520143087
2023-11-09,0.6025766098279216
2023-11-10,0.6019691283403724
2023-11-13,0.6023040049010584
2023-11-14,0.6009228889389252
2023-11-15,0.6002974417293713
2023-11-16,0.6010278406781736
2023-11-17,0.601980606935125
2023-11-20,0.6014864880538818
2023-11-21,0.6024163906114397
2023-11-22,0.6029024566614777
2023-11-24,0.6052242741859624
2023-11-27,0.6058356075788709
2023-11-28,0.6096727073487879
2023-11-29,0.6102016047490331
2023-11-30,0.6104964045314163
2023-12-01,0.611347189823218
2023-12-04,0.610552770409997
2023-12-05,0.6101337201467054
2023-12-06,0.6094220157052289
2023-12-07,0.608595005779549
2023-12-08,0.6067708771078021
2023-12-11,0.6054501189442943
2023-12-12,0.6051377530286124
2023-12-13,0.6023989212889832
2023-12-14,0.6014631567079186
2023-12-15,0.6006039202173491
2023-12-18,0.6008435542305506
2023-12-19,0.5993124430088262
2023-12-20,0.595488266720749
2023-12-21,0.5941739745513624
2023-12-22,0.5948079981488944
2023-12-26,0.5940889673979123
2023-12-27,0.5920314547377615
2023-12-28,0.5902326202309944
2023-12-29,0.5874514171802063
2024-01-02,0.5858449512860557
2024-01-03,0.5846083224486928
2024-01-04,0.5826514785018174
2024-01-05,0.5809983402578851
2024-01-08,0.5799645428159105
2024-01-09,0.5800458575755356
2024-01-10,0.5782515200812137
2024-01-11,0.5756507853035815
2024-01-12,0.5759226436628387
2024-01-16,0.5749480339057521
2024-01-17,0.5752099498393779
2024-01-18,0.5748944621692799
2024-01-19,0.5740308789963949
2024-01-22,0.5738974227781556
2024-01-23,0.574261994720849
2024-01-24,0.5748681782011982
2024-01-25,0.5750906233261901
2024-01-26,0.5762944753242862
2024-01-29,0.5757592412349617
2024-01-30,0.5760474483777392
2024-01-31,0.5742928976345144
2024-02-01,0.572422517275665
2024-02-02,0.5706383538702168
2024-02-05,0.5713417755642776
2024-02-06,0.5711062671681139
2024-02-07,0.5705819173926763
2024-02-08,0.5703143818517205
2024-02-09,0.5690937957689872
2024-02-12,0.569208766413398
2024-02-13,0.5675120679788267
2024-02-14,0.5660956236335221
2024-02-15,0.563201077989894
2024-02-16,0.5631433086606524
2024-02-20,0.5610704537097775
2024-02-21,0.561363561044225
2024-02-22,0.5610773108198732
2024-02-23,0.561000805637624
2024-02-26,0.5614067209183583
2024-02-27,0.5612132270875498
2024-02-28,0.5612490789923263
2024-02-29,0.5613329318866619
2024-03-01,0.5615747657379743
2024-03-04,0.5617026591361796
2024-03-05,0.5623511447322184
2024-03-06,0.5619129823039624
2024-03-07,0.5589221264318398
2024-03-08,0.5589259498383461
2024-03-11,0.5591304871442997
2024-03-12,0.5566428994871013
2024-03-13,0.5538201543444201
2024-03-14,0.5512300476487745
2024-03-15,0.5509503052063446
2024-03-18,0.5508647687484336
2024-03-19,0.5506652409634188
2024-03-20,0.5510070342795984
2024-03-21,0.5505237435159386
2024-03-22,0.5509217169177217
2024-03-25,0.5513314729502495
2024-03-26,0.5525241419301071
2024-03-27,0.5517111913769639
2024-03-28,0.5524041746926817
2024-04-01,0.5546951955627302
2024-04-02,0.5535379188496975
2024-04-03,0.5523025403481524
2024-04-04,0.5524885572919558
2024-04-05,0.5513261357574525
2024-04-08,0.5492929838545596
2024-04-09,0.5499709983423656
2024-04-10,0.5485805938439128
2024-04-11,0.5484782465292095
2024-04-12,0.5476906206885712
2024-04-15,0.548184023014598
2024-04-16,0.5485256775384688
2024-04-17,0.5484307534156043
2024-04-18,0.547407216047167
2024-04-19,0.5467761786783047
2024-04-22,0.5459315452172563
2024-04-23,0.5450997476118318
2024-04-24,0.5458204391899846
2024-04-25,0.5461441945485277
2024-04-26,0.5452318795556589
2024-04-29,0.5457087472432252
2024-04-30,0.5445777056590148
2024-05-01,0.5416546874049701
2024-05-02,0.5417491458018538
2024-05-03,0.5410696416686213
2024-05-06,0.5380626841382425
2024-05-07,0.5381378676939976
2024-05-08,0.537507119347452
2024-05-09,0.5379634359430583
2024-05-10,0.5377530268378438
2024-05-13,0.5387487986268192
2024-05-14,0.5380579294677778
2024-05-15,0.5371710898825595
2024-05-16,0.5376932263993016
2024-05-17,0.5386388861928374
2024-05-20,0.5380987671356404
2024-05-21,0.5389117086849557
2024-05-22,0.5395668921971736
2024-05-23,0.5390627078073079
2024-05-24,0.5385960587396844
2024-05-28,0.5384686067185896
2024-05-29,0.5375796880558391
2024-05-30,0.5361020630323683
2024-05-31,0.5362702628875546
2024-06-03,0.5342655419538009
2024-06-04,0.534518412190961
2024-06-05,0.5339297038335771
2024-06-06,0.5344125097206165
2024-06-07,0.5360739562613688
2024-06-10,0.5383742816446664
2024-06-11,0.5381293025395707
2024-06-12,0.5373930855869516
2024-06-13,0.5360497494623101
2024-06-14,0.5362549635623866
2024-06-17,0.5365388863399152
2024-06-18,0.5370112603277801
2024-06-20,0.5367796636374608
2024-06-21,0.5362210268774522
2024-06-24,0.5365259983790334
2024-06-25,0.5360897447150125
2024-06-26,0.5361723295416881
2024-06-27,0.5370500869953535
2024-06-28,0.5369572438633046
2024-07-01,0.5367925618679393
2024-07-02,0.5364453002199886
2024-07-03,0.5364453002199886
2024-07-05,0.5357895536632687
2024-07-08,0.5357677011267294
2024-07-09,0.5356452252399798
2024-07-10,0.5349519293736329
2024-07-11,0.5345876510343683
2024-07-12,0.5335354644599675
2024-07-15,0.5340421004174367
2024-07-16,0.532612122636896
2024-07-17,0.5337395364069928
2024-07-18,0.5346883349389324
2024-07-19,0.5346471864556749
2024-07-22,0.5343252314749077
2024-07-23,0.5340216723643123
2024-07-24,0.5325225308332943
2024-07-25,0.5354798092369875
2024-07-26,0.5352784461274116
2024-07-29,0.5343665174192824
2024-07-30,0.5339601794959274
2024-07-31,0.5328664760684926
2024-08-01,0.5322738915392017
2024-08-02,0.5342039137339606
2024-08-05,0.5370717788171385
2024-08-06,0.5378107724089379
2024-08-07,0.5377937178312372
2024-08-08,0.5376313281887719
2024-08-09,0.5370291209268873
2024-08-12,0.5380276873129465
2024-08-13,0.5373821549557557
2024-08-14,0.5373239618981531
2024-08-15,0.5381261646867137
2024-08-16,0.5388208348095771
2024-08-19,0.5392771221153174
2024-08-20,0.5393745575838291
2024-08-21,0.5396451115376443
2024-08-22,0.538592583662053
2024-08-23,0.5384451746466578
2024-08-26,0.5391157185938796
2024-08-27,0.5404549507315188
2024-08-28,0.5398703793128825
2024-08-29,0.5415017867983406
2024-08-30,0.5409390049592674
2024-09-03,0.5416940931685785
2024-09-04,0.5419411335569798
2024-09-05,0.5436845093345839
2024-09-06,0.544588371768034
2024-09-09,0.5426257921998684
2024-09-10,0.5422725566562508
2024-09-11,0.5403017112289907
2024-09-12,0.5396082321649773
2024-09-13,0.5404479212634399
2024-09-16,0.540642910836141
2024-09-17,0.5407108327031614
2024-09-18,0.5404479212634399
2024-09-19,0.5397471523472648
2024-09-20,0.5399375396216054
2024-09-23,0.5408203382527736
2024-09-24,0.5410006868599642
2024-09-25,0.5408909771926154
2024-09-26,0.5407227582701156
2024-09-27,0.5396536335558278
2024-09-30,0.5392503215792268
2024-10-01,0.537024159269834
2024-10-02,0.5370344726400015
2024-10-03,0.5370988476767526
2024-10-04,0.5366691783170044
2024-10-07,0.5338562690702419
2024-10-08,0.5330744056022172
2024-10-09,0.5319171253623606
2024-10-10,0.5320498593672058
2024-10-11,0.5310729803763496
2024-10-14,0.5298078622301373
2024-10-15,0.5304381131655788
2024-10-16,0.530890159686674
2024-10-17,0.5320331768585698
2024-10-18,0.5312901927620439
2024-10-21,0.532413154337573
2024-10-22,0.5347017816011009
2024-10-23,0.5335380716918052
2024-10-24,0.5335984226835652
2024-10-25,0.5340566102284833
2024-10-28,0.5340776318282766
2024-10-29,0.534765737783107
2024-10-30,0.5352023770602923
2024-10-31,0.5344735968258885
2024-11-01,0.5348278657371538
2024-11-04,0.5349329532286969
2024-11-05,0.5347871440276738
2024-11-06,0.5311315275053531
2024-11-07,0.5323189522365472
2024-11-08,0.532594286701993
2024-11-11,0.5328213576818293
2024-11-12,0.532900932448292
2024-11-13,0.5326704110885847
2024-11-14,0.5319762788033522
2024-11-15,0.5319622593956442
2024-11-18,0.5318807203548122
2024-11-19,0.5309513714139347
2024-11-20,0.5306297339299152
2024-11-21,0.529783915463074
2024-11-22,0.5304116149092313
2024-11-25,0.5311841454544578
2024-11-26,0.5313410440650561
2024-11-27,0.5307009087959721
2024-11-29,0.5299140273992542
2024-12-02,0.5297517363838083
2024-12-03,0.5314455857320528
2024-12-04,0.5308592421116416
2024-12-05,0.5311026442106633
2024-12-06,0.5320479622240306
2024-12-09,0.5313397394235803
2024-12-10,0.5312762648372399
2024-12-11,0.5317272088616195
2024-12-12,0.5318895392664991
2024-12-13,0.5319707766174097
2024-12-16,0.5318670201061942
2024-12-17,0.5324592137117449
2024-12-18,0.5318710726243091
2024-12-19,0.5333561890142703
2024-12-20,0.5334367074156419
2024-12-23,0.5313786743922987
2024-12-24,0.5324386946824529
2024-12-26,0.5327211859358076
2024-12-27,0.5328424316636192
2024-12-30,0.5335550355957716
2024-12-31,0.533676453731049
2025-01-02,0.5321047067008207
2025-01-03,0.5318578415880265
2025-01-06,0.5317949119862571
2025-01-07,0.5318308935333657
2025-01-08,0.5315828475364444
2025-01-10,0.5314664186146546
2025-01-13,0.5320379137666038
2025-01-14,0.5319526009248178
2025-01-15,0.5324032256052873
2025-01-16,0.5334049915534792
2025-01-17,0.5344693309062588
2025-01-21,0.5344689130354255
2025-01-22,0.5344689130354255
2025-01-23,0.5351845449373797
2025-01-24,0.5357214753863038
2025-01-27,0.5353723703124992
2025-01-28,0.5344705939080178
2025-01-29,0.5322852272056661
2025-01-30,0.5325279503772218
2025-01-31,0.5320087862771068
2025-02-03,0.5296780703653943
2025-02-04,0.5291121659460654
2025-02-05,0.5292911386670089
2025-02-06,0.5282356568586403
2025-02-07,0.5277766688298509
2025-02-10,0.5282650168470142
2025-02-11,0.5276423536416047
2025-02-12,0.5273037507225087
2025-02-13,0.5258332885484389
2025-02-14,0.5259664961210194
2025-02-18,0.5259944923494007
2025-02-19,0.5262795007308546
2025-02-20,0.5262141098497636
2025-02-21,0.5254126031997406
2025-02-24,0.5255888051475223
2025-02-25,0.5241711463504768
2025-02-26,0.524412423654085
2025-02-27,0.5261461982933685
2025-02-28,0.5262392143229024
2025-03-03,0.5271686985836006
2025-03-04,0.5285274410810995
2025-03-05,0.5286898278832036
2025-03-06,0.5289031772870286
2025-03-07,0.5286086102147587
2025-03-10,0.5274776879921093
2025-03-11,0.5269268197963666
2025-03-12,0.5278940429493285
2025-03-13,0.5274904205410517
2025-03-14,0.5278132222219161
2025-03-17,0.5275042313499995
2025-03-18,0.5261989399403527
2025-03-19,0.524966381265055
2025-03-20,0.5224594838522312
2025-03-21,0.5231107970607499
2025-03-24,0.5221458092533215
2025-03-25,0.5215741211083286
2025-03-26,0.5210734845126046
2025-03-27,0.5213986890756164
2025-03-28,0.5214637852477444
2025-03-31,0.5218992595129217
2025-04-01,0.5215662810145729
2025-04-02,0.5210411498630187
2025-04-03,0.522973360320825
2025-04-04,0.5323156449730485
2025-04-07,0.534187672435445
2025-04-08,0.5367853111815869
2025-04-09,0.5388405887573716
2025-04-10,0.5376827176691247
2025-04-11,0.5378845909577028
2025-04-14,0.5365039171754458
2025-04-15,0.5369862713475774
2025-04-16,0.5370443826318418
2025-04-17,0.5375021370150143
2025-04-21,0.5395694421085365
2025-04-22,0.5395178888736066
2025-04-23,0.5392713126548794
2025-04-24,0.5397985436621009
2025-04-25,0.540832915976214
2025-04-28,0.5423207849798604
2025-04-29,0.5420478824812391
2025-04-30,0.54254464999736
2025-05-01,0.5428436899415817
2025-05-02,0.5421085725473033
2025-05-05,0.5425800248708028
2025-05-06,0.5424818519046003
2025-05-07,0.5415017205273874
2025-05-08,0.5407299615812704
2025-05-09,0.5412142669565343
2025-05-12,0.5414666241909755
2025-05-13,0.5429389557926824
2025-05-14,0.5427291739450085
2025-05-15,0.5429985289481588
2025-05-16,0.5422036765884773
2025-05-19,0.543234564143167
2025-05-20,0.5429758730494503
2025-05-21,0.541958348708265
2025-05-22,0.5413953485399648
2025-05-23,0.5402555664021047
2025-05-27,0.5405425565709953
2025-05-28,0.5410588889839815
2025-05-29,0.5413072514156769
2025-05-30,0.5423523888224799
2025-06-02,0.5429047655113076
2025-06-03,0.5420692647957984
2025-06-04,0.5424380582712662
2025-06-05,0.5415048316580472
2025-06-06,0.5409261487582826
2025-06-09,0.5413314875160395
2025-06-10,0.5411485660663382
2025-06-11,0.5424144782052681
2025-06-12,0.5421927720435925
2025-06-13,0.5409301267510938
2025-06-16,0.5412474626628871
2025-06-17,0.5409152336482019
2025-06-18,0.5405953751958259
2025-06-20,0.5381140299525339
2025-06-23,0.5360303140741755
2025-06-24,0.5352213185217768
2025-06-25,0.5362782429463496
2025-06-26,0.5356965122699201
2025-06-27,0.53689718657482
2025-06-30,0.5359719001290181
2025-07-01,0.5364282742023304
2025-07-02,0.5374486001600767
2025-07-03,0.5374904015713717
2025-07-07,0.5377842675333102
2025-07-08,0.5383519989546671
2025-07-09,0.5385960587396844
2025-07-10,0.538382044463655
2025-07-11,0.5397941199931463
2025-07-14,0.540832915976214
2025-07-15,0.5412309969328117
2025-07-16,0.5409221325683633
2025-07-17,0.5403652959125141
2025-07-18,0.5412912067303425
2025-07-21,0.5420100527080246
2025-07-22,0.5440136348687228
2025-07-23,0.5412807562405016
2025-07-24,0.5397893753832766
2025-07-25,0.5400854601040812
2025-07-28,0.541675564362568
2025-07-29,0.5421232487834764
2025-07-30,0.5424716975316746
2025-07-31,0.542073709496393
2025-08-01,0.5401322454083406
2025-08-04,0.5394346084600229
2025-08-05,0.539311020460558
2025-08-06,0.5377141420283155
2025-08-07,0.5370443826318418
2025-08-08,0.5351846822135634
2025-08-11,0.5359809266284472
2025-08-12,0.5341338363937941
2025-08-13,0.5347422765310174
2025-08-14,0.5362145004568066
2025-08-15,0.5356247040124096
2025-08-18,0.5360863047474471
2025-08-19,0.5363629228968261
2025-08-20,0.5355333400263147
2025-08-21,0.5352798118822013
2025-08-22,0.5335583583480985
2025-08-25,0.531859226699888
2025-08-26,0.5319866886248561
2025-08-27,0.5332915883228161
2025-08-28,0.5328651685243121
2025-08-29,0.5316908951561363
2025-09-02,0.5323000154021831
2025-09-03,0.5323169403320815
2025-09-04,0.5325572993644306
2025-09-05,0.5317106224933256
2025-09-08,0.5322561176132236
2025-09-09,0.5321816449070805
2025-09-10,0.532915175009456
2025-09-11,0.5318921860372223
2025-09-12,0.5325658990477875
2025-09-15,0.5324947404043605
2025-09-16,0.5331464457476435
2025-09-17,0.5332011831819079
2025-09-18,0.5329807851337202
2025-09-19,0.5321824065715806
2025-09-22,0.5317038369449993
2025-09-23,0.5319943382089323
2025-09-24,0.5320440915128146
2025-09-25,0.5317278344451776
2025-09-26,0.5319701156742058
2025-09-29,0.5323605366291534
2025-09-30,0.5326201431630999
2025-10-01,0.531929211358357
2025-10-02,0.5317356559163853
2025-10-03,0.530762464169234
2025-10-06,0.5313231288257317
2025-10-07,0.5309844623072587
2025-10-08,0.5308520259054601
2025-10-09,0.5294337940850591
2025-10-10,0.5302390492878667
2025-10-13,0.5308676570959765
2025-10-14,0.5314829185496349
2025-10-15,0.5309946578906295
2025-10-16,0.5315945550709218
2025-10-17,0.530777994225176
2025-10-20,0.5285136584600288
2025-10-21,0.5287287485654475
2025-10-22,0.5284607849402034
2025-10-23,0.5286220718917414
2025-10-24,0.526698165370947
2025-10-27,0.5264664760730392
2025-10-28,0.5265381904944013
2025-10-29,0.5261664138959442
2025-10-30,0.5255075374619159
2025-10-31,0.5256141856749642
2025-11-03,0.5251551455613355
2025-11-04,0.5256141856749642
2025-11-05,0.5256362137587721
2025-11-06,0.5252660087742804
2025-11-07,0.5246692534777744
2025-11-10,0.5249174806804514
2025-11-11,0.5257214950464897
2025-11-12,0.526542344454895
2025-11-13,0.5261216756897487
2025-11-14,0.5263190032136195
2025-11-17,0.52630732886049
2025-11-18,0.5268300508012561
2025-11-19,0.5262098997275241
2025-11-20,0.5265067290615075
2025-11-21,0.5265438786622683
2025-11-24,0.5265438786622683
2025-11-25,0.5265824653613714
2025-11-26,0.5269048339007778
2025-11-28,0.5268678168729829
2025-12-01,0.5273498304055461
2025-12-02,0.5277850687433547
2025-12-03,0.526494901816756
2025-12-04,0.527139599025979
2025-12-05,0.5282650529897654
2025-12-08,0.5282010281871082
2025-12-09,0.5292719956110369
2025-12-10,0.5292805778691165
2025-12-11,0.5289460742840542
2025-12-12,0.5289922559309026
2025-12-15,0.529460531449117
2025-12-16,0.5289972441800322
2025-12-17,0.5284815096841977
2025-12-18,0.5267688469515353
2025-12-19,0.5261587858905029
2025-12-22,0.5262306658769431
2025-12-23,0.5267408453730009
2025-12-24,0.5262539483166165
2025-12-26,0.5254001785445915
2025-12-29,0.5245783001992409
2025-12-30,0.5247005677870307
2025-12-31,0.5233127360791067
2026-01-02,0.5224499242992692
2026-01-05,0.5212143653280982
2026-01-06,0.5210626629770146
2026-01-07,0.521947052591434
2026-01-08,0.5224489846342241
2026-01-09,0.5218039332368211
2026-01-12,0.5222370728925497
2026-01-13,0.5231027316200655
2026-01-14,0.5216172131132559
2026-01-15,0.5201808255125097
2026-01-16,0.519104605249208
2026-01-20,0.5191266092882721
2026-01-21,0.5192160646692081
2026-01-22,0.5194073617974478
2026-01-23,0.5205416085264947
2026-01-26,0.5202119465977145
2026-01-27,0.5205712941940105
2026-01-28,0.5208491515382224
2026-01-29,0.5216694683682016
2026-01-30,0.520508685488922
2026-02-02,0.5214834567386367
2026-02-03,0.5208899609462558
2026-02-04,0.5217806826910334
2026-02-05,0.5216916627013796
2026-02-06,0.5209202678740116
2026-02-09,0.5224289725598178
2026-02-10,0.5226737528877268
2026-02-11,0.5236762846524687
2026-02-12,0.5237879082462001
2026-02-13,0.5237973109032031
2026-02-17,0.5235832742679507
2026-02-18,0.5236204912545395
2026-02-19,0.5241328652966549
2026-02-20,0.5238062889376827
2026-02-23,0.5235836480857975
2026-02-24,0.5225617916921522
2026-02-25,0.5221341762616022
2026-02-26,0.5214401315052765
2026-02-27,0.5212325205430693
2026-03-02,0.5210546203046199
2026-03-03,0.5210176718642519
2026-03-04,0.5222716901355404
2026-03-05,0.5224417526509981
2026-03-06,0.5218767594209622
2026-03-09,0.5214915537801705
2026-03-10,0.5209269769251231
2026-03-11,0.5207050355789999
2026-03-12,0.521461732073612
2026-03-13,0.5224173311491779
2026-03-16,0.5228635989231671
2026-03-17,0.5229008552866607
2026-03-18,0.5219739566227709
2026-03-19,0.5211631834530955
2026-03-20,0.521461732073612
2026-03-23,0.5199462140390133
2026-03-24,0.5196295881508748
2026-03-25,0.5204969170994566
2026-03-26,0.5199774415938896
2026-03-27,0.5209874894882868
2026-03-30,0.5225700209363985
2026-03-31,0.52119555693
2026-04-01,0.5213363816479926
2026-04-02,0.5214843173050613
2026-04-06,0.5220543382570475
2026-04-07,0.5223140123223099
2026-04-08,0.5230176045408584
2026-04-09,0.5236579218576686
2026-04-10,0.5235840191835275
2026-04-13,0.52426600365468
2026-04-14,0.5241183730561607
2026-04-15,0.5246323530869362
2026-04-16,0.5260474859064932
2026-04-17,0.5278446906391491
2026-04-20,0.5279563781582848
2026-04-21,0.5276731247491819
2026-04-22,0.5262330369329988
2026-04-23,0.5251074603887633
2026-04-24,0.5242388121752707
2026-04-27,0.5246088611092012
2026-04-28,0.5240637387429633
2026-04-29,0.5240733258419649
2026-04-30,0.5241746020935205
2026-05-01,0.5256694116620461
2026-05-04,0.5261818640476197
2026-05-05,0.5245718102818195
2026-05-06,0.5243398799177963
2026-05-07,0.5235561984620877
2026-05-08,0.523916902748808
2026-05-11,0.5241666706410653
2026-05-12,0.5240280479436997
2026-05-13,0.524480672448529
2026-05-14,0.523260787807914
2026-05-15,0.5232045961782623
2026-05-18,0.5236020346948589
2026-05-19,0.5236207292046219
2026-05-20,0.523128713385651
2026-05-21,0.5229978388803985
2026-05-22,0.5238995562789525
2026-05-26,0.523629950235767
2026-05-27,0.5232399146154253
2026-05-28,0.5228495877493872
2026-05-29,0.5233703431107273
2026-06-01,0.5234634081080688
2026-06-02,0.5239814567857215
2026-06-03,0.5231975846308886
2026-06-04,0.5228472283922148
2026-06-05,0.5227803397286
2026-06-08,0.5229093897660398
2026-06-09,0.5235030854045202
2026-06-10,0.5243669429097877
2026-06-11,0.524323125338755
2026-06-12,0.5246787192867101
2026-06-15,0.5263817272767487
2026-06-16,0.5266508716540833
2026-06-17,0.5266970600206761
2026-06-18,0.5273611155746614
2026-06-22,0.5272871704205437
2026-06-23,0.5261664138959442
2026-06-24,0.5257473417367394
2026-06-25,0.5229065879568165
2026-06-26,0.5225373984386829
2026-06-29,0.5226308047230891
2026-06-30,0.5226308047230891
2026-07-01,0.5234193395979045
2026-07-02,0.5234104148857317
2026-07-06,0.5227687500821225
2026-07-07,0.5220473497528036
2026-07-08,0.5225334619704786
2026-07-09,0.5229150316307556
2026-07-10,0.5231801186018069
2026-07-13,0.5213339534198944
2026-07-14,0.5210927278063155
2026-07-15,0.5230310459246617
2026-07-16,0.522419689503269
2026-07-17,0.5217712849746148
2026-07-20,0.5215967237920156
2026-07-21,0.5216548764798319
2026-07-22,0.5213549491715838
2026-07-23,0.5211792785969006
2026-07-24,0.5223944336729527
2026-07-27,0.5222109893018319
2026-07-28,0.5213028136522084
2026-07-29,0.5208172542311799
2026-07-30,0.5205371880836703
2026-07-31,0.5211173369669797
2026-08-03,0.5220721080315534
2026-08-04,0.5239135814407335
2026-08-05,0.523767658018228
2026-08-06,0.5245889247025504
2026-08-07,0.5247354815658701
2026-08-10,0.5248719572131535
2026-08-11,0.5246122298731563
2026-08-12,0.5220758246588283
2026-08-13,0.5212835726136147
2026-08-14,0.5224998037168618
2026-08-17,0.5219214540293656
2026-08-18,0.5218615868429342
2026-08-19,0.522984074580722
2026-08-20,0.5236949905300321
2026-08-21,0.5235640009634505
2026-08-24,0.5227739425763626
2026-08-25,0.5231974824983582
2026-08-26,0.5237325482862396
2026-08-27,0.5238166509504968
2026-08-28,0.5241818125745202
2026-08-31,0.5233770704745653
2026-09-01,0.5227315292832274
2026-09-02,0.5219444749396873
2026-09-03,0.5222877429419669
2026-09-04,0.5219753757941212
2026-09-08,0.5215725296046881
2026-09-09,0.5222877429419669
2026-09-10,0.5219521779642786
2026-09-11,0.5221012137162114
2026-09-14,0.5227364796918818
2026-09-15,0.5224581115959366
2026-09-16,0.5214462855798736
2026-09-17,0.5213047910139518
2026-09-18,0.5201937814421886
2026-09-21,0.5211122116024086
2026-09-23,0.5212977046787783
