date,value
2003-03-25,1.3342163457050873
2003-03-26,1.3291072061928992
2003-03-27,1.33183731642494
2003-03-28,1.323518130122732
2003-03-31,1.3198994018501615
2003-04-01,1.317457000294395
2003-04-02,1.3115964204249229
2003-04-03,1.3069922217961714
2003-04-04,1.3018225456239656
2003-04-07,1.3024301582472937
2003-04-08,1.3099704917721469
2003-04-09,1.3168421230651677
2003-04-10,1.3225916754704972
2003-04-11,1.3266831881243173
2003-04-14,1.3236234718181927
2003-04-15,1.324618695687832
2003-04-16,1.3362504797386765
2003-04-17,1.3413248192365848
2003-04-21,1.3361026411639607
2003-04-22,1.3337062158203346
2003-04-23,1.3281422874686684
2003-04-24,1.3190339178475765
2003-04-25,1.3210397050975429
2003-04-28,1.319553676392912
2003-04-29,1.3178962050890377
2003-04-30,1.316973952499171
2003-05-01,1.3178870005016632
2003-05-02,1.307987058302288
2003-05-05,1.305968657890954
2003-05-06,1.3011865783176069
2003-05-07,1.2939418108266796
2003-05-08,1.2872412148793333
2003-05-09,1.2722500209384298
2003-05-12,1.2657361443187225
2003-05-13,1.258055207993882
2003-05-14,1.2506781260337427
2003-05-15,1.2511449059858717
2003-05-16,1.2476100133710375
2003-05-19,1.241936628912464
2003-05-20,1.2467670341350874
2003-05-21,1.2452106358456465
2003-05-22,1.245414164863806
2003-05-23,1.246504511684519
2003-05-27,1.2417582106078289
2003-05-28,1.2373263195460598
2003-05-29,1.2311177858966238
2003-05-30,1.229415745200057
2003-06-02,1.2273070647825843
2003-06-03,1.2230651799696983
2003-06-04,1.2194871556696196
2003-06-05,1.218258065764718
2003-06-06,1.2161450006175532
2003-06-09,1.213014012737293
2003-06-10,1.2128549528034869
2003-06-11,1.2098951635598525
2003-06-12,1.2070659869877214
2003-06-13,1.188507028536787
2003-06-16,1.1838346824901544
2003-06-17,1.1811507962750276
2003-06-18,1.1809420749263042
2003-06-19,1.180757188716098
2003-06-20,1.1793652136505852
2003-06-23,1.170693367386823
2003-06-24,1.1643395936896512
2003-06-25,1.1578683094386564
2003-06-26,1.1522297109633923
2003-06-27,1.147290253779978
2003-06-30,1.1427743012425702
2003-07-01,1.128182365256695
2003-07-02,1.1204220478653115
2003-07-03,1.117253981356686
2003-07-07,1.1135826365903705
2003-07-08,1.1103788306928033
2003-07-09,1.107305360291928
2003-07-10,1.10086122197504
2003-07-11,1.0970092444363553
2003-07-14,1.0934403136752626
2003-07-15,1.0909098684227827
2003-07-16,1.0890402062306097
2003-07-17,1.0864901331601031
2003-07-18,1.083589940994875
2003-07-21,1.077505940289283
2003-07-22,1.0694414119244986
2003-07-23,1.0621658406814063
2003-07-24,1.0533984686586066
2003-07-25,1.0470480328625138
2003-07-28,1.0373851365140505
2003-07-29,1.02931974354364
2003-07-30,1.0231105233593734
2003-07-31,1.0182652964146337
2003-08-01,1.0140947241988276
2003-08-04,1.009592935420689
2003-08-05,1.0059195572920283
2003-08-06,0.9984657394665044
2003-08-07,0.9906204455150204
2003-08-08,0.981243695019225
2003-08-11,0.974487030806245
2003-08-12,0.9675236338279636
2003-08-13,0.9629987051362012
2003-08-14,0.9555534753913076
2003-08-15,0.9531552320920584
2003-08-18,0.9476297583283712
2003-08-19,0.9384487847906322
2003-08-20,0.9341571919445448
2003-08-21,0.9283334723565648
2003-08-22,0.9306753430816812
2003-08-25,0.9291038129125312
2003-08-26,0.9301247760247012
2003-08-27,0.9272484940423052
2003-08-28,0.9238623897613972
2003-08-29,0.9219767523089052
2003-09-02,0.9288143633244164
2003-09-03,0.9301026354463598
2003-09-04,0.9329097069007756
2003-09-05,0.9284096327348142
2003-09-08,0.9262986080189286
2003-09-09,0.9197210958579148
2003-09-10,0.9132086007709056
2003-09-11,0.9065715403233332
2003-09-12,0.9033178553502976
2003-09-15,0.9001830354936772
2003-09-16,0.8942657781134172
2003-09-17,0.8910916422864753
2003-09-18,0.8852845636065196
2003-09-19,0.8808936495079215
2003-09-22,0.8744146033277052
2003-09-23,0.8701594633935624
2003-09-24,0.8638232420665152
2003-09-25,0.8594550350948369
2003-09-26,0.8533911079201165
2003-09-29,0.8497576032682459
2003-09-30,0.8447815072162883
2003-10-01,0.8395140358551657
2003-10-02,0.836028016902993
2003-10-03,0.8358751322231546
2003-10-06,0.8361292245963297
2003-10-07,0.8348318806207381
2003-10-08,0.8329115848787493
2003-10-09,0.8322955703827786
2003-10-10,0.8281574489904389
2003-10-13,0.832642295215879
2003-10-14,0.8321823414015718
2003-10-15,0.8326905354612282
2003-10-16,0.8326505059744049
2003-10-17,0.8292142035418876
2003-10-20,0.8257701310286709
2003-10-21,0.8235508419341055
2003-10-22,0.8233105128256495
2003-10-23,0.8271992484973872
2003-10-24,0.8302820559850075
2003-10-27,0.8350025051991786
2003-10-28,0.8268811432787484
2003-10-29,0.8211040629577537
2003-10-30,0.8159549380518824
2003-10-31,0.8109545810355644
2003-11-03,0.8098297251587584
2003-11-04,0.8086771402936654
2003-11-05,0.8059065450062174
2003-11-06,0.8022928407820162
2003-11-07,0.7952489411655156
2003-11-10,0.7900359450317669
2003-11-11,0.786235216563094
2003-11-12,0.7882496515013387
2003-11-13,0.7884778204289868
2003-11-14,0.7879625821080218
2003-11-17,0.7882435355585733
2003-11-18,0.7887133037464951
2003-11-19,0.7878842646942906
2003-11-20,0.786856719275119
2003-11-21,0.7885495079741914
2003-11-24,0.7809091177417385
2003-11-25,0.7764465981889733
2003-11-26,0.7771872100895566
2003-11-28,0.7788940158574705
2003-12-01,0.7802077267535399
2003-12-02,0.7823988907143352
2003-12-03,0.7830887459809022
2003-12-04,0.7856501872075659
2003-12-05,0.7769374824483354
2003-12-08,0.7732320460064921
2003-12-09,0.7677635310454174
2003-12-10,0.7657333895590465
2003-12-11,0.7638266835356781
2003-12-12,0.7626324981239793
2003-12-15,0.7622838435683633
2003-12-16,0.7626713954190667
2003-12-17,0.7612337989331438
2003-12-18,0.7626929480003124
2003-12-19,0.7627871068409863
2003-12-22,0.7627144744670841
2003-12-23,0.7596117617507221
2003-12-24,0.7581903618962822
2003-12-26,0.7584873139072764
2003-12-29,0.757611330629646
2003-12-30,0.7575996243712004
2003-12-31,0.7573968533182766
2004-01-02,0.7569896681184068
2004-01-05,0.7544458512098731
2004-01-06,0.7514159300565287
2004-01-07,0.7532651751712788
2004-01-08,0.7538097640542382
2004-01-09,0.7525040199599355
2004-01-12,0.7534879379263524
2004-01-13,0.7514717092293345
2004-01-14,0.7515883613258182
2004-01-15,0.7545132198735768
2004-01-16,0.7545966358065813
2004-01-20,0.7540513829558799
2004-01-21,0.7536567058448942
2004-01-22,0.7541313937163622
2004-01-23,0.7527698129524959
2004-01-26,0.7516037338381432
2004-01-27,0.751863164993826
2004-01-28,0.752607181688214
2004-01-29,0.7511314723317382
2004-01-30,0.751930335549947
2004-02-02,0.7513541351155475
2004-02-03,0.7511824077186288
2004-02-04,0.7506818996373117
2004-02-05,0.7510909911931283
2004-02-06,0.7460311729482676
2004-02-09,0.7440431030256762
2004-02-10,0.740437830916154
2004-02-11,0.7393400897299927
2004-02-12,0.7377167364262375
2004-02-13,0.7391105291125126
2004-02-17,0.7415818334351522
2004-02-18,0.7463850763324925
2004-02-19,0.7515384342546388
2004-02-20,0.7490021069721808
2004-02-23,0.7481402116552524
2004-02-24,0.7471076366209849
2004-02-25,0.7451293715491821
2004-02-26,0.7442367277739427
2004-02-27,0.7418877530893696
2004-03-01,0.7422137367123536
2004-03-02,0.7426376849492846
2004-03-03,0.7443973601150288
2004-03-04,0.7439500393813326
2004-03-05,0.7443544634614561
2004-03-08,0.7430627486359215
2004-03-09,0.7401949019346813
2004-03-10,0.7386844544230424
2004-03-11,0.7395102944899802
2004-03-12,0.7409029900524963
2004-03-15,0.7410676995208219
2004-03-16,0.7376777136362463
2004-03-17,0.7364201531288825
2004-03-18,0.7368568770590039
2004-03-19,0.7375048626334763
2004-03-22,0.7373966757962992
2004-03-23,0.7398590462586223
2004-03-24,0.7358035092339957
2004-03-25,0.7344255259008705
2004-03-26,0.7343699403294879
2004-03-29,0.7338720318617368
2004-03-30,0.7322193805397115
2004-03-31,0.7316294973936199
2004-04-01,0.7320512158615909
2004-04-02,0.7314263396668503
2004-04-05,0.7273392963439352
2004-04-06,0.7298235264967189
2004-04-07,0.7294709536609819
2004-04-08,0.7301605394202314
2004-04-12,0.7303753719405768
2004-04-13,0.730542840595961
2004-04-14,0.7306176023851537
2004-04-15,0.728799864001105
2004-04-16,0.7286558472492768
2004-04-19,0.7290907332971374
2004-04-20,0.7281335648243877
2004-04-21,0.7291628276909644
2004-04-22,0.7291628276909644
2004-04-23,0.7289089122088713
2004-04-26,0.7285527293396783
2004-04-27,0.7316711177792068
2004-04-28,0.7316481975462015
2004-04-29,0.7311593737490943
2004-04-30,0.7328671265730524
2004-05-03,0.7327060363511524
2004-05-04,0.7297696010567231
2004-05-05,0.7298192537771873
2004-05-06,0.7279377423281596
2004-05-07,0.7262206482730175
2004-05-10,0.7183802200229005
2004-05-11,0.7179741751714394
2004-05-12,0.7176687075812563
2004-05-13,0.7221708096286625
2004-05-14,0.7263146446834103
2004-05-17,0.7282787934638026
2004-05-18,0.7312548992988954
2004-05-19,0.7360582976150984
2004-05-20,0.7406218121204056
2004-05-21,0.7459859880443762
2004-05-24,0.7503796611909976
2004-05-25,0.746235232638665
2004-05-26,0.7451123501694076
2004-05-27,0.7454719585119346
2004-05-28,0.7444669922075069
2004-06-01,0.7460803618417542
2004-06-02,0.7460857509925318
2004-06-03,0.7450809472861426
2004-06-04,0.7449754412969433
2004-06-07,0.7454849084688859
2004-06-08,0.7454043654975051
2004-06-09,0.743062384807761
2004-06-10,0.7378847568704585
2004-06-14,0.7364249281103982
2004-06-15,0.7367294331999648
2004-06-16,0.7365625543386314
2004-06-17,0.7362128513034224
2004-06-18,0.7374806387497848
2004-06-21,0.7375671646529811
2004-06-22,0.7370067880898228
2004-06-23,0.73908760857622
2004-06-24,0.740185712793119
2004-06-25,0.7404804368303454
2004-06-28,0.7420970450797797
2004-06-29,0.7403952007611422
2004-06-30,0.7412834480812057
2004-07-01,0.7418071690049282
2004-07-02,0.7422948468436281
2004-07-06,0.7411443152115076
2004-07-07,0.7449264155241436
2004-07-08,0.7446678155816404
2004-07-09,0.7439022936968157
2004-07-12,0.7448481029495
2004-07-13,0.7448304238855152
2004-07-14,0.7449925718333643
2004-07-15,0.746079646832729
2004-07-16,0.7416936441512877
2004-07-19,0.7424848444682727
2004-07-20,0.7434707026070364
2004-07-21,0.7409995237565858
2004-07-22,0.7412997031293388
2004-07-23,0.7391956106084667
2004-07-26,0.7405100306450149
2004-07-27,0.7402624874178625
2004-07-28,0.741517933912223
2004-07-29,0.7390931191279694
2004-07-30,0.7391237582465451
2004-08-02,0.7404193488443664
2004-08-03,0.7340364968671926
2004-08-04,0.7338308596502016
2004-08-05,0.7329813065711414
2004-08-06,0.7362387005013667
2004-08-09,0.7386920788335842
2004-08-10,0.7389487791419495
2004-08-11,0.7396714672417064
2004-08-12,0.7406150142581718
2004-08-13,0.7401835632244569
2004-08-16,0.7373772919099794
2004-08-17,0.7359540114209777
2004-08-18,0.7355934932693166
2004-08-19,0.7335573321725666
2004-08-20,0.7332838650230682
2004-08-23,0.7340032592088408
2004-08-24,0.7340702018472427
2004-08-25,0.7333705536940965
2004-08-26,0.730550088784145
2004-08-27,0.7240199968141156
2004-08-30,0.7245005718854385
2004-08-31,0.7255711947188761
2004-09-01,0.7301004681275092
2004-09-02,0.7305619586140073
2004-09-03,0.7322009040809732
2004-09-07,0.7325502325752388
2004-09-08,0.7333989646850516
2004-09-09,0.725615617698462
2004-09-10,0.7258623794008786
2004-09-13,0.7254197568943456
2004-09-14,0.7257560535982195
2004-09-15,0.7245845207221359
2004-09-16,0.7243412546872516
2004-09-17,0.7244270943709402
2004-09-20,0.7252367556089403
2004-09-21,0.7250817976005681
2004-09-22,0.7182988992578735
2004-09-23,0.7186395129316053
2004-09-24,0.7176438450106363
2004-09-27,0.716988613953019
2004-09-28,0.717097543928363
2004-09-29,0.7183931135775029
2004-09-30,0.7194006404927312
2004-10-01,0.715602693556668
2004-10-04,0.7142461881174298
2004-10-05,0.7136321536043287
2004-10-06,0.714305961233335
2004-10-07,0.7191033047531822
2004-10-08,0.7177879398731533
2004-10-11,0.7190675274198671
2004-10-12,0.7187456084244713
2004-10-13,0.7196959006476658
2004-10-14,0.7201707578553224
2004-10-15,0.7206910612663625
2004-10-18,0.7208334144875285
2004-10-19,0.7210212738853966
2004-10-20,0.722515101193399
2004-10-21,0.7239474717578781
2004-10-22,0.7226938044762954
2004-10-25,0.7236657340549427
2004-10-26,0.7204216794866569
2004-10-27,0.7214402271551584
2004-10-28,0.7214401941327662
2004-10-29,0.7214402602010926
2004-11-01,0.7243715269539842
2004-11-02,0.7244453085390437
2004-11-03,0.7253052271461613
2004-11-04,0.7250573731548439
2004-11-05,0.7236758386479626
2004-11-08,0.7237676642392574
2004-11-09,0.7234945651374166
2004-11-10,0.7233582848022978
2004-11-11,0.7239964703653576
2004-11-12,0.72512716520673
2004-11-15,0.7259268124639826
2004-11-16,0.7277645673402003
2004-11-17,0.7289104955973321
2004-11-18,0.7308172810829783
2004-11-19,0.7330222618833347
2004-11-22,0.7323876844080136
2004-11-23,0.7322888689995982
2004-11-24,0.7331171042283454
2004-11-26,0.7304963556987946
2004-11-29,0.7308565579024244
2004-11-30,0.7310515680063031
2004-12-01,0.7323955498982984
2004-12-02,0.7339499782644127
2004-12-03,0.7319414047439191
2004-12-06,0.7314082180224238
2004-12-07,0.731183467610588
2004-12-08,0.7310969228732888
2004-12-09,0.7313182899443279
2004-12-10,0.7310936325414933
2004-12-13,0.7336560527328229
2004-12-14,0.7335570011889075
2004-12-15,0.7345716291022583
2004-12-16,0.7323275622661526
2004-12-17,0.7313520718633615
2004-12-20,0.7315535239893463
2004-12-21,0.7327000844260613
2004-12-22,0.7336994097045018
2004-12-23,0.7368200087604729
2004-12-27,0.7400500471219684
2004-12-28,0.7430213246726587
2004-12-29,0.7469518508008195
2004-12-30,0.751526111347989
2004-12-31,0.7495249735682518
2005-01-03,0.7483550010189759
2005-01-04,0.7442999981619799
2005-01-05,0.7443904700474663
2005-01-06,0.7446228835132314
2005-01-07,0.7450931154493257
2005-01-10,0.7412706168100869
2005-01-11,0.7413729036396359
2005-01-12,0.7408130532083453
2005-01-13,0.7355812814014923
2005-01-14,0.7357623472555874
2005-01-18,0.7358100034400359
2005-01-19,0.7357623044251104
2005-01-20,0.7368127086419854
2005-01-21,0.7413545706033484
2005-01-24,0.7381063958114249
2005-01-25,0.7396012784852615
2005-01-26,0.7404200113008478
2005-01-27,0.7374671468035168
2005-01-28,0.7338770650348035
2005-01-31,0.7322965602867201
2005-02-01,0.7322858129677294
2005-02-02,0.7311504769772375
2005-02-03,0.7311038827998942
2005-02-04,0.7309706062343275
2005-02-07,0.7309241375735713
2005-02-08,0.7306643174827683
2005-02-09,0.7294365244183918
2005-02-10,0.7281258993416783
2005-02-11,0.7258958037625459
2005-02-14,0.7258113559616522
2005-02-15,0.7264896966003387
2005-02-16,0.7285485061575315
2005-02-17,0.730085393687554
2005-02-18,0.7271331410094192
2005-02-22,0.7271331410094192
2005-02-23,0.7283690310556271
2005-02-24,0.7279890101263722
2005-02-25,0.7281959293447829
2005-02-28,0.725017936063884
2005-03-01,0.7255745780090993
2005-03-02,0.7229108963556302
2005-03-03,0.7227404250861513
2005-03-04,0.7234970516898
2005-03-07,0.7230721915292371
2005-03-08,0.7223971509682157
2005-03-09,0.7222706243928076
2005-03-10,0.7223964738668427
2005-03-11,0.7225643934339845
2005-03-14,0.7223951222814502
2005-03-15,0.7237013286917442
2005-03-16,0.722893819600371
2005-03-17,0.7212637458988228
2005-03-18,0.7186929104275354
2005-03-21,0.7179010178464503
2005-03-22,0.7182378240751534
2005-03-23,0.717499425162194
2005-03-24,0.7174241096337585
2005-03-28,0.7188022387895827
2005-03-29,0.7186821183567934
2005-03-30,0.7172187625987775
2005-03-31,0.7195512930459597
2005-04-01,0.7200560235335027
2005-04-04,0.720641028388476
2005-04-05,0.7213475204444817
2005-04-06,0.7211821340357845
2005-04-07,0.7215126676372903
2005-04-08,0.7222559732560574
2005-04-11,0.7233264218844635
2005-04-12,0.7266103302457597
2005-04-13,0.724207784474662
2005-04-14,0.7242471021259538
2005-04-15,0.7212233106678771
2005-04-18,0.7213060827544765
2005-04-19,0.7215548959741684
2005-04-20,0.7227190637038624
2005-04-21,0.7210579023874513
2005-04-22,0.7215959991594029
2005-04-25,0.7211821865857622
2005-04-26,0.7212238224809033
2005-04-27,0.7159987716592378
2005-04-28,0.7160451492706292
2005-04-29,0.7163959400858122
2005-05-02,0.7170358466208968
2005-05-03,0.7202332947078617
2005-05-04,0.7181505156530427
2005-05-05,0.7175018455971975
2005-05-06,0.718242654316665
2005-05-09,0.7180461890589551
2005-05-10,0.7173622892856015
2005-05-11,0.7176479488244113
2005-05-12,0.7120751700482932
2005-05-13,0.7117369789677727
2005-05-16,0.7111531810578386
2005-05-17,0.7111965182448209
2005-05-18,0.7116135014841545
2005-05-19,0.7118202961551384
2005-05-20,0.7116257796013635
2005-05-23,0.7114010732138202
2005-05-24,0.7119362701729104
2005-05-25,0.7138824565533861
2005-05-26,0.7137687596586452
2005-05-27,0.7135323840271767
2005-05-31,0.7133442214543787
2005-06-01,0.7137785761511903
2005-06-02,0.710986195734471
2005-06-03,0.7139124848150803
2005-06-06,0.714613307008014
2005-06-07,0.7138911963976693
2005-06-08,0.7105360409177381
2005-06-09,0.7090247167105909
2005-06-10,0.7089889691919992
2005-06-13,0.7085382867642643
2005-06-14,0.7080261237624385
2005-06-15,0.7080654760803988
2005-06-16,0.7010610963811318
2005-06-17,0.7011325698199272
2005-06-20,0.7001923850738874
2005-06-21,0.6944389650548379
2005-06-22,0.694594953026223
2005-06-23,0.6946972613208993
2005-06-24,0.6938788108290792
2005-06-27,0.6937803620757422
2005-06-28,0.6914453458694422
2005-06-29,0.6917066693693912
2005-06-30,0.6927329268299416
2005-07-01,0.6944951265179397
2005-07-05,0.6942443079141315
2005-07-06,0.6934299557567057
2005-07-07,0.6931695626528702
2005-07-08,0.692794595478193
2005-07-11,0.6883931396555093
2005-07-12,0.6882155099960473
2005-07-13,0.6891082441703651
2005-07-14,0.6871984411657376
2005-07-15,0.6876277487323736
2005-07-18,0.6875077261082364
2005-07-19,0.6873772569315119
2005-07-20,0.6876372826733969
2005-07-21,0.6878150342103274
2005-07-22,0.6877151779941157
2005-07-25,0.6879504780449147
2005-07-26,0.6877078729338776
2005-07-27,0.6842533070753658
2005-07-28,0.6842249289091481
2005-07-29,0.6853771561156378
2005-08-01,0.6858846723968677
2005-08-02,0.6864035542985821
2005-08-03,0.6873975878825868
2005-08-04,0.6869345997351718
2005-08-05,0.6860300419248619
2005-08-08,0.6869837975757334
2005-08-09,0.6880072113346205
2005-08-10,0.6876269283779742
2005-08-11,0.6886092148075785
2005-08-12,0.6864137395926624
2005-08-15,0.6863035993388502
2005-08-16,0.6863143650950254
2005-08-17,0.686435202757742
2005-08-18,0.6856367958348415
2005-08-19,0.6869653588338818
2005-08-22,0.6884378124250906
2005-08-23,0.6882875025432638
2005-08-24,0.6878316354847211
2005-08-25,0.6904291997771586
2005-08-26,0.6916496551875926
2005-08-29,0.693046303239536
2005-08-30,0.6912242346654508
2005-08-31,0.6877284797699393
2005-09-01,0.6880648495202922
2005-09-02,0.6882799979436584
2005-09-06,0.6885419476550888
2005-09-07,0.6866531121820812
2005-09-08,0.6867579174000042
2005-09-09,0.6863522060238497
2005-09-12,0.686275073351037
2005-09-13,0.6865826889722317
2005-09-14,0.6865523206265761
2005-09-15,0.6874666861132153
2005-09-16,0.6885093354593722
2005-09-19,0.6822145479324069
2005-09-20,0.6830674293735179
2005-09-21,0.6830899503375586
2005-09-22,0.6822017592946968
2005-09-23,0.6820440929861722
2005-09-26,0.6826124120765062
2005-09-27,0.6826815055780879
2005-09-28,0.678080500813626
2005-09-29,0.6774366860649733
2005-09-30,0.6776128866352786
2005-10-03,0.6768832810343992
2005-10-04,0.6770408459763739
2005-10-05,0.6769055364145333
2005-10-06,0.6773784825576415
2005-10-07,0.6771226910339263
2005-10-10,0.6769704955093103
2005-10-11,0.6792925123200217
2005-10-12,0.679378072238731
2005-10-13,0.6796112317886492
2005-10-14,0.6812070836906167
2005-10-17,0.6813200726545521
2005-10-18,0.6815265504399963
2005-10-19,0.6836703550328916
2005-10-20,0.684304101087511
2005-10-21,0.6854366537968966
2005-10-24,0.6839031585152835
2005-10-25,0.6841999817596905
2005-10-26,0.6829475059532208
2005-10-27,0.6837594175703751
2005-10-28,0.6832571468168345
2005-10-31,0.6832328413023253
2005-11-01,0.6837200034412785
2005-11-02,0.6829330141198517
2005-11-03,0.6833618918310176
2005-11-04,0.6833261163835663
2005-11-07,0.6805084881013069
2005-11-08,0.6787002007288078
2005-11-09,0.6728878415326596
2005-11-10,0.6728519642074008
2005-11-11,0.6704205506610177
2005-11-14,0.670436664894799
2005-11-15,0.6713727117874405
2005-11-16,0.6721122190530175
2005-11-17,0.6704244215973604
2005-11-18,0.6702801492848948
2005-11-21,0.670188106299357
2005-11-22,0.6699882204960178
2005-11-23,0.6699324342136047
2005-11-25,0.6647330916902396
2005-11-28,0.665183516929838
2005-11-29,0.6643922136757943
2005-11-30,0.664643634105343
2005-12-01,0.6648953619398351
2005-12-02,0.660410066410054
2005-12-05,0.654161240162409
2005-12-06,0.6558545862743597
2005-12-07,0.6551222475001569
2005-12-08,0.6553057310883496
2005-12-09,0.6545417320911252
2005-12-12,0.654376222372526
2005-12-13,0.6546673699073142
2005-12-14,0.6550014910821851
2005-12-15,0.6544456594952727
2005-12-16,0.6554064457555522
2005-12-19,0.6536059888806989
2005-12-20,0.6502870728089253
2005-12-21,0.6505701284749287
2005-12-22,0.6494599084741907
2005-12-23,0.6497681967182177
2005-12-27,0.6473247435460087
2005-12-28,0.6442277690265432
2005-12-29,0.6434957182741063
2005-12-30,0.6434765719101845
2006-01-03,0.6433510626255633
2006-01-04,0.6432801666975423
2006-01-05,0.635041031549886
2006-01-06,0.6349701273674128
2006-01-09,0.6436897470419102
2006-01-10,0.6439485501676941
2006-01-11,0.6439227117077355
2006-01-12,0.6439227117077355
2006-01-13,0.6410392740330924
2006-01-17,0.635485822345867
2006-01-18,0.6378753656376781
2006-01-19,0.6354655272078698
2006-01-20,0.6353599580215732
2006-01-23,0.6353247822185828
2006-01-24,0.6360006132441073
2006-01-25,0.6351347591946264
2006-01-26,0.6344027588105597
2006-01-27,0.6344027588105597
2006-01-30,0.6250949567613852
2006-01-31,0.6248839103190237
2006-02-01,0.6250564087847795
2006-02-02,0.6240049031232766
2006-02-03,0.6237953653289591
2006-02-06,0.6237953653289591
2006-02-07,0.6238651830919383
2006-02-08,0.6200991832148307
2006-02-09,0.6197089197636405
2006-02-10,0.6198158874727551
2006-02-13,0.6201020021892669
2006-02-14,0.6211944158389502
2006-02-15,0.6197989896622337
2006-02-16,0.619382469590053
2006-02-17,0.6193131478754015
2006-02-21,0.6149514498070625
2006-02-22,0.6147004860049822
2006-02-23,0.6148054689828089
2006-02-24,0.614916451078443
2006-02-27,0.6146367210398032
2006-02-28,0.6146716620594705
2006-03-01,0.6148844383417202
2006-03-02,0.6149893869719681
2006-03-03,0.6150622856189398
2006-03-06,0.6149952412827804
2006-03-07,0.614617285140291
2006-03-08,0.6113926393882487
2006-03-09,0.6114866284921893
2006-03-10,0.6110779659679196
2006-03-13,0.609546634865047
2006-03-14,0.6111227268600258
2006-03-15,0.6109773550928856
2006-03-16,0.610696548485496
2006-03-17,0.6058590122453119
2006-03-20,0.604700531800592
2006-03-21,0.6038269621100123
2006-03-22,0.6039333142859805
2006-03-23,0.6051608657741623
2006-03-24,0.6045985690257376
2006-03-27,0.6045284160475418
2006-03-28,0.6045284160475418
2006-03-29,0.6045284160475418
2006-03-30,0.6095999250711874
2006-03-31,0.6095999250711874
2006-04-03,0.6044933507106808
2006-04-04,0.6095303883106133
2006-04-05,0.6096694907196566
2006-04-06,0.6097390852752452
2006-04-07,0.6097390852752452
2006-04-10,0.6045634888183855
2006-04-11,0.6005724005091656
2006-04-12,0.6005724005091656
2006-04-13,0.6005724005091656
2006-04-17,0.5967182343836026
2006-04-18,0.5962273064846739
2006-04-19,0.596191417181517
2006-04-20,0.5962757657710288
2006-04-21,0.5956311263576133
2006-04-24,0.5955953881666893
2006-04-25,0.5905357400419009
2006-04-26,0.59183469593238
2006-04-27,0.5907351014434393
2006-04-28,0.5904487019414909
2006-05-01,0.5908784937292945
2006-05-02,0.5908784937292945
2006-05-03,0.5908426336085318
2006-05-04,0.590965707551682
2006-05-05,0.5864336188132108
2006-05-08,0.586886839809972
2006-05-09,0.5860725192977875
2006-05-10,0.5908282758577889
2006-05-11,0.5862170112274223
2006-05-12,0.5909712727014509
2006-05-15,0.5961941363702943
2006-05-16,0.5962295857428442
2006-05-17,0.5963005077468121
2006-05-18,0.5963714607807405
2006-05-19,0.5962171501364432
2006-05-22,0.5961337463710906
2006-05-23,0.5959439188052894
2006-05-24,0.596071158483733
2006-05-25,0.5963558195633983
2006-05-26,0.5972138783843095
2006-05-30,0.5954800489188071
2006-05-31,0.5954448570640204
2006-06-01,0.5953393273959507
2006-06-02,0.5900363355925158
2006-06-05,0.5898236110369304
2006-06-06,0.5897013921955774
2006-06-07,0.5898517460245674
2006-06-08,0.5916703842714373
2006-06-09,0.5941524101947615
2006-06-12,0.5951155716195646
2006-06-13,0.5951507106101529
2006-06-14,0.5902964092306304
2006-06-15,0.589772253956058
2006-06-16,0.589772253956058
2006-06-19,0.5897368191424095
2006-06-20,0.5898076966393275
2006-06-21,0.5901940462805487
2006-06-22,0.5901388290761803
2006-06-23,0.5899262038502012
2006-06-26,0.5887410098854706
2006-06-27,0.5844990120297264
2006-06-28,0.584392174730591
2006-06-29,0.584392174730591
2006-06-30,0.584285409868185
2006-07-03,0.5843209901119983
2006-07-05,0.5842498376641342
2006-07-06,0.5842498376641342
2006-07-07,0.5844112284382108
2006-07-10,0.5844468165895365
2006-07-11,0.5845180170262866
2006-07-12,0.5845180170262866
2006-07-13,0.5845180170262866
2006-07-14,0.5845180170262866
2006-07-17,0.5844112284382108
2006-07-18,0.5842689562118033
2006-07-19,0.5842334082353469
2006-07-20,0.5844418790244824
2006-07-21,0.584906316437849
2006-07-24,0.5849778899686651
2006-07-25,0.5850494959987823
2006-07-26,0.5853534688031382
2006-07-27,0.5883246862172467
2006-07-28,0.5891315414091016
2006-07-31,0.5897598967158488
2006-08-01,0.5898676162598095
2006-08-02,0.5898676162598095
2006-08-03,0.589795795153079
2006-08-04,0.589795795153079
2006-08-07,0.5898317016667601
2006-08-08,0.591072890944915
2006-08-09,0.5909077518700521
2006-08-10,0.5909028477755942
2006-08-11,0.5901112505719144
2006-08-14,0.5857046530698912
2006-08-15,0.5900753618720912
2006-08-16,0.5943558427507342
2006-08-17,0.5952808556603533
2006-08-18,0.5901112505719144
2006-08-21,0.5901112505719144
2006-08-22,0.5901830521717941
2006-08-23,0.5903584255347835
2006-08-24,0.5900355799029348
2006-08-25,0.5901391070472698
2006-08-28,0.5888548200627683
2006-08-29,0.5890325757533325
2006-08-30,0.5942011022646407
2006-08-31,0.5949781839282545
2006-09-01,0.5950844397963878
2006-09-05,0.5951907655379024
2006-09-06,0.5950135947918042
2006-09-07,0.595226222991901
2006-09-08,0.595226222991901
2006-09-11,0.5948719978598678
2006-09-12,0.594377383624183
2006-09-13,0.59434211194431
2006-09-14,0.5942715917019112
2006-09-15,0.5939979543023806
2006-09-18,0.5939627276391642
2006-09-19,0.5939979543023806
2006-09-20,0.5939979543023806
2006-09-21,0.5887151461294471
2006-09-22,0.5886796101537467
2006-09-25,0.5886796101537467
2006-09-26,0.5844244175143706
2006-09-27,0.5851986577914186
2006-09-28,0.5848775546130319
2006-09-29,0.5870794679531307
2006-10-02,0.5879116604276902
2006-10-03,0.5887033805061086
2006-10-04,0.5891742362637699
2006-10-05,0.5890160752306334
2006-10-06,0.5895949371558594
2006-10-09,0.5947143335917445
2006-10-10,0.5945932417082204
2006-10-11,0.594651579382855
2006-10-12,0.5948446081929654
2006-10-13,0.594651579382855
2006-10-16,0.5954567020221752
2006-10-17,0.5953222546962417
2006-10-18,0.5953320599796283
2006-10-19,0.5955851312584418
2006-10-20,0.5951671834351521
2006-10-23,0.5946156692475635
2006-10-24,0.5948922546095377
2006-10-25,0.5937529315427298
2006-10-26,0.5977977410891849
2006-10-27,0.6001087297710386
2006-10-30,0.600254257626804
2006-10-31,0.5991297888700705
2006-11-01,0.5991910211536382
2006-11-02,0.5994115345900922
2006-11-03,0.5990517503962511
2006-11-06,0.5980788473786707
2006-11-07,0.5970299653513794
2006-11-08,0.5995828471872202
2006-11-09,0.6004490651770578
2006-11-10,0.5996257781480819
2006-11-13,0.599931973660433
2006-11-14,0.5998531508821271
2006-11-15,0.5995135350793251
2006-11-16,0.5997021021373585
2006-11-17,0.5996949799452358
2006-11-20,0.5987208308864524
2006-11-21,0.5981186697577312
2006-11-22,0.5969912767004159
2006-11-24,0.5978059477833955
2006-11-27,0.596966563645155
2006-11-28,0.5967710535077599
2006-11-29,0.5968796712563385
2006-11-30,0.5975756339121139
2006-12-01,0.5972086849049718
2006-12-04,0.5969756215764004
2006-12-05,0.5972328209528966
2006-12-06,0.5970366339476146
2006-12-07,0.5942332563201226
2006-12-08,0.5949313487880049
2006-12-11,0.5948675281904947
2006-12-12,0.5948633592534257
2006-12-13,0.5941080013191548
2006-12-14,0.5937512544788536
2006-12-15,0.5945023264230302
2006-12-18,0.5969076585533042
2006-12-19,0.5970276776926889
2006-12-20,0.5973434751022538
2006-12-21,0.5978552202059764
2006-12-22,0.5974529993169609
2006-12-26,0.5974164830481031
2006-12-27,0.5974529993169609
2006-12-28,0.5974895237870441
2006-12-29,0.5976464364442909
2007-01-03,0.5963786040021491
2007-01-04,0.5925855588492874
2007-01-05,0.5962703919293112
2007-01-08,0.5963064545981785
2007-01-09,0.5962216946038568
2007-01-10,0.5962812235993556
2007-01-11,0.5961963709931409
2007-01-12,0.5960753728985739
2007-01-16,0.5962920795552273
2007-01-17,0.5961709962388999
2007-01-18,0.6001995264181823
2007-01-19,0.6060259633016404
2007-01-22,0.6063110216720036
2007-01-23,0.6059606972857989
2007-01-24,0.6053293335285423
2007-01-25,0.6056201832746072
2007-01-26,0.6059427322808896
2007-01-29,0.6057276299568306
2007-01-30,0.6057276299568306
2007-01-31,0.6060219432157613
2007-02-01,0.6062446588046564
2007-02-02,0.606065243879958
2007-02-05,0.6058181923563859
2007-02-06,0.6106106167151315
2007-02-07,0.610723501971053
2007-02-08,0.6109193906930173
2007-02-09,0.6121097252124835
2007-02-12,0.61253138928609
2007-02-13,0.611195503717712
2007-02-14,0.6113626828010758
2007-02-15,0.609904523290388
2007-02-16,0.6103537029814717
2007-02-20,0.6124822283273481
2007-02-21,0.6122931966794201
2007-02-22,0.6119868200954437
2007-02-23,0.6125290735097061
2007-02-26,0.611518275264056
2007-02-27,0.6128189900703369
2007-02-28,0.6125568361964274
2007-03-01,0.6130651039738036
2007-03-02,0.6129520172185882
2007-03-05,0.6131219850278744
2007-03-06,0.6124242656226487
2007-03-07,0.6115066217026074
2007-03-08,0.6175171421339057
2007-03-09,0.6192877055725937
2007-03-12,0.6195460467516336
2007-03-13,0.6193950030391071
2007-03-14,0.6197284185336361
2007-03-15,0.6198385660724415
2007-03-16,0.6198349322852384
2007-03-19,0.6202059621771382
2007-03-20,0.6203155442031404
2007-03-21,0.6186153430931749
2007-03-22,0.6180364334039521
2007-03-23,0.6174512480451664
2007-03-26,0.6168588358256327
2007-03-27,0.6186276545712535
2007-03-28,0.6206211481597813
2007-03-29,0.6185029578905752
2007-03-30,0.6195864469167696
2007-04-02,0.618666807731123
2007-04-03,0.618889051452663
2007-04-04,0.616818841842631
2007-04-05,0.6135993692440094
2007-04-09,0.6154059519572509
2007-04-10,0.6154059519572509
2007-04-11,0.6153302920320969
2007-04-12,0.6148328495345756
2007-04-13,0.6147918445527104
2007-04-16,0.6151729321531709
2007-04-17,0.614314875795212
2007-04-18,0.6141872731473883
2007-04-19,0.6128761959134064
2007-04-20,0.6121958042123454
2007-04-23,0.609923976139742
2007-04-24,0.6073558914869125
2007-04-25,0.6051221655167703
2007-04-26,0.604823943386627
2007-04-27,0.6041711389001114
2007-04-30,0.6034799020307411
2007-05-01,0.600534540550859
2007-05-02,0.5999645922269685
2007-05-03,0.6012740919831151
2007-05-04,0.6008090705556364
2007-05-07,0.6002336037256831
2007-05-08,0.5990055233045912
2007-05-09,0.5978215080205757
2007-05-10,0.5964527855134641
2007-05-11,0.5963892624515366
2007-05-14,0.596312605158406
2007-05-15,0.5956215372881115
2007-05-16,0.59496399021433
2007-05-17,0.5936802471715201
2007-05-18,0.593829003577542
2007-05-21,0.5941457054170511
2007-05-22,0.5945972754251803
2007-05-23,0.5934544271046951
2007-05-24,0.5930526754153398
2007-05-25,0.5931263016132415
2007-05-29,0.592236823433014
2007-05-30,0.5904207165767642
2007-05-31,0.5881961653246829
2007-06-01,0.5863048511860635
2007-06-04,0.584821009875462
2007-06-05,0.5890412797470466
2007-06-06,0.5888328221077801
2007-06-07,0.5882384218859407
2007-06-08,0.5884261301361854
2007-06-11,0.5884304187095479
2007-06-12,0.587184777321265
2007-06-13,0.5865048999000565
2007-06-14,0.5872615346291645
2007-06-15,0.5873915563388862
2007-06-18,0.591187584460126
2007-06-19,0.591166674337335
2007-06-20,0.5901358433335161
2007-06-21,0.5940464330970908
2007-06-22,0.5954455655493718
2007-06-25,0.5955935495022475
2007-06-26,0.5990821987222484
2007-06-27,0.5987914298699244
2007-06-28,0.5987203161373789
2007-06-29,0.6000840986444583
2007-07-02,0.5994192150182657
2007-07-03,0.5961083101777173
2007-07-05,0.5961455701859782
2007-07-06,0.5961455701859782
2007-07-09,0.5962500271162494
2007-07-10,0.6002788162911846
2007-07-11,0.6000975162079284
2007-07-12,0.6004643048265434
2007-07-13,0.5998647727831746
2007-07-16,0.5983850793231597
2007-07-17,0.6000852065806028
2007-07-18,0.5996596451290656
2007-07-19,0.6000098019717478
2007-07-20,0.5999943161785611
2007-07-23,0.599806182816287
2007-07-24,0.599806182816287
2007-07-25,0.5995880936999312
2007-07-26,0.6000453599167008
2007-07-27,0.6002664584613292
2007-07-30,0.5996371419978285
2007-07-31,0.5977949349308245
2007-08-01,0.5963441240612309
2007-08-02,0.5948280938931777
2007-08-03,0.6002726096366034
2007-08-06,0.6003863528860365
2007-08-07,0.6000230950249158
2007-08-08,0.6000877711162622
2007-08-09,0.6030627386112711
2007-08-10,0.6028090910639697
2007-08-13,0.6034679936626164
2007-08-14,0.6033455363135857
2007-08-15,0.603251442302017
2007-08-16,0.6027984591923158
2007-08-17,0.6036043432227658
2007-08-20,0.6022425338594907
2007-08-21,0.606470222506429
2007-08-22,0.6095418548066356
2007-08-23,0.6085273722584867
2007-08-24,0.6096154587714444
2007-08-27,0.609533751148654
2007-08-28,0.6134103997928751
2007-08-29,0.6141188381976697
2007-08-30,0.6143800416841364
2007-08-31,0.6134683039480437
2007-09-04,0.616761448934255
2007-09-05,0.6176238708879529
2007-09-06,0.6193827408303223
2007-09-07,0.61945741604118
2007-09-10,0.6194947658516046
2007-09-11,0.6190810802451673
2007-09-12,0.6190415344791997
2007-09-13,0.6189599204374944
2007-09-14,0.6183503077998531
2007-09-17,0.6227465624112918
2007-09-18,0.6234192791597681
2007-09-19,0.6278888060917753
2007-09-20,0.6281875615978616
2007-09-21,0.6280508646077247
2007-09-24,0.6281599059746376
2007-09-25,0.6280540583281741
2007-09-26,0.628326280968511
2007-09-27,0.6283020193251144
2007-09-28,0.6293583029711287
2007-10-01,0.6317458290903801
2007-10-02,0.6293583029711287
2007-10-03,0.6301796029676393
2007-10-04,0.6309287364209198
2007-10-05,0.6312793736725097
2007-10-08,0.6312133110897417
2007-10-09,0.6326602457383554
2007-10-10,0.6325513132909578
2007-10-11,0.6319477760195688
2007-10-12,0.6321307340525542
2007-10-15,0.6315656269159381
2007-10-16,0.6315618238885007
2007-10-17,0.6413587643164206
2007-10-18,0.6462385211047096
2007-10-19,0.6456218557704322
2007-10-22,0.645060736632519
2007-10-23,0.6451552583443054
2007-10-24,0.6435636201796714
2007-10-25,0.6511486065955624
2007-10-26,0.6597827649804775
2007-10-29,0.6694940697250732
2007-10-30,0.6697202926180066
2007-10-31,0.6697202926180066
2007-11-01,0.6683707715542548
2007-11-02,0.6684044529654893
2007-11-05,0.6692633662212012
2007-11-06,0.6706053173351242
2007-11-07,0.668932761225842
2007-11-08,0.6718101509984759
2007-11-09,0.676361774071839
2007-11-12,0.6909777930059908
2007-11-13,0.6923506463213287
2007-11-14,0.6924608887034139
2007-11-15,0.6925431473849497
2007-11-16,0.6919280861472986
2007-11-19,0.6977664802236477
2007-11-20,0.697752408029607
2007-11-21,0.697372592234946
2007-11-23,0.697607012726807
2007-11-26,0.6966416564200126
2007-11-27,0.6950077208819866
2007-11-28,0.7001263885509842
2007-11-29,0.699239197410849
2007-11-30,0.6976850132095899
2007-12-03,0.6962413000931105
2007-12-04,0.6939055086278425
2007-12-05,0.6994109631443258
2007-12-06,0.6989590212140899
2007-12-07,0.6989393192315875
2007-12-10,0.6978078303965162
2007-12-11,0.6979357935728049
2007-12-12,0.6965900130210444
2007-12-13,0.6953912579358706
2007-12-14,0.692994739764299
2007-12-17,0.691517302681905
2007-12-18,0.692987544580981
2007-12-19,0.6920699924056567
2007-12-20,0.6910965889799792
2007-12-21,0.6910149654829183
2007-12-24,0.6893243863394505
2007-12-26,0.6875061918352471
2007-12-27,0.6866097278249851
2007-12-28,0.6858106990954752
2007-12-31,0.6898014396228497
2008-01-02,0.6898014396228497
2008-01-03,0.6897919186299711
2008-01-04,0.6978892735187172
2008-01-07,0.7125829296793382
2008-01-08,0.7143584626801839
2008-01-09,0.7141723838696808
2008-01-10,0.7142645511007881
2008-01-11,0.7136451991916448
2008-01-14,0.7131658941133658
2008-01-15,0.7160996206608599
2008-01-16,0.72460702702419
2008-01-17,0.7302688132107065
2008-01-18,0.7298357117268136
2008-01-22,0.7293361367771523
2008-01-23,0.7279243047411496
2008-01-24,0.7304291233444642
2008-01-25,0.7294544221186205
2008-01-28,0.7274967871182781
2008-01-29,0.727908189873871
2008-01-30,0.7260193195847799
2008-01-31,0.7268822847959651
2008-02-01,0.7267052505592609
2008-02-04,0.7271355524085797
2008-02-05,0.7273177329682564
2008-02-06,0.7268780478301969
2008-02-07,0.7277190688122005
2008-02-08,0.7276764977104205
2008-02-11,0.7298260918752443
2008-02-12,0.7294667788552488
2008-02-13,0.7278587793082418
2008-02-14,0.7331781164002801
2008-02-15,0.7365793151716142
2008-02-19,0.7406879079107451
2008-02-20,0.7417086079377792
2008-02-21,0.7418650148387714
2008-02-22,0.7419962843726076
2008-02-25,0.7419929346890424
2008-02-26,0.7423160508657842
2008-02-27,0.7445505104734862
2008-02-28,0.7466855120825007
2008-02-29,0.7475839702594693
2008-03-03,0.747633067270288
2008-03-04,0.7462835316653701
2008-03-05,0.7475478183846553
2008-03-06,0.7472853545827803
2008-03-07,0.7470710923621483
2008-03-10,0.7515697964653736
2008-03-11,0.7527382995429083
2008-03-12,0.7536094331767086
2008-03-13,0.7534647016823157
2008-03-14,0.7541313426775873
2008-03-17,0.7545359272126041
2008-03-18,0.754952537512869
2008-03-19,0.7546456391953488
2008-03-20,0.7551851013703181
2008-03-24,0.7544185074067552
2008-03-25,0.7598775282535745
2008-03-26,0.7590206523483483
2008-03-27,0.7583545450287829
2008-03-28,0.7571728556682529
2008-03-31,0.7581139997680086
2008-04-01,0.7538136905329925
2008-04-02,0.7550020874708119
2008-04-03,0.7560393327277474
2008-04-04,0.756058327518002
2008-04-07,0.7560773431267767
2008-04-08,0.7549817041753984
2008-04-09,0.7533582879742265
2008-04-10,0.7516323282567113
2008-04-11,0.7509634234058559
2008-04-14,0.7573769368694693
2008-04-15,0.7581886009031668
2008-04-16,0.7580146824215079
2008-04-17,0.7575961823919138
2008-04-18,0.7543836698335977
2008-04-21,0.7530592872729684
2008-04-22,0.7524248411326638
2008-04-23,0.7517766854404211
2008-04-24,0.7513981898859491
2008-04-25,0.750285465969084
2008-04-28,0.750411574011877
2008-04-29,0.7499102086939547
2008-04-30,0.7485839742480531
2008-05-01,0.7473791932065599
2008-05-02,0.7493907437583489
2008-05-05,0.749133470104908
2008-05-06,0.7490316493927441
2008-05-07,0.7480719506065665
2008-05-08,0.7468149315928044
2008-05-09,0.744727343646113
2008-05-12,0.7446507632918516
2008-05-13,0.7435150288955151
2008-05-14,0.7442667373389348
2008-05-15,0.7448394715647645
2008-05-16,0.746504942389159
2008-05-19,0.7469444376490169
2008-05-20,0.7470451252113527
2008-05-21,0.7467986149834337
2008-05-22,0.7467022029453639
2008-05-23,0.7461686095740284
2008-05-27,0.7467791027270301
2008-05-28,0.7473340252201273
2008-05-29,0.7488401842530764
2008-05-30,0.7480906549206339
2008-06-02,0.7483517333582549
2008-06-03,0.7482375854279488
2008-06-04,0.74661952842256
2008-06-05,0.746161952146455
2008-06-06,0.7457701596917813
2008-06-09,0.745763084636673
2008-06-10,0.7452525372487864
2008-06-11,0.7488483722128837
2008-06-12,0.7489197615802412
2008-06-13,0.7490790439611565
2008-06-16,0.749543770154717
2008-06-17,0.748661643945281
2008-06-18,0.7462018781046709
2008-06-19,0.7481445999871447
2008-06-20,0.7491911922919335
2008-06-23,0.7487986242531434
2008-06-24,0.749175416936222
2008-06-25,0.7491192831988019
2008-06-26,0.746205766243354
2008-06-27,0.7444799933676773
2008-06-30,0.7443011244536212
2008-07-01,0.7434603568522353
2008-07-02,0.7427471922607446
2008-07-03,0.7520381010992154
2008-07-07,0.7611011805650032
2008-07-08,0.7655132915611094
2008-07-09,0.763851415914653
2008-07-10,0.7620311444942351
2008-07-11,0.7600154313861021
2008-07-14,0.7574025675541219
2008-07-15,0.7566375180873459
2008-07-16,0.7567258291477359
2008-07-17,0.7572927359036314
2008-07-18,0.7553122679827643
2008-07-21,0.7578681139406246
2008-07-22,0.7565401732296411
2008-07-23,0.7558204740298506
2008-07-24,0.7559944434348961
2008-07-25,0.7554088778123
2008-07-28,0.7551914580458254
2008-07-29,0.75693978911771
2008-07-30,0.760787886481023
2008-07-31,0.7614107843960336
2008-08-01,0.7592605332081445
2008-08-04,0.7590885375258049
2008-08-05,0.7587492593557608
2008-08-06,0.7573902419651752
2008-08-07,0.7557073175855371
2008-08-08,0.7545173068049792
2008-08-11,0.7544439756934292
2008-08-12,0.7527617317705405
2008-08-13,0.7478901493972744
2008-08-14,0.7460584392903883
2008-08-15,0.7467426754049474
2008-08-18,0.746618096365433
2008-08-19,0.7457422634372979
2008-08-20,0.7461973002441117
2008-08-21,0.7458589132456974
2008-08-22,0.7465391108764494
2008-08-25,0.7453882141591619
2008-08-26,0.7442265423917407
2008-08-27,0.744560508619086
2008-08-28,0.7448305889872585
2008-08-29,0.7434710462513825
2008-09-02,0.7433546844263016
2008-09-03,0.7430257935003856
2008-09-04,0.743293506227149
2008-09-05,0.7417129625257438
2008-09-08,0.7408524323443865
2008-09-09,0.741956307801273
2008-09-10,0.7411620516620594
2008-09-11,0.7412298608501662
2008-09-12,0.7408087506808592
2008-09-15,0.7392435455160568
2008-09-16,0.7388529422418104
2008-09-17,0.7388606586103166
2008-09-18,0.738824047477682
2008-09-19,0.7379003717556906
2008-09-22,0.7381719359452058
2008-09-23,0.7370026850718581
2008-09-24,0.7370499751342919
2008-09-25,0.7398302985818687
2008-09-26,0.7380834380889072
2008-09-29,0.7372621808910781
2008-09-30,0.7348136063024724
2008-10-01,0.7347154401048184
2008-10-02,0.7360669524848905
2008-10-03,0.7350012709731318
2008-10-06,0.7344128585415912
2008-10-07,0.7373480955366488
2008-10-08,0.7363275654252449
2008-10-09,0.7367971424040864
2008-10-10,0.7355669989913816
2008-10-13,0.7351105921596461
2008-10-14,0.7347229010025101
2008-10-15,0.7315951107628558
2008-10-16,0.7294710700809798
2008-10-17,0.7282624166571166
2008-10-20,0.726124623082964
2008-10-21,0.7226301387062595
2008-10-22,0.7209963331066659
2008-10-23,0.7198602023148056
2008-10-24,0.7188334368900277
2008-10-27,0.7181513362155852
2008-10-28,0.7194053282795884
2008-10-29,0.719006859791232
2008-10-30,0.7184428310716044
2008-10-31,0.7193634580489185
2008-11-03,0.7192724553102923
2008-11-04,0.7189946613897755
2008-11-05,0.7174272414022147
2008-11-06,0.717127256550229
2008-11-07,0.7158669505499001
2008-11-10,0.7163640720035048
2008-11-11,0.714350818079051
2008-11-12,0.7141968399419762
2008-11-13,0.7136898279812873
2008-11-14,0.7125664044863229
2008-11-17,0.7118371890534416
2008-11-18,0.7100832531150703
2008-11-19,0.7096621314252953
2008-11-20,0.709749200501608
2008-11-21,0.7094707461167508
2008-11-24,0.7094769916879744
2008-11-25,0.7087601689286036
2008-11-26,0.7089147026565608
2008-11-28,0.7079302950968953
2008-12-01,0.7062408358659393
2008-12-02,0.7037006606541224
2008-12-03,0.7020901188636414
2008-12-04,0.7009558270680223
2008-12-05,0.699582992434372
2008-12-08,0.697969209535373
2008-12-09,0.6940618428114337
2008-12-10,0.6927833160512111
2008-12-11,0.6930404070328884
2008-12-12,0.6911637277090487
2008-12-15,0.6923815233115478
2008-12-16,0.6918190329472763
2008-12-17,0.6903271267565496
2008-12-18,0.6892431593035367
2008-12-19,0.6886259288738791
2008-12-22,0.6882504274384568
2008-12-23,0.6875956818687334
2008-12-24,0.6850099128684763
2008-12-26,0.687351459086737
2008-12-29,0.686895970213508
2008-12-30,0.68676873253105
2008-12-31,0.6869357462463183
2009-01-02,0.6850479015118386
2009-01-05,0.6830229560430724
2009-01-06,0.6814107353149907
2009-01-07,0.6781700711423627
2009-01-08,0.6766626319921452
2009-01-09,0.6745468995354561
2009-01-12,0.6723470273368578
2009-01-13,0.6713621004642981
2009-01-14,0.6680599093052313
2009-01-15,0.6665240005942539
2009-01-16,0.6646825993889721
2009-01-20,0.6639727817422044
2009-01-21,0.6623311056892554
2009-01-22,0.6611969308166034
2009-01-23,0.6593363285855721
2009-01-26,0.659701110879141
2009-01-27,0.6601106185957655
2009-01-28,0.6596927627591688
2009-01-29,0.6593531538026723
2009-01-30,0.6590305431775869
2009-02-02,0.6587294996131771
2009-02-03,0.6586088281631228
2009-02-04,0.6576009478479884
2009-02-05,0.6559621019426707
2009-02-06,0.6546112759604369
2009-02-09,0.6542625690574806
2009-02-10,0.6531016942701499
2009-02-11,0.6504459393965496
2009-02-12,0.6496680114280085
2009-02-13,0.6485925662508147
2009-02-17,0.647041227231522
2009-02-18,0.6448905842903264
2009-02-19,0.6433613993536361
2009-02-20,0.6416726455425823
2009-02-23,0.6403972966797853
2009-02-24,0.6384754050349002
2009-02-25,0.6385657118954695
2009-02-26,0.6381163091977204
2009-02-27,0.6370155357944198
2009-03-02,0.6359401433672222
2009-03-03,0.6346076434522565
2009-03-04,0.635021808337116
2009-03-05,0.6344839215902951
2009-03-06,0.6337436824781172
2009-03-09,0.6322001315815297
2009-03-10,0.6307674217250786
2009-03-11,0.6310275770429601
2009-03-12,0.6296083625107413
2009-03-13,0.6283982389141356
2009-03-16,0.6289642142196403
2009-03-17,0.6282131883162074
2009-03-18,0.6269954482449221
2009-03-19,0.6290489527443098
2009-03-20,0.6291903598448321
2009-03-23,0.6286888390717839
2009-03-24,0.6281979887122325
2009-03-25,0.629870695663599
2009-03-26,0.6278528428261728
2009-03-27,0.6287107929830213
2009-03-30,0.6287389855969364
2009-03-31,0.6284719548918682
2009-04-01,0.628793004752333
2009-04-02,0.6276342200538612
2009-04-03,0.6274239058983836
2009-04-06,0.6276358546506517
2009-04-07,0.627308818225933
2009-04-08,0.6267449638237882
2009-04-09,0.624331967798776
2009-04-13,0.626065740991539
2009-04-14,0.6258630915208981
2009-04-15,0.6241315433019741
2009-04-16,0.6234312937224368
2009-04-17,0.620946203475138
2009-04-20,0.6178712238113389
2009-04-21,0.6163685752088086
2009-04-22,0.6167064222635879
2009-04-23,0.6171756676385337
2009-04-24,0.6165589750005044
2009-04-27,0.6158130853046889
2009-04-28,0.6166677283684039
2009-04-29,0.6169929789123783
2009-04-30,0.6161427350715244
2009-05-01,0.6161374791893971
2009-05-04,0.6162915083148754
2009-05-05,0.6156590140328634
2009-05-06,0.6155140512475022
2009-05-07,0.6145224404282286
2009-05-08,0.6178185231159915
2009-05-11,0.6179259524895528
2009-05-12,0.6177617754655245
2009-05-13,0.6176691657090762
2009-05-14,0.6170656175403615
2009-05-15,0.6161381819267695
2009-05-18,0.6150768755070849
2009-05-19,0.616403204750772
2009-05-20,0.6165831877561193
2009-05-21,0.6166932411681159
2009-05-22,0.6151029804837858
2009-05-26,0.6139963135250661
2009-05-27,0.6126711377133428
2009-05-28,0.6126876294364386
2009-05-29,0.6129165534825115
2009-06-01,0.611392695891488
2009-06-02,0.6100925735727312
2009-06-03,0.6110523790206422
2009-06-04,0.6111799037507581
2009-06-05,0.6107353875080189
2009-06-08,0.6108793800435552
2009-06-09,0.609358737215385
2009-06-10,0.6099050664739493
2009-06-11,0.6095657689472691
2009-06-12,0.609244175770776
2009-06-15,0.6079185705769844
2009-06-16,0.6050185598776198
2009-06-17,0.6045674054513284
2009-06-18,0.6048057667776956
2009-06-19,0.6041111920619626
2009-06-22,0.6007654151564739
2009-06-23,0.5998266558552142
2009-06-24,0.5991047647706521
2009-06-25,0.5968755732594813
2009-06-26,0.5968100557808818
2009-06-29,0.5961736805451742
2009-06-30,0.5964379541112372
2009-07-01,0.5961046316976862
2009-07-02,0.593220426614956
2009-07-06,0.5948768369076479
2009-07-07,0.5949810001856264
2009-07-08,0.5954514448186954
2009-07-09,0.5944305196466182
2009-07-10,0.5943258353069043
2009-07-13,0.5953995347402543
2009-07-14,0.5948246902810872
2009-07-15,0.5939406077589218
2009-07-16,0.5930249839481123
2009-07-17,0.5928958401492553
2009-07-20,0.5906151778763656
2009-07-21,0.5896729553500852
2009-07-22,0.5895664833489893
2009-07-23,0.5874426027165588
2009-07-24,0.5857872370893098
2009-07-27,0.5849155274811999
2009-07-28,0.5840959795178599
2009-07-29,0.5838125898518425
2009-07-30,0.5855362419219604
2009-07-31,0.5879381175033797
2009-08-03,0.5887468160073571
2009-08-04,0.5906372873298034
2009-08-05,0.591271778222642
2009-08-06,0.5909061444958577
2009-08-07,0.589456131844819
2009-08-10,0.588954385615055
2009-08-11,0.5885796105534062
2009-08-12,0.5868428377062076
2009-08-13,0.5853838259330502
2009-08-14,0.5850207011365298
2009-08-17,0.5844267972648476
2009-08-18,0.5829157490690567
2009-08-19,0.5834785245896269
2009-08-20,0.5805741861753995
2009-08-21,0.5785299175528523
2009-08-24,0.5779656636921792
2009-08-25,0.5772724655164708
2009-08-26,0.5757928284657835
2009-08-27,0.5763396403417264
2009-08-28,0.5748828478618827
2009-08-31,0.5736966709238519
2009-09-01,0.5727188855607898
2009-09-02,0.5728324951165046
2009-09-03,0.572158537616067
2009-09-04,0.5710845315924145
2009-09-08,0.5704966616326654
2009-09-09,0.5710462540391733
2009-09-10,0.5704820568116112
2009-09-11,0.5706263122905709
2009-09-14,0.5710042281660854
2009-09-15,0.5702875712502563
2009-09-16,0.5686829261617009
2009-09-17,0.5667142818601674
2009-09-18,0.5659962066287408
2009-09-21,0.5659498773832125
2009-09-22,0.5646776648195786
2009-09-23,0.5641491775453843
2009-09-24,0.5632160613703392
2009-09-25,0.5629004685766461
2009-09-28,0.5618635516629669
2009-09-29,0.5613983287771132
2009-09-30,0.5612157772919348
2009-10-01,0.560134982377827
2009-10-02,0.5612720611278259
2009-10-05,0.5607276289654359
2009-10-06,0.5608743848075486
2009-10-07,0.5608376822242277
2009-10-08,0.5611231094110357
2009-10-09,0.5622409671051888
2009-10-12,0.5627767836217029
2009-10-13,0.5626634139528315
2009-10-14,0.5623364775831395
2009-10-15,0.5613252812397466
2009-10-16,0.5616933745900223
2009-10-19,0.5614441467618162
2009-10-20,0.5609478172415158
2009-10-21,0.5597099695373701
2009-10-22,0.5591657384719231
2009-10-23,0.5587641766851239
2009-10-26,0.558364795546544
2009-10-27,0.5575647873780959
2009-10-28,0.55632629171071
2009-10-29,0.5552986480447286
2009-10-30,0.5539342563900453
2009-11-02,0.5540702348927713
2009-11-03,0.5544303563185378
2009-11-04,0.5554283005768327
2009-11-05,0.5542958669239685
2009-11-06,0.5553260712848596
2009-11-09,0.5546422236665322
2009-11-10,0.5547758228382794
2009-11-11,0.5542947114186938
2009-11-12,0.553966425927033
2009-11-13,0.5519926643550522
2009-11-16,0.5524530382528937
2009-11-17,0.5527114616687021
2009-11-18,0.5524530382528937
2009-11-19,0.5509931700374285
2009-11-20,0.5526564910122669
2009-11-23,0.5523652993541139
2009-11-24,0.5536816623785344
2009-11-25,0.5544898089282202
2009-11-27,0.5535799284912297
2009-11-30,0.553691010850821
2009-12-01,0.5551179056047878
2009-12-02,0.5545410290628098
2009-12-03,0.5537003199408305
2009-12-04,0.5514118156170528
2009-12-07,0.5511321051356604
2009-12-08,0.5511073302486357
2009-12-09,0.5511595727622606
2009-12-10,0.5493266286918203
2009-12-11,0.5480661849978145
2009-12-14,0.5463131937719099
2009-12-15,0.5446743427062338
2009-12-16,0.5440831061006215
2009-12-17,0.5445251716460399
2009-12-18,0.544495802640996
2009-12-21,0.5440378439767828
2009-12-22,0.543721825052365
2009-12-23,0.543629634476212
2009-12-24,0.5432981500775833
2009-12-28,0.5426847675172876
2009-12-29,0.5424374653983401
2009-12-30,0.5424730704219622
2009-12-31,0.5419759054111949
2010-01-04,0.5417508261402995
2010-01-05,0.54116977886196
2010-01-06,0.5423790882389193
2010-01-07,0.5425086844296022
2010-01-08,0.5436696994828639
2010-01-11,0.5444107671541438
2010-01-12,0.5438438992471507
2010-01-13,0.5435266699634598
2010-01-14,0.5436382424316156
2010-01-15,0.5443151253453024
2010-01-19,0.5441355453921898
2010-01-20,0.5442850058453144
2010-01-21,0.5453714115538858
2010-01-22,0.545111434806749
2010-01-25,0.544896066282622
2010-01-26,0.5435981666610437
2010-01-27,0.542463349140686
2010-01-28,0.5411313774150427
2010-01-29,0.5397780509707977
2010-02-01,0.539120092294739
2010-02-02,0.5396380194899125
2010-02-03,0.5396603404074283
2010-02-04,0.5386563970109359
2010-02-05,0.5381382600262202
2010-02-08,0.5383178678444499
2010-02-09,0.5381953036717313
2010-02-10,0.5377041727553922
2010-02-11,0.5379559074580944
2010-02-12,0.5374324733649881
2010-02-16,0.5375559555248947
2010-02-17,0.5366699998540614
2010-02-18,0.5357516271682237
2010-02-19,0.5354368665328234
2010-02-22,0.5362059769726473
2010-02-23,0.5370457598651193
2010-02-24,0.5375459702203605
2010-02-25,0.5374944427464338
2010-02-26,0.5371132101468341
2010-03-01,0.5371648610443046
2010-03-02,0.5368296413522565
2010-03-03,0.5369016435301823
2010-03-04,0.5375613348827007
2010-03-05,0.5377362482537172
2010-03-08,0.5368145215467469
2010-03-09,0.5363300493689174
2010-03-10,0.5365296084605493
2010-03-11,0.5378984496671696
2010-03-12,0.5387720798336108
2010-03-15,0.5387212275620515
2010-03-16,0.5383792038364273
2010-03-17,0.5375305825552156
2010-03-18,0.537355034504323
2010-03-19,0.5375721462012556
2010-03-22,0.5371068218991107
2010-03-23,0.5375875297809489
2010-03-24,0.5378562635103512
2010-03-25,0.5387357046526525
2010-03-26,0.5382274445022245
2010-03-29,0.5381591637539049
2010-03-30,0.5379407847421421
2010-03-31,0.5381227434953351
2010-04-01,0.5369146567954518
2010-04-05,0.5368422986932627
2010-04-06,0.5362680824757942
2010-04-07,0.535860376769429
2010-04-08,0.5351413362592922
2010-04-09,0.5355717253329518
2010-04-12,0.5349603319326415
2010-04-13,0.534083017809295
2010-04-14,0.5344058879432574
2010-04-15,0.5350520488564894
2010-04-16,0.5346749520186436
2010-04-19,0.5351211935823539
2010-04-20,0.5359023616691535
2010-04-21,0.5358664987752907
2010-04-22,0.5348140823003933
2010-04-23,0.5345666845057457
2010-04-26,0.5342085618387696
2010-04-27,0.533849144592862
2010-04-28,0.534801211499447
2010-04-29,0.5345500104363101
2010-04-30,0.5338686285945294
2010-05-03,0.5336707546874738
2010-05-04,0.5333304805273855
2010-05-05,0.5336698160952074
2010-05-06,0.5339386460047518
2010-05-07,0.5332183236932848
2010-05-10,0.5325106654277305
2010-05-11,0.5328869588066918
2010-05-12,0.5326735793617362
2010-05-13,0.5336863687838964
2010-05-14,0.532893640875294
2010-05-17,0.5326928105145505
2010-05-18,0.5318224063513101
2010-05-19,0.5324524123054785
2010-05-20,0.5323086127057799
2010-05-21,0.5325300243616106
2010-05-24,0.5322075733303147
2010-05-25,0.5331259220751675
2010-05-26,0.5336504384281199
2010-05-27,0.5331671757866336
2010-05-28,0.5326812930433439
2010-06-01,0.5322142409277693
2010-06-02,0.5322304285654221
2010-06-03,0.5325549051497377
2010-06-04,0.5333476119606924
2010-06-07,0.5321980818632673
2010-06-08,0.5314535523946111
2010-06-09,0.5313930758557953
2010-06-10,0.5302350460479544
2010-06-11,0.5303858006248305
2010-06-14,0.5303564944535438
2010-06-15,0.5304906380936915
2010-06-16,0.5302350460479544
2010-06-17,0.5292527335584031
2010-06-18,0.5282676293893354
2010-06-21,0.5284579207981913
2010-06-22,0.5287159414326502
2010-06-23,0.5290887438818631
2010-06-24,0.528605608139278
2010-06-25,0.5280527657509982
2010-06-28,0.5288404237883851
2010-06-29,0.5290043225038604
2010-06-30,0.5302917050702914
2010-07-01,0.5308170991427954
2010-07-02,0.53116361305047
2010-07-06,0.5314426225955655
2010-07-07,0.530745856513528
2010-07-08,0.5302481958482643
2010-07-09,0.5309403280098227
2010-07-12,0.5314717445952182
2010-07-13,0.5314055510710685
2010-07-14,0.5305625716764948
2010-07-15,0.5298798872475303
2010-07-16,0.5294229111196825
2010-07-19,0.5294853713823312
2010-07-20,0.5302468435816008
2010-07-21,0.5296474652556373
2010-07-22,0.5310926612944983
2010-07-23,0.5309265546865957
2010-07-26,0.5323176398767062
2010-07-27,0.532535963813195
2010-07-28,0.5320927561565347
2010-07-29,0.5313233100362698
2010-07-30,0.5307470231698065
2010-08-02,0.5311482804340754
2010-08-03,0.531098055234883
2010-08-04,0.5300899274639932
2010-08-05,0.5303762836973921
2010-08-06,0.5306040629403244
2010-08-09,0.53072009088806
2010-08-10,0.5312028572408702
2010-08-11,0.5311333219261171
2010-08-12,0.5325040709232599
2010-08-13,0.5318728256866255
2010-08-16,0.5315009765412095
2010-08-17,0.5319039181205366
2010-08-18,0.5330145749871481
2010-08-19,0.5324051843796462
2010-08-20,0.5321808083647073
2010-08-23,0.5321494336656158
2010-08-24,0.5328279619811086
2010-08-25,0.534401526829907
2010-08-26,0.5348363232693893
2010-08-27,0.5350252455002519
2010-08-30,0.5356278928353674
2010-08-31,0.5355542676865053
2010-09-01,0.5355033180697769
2010-09-02,0.5357783507766072
2010-09-03,0.5351047882568298
2010-09-07,0.5355867959745259
2010-09-08,0.5361669420757093
2010-09-09,0.5357182730067378
2010-09-10,0.5362141844668549
2010-09-13,0.5362080571325271
2010-09-14,0.529894632838693
2010-09-15,0.5301495351226204
2010-09-16,0.5301560527790604
2010-09-17,0.5312418885198552
2010-09-20,0.5319298921733108
2010-09-21,0.5322159435427631
2010-09-22,0.5331881638120037
2010-09-23,0.5331553847900498
2010-09-24,0.5325553566985192
2010-09-27,0.5323841568656741
2010-09-28,0.5328822960954045
2010-09-29,0.533710035356133
2010-09-30,0.5331588042494826
2010-10-01,0.533710035356133
2010-10-04,0.5329348082701089
2010-10-05,0.5333828119351249
2010-10-06,0.5325264938950962
2010-10-07,0.5327703438630449
2010-10-08,0.5322008900861506
2010-10-11,0.533730873659528
2010-10-12,0.5341422525962061
2010-10-13,0.5349589453491735
2010-10-14,0.5347544380104184
2010-10-15,0.5343976322080592
2010-10-18,0.5352320931839472
2010-10-19,0.5368124890062047
2010-10-20,0.5373631493830549
2010-10-21,0.5381983579318298
2010-10-22,0.5383571895927713
2010-10-25,0.538740837783489
2010-10-26,0.5400082062972503
2010-10-27,0.5394586902282795
2010-10-28,0.539476935045512
2010-10-29,0.5387202391882993
2010-11-01,0.5403964521129978
2010-11-02,0.541419044291075
2010-11-03,0.5410971084552028
2010-11-04,0.5423129975545048
2010-11-05,0.5435369605253951
2010-11-08,0.5451147624089884
2010-11-09,0.5453068833370754
2010-11-10,0.5462384145097796
2010-11-11,0.5464860838756531
2010-11-12,0.546021004313427
2010-11-15,0.5462090608937207
2010-11-16,0.5459097123662286
2010-11-17,0.5470423908806961
2010-11-18,0.5476241448175921
2010-11-19,0.5475007469373399
2010-11-22,0.5480252790432367
2010-11-23,0.5484191471419966
2010-11-24,0.548756603569982
2010-11-26,0.5492555597435193
2010-11-29,0.5519694560477438
2010-11-30,0.5519987114038379
2010-12-01,0.551950488606259
2010-12-02,0.5516662877207985
2010-12-03,0.552583485148841
2010-12-06,0.5522384400625056
2010-12-07,0.5526254752090707
2010-12-08,0.5527435816126792
2010-12-09,0.5527544394266305
2010-12-10,0.550078024363821
2010-12-13,0.5500947107077326
2010-12-14,0.5502642354836039
2010-12-15,0.549629076016224
2010-12-16,0.5501941782858177
2010-12-17,0.5514972761313816
2010-12-20,0.5519494441708087
2010-12-21,0.552273514106428
2010-12-22,0.5525348385654688
2010-12-23,0.5528024632342255
2010-12-27,0.5531979322243097
2010-12-28,0.5544184772215184
2010-12-29,0.5555955105911116
2010-12-30,0.5553923449702822
2010-12-31,0.5551188953651289
2011-01-03,0.555652445024801
2011-01-04,0.5557269480204298
2011-01-05,0.5551716743313693
2011-01-06,0.5581445837566383
2011-01-07,0.5579752300685693
2011-01-10,0.5566511890514388
2011-01-11,0.5574987365425348
2011-01-12,0.5652674193594305
2011-01-13,0.5653925255065307
2011-01-14,0.5649853631368214
2011-01-18,0.5660479087025017
2011-01-19,0.5658267431483907
2011-01-20,0.5656405591456892
2011-01-21,0.565841666910307
2011-01-24,0.5656405591456892
2011-01-25,0.5659154156289284
2011-01-26,0.5658810310474941
2011-01-27,0.5663286454411136
2011-01-28,0.5663898840471715
2011-01-31,0.5666433941172491
2011-02-01,0.5654966040987693
2011-02-02,0.5643498568130909
2011-02-03,0.5640365900217712
2011-02-04,0.5640404580245082
2011-02-07,0.5643051277038046
2011-02-08,0.5646901136829727
2011-02-09,0.5641827646179804
2011-02-10,0.5643253893404281
2011-02-11,0.5642600680487032
2011-02-14,0.5650994595413318
2011-02-15,0.5644683332741781
2011-02-16,0.5639250050567352
2011-02-17,0.5631526399400776
2011-02-18,0.5703041818272157
2011-02-22,0.5712959943889598
2011-02-23,0.5707432338123329
2011-02-24,0.5720754488461937
2011-02-25,0.5718126630193017
2011-02-28,0.5715055293209027
2011-03-01,0.5702120089087163
2011-03-02,0.5700457316814879
2011-03-03,0.5694791618044287
2011-03-04,0.569243829560252
2011-03-07,0.5700061662795974
2011-03-08,0.5702318377641642
2011-03-09,0.5705577353320355
2011-03-10,0.5704528388559109
2011-03-11,0.5704528388559109
2011-03-14,0.5700530548774071
2011-03-15,0.5702589504366138
2011-03-16,0.5699447059443495
2011-03-17,0.5707781930645743
2011-03-18,0.5713838322840358
2011-03-21,0.5717598067193954
2011-03-22,0.5721524219710123
2011-03-23,0.5734875921804099
2011-03-24,0.5724635420576414
2011-03-25,0.5728408167389503
2011-03-28,0.5728568887315703
2011-03-29,0.5728758267839512
2011-03-30,0.5725959706167533
2011-03-31,0.5726565526941454
2011-04-01,0.5727426434001628
2011-04-04,0.5725774085461087
2011-04-05,0.5715852569763941
2011-04-06,0.572565317284484
2011-04-07,0.571567662802495
2011-04-08,0.5720664448661638
2011-04-11,0.5713488850575917
2011-04-12,0.5700380498242618
2011-04-13,0.5700534234412299
2011-04-14,0.5697826461118566
2011-04-15,0.5700262872961159
2011-04-18,0.5696584714453125
2011-04-19,0.5702432628442843
2011-04-20,0.5708502085431552
2011-04-21,0.5704857486383
2011-04-25,0.5702305919923868
2011-04-26,0.5708726875814533
2011-04-27,0.5707871055316035
2011-04-28,0.5705954642743271
2011-04-29,0.5711253953756005
2011-05-02,0.5708665357137905
2011-05-03,0.5702264203346663
2011-05-04,0.569808715809795
2011-05-05,0.5696314747741301
2011-05-06,0.567641617020715
2011-05-09,0.5686115228159263
2011-05-10,0.5689363525495553
2011-05-11,0.5683289661106521
2011-05-12,0.5681160217596215
2011-05-13,0.5674539405488528
2011-05-16,0.5674599290208195
2011-05-17,0.567753402852308
2011-05-18,0.5666641683227791
2011-05-19,0.5666807164876775
2011-05-20,0.5657043295357653
2011-05-23,0.5652726741151693
2011-05-24,0.5665828466281941
2011-05-25,0.5670485782746147
2011-05-26,0.5665285443723667
2011-05-27,0.5667461729726679
2011-05-31,0.566094458394167
2011-06-01,0.5657141505344291
2011-06-02,0.564669476030699
2011-06-03,0.5638995593347131
2011-06-06,0.5630467357229694
2011-06-07,0.5629942551759932
2011-06-08,0.5620932302467839
2011-06-09,0.5624413457003253
2011-06-10,0.5636878914332205
2011-06-13,0.563409148197497
2011-06-14,0.5644187578830532
2011-06-15,0.563673403348903
2011-06-16,0.5637004987023919
2011-06-17,0.5621248325184808
2011-06-20,0.5617019479589354
2011-06-21,0.562389424258818
2011-06-22,0.5626682906956005
2011-06-23,0.563211915974845
2011-06-24,0.5624267052418961
2011-06-27,0.5627404211657533
2011-06-28,0.5628504134891648
2011-06-29,0.5641838570856157
2011-06-30,0.5650811488599129
2011-07-01,0.5650930932441288
2011-07-05,0.5651579113490662
2011-07-06,0.5657140633109029
2011-07-07,0.5654357296460418
2011-07-08,0.5654560958295802
2011-07-11,0.5653962153300888
2011-07-12,0.5654704931384252
2011-07-13,0.5667926953930368
2011-07-14,0.5666363823189257
2011-07-15,0.5664276288140468
2011-07-18,0.5669733837592319
2011-07-19,0.5678980957351153
2011-07-20,0.5674970464159381
2011-07-21,0.5675546731967817
2011-07-22,0.5684739160975456
2011-07-25,0.5687338878748212
2011-07-26,0.5683620706274296
2011-07-27,0.567571108998503
2011-07-28,0.5674909232051034
2011-07-29,0.5667813659832717
2011-08-01,0.566007131755156
2011-08-02,0.56524594978276
2011-08-03,0.5657240196998795
2011-08-04,0.5649935151154873
2011-08-05,0.5651972361898344
2011-08-08,0.5653014515160134
2011-08-09,0.5654453126509323
2011-08-10,0.5654453126509323
2011-08-11,0.5649543484352093
2011-08-12,0.5647854515669943
2011-08-15,0.5646426415713641
2011-08-16,0.5643924664066449
2011-08-17,0.5638182940435583
2011-08-18,0.5640211683425853
2011-08-19,0.56415511619595
2011-08-22,0.5643234897033531
2011-08-23,0.564366112496566
2011-08-24,0.5648157319674172
2011-08-25,0.5648850241706225
2011-08-26,0.5646815280625224
2011-08-29,0.565070371934617
2011-08-30,0.5646946797873097
2011-08-31,0.565026788034584
2011-09-01,0.5652640596846775
2011-09-02,0.564238605250882
2011-09-06,0.5645316093206607
2011-09-07,0.5633509503887817
2011-09-08,0.5631965367871575
2011-09-09,0.5630970114999163
2011-09-12,0.5627235741179107
2011-09-13,0.5627517568871901
2011-09-14,0.5608650200799641
2011-09-15,0.5619514677393289
2011-09-16,0.5621511528674157
2011-09-19,0.5624900426868259
2011-09-20,0.5625897406995097
2011-09-21,0.5639828976060179
2011-09-22,0.5632960015305193
2011-09-23,0.5632274854325321
2011-09-26,0.5632274854325321
2011-09-27,0.5638229940691577
2011-09-28,0.5642713969903024
2011-09-29,0.5578007066631463
2011-09-30,0.5584201715843168
2011-10-03,0.563903808547101
2011-10-04,0.5637038244363888
2011-10-05,0.5641455300372551
2011-10-06,0.5640056970504901
2011-10-07,0.5643117798361321
2011-10-10,0.5644439486882621
2011-10-11,0.5585576599467271
2011-10-12,0.5583855634165923
2011-10-13,0.5579733504387258
2011-10-14,0.5587627124922142
2011-10-17,0.5584191495872868
2011-10-18,0.5582819484272461
2011-10-19,0.5592749359305149
2011-10-20,0.5588277278207319
2011-10-21,0.5588614687497648
2011-10-24,0.5587238612115171
2011-10-25,0.5584848322732736
2011-10-26,0.5590947026372723
2011-10-27,0.5587202605962709
2011-10-28,0.5595645189495958
2011-10-31,0.5590212681551032
2011-11-01,0.5589536199709298
2011-11-02,0.5587174892169485
2011-11-03,0.5586499364648501
2011-11-04,0.5586161716945899
2011-11-07,0.5589840359937507
2011-11-08,0.5514245597781051
2011-11-09,0.5505999709417603
2011-11-10,0.55110918519342
2011-11-11,0.5511232507245892
2011-11-14,0.5514469100950163
2011-11-15,0.5513970279129419
2011-11-16,0.5517652649139261
2011-11-17,0.5513362341061344
2011-11-18,0.5521685526104015
2011-11-21,0.5515348367607775
2011-11-22,0.5513630524021594
2011-11-23,0.5509286057897159
2011-11-25,0.5514432068613159
2011-11-28,0.5507382390953233
2011-11-29,0.5516773370514522
2011-11-30,0.5507811619241566
2011-12-01,0.5508524346083712
2011-12-02,0.5508761786701816
2011-12-05,0.5517484957797711
2011-12-06,0.5523414279005168
2011-12-07,0.552597677921007
2011-12-08,0.5528488916492054
2011-12-09,0.5527593955513024
2011-12-12,0.5529990393874676
2011-12-13,0.5537526675827502
2011-12-14,0.5540351077607217
2011-12-15,0.547775952888238
2011-12-16,0.5476407790886744
2011-12-19,0.5396702404506272
2011-12-20,0.538875909758644
2011-12-21,0.5391132726065928
2011-12-22,0.5390175821235124
2011-12-23,0.5390779515005364
2011-12-27,0.5391381675642047
2011-12-28,0.5390429008528161
2011-12-29,0.539209483596585
2011-12-30,0.5393080512906003
2012-01-03,0.5397654419502224
2012-01-04,0.5359227605931417
2012-01-05,0.5360223843247001
2012-01-06,0.5361743536769036
2012-01-09,0.5363911740204687
2012-01-10,0.537193039694363
2012-01-11,0.5312121796685161
2012-01-12,0.5312413364067249
2012-01-13,0.5320783269351181
2012-01-17,0.532200348081264
2012-01-18,0.5323439789065804
2012-01-19,0.5319670097965119
2012-01-20,0.5324896058378934
2012-01-23,0.5326314961092428
2012-01-24,0.5329207751751269
2012-01-25,0.5345026231251929
2012-01-26,0.5350345290165341
2012-01-27,0.5355622742774994
2012-01-30,0.5363080613390886
2012-01-31,0.5375104360836089
2012-02-01,0.5385548552805552
2012-02-02,0.5378958017829304
2012-02-03,0.5380070570026646
2012-02-06,0.53904315553866
2012-02-07,0.539173163560027
2012-02-08,0.5391580531069712
2012-02-09,0.540265269151662
2012-02-10,0.5402217449670434
2012-02-13,0.5329732973522301
2012-02-14,0.5333427951176727
2012-02-15,0.5349009119991124
2012-02-16,0.5353284952897689
2012-02-17,0.5356192305341873
2012-02-21,0.5358241501220067
2012-02-22,0.5361107221034431
2012-02-23,0.53598604087303
2012-02-24,0.5365416738865905
2012-02-27,0.5365498984101066
2012-02-28,0.5284744615520349
2012-02-29,0.5236680434226485
2012-03-01,0.524258490383016
2012-03-02,0.5239932631366246
2012-03-05,0.523379262451404
2012-03-06,0.5233274272388901
2012-03-07,0.52327579027547
2012-03-08,0.5172423464396398
2012-03-09,0.5178848866243586
2012-03-12,0.5180770272789791
2012-03-13,0.5187539618391137
2012-03-14,0.5189066097225041
2012-03-15,0.5190627538023324
2012-03-16,0.5191927496498907
2012-03-19,0.5207558440389635
2012-03-20,0.5203304726515328
2012-03-21,0.5214940556812394
2012-03-22,0.5217323425456112
2012-03-23,0.5222399290690871
2012-03-26,0.5228744763227032
2012-03-27,0.5230078892894312
2012-03-28,0.5225771232946516
2012-03-29,0.5227262759955981
2012-03-30,0.5228986278850829
2012-04-02,0.5233489341945172
2012-04-03,0.5202536052545149
2012-04-04,0.5201007874954461
2012-04-05,0.5200542665357286
2012-04-09,0.5199025741747055
2012-04-10,0.5142205853414313
2012-04-11,0.5148270307406693
2012-04-12,0.5147179849984325
2012-04-13,0.5152527572812532
2012-04-16,0.5146822410590903
2012-04-17,0.5150032444826828
2012-04-18,0.5153204013650815
2012-04-19,0.5156375864068151
2012-04-20,0.5158109666001314
2012-04-23,0.5155243176197551
2012-04-24,0.5154148161540208
2012-04-25,0.5157630394967789
2012-04-26,0.515621375651141
2012-04-27,0.5161761865579575
2012-04-30,0.5167951652073203
2012-05-01,0.5181078540865183
2012-05-02,0.5176387344537048
2012-05-03,0.5170399685792048
2012-05-04,0.5173453362110377
2012-05-07,0.5171996725893842
2012-05-08,0.5181550526912525
2012-05-09,0.5186882834650197
2012-05-10,0.5190741757327565
2012-05-11,0.5183773564134627
2012-05-14,0.5186797647287338
2012-05-15,0.5190117614555672
2012-05-16,0.5192882952572542
2012-05-17,0.5201449434826576
2012-05-18,0.5208742387465569
2012-05-21,0.5210984756760993
2012-05-22,0.521578860557902
2012-05-23,0.5209185926121189
2012-05-24,0.5141090840502338
2012-05-25,0.5153358304281102
2012-05-29,0.5158936860296469
2012-05-30,0.5166971011798478
2012-05-31,0.5162712562688864
2012-06-01,0.5154623811383516
2012-06-04,0.5158771611984149
2012-06-05,0.5162887844174361
2012-06-06,0.5165737017603015
2012-06-07,0.5183391622632436
2012-06-08,0.518639666503856
2012-06-11,0.518688189711937
2012-06-12,0.5192917833734856
2012-06-13,0.5192071695877746
2012-06-14,0.5193870258224444
2012-06-15,0.518981180748155
2012-06-18,0.5193569637330054
2012-06-19,0.5189020600115783
2012-06-20,0.519072134606369
2012-06-21,0.5190674399481852
2012-06-22,0.5189976304708867
2012-06-25,0.5179202767384695
2012-06-26,0.5180858779976916
2012-06-27,0.5179512310105693
2012-06-28,0.5177438593781349
2012-06-29,0.517295671522193
2012-07-02,0.5174366008684593
2012-07-03,0.5178784787142332
2012-07-05,0.5187143043800242
2012-07-06,0.5193773692023413
2012-07-09,0.5190576790882849
2012-07-10,0.5200892323187399
2012-07-11,0.5204856123281695
2012-07-12,0.5210817223552768
2012-07-13,0.5219600888874508
2012-07-16,0.5217524381347399
2012-07-17,0.5223959528859548
2012-07-18,0.523163095644891
2012-07-19,0.5234245639153464
2012-07-20,0.523372944304725
2012-07-23,0.5239285313761954
2012-07-24,0.5242578885551774
2012-07-25,0.5255579466534485
2012-07-26,0.5266470490120818
2012-07-27,0.527114788714934
2012-07-30,0.5197830283343724
2012-07-31,0.5200810540537402
2012-08-01,0.5209211924987541
2012-08-02,0.5217973679137241
2012-08-03,0.5224985894120326
2012-08-06,0.5232842448271635
2012-08-07,0.5236767440838054
2012-08-08,0.5235524144810556
2012-08-09,0.5234459247273391
2012-08-10,0.523756694669768
2012-08-13,0.5239518075437589
2012-08-14,0.5242362970103082
2012-08-15,0.5242886512865684
2012-08-16,0.5254041551557107
2012-08-17,0.5258252890639972
2012-08-20,0.5272219712699651
2012-08-21,0.5279449675535607
2012-08-22,0.5282250822043458
2012-08-23,0.5104498935368907
2012-08-24,0.507739351174251
2012-08-27,0.5078660620999214
2012-08-28,0.502967487154571
2012-08-29,0.502433648066966
2012-08-30,0.5031478675737906
2012-08-31,0.5024318320152052
2012-09-04,0.5017308043819473
2012-09-05,0.502134341750169
2012-09-06,0.502082357919643
2012-09-07,0.501559487374648
2012-09-10,0.5013245294936476
2012-09-11,0.502801691581206
2012-09-12,0.503669613749212
2012-09-13,0.5048443914482967
2012-09-14,0.5051297993641125
2012-09-17,0.5041452452170528
2012-09-18,0.5039774599725677
2012-09-19,0.5058983171157945
2012-09-20,0.5062566560372125
2012-09-21,0.5070924546469476
2012-09-24,0.5080992093194691
2012-09-25,0.5071895606588973
2012-09-26,0.506237337860167
2012-09-27,0.5051145792619852
2012-09-28,0.5052993948923874
2012-10-01,0.5058617970113013
2012-10-02,0.5058485728926781
2012-10-03,0.5062004007466546
2012-10-04,0.5069047012372236
2012-10-05,0.5066728659354295
2012-10-08,0.5067651156143007
2012-10-09,0.506357600893064
2012-10-10,0.506296844175494
2012-10-11,0.5065648201964181
2012-10-12,0.5078162341760334
2012-10-15,0.507983022064956
2012-10-16,0.5065341987505542
2012-10-17,0.5072319435301198
2012-10-18,0.5068864442670098
2012-10-19,0.5065418780626121
2012-10-22,0.5065418780626121
2012-10-23,0.5064272293010023
2012-10-24,0.5068628040041151
2012-10-25,0.5077392295679641
2012-10-26,0.5081468230261146
2012-10-31,0.5081587282910317
2012-11-01,0.5092613832646746
2012-11-02,0.5097684632884728
2012-11-05,0.5098535329231939
2012-11-06,0.5101679182412189
2012-11-07,0.5101334977987617
2012-11-08,0.5104087360877734
2012-11-09,0.509417925077691
2012-11-12,0.5100006138331145
2012-11-13,0.5106965641751973
2012-11-14,0.5105755154043446
2012-11-15,0.5106867125268995
2012-11-16,0.5112283673566151
2012-11-19,0.5108872169760743
2012-11-20,0.5103504746815273
2012-11-21,0.5113945035404768
2012-11-23,0.512591996921756
2012-11-26,0.5124040321062476
2012-11-27,0.5127520133733874
2012-11-28,0.50429878893806
2012-11-29,0.5041642604001705
2012-11-30,0.5041849748798435
2012-12-03,0.5036559007495585
2012-12-04,0.5032449773128737
2012-12-05,0.5032944802318756
2012-12-06,0.504450318984202
2012-12-07,0.505758255384579
2012-12-10,0.50605122765607
2012-12-11,0.5060894840165401
2012-12-12,0.5060594215384657
2012-12-13,0.5064959322859846
2012-12-14,0.5075346179269251
2012-12-17,0.5092324681029631
2012-12-18,0.5108143563558175
2012-12-19,0.5118404971843554
2012-12-20,0.5123917917326286
2012-12-21,0.5118995971566914
2012-12-24,0.5111389808118466
2012-12-26,0.5112608297988054
2012-12-27,0.512484555347675
2012-12-28,0.513783951702448
2012-12-31,0.5151900195047805
2013-01-02,0.5144654851543301
2013-01-03,0.5144654851543301
2013-01-04,0.5141629668248778
2013-01-07,0.5144654851543301
2013-01-08,0.5142386726182567
2013-01-09,0.5133319631821046
2013-01-10,0.5135204824473724
2013-01-11,0.5136714948080638
2013-01-14,0.5138229095049422
2013-01-15,0.5124697052307475
2013-01-16,0.512286102325817
2013-01-17,0.5128886991386687
2013-01-18,0.5137864398464529
2013-01-22,0.5156449987427016
2013-01-23,0.5169339695804225
2013-01-24,0.518133972427155
2013-01-25,0.5189630058620416
2013-01-28,0.5197658336625535
2013-01-29,0.519979198380161
2013-01-30,0.5200166937506102
2013-01-31,0.5209164996585733
2013-02-01,0.5221349373224818
2013-02-04,0.5230076959688279
2013-02-05,0.5176187303935535
2013-02-06,0.517915004621925
2013-02-07,0.5203163049590881
2013-02-08,0.5216462252196697
2013-02-11,0.521607794102152
2013-02-12,0.5217693648986502
2013-02-13,0.5245945879482052
2013-02-14,0.524243632338892
2013-02-15,0.5236760366819054
2013-02-19,0.5248961946841479
2013-02-20,0.5241747763147804
2013-02-21,0.5240396592008654
2013-02-22,0.5237813230067327
2013-02-25,0.5240879496564785
2013-02-26,0.5241346529670373
2013-02-27,0.525007951379209
2013-02-28,0.525269956379015
2013-03-01,0.5255686379252146
2013-03-04,0.5262087383147411
2013-03-05,0.5265922772475227
2013-03-06,0.5272418364745111
2013-03-07,0.5296377640253694
2013-03-08,0.5314452941862623
2013-03-11,0.5317497071980354
2013-03-12,0.5337625898503844
2013-03-13,0.5347435014091396
2013-03-14,0.5357722943126014
2013-03-15,0.5358818630342527
2013-03-18,0.5362410338298471
2013-03-19,0.5353066442927391
2013-03-20,0.5361752293888186
2013-03-21,0.5368496314021923
2013-03-22,0.5373136394256918
2013-03-25,0.5381876064198672
2013-03-26,0.5398782649506562
2013-03-27,0.5418907146983422
2013-03-28,0.543258129912343
2013-04-01,0.5424509151293752
2013-04-02,0.5420681431925619
2013-04-03,0.5402237899395433
2013-04-04,0.5401758169930438
2013-04-05,0.5400146800262299
2013-04-08,0.5394493575662272
2013-04-09,0.5395533099296138
2013-04-10,0.5391405596754715
2013-04-11,0.5388411408247041
2013-04-12,0.5389749150716551
2013-04-15,0.538699159674995
2013-04-16,0.539101468660647
2013-04-17,0.5391659885166874
2013-04-18,0.5388694433762513
2013-04-19,0.5390467394407696
2013-04-22,0.5401557008501962
2013-04-23,0.539641567294584
2013-04-24,0.5396046396306643
2013-04-25,0.5400758239214082
2013-04-26,0.539997618332205
2013-04-29,0.5394230528842873
2013-04-30,0.5400717508845123
2013-05-01,0.5394428707537025
2013-05-02,0.5398171515740855
2013-05-03,0.539895503872652
2013-05-06,0.5407505116066874
2013-05-07,0.540321851053133
2013-05-08,0.540692449437549
2013-05-09,0.5405586706153146
2013-05-10,0.5401324527947113
2013-05-13,0.5401324527947113
2013-05-14,0.5404751112901741
2013-05-15,0.5399268919911641
2013-05-16,0.5412601067601504
2013-05-17,0.5408569029256449
2013-05-20,0.5420932960483413
2013-05-21,0.5413596271047102
2013-05-22,0.540543898420946
2013-05-23,0.5410544973661643
2013-05-24,0.5417260708276503
2013-05-28,0.541519610642719
2013-05-29,0.5399055981893853
2013-05-30,0.5409624714950498
2013-05-31,0.5420370115076152
2013-06-03,0.5424954602167591
2013-06-04,0.5444256393209468
2013-06-05,0.5439122146568683
2013-06-06,0.5440561647966434
2013-06-07,0.5441680889376548
2013-06-10,0.5456126484488311
2013-06-11,0.5449958871110991
2013-06-12,0.5448567076436626
2013-06-13,0.5448294465577812
2013-06-14,0.5458559358755201
2013-06-17,0.5454639741807128
2013-06-18,0.5454085294545408
2013-06-19,0.5453246247198869
2013-06-20,0.5453522623390004
2013-06-21,0.5461436248411647
2013-06-24,0.5460307155410674
2013-06-25,0.546557497914978
2013-06-26,0.5473050662321375
2013-06-27,0.5482443888093939
2013-06-28,0.5487339793734891
2013-07-01,0.5504864144721455
2013-07-02,0.5507479208327023
2013-07-03,0.5513822978723709
2013-07-05,0.5505793339784592
2013-07-08,0.550817953000699
2013-07-09,0.5525809937779343
2013-07-10,0.5528349692052699
2013-07-11,0.5536338110780961
2013-07-12,0.5538284918857264
2013-07-15,0.5536065569614214
2013-07-16,0.5546180743145642
2013-07-17,0.5559756832020226
2013-07-18,0.5563556011661368
2013-07-19,0.5562853205926885
2013-07-22,0.5573283892876202
2013-07-23,0.5582223131647234
2013-07-24,0.5583711736191442
2013-07-25,0.5594478181982087
2013-07-26,0.5616303047975288
2013-07-29,0.5601796442519259
2013-07-30,0.5614756079446843
2013-07-31,0.5608058237830112
2013-08-01,0.5603981651911893
2013-08-02,0.5608372693073279
2013-08-05,0.5609468623349209
2013-08-06,0.5616078422253519
2013-08-07,0.5620098616667953
2013-08-08,0.5626937056220767
2013-08-09,0.5612573599317228
2013-08-12,0.5622446182170909
2013-08-13,0.5626743664527886
2013-08-14,0.5616766330105067
2013-08-15,0.5621136242052689
2013-08-16,0.5617109431116519
2013-08-19,0.5610927008228208
2013-08-20,0.5585196780196513
2013-08-21,0.5572912435324934
2013-08-22,0.5593029045133963
2013-08-23,0.5605983492674993
2013-08-26,0.5622858101122389
2013-08-27,0.5619671282968282
2013-08-28,0.5622563041566601
2013-08-29,0.562792227107562
2013-08-30,0.5630456007660598
2013-09-03,0.563986100414033
2013-09-04,0.5655002934311818
2013-09-05,0.5657722569866206
2013-09-06,0.5671314371862733
2013-09-09,0.5667896713230621
2013-09-10,0.5666660968101243
2013-09-11,0.5663691686463282
2013-09-12,0.5671808161271416
2013-09-13,0.5676086714190045
2013-09-16,0.5673786841862405
2013-09-17,0.5679104831081465
2013-09-18,0.567390102902269
2013-09-19,0.5678394956945677
2013-09-20,0.5672724804807948
2013-09-23,0.5681876476205905
2013-09-24,0.5684713812716413
2013-09-25,0.5690306048733609
2013-09-26,0.5696760419283137
2013-09-27,0.5700491286098878
2013-09-30,0.5706776696311846
2013-10-01,0.5718287049319787
2013-10-02,0.5750392990729118
2013-10-03,0.5746994894979841
2013-10-04,0.5752866775076142
2013-10-07,0.5764766912501424
2013-10-08,0.5766984176784374
2013-10-09,0.5758756244740257
2013-10-10,0.5759361566756386
2013-10-11,0.5764646230245325
2013-10-14,0.5761836749124063
2013-10-15,0.576928888363945
2013-10-16,0.5756086880909489
2013-10-17,0.5752523433824
2013-10-18,0.5763545121349386
2013-10-21,0.576550289168342
2013-10-22,0.5771618427587202
2013-10-23,0.5762939844288069
2013-10-24,0.577209987578202
2013-10-25,0.5778569127875988
2013-10-28,0.5783425378099423
2013-10-29,0.5786699985040618
2013-10-30,0.5789233215134545
2013-10-31,0.5805576264610149
2013-11-01,0.582190276492813
2013-11-04,0.5803079544215444
2013-11-05,0.5812013672509347
2013-11-06,0.5812444663743543
2013-11-07,0.5814616026513788
2013-11-08,0.5806511867936534
2013-11-11,0.579994782731106
2013-11-12,0.5798917982518784
2013-11-13,0.5805055274906665
2013-11-14,0.5811344936536514
2013-11-15,0.5816909909090765
2013-11-18,0.580973029671095
2013-11-19,0.5821112881386992
2013-11-20,0.5826006630414868
2013-11-21,0.5825477728928903
2013-11-22,0.5817432019235047
2013-11-25,0.5812596203839688
2013-11-26,0.5809446441895798
2013-11-27,0.582279790550359
2013-11-29,0.5832453514399463
2013-12-02,0.5842745742984954
2013-12-03,0.5849140141947096
2013-12-04,0.5848923588608064
2013-12-05,0.5859399383866073
2013-12-06,0.5857527262964608
2013-12-09,0.5853610418418093
2013-12-10,0.5850433373775064
2013-12-11,0.5850555078875005
2013-12-12,0.5849472732173201
2013-12-13,0.5854328817832395
2013-12-16,0.5862213984135142
2013-12-17,0.5854342774249157
2013-12-18,0.584483012909814
2013-12-19,0.584822103325347
2013-12-20,0.5832408873974655
2013-12-23,0.5832817389249578
2013-12-24,0.5831302420351603
2013-12-26,0.582037601609914
2013-12-27,0.583224808168523
2013-12-30,0.5835196781217574
2013-12-31,0.583956077412488
2014-01-02,0.5845152910582191
2014-01-03,0.5839423701832188
2014-01-06,0.5840588833843025
2014-01-07,0.5840986023966355
2014-01-08,0.5834846880482903
2014-01-09,0.5823887533090353
2014-01-10,0.5830281770308373
2014-01-13,0.5834405292164259
2014-01-14,0.583183388068214
2014-01-15,0.5833467161402623
2014-01-16,0.5831793343345427
2014-01-17,0.5837349211191862
2014-01-21,0.5853505967531278
2014-01-22,0.586355488412664
2014-01-23,0.5877638905958553
2014-01-24,0.5866522413737043
2014-01-27,0.5861730316414728
2014-01-28,0.5865046827794486
2014-01-29,0.5865046827794486
2014-01-30,0.586228475701893
2014-01-31,0.5821422087654926
2014-02-03,0.5816041515726776
2014-02-04,0.5812848158735755
2014-02-05,0.5822062044452202
2014-02-06,0.5833116052756192
2014-02-07,0.5837243243233141
2014-02-10,0.583991272833652
2014-02-11,0.5818364849353781
2014-02-12,0.5815045434430333
2014-02-13,0.5830644266610031
2014-02-14,0.5828634818253622
2014-02-18,0.5829742061110065
2014-02-19,0.5828959635599675
2014-02-20,0.5830850085849517
2014-02-21,0.5847762541629405
2014-02-24,0.5843835113557381
2014-02-25,0.5845325964475595
2014-02-26,0.5845873339212891
2014-02-27,0.5841772995816734
2014-02-28,0.5850218850035975
2014-03-03,0.5851729224986805
2014-03-04,0.5852654160792568
2014-03-05,0.5857709421363528
2014-03-06,0.5856416508128173
2014-03-07,0.5851001217967432
2014-03-10,0.5851620058217384
2014-03-11,0.5848479943405744
2014-03-12,0.5840298653377551
2014-03-13,0.58353064692047
2014-03-14,0.5845300718136612
2014-03-17,0.5839360539680931
2014-03-18,0.5826563668893328
2014-03-19,0.5834772980562913
2014-03-20,0.5832364609707614
2014-03-21,0.5837550274341263
2014-03-24,0.5829590040326531
2014-03-25,0.5815621425070913
2014-03-26,0.5805124659241692
2014-03-27,0.5806284005493916
2014-03-28,0.5804181430549462
2014-03-31,0.5803963378718404
2014-04-01,0.5796499473072048
2014-04-02,0.5800118070056489
2014-04-03,0.5802149651949846
2014-04-04,0.5794693324896873
2014-04-07,0.5793215616373432
2014-04-08,0.5777655993907158
2014-04-09,0.5782103504897289
2014-04-10,0.5775161854578573
2014-04-11,0.5768002933843491
2014-04-14,0.5767527446703543
2014-04-15,0.5764416247579053
2014-04-16,0.5762863544404129
2014-04-17,0.5770877410519077
2014-04-21,0.5779248266866768
2014-04-22,0.5787798527874972
2014-04-23,0.5791087309615759
2014-04-24,0.5793335628948317
2014-04-25,0.5809699442520961
2014-04-28,0.581558820207521
2014-04-29,0.5823414503929999
2014-04-30,0.5817067492070864
2014-05-01,0.5813951121833721
2014-05-02,0.5814888709381598
2014-05-05,0.5823672112024728
2014-05-06,0.5817430917816576
2014-05-07,0.581764117748978
2014-05-08,0.5816762201415997
2014-05-09,0.5811902815405765
2014-05-12,0.5809964561103239
2014-05-13,0.5806354438106244
2014-05-14,0.5812650137531016
2014-05-15,0.5815311363592802
2014-05-16,0.581401239933453
2014-05-19,0.5801149517609365
2014-05-20,0.5804254427013822
2014-05-21,0.5805124659241692
2014-05-22,0.580244363826248
2014-05-23,0.5796441957558647
2014-05-27,0.5790096577624447
2014-05-28,0.5792701596530424
2014-05-29,0.5795443149190291
2014-05-30,0.5795942172376168
2014-06-02,0.5813588286578791
2014-06-03,0.5823301807897466
2014-06-04,0.5834812147712248
2014-06-05,0.5852822090864522
2014-06-06,0.5864149555719019
2014-06-09,0.5865787984299062
2014-06-10,0.5862170112274223
2014-06-11,0.5856223938930578
2014-06-12,0.5851724256685926
2014-06-13,0.5846471033372937
2014-06-16,0.5854412487753862
2014-06-17,0.5865427894377372
2014-06-18,0.5865609385907018
2014-06-19,0.5855206888654582
2014-06-20,0.5854677160373869
2014-06-23,0.5855956565256655
2014-06-24,0.5858462402865124
2014-06-25,0.5848616354688699
2014-06-26,0.5845346405734693
2014-06-27,0.5830800366508144
2014-06-30,0.5826611723766165
2014-07-01,0.5829674460512527
2014-07-02,0.5834903687023965
2014-07-03,0.5832945302468119
2014-07-07,0.5836574777658079
2014-07-08,0.584134148704195
2014-07-09,0.5830592235083959
2014-07-10,0.5821595333643332
2014-07-11,0.5820207644658255
2014-07-14,0.5820466909296798
2014-07-15,0.581795732687602
2014-07-16,0.581759914344205
2014-07-17,0.5838341393916875
2014-07-18,0.5841866664616007
2014-07-21,0.5844436450417256
2014-07-22,0.5843859022140553
2014-07-23,0.5842806415654626
2014-07-24,0.5852552419389051
2014-07-25,0.5856167389307839
2014-07-28,0.5859620355561033
2014-07-29,0.5861610469461641
2014-07-30,0.585541925091203
2014-07-31,0.5843730177232119
2014-08-01,0.5836170330301513
2014-08-04,0.5845323991518203
2014-08-05,0.5867426631001855
2014-08-06,0.5884477759992012
2014-08-07,0.5880607116040062
2014-08-08,0.5876718513791994
2014-08-11,0.5874028987817265
2014-08-12,0.5883163683458728
2014-08-13,0.5887466864047571
2014-08-14,0.5882822859253869
2014-08-15,0.5883012886693147
2014-08-18,0.58810214008881
2014-08-19,0.5882633071039373
2014-08-20,0.5887802621597698
2014-08-21,0.5882254210478908
2014-08-22,0.5874028987817265
2014-08-25,0.5882803561755354
2014-08-26,0.5875618212997787
2014-08-27,0.5875976709397808
2014-08-28,0.5870794679531307
2014-08-29,0.5881552695811314
2014-09-02,0.5895716945670356
2014-09-03,0.5899186410493271
2014-09-04,0.5891459847962852
2014-09-05,0.5892178777957912
2014-09-08,0.5890547639459874
2014-09-09,0.5888228671893129
2014-09-10,0.5890906655199597
2014-09-11,0.5888036792578338
2014-09-12,0.5889995590187211
2014-09-15,0.5896557237865732
2014-09-16,0.5892178777957912
2014-09-17,0.5906830643170454
2014-09-18,0.5902597951422275
2014-09-19,0.5897743362463608
2014-09-22,0.5901032114518541
2014-09-23,0.589420582147133
2014-09-24,0.5898302806789072
2014-09-25,0.5891819272417482
2014-09-26,0.5889718042953894
2014-09-29,0.5883673602949158
2014-09-30,0.5892103279147821
2014-10-01,0.5888664895914628
2014-10-02,0.5889524705462363
2014-10-03,0.5891624929467619
2014-10-06,0.5893523338343127
2014-10-07,0.5890849984429317
2014-10-08,0.5878060269881623
2014-10-09,0.5887009790816787
2014-10-10,0.5895446755347565
2014-10-13,0.5894013559075945
2014-10-14,0.5894045420779437
2014-10-15,0.5892702948280567
2014-10-16,0.5886001674922426
2014-10-17,0.5897689774633613
2014-10-20,0.5899262439566094
2014-10-21,0.5894828268612292
2014-10-22,0.5895384415676832
2014-10-23,0.5892013858956577
2014-10-24,0.5902556155017276
2014-10-27,0.5902354869156848
2014-10-28,0.5907476904757051
2014-10-29,0.5903395021674323
2014-10-30,0.5897545055531624
2014-10-31,0.5910471963916261
2014-11-03,0.5917322632654008
2014-11-04,0.5920664042259146
2014-11-05,0.5915839798893164
2014-11-06,0.5907776449895826
2014-11-07,0.591000056980028
2014-11-10,0.591888761876205
2014-11-11,0.5914670262879751
2014-11-12,0.5917979315491059
2014-11-13,0.5918585882247
2014-11-14,0.5914393092151823
2014-11-17,0.5903395021674323
2014-11-18,0.5892939506641834
2014-11-19,0.5891731180614764
2014-11-20,0.5893164745560148
2014-11-21,0.5896719322169368
2014-11-24,0.5896001587516021
2014-11-25,0.5900312845393416
2014-11-26,0.5894176631980398
2014-11-28,0.5879984987593189
2014-12-01,0.5874484859019935
2014-12-02,0.5883593001279712
2014-12-03,0.5881767980230723
2014-12-04,0.5884456724301868
2014-12-05,0.588090164776358
2014-12-08,0.5877888567198212
2014-12-09,0.5874697405204755
2014-12-10,0.5871134989561025
2014-12-11,0.5884033307156954
2014-12-12,0.589066010333862
2014-12-15,0.5895090972148578
2014-12-16,0.589259908470067
2014-12-17,0.5895321583712354
2014-12-18,0.5884244538141121
2014-12-19,0.587707807793315
2014-12-22,0.5862200626667474
2014-12-23,0.5865789029377089
2014-12-24,0.5861452710729634
2014-12-26,0.5859642369268591
2014-12-29,0.587518057328426
2014-12-30,0.5864528430033542
2014-12-31,0.5846348232673643
2015-01-02,0.5841619854146387
2015-01-05,0.5843935614947459
2015-01-06,0.584864566378624
2015-01-07,0.5856049756879678
2015-01-08,0.5858384393090529
2015-01-09,0.5864523435023893
2015-01-12,0.5866330992233633
2015-01-13,0.5871396868477603
2015-01-14,0.5884563209028904
2015-01-15,0.5881777970623587
2015-01-16,0.5867221784289789
2015-01-20,0.5866686120510597
2015-01-21,0.5873486096716204
2015-01-22,0.5868654390796253
2015-01-23,0.588248133020305
2015-01-26,0.5883904714838801
2015-01-27,0.5878129389516578
2015-01-28,0.5877915743213128
2015-01-29,0.5874368908985229
2015-01-30,0.5873119165026619
2015-02-02,0.587420384280991
2015-02-03,0.5874562837656484
2015-02-04,0.5883754945268704
2015-02-05,0.5886431909731461
2015-02-06,0.5888627296249102
2015-02-09,0.5891527746714281
2015-02-10,0.5883945942940936
2015-02-11,0.5878574937374647
2015-02-12,0.5903395021674323
2015-02-13,0.5901112505719144
2015-02-17,0.590713234577185
2015-02-18,0.5899754085443604
2015-02-19,0.5891819272417482
2015-02-20,0.5876681702946267
2015-02-23,0.585487484447159
2015-02-24,0.5867045878238576
2015-02-25,0.5865431616986104
2015-02-26,0.586364060600978
2015-02-27,0.5872578030587616
2015-03-02,0.5860104907826921
2015-03-03,0.5851498730964775
2015-03-04,0.5826131404997739
2015-03-05,0.5786589067481394
2015-03-06,0.5734122414012387
2015-03-09,0.5730828638734765
2015-03-10,0.5681208173760067
2015-03-11,0.5661001578235377
2015-03-12,0.5654246634721569
2015-03-13,0.5660962288373891
2015-03-16,0.5650166100484006
2015-03-17,0.564746471801724
2015-03-18,0.5650115934145915
2015-03-19,0.5615585357609699
2015-03-20,0.5620603469418299
2015-03-23,0.5593870447553249
2015-03-24,0.5594249176717058
2015-03-25,0.5622387732666445
2015-03-26,0.5632689185280817
2015-03-27,0.563644505904057
2015-03-30,0.5625014398180662
2015-03-31,0.5618277475635098
2015-04-01,0.5617974228724154
2015-04-02,0.5619045866994109
2015-04-06,0.5607697039812812
2015-04-07,0.5570713806011253
2015-04-08,0.5562530250518398
2015-04-09,0.5566798578347341
2015-04-10,0.557569635785062
2015-04-13,0.5574529890755369
2015-04-14,0.5566798578347341
2015-04-15,0.5537303261254193
2015-04-16,0.5501433694511568
2015-04-17,0.5479725915472007
2015-04-20,0.544894320264904
2015-04-21,0.5443959656858972
2015-04-22,0.5449284818682795
2015-04-23,0.5456389003779508
2015-04-24,0.5442608992607262
2015-04-27,0.5427954250225431
2015-04-28,0.5437036691160957
2015-04-29,0.5429408247891158
2015-04-30,0.5431346525388154
2015-05-01,0.5402626431362614
2015-05-04,0.5387924140266314
2015-05-05,0.5390095014490957
2015-05-06,0.5382094709613922
2015-05-07,0.5383295845874849
2015-05-08,0.5391759318539131
2015-05-11,0.5392289690364321
2015-05-12,0.5375903014159124
2015-05-13,0.5381625905394662
2015-05-14,0.5384308736934621
2015-05-15,0.5389195104641198
2015-05-18,0.53877748008183
2015-05-19,0.5400105024759525
2015-05-20,0.5402008779549542
2015-05-21,0.5393536081073387
2015-05-22,0.5390893185804435
2015-05-26,0.5393752725740416
2015-05-27,0.5389997189756984
2015-05-28,0.5395277382596213
2015-05-29,0.5388412060730621
2015-06-01,0.5390153104874307
2015-06-02,0.5389204400544257
2015-06-03,0.538944426704533
2015-06-04,0.5383256177483754
2015-06-05,0.5388259899506149
2015-06-08,0.5385636168793383
2015-06-09,0.5381508565419743
2015-06-10,0.5368808637424867
2015-06-11,0.5370041186857752
2015-06-12,0.5377510632802212
2015-06-15,0.5377113905255465
2015-06-16,0.5382280192073521
2015-06-17,0.5387225786118395
2015-06-18,0.5379661422129802
2015-06-19,0.5380290892476284
2015-06-22,0.537956225151279
2015-06-23,0.5380523707908201
2015-06-24,0.5382116590561908
2015-06-25,0.5380125771358474
2015-06-26,0.537956225151279
2015-06-29,0.537853516004308
2015-06-30,0.5380290892476284
2015-07-01,0.5378137790673643
2015-07-02,0.5374511449484057
2015-07-06,0.5373091577734477
2015-07-07,0.5363589475727034
2015-07-08,0.5365563728472731
2015-07-09,0.5346811130560393
2015-07-10,0.5310918700585638
2015-07-13,0.5289025620375578
2015-07-14,0.5292321887348977
2015-07-15,0.5305227363310574
2015-07-16,0.5298581799244754
2015-07-17,0.5288974641143673
2015-07-20,0.52855367381277
2015-07-21,0.5288326522473128
2015-07-22,0.5282609361568098
2015-07-23,0.5281136290545729
2015-07-24,0.5279724228979489
2015-07-27,0.5287361429099204
2015-07-28,0.5279699482669389
2015-07-29,0.5274766377470086
2015-07-30,0.5275180702593704
2015-07-31,0.5282437306479482
2015-08-03,0.5285125640327255
2015-08-04,0.5290096697946325
2015-08-05,0.528913231873532
2015-08-06,0.5290754550716096
2015-08-07,0.5303290898918793
2015-08-10,0.5369585578446662
2015-08-11,0.5380520998168962
2015-08-12,0.538144792720066
2015-08-13,0.5378887869402823
2015-08-14,0.5384742687830362
2015-08-17,0.5388763707145886
2015-08-18,0.538013694589894
2015-08-19,0.5384606830953805
2015-08-20,0.5381786554232255
2015-08-21,0.5390105030554524
2015-08-24,0.5402937468396427
2015-08-25,0.5434923941230149
2015-08-26,0.5436537302238786
2015-08-27,0.543018779500301
2015-08-28,0.5450450115879673
2015-08-31,0.5455851673256872
2015-09-01,0.5454646430298747
2015-09-02,0.5455851673256872
2015-09-03,0.5452489295624151
2015-09-04,0.54397635670535
2015-09-08,0.5434007807067515
2015-09-09,0.5436745767554384
2015-09-10,0.5433455767806875
2015-09-11,0.545566014196064
2015-09-14,0.5458651428689251
2015-09-15,0.5452116512290265
2015-09-16,0.5452392649555863
2015-09-17,0.5447450347310281
2015-09-18,0.5446706348750937
2015-09-21,0.5446977620144722
2015-09-22,0.5437115987572817
2015-09-23,0.5439075099579281
2015-09-24,0.5433677080079948
2015-09-25,0.5437964068640601
2015-09-28,0.5430354035089863
2015-09-29,0.543260415431103
2015-09-30,0.5430044305688222
2015-10-01,0.5389591656288228
2015-10-02,0.5400401041466635
2015-10-05,0.5414272516958127
2015-10-06,0.5419984284067452
2015-10-07,0.5428899639123341
2015-10-08,0.5430507094236509
2015-10-09,0.5440458835041566
2015-10-12,0.5441690992711922
2015-10-13,0.5435521268778941
2015-10-14,0.5435962577143233
2015-10-15,0.5435918566762395
2015-10-16,0.5434577974708867
2015-10-19,0.5434729856607111
2015-10-20,0.5428668620518085
2015-10-21,0.5435035127767638
2015-10-22,0.543252306117097
2015-10-23,0.5436491722027985
2015-10-26,0.5442125377090301
2015-10-27,0.5446476114245202
2015-10-28,0.5442336494287928
2015-10-29,0.5443174586792291
2015-10-30,0.5434355839561937
2015-11-02,0.5428552847979239
2015-11-03,0.5426706327803331
2015-11-04,0.5432297072929461
2015-11-05,0.5431887776031287
2015-11-06,0.5480077220559514
2015-11-09,0.5537476333727731
2015-11-10,0.5548945316752393
2015-11-11,0.5546006975978244
2015-11-12,0.5545284622781694
2015-11-13,0.555743350628971
2015-11-16,0.5533701459645134
2015-11-17,0.5529909214391767
2015-11-18,0.5529369016104269
2015-11-19,0.5545882941400256
2015-11-20,0.5550305173553548
2015-11-23,0.5545470092661654
2015-11-24,0.5530959833748273
2015-11-25,0.5507059123216977
2015-11-27,0.5502542106145257
2015-11-30,0.549668914190267
2015-12-01,0.5496630979832706
2015-12-02,0.5495973103603922
2015-12-03,0.5481163224344568
2015-12-04,0.5495736418938284
2015-12-07,0.5495736418938284
2015-12-08,0.5497464946939075
2015-12-09,0.5498122288062622
2015-12-10,0.5497346041851063
2015-12-11,0.5495318311146163
2015-12-14,0.5493950783697533
2015-12-15,0.549328288500333
2015-12-16,0.5492504003682995
2015-12-17,0.548678555952825
2015-12-18,0.549025759426963
2015-12-21,0.549025759426963
2015-12-22,0.5490842849345003
2015-12-23,0.5489123312549297
2015-12-24,0.5488251609553026
2015-12-28,0.5478386916520182
2015-12-29,0.5462110517811132
2015-12-30,0.5460601972662834
2015-12-31,0.5464876751969292
2016-01-04,0.5471772022128034
2016-01-05,0.5472481263483058
2016-01-06,0.5488224463086016
2016-01-07,0.5547087140425172
2016-01-08,0.5587089634314759
2016-01-11,0.5605263583783064
2016-01-12,0.560738299449718
2016-01-13,0.5617448222250384
2016-01-14,0.5633066548788814
2016-01-15,0.5662183221021512
2016-01-19,0.5665905179925708
2016-01-20,0.566694839406583
2016-01-21,0.5669036993559909
2016-01-22,0.5669793387451788
2016-01-25,0.5677330685911621
2016-01-26,0.567888439097388
2016-01-27,0.5674498875002477
2016-01-28,0.5675031776267131
2016-01-29,0.5674848079785605
2016-02-01,0.567478700720702
2016-02-02,0.5679424450317017
2016-02-03,0.5677044398844369
2016-02-04,0.5679552599528312
2016-02-05,0.5692880606474512
2016-02-08,0.5729779921456472
2016-02-09,0.5731040838128151
2016-02-10,0.5729442382619666
2016-02-11,0.5731659137566611
2016-02-12,0.5732525411285457
2016-02-16,0.5747312343120922
2016-02-17,0.5760403980460773
2016-02-18,0.5837993388120162
2016-02-19,0.5875182253085485
2016-02-22,0.5911434652177706
2016-02-23,0.5927046834273221
2016-02-24,0.5935606240174947
2016-02-25,0.5934154702519997
2016-02-26,0.5934809184710333
2016-02-29,0.5944862328385018
2016-03-01,0.5941817954632027
2016-03-02,0.5957946014692715
2016-03-03,0.5953385562335938
2016-03-04,0.596198940853127
2016-03-07,0.5954941553295456
2016-03-08,0.5959077148305492
2016-03-09,0.5961569513503635
2016-03-10,0.596351153222694
2016-03-11,0.5966428926909646
2016-03-14,0.596545587905598
2016-03-15,0.5973691323992456
2016-03-16,0.5968723859800104
2016-03-17,0.5970018325015318
2016-03-18,0.5970352123791576
2016-03-21,0.5971541875767503
2016-03-22,0.597379974977518
2016-03-23,0.5967753687553213
2016-03-24,0.5968590812938602
2016-03-28,0.5980757463256933
2016-03-29,0.5987004832392031
2016-03-30,0.5994658106369554
2016-03-31,0.598612965686535
2016-04-01,0.5999366654480165
2016-04-04,0.5995046220164143
2016-04-05,0.5993111573984562
2016-04-06,0.5999887333750293
2016-04-07,0.5978549901723548
2016-04-08,0.5961341787235818
2016-04-11,0.5962815944926918
2016-04-12,0.5972494041310122
2016-04-13,0.5961569513503635
2016-04-14,0.596286393419498
2016-04-15,0.5965555956035431
2016-04-18,0.5965318957275839
2016-04-19,0.5975982527154425
2016-04-20,0.5979262193873509
2016-04-21,0.5976970389200394
2016-04-22,0.5975329631682021
2016-04-25,0.597194578400197
2016-04-26,0.5976857955748917
2016-04-27,0.5977492330883692
2016-04-28,0.5977818549576899
2016-04-29,0.5982250466991087
2016-05-02,0.5975102690726268
2016-05-03,0.5994711462238528
2016-05-04,0.5998723555825071
2016-05-05,0.6006402752051433
2016-05-06,0.6005883535667802
2016-05-09,0.600427598116978
2016-05-10,0.5985702328112513
2016-05-11,0.5989345931812925
2016-05-12,0.5983684168735599
2016-05-13,0.6117235975403397
2016-05-16,0.6241136629022721
2016-05-17,0.6348381096779192
2016-05-18,0.6433020107449423
2016-05-19,0.6440981207640673
2016-05-20,0.6441502149070727
2016-05-23,0.6440797394912621
2016-05-24,0.6434678356582898
2016-05-25,0.6443066100598897
2016-05-26,0.6446826698798177
2016-05-27,0.6448729274412871
2016-05-31,0.6447979824814646
2016-06-01,0.6451332734846623
2016-06-02,0.6455828532660612
2016-06-03,0.6450981621448187
2016-06-06,0.6457248168745003
2016-06-07,0.6458395375247902
2016-06-08,0.6451380026012685
2016-06-09,0.64443150561023
2016-06-10,0.6440850330951028
2016-06-13,0.6450147858958128
2016-06-14,0.6449704444544677
2016-06-15,0.643748087681695
2016-06-16,0.6433242733998705
2016-06-17,0.6431022359424607
2016-06-20,0.6420893304341129
2016-06-21,0.6400555664361873
2016-06-22,0.6408792068217315
2016-06-23,0.6395464087345539
2016-06-24,0.6428102919077192
2016-06-27,0.6455360734789504
2016-06-28,0.6458509941127326
2016-06-29,0.6457082044075328
2016-06-30,0.6463935100734256
2016-07-01,0.6449391659508609
2016-07-05,0.6471547564370848
2016-07-06,0.6472718506224613
2016-07-07,0.6473765923769214
2016-07-08,0.6539913188056024
2016-07-11,0.6600321000900231
2016-07-12,0.6642301728757695
2016-07-13,0.6648746899997092
2016-07-14,0.6656386723151527
2016-07-15,0.665733280880166
2016-07-18,0.6661024351654306
2016-07-19,0.6650431005599308
2016-07-20,0.6658543886082092
2016-07-21,0.6656718247868898
2016-07-22,0.6661923363337254
2016-07-25,0.6706203110520857
2016-07-26,0.6743037439337737
2016-07-27,0.6746207589283418
2016-07-28,0.674601719718558
2016-07-29,0.6747139276978746
2016-08-01,0.6749190493305842
2016-08-02,0.6744078122429145
2016-08-03,0.674762491981387
2016-08-04,0.6744679260408887
2016-08-05,0.6747691682973513
2016-08-08,0.6756781974572407
2016-08-09,0.6756281235308146
2016-08-10,0.676979900604759
2016-08-11,0.6768469574490918
2016-08-12,0.6832798869450605
2016-08-15,0.6867487828701423
2016-08-16,0.6886278454841877
2016-08-17,0.6883999837415302
2016-08-18,0.6887771244248875
2016-08-19,0.6883629525480269
2016-08-22,0.689107868741917
2016-08-23,0.6888081282008713
2016-08-24,0.6889321914939388
2016-08-25,0.6889918847793428
2016-08-26,0.6897389464961725
2016-08-29,0.6897686253949662
2016-08-30,0.6904509987657036
2016-08-31,0.69007077395908
2016-09-01,0.690198359591813
2016-09-02,0.6898005302221807
2016-09-06,0.6900800017041403
2016-09-07,0.6899206913001478
2016-09-08,0.6918692232356053
2016-09-09,0.6971279418344059
2016-09-12,0.697500059524979
2016-09-13,0.6983393523527582
2016-09-14,0.6989161540056411
2016-09-15,0.7036013456780559
2016-09-16,0.7056247439616007
2016-09-19,0.7091345195904856
2016-09-20,0.7091537925091196
2016-09-21,0.7109592134197681
2016-09-22,0.7132229398382175
2016-09-23,0.7141827976969006
2016-09-26,0.7156361760987171
2016-09-27,0.7164281049885505
2016-09-28,0.7171147070476153
2016-09-29,0.7176090606689568
2016-09-30,0.7183947360363615
2016-10-03,0.7185610396392705
2016-10-04,0.718622002954427
2016-10-05,0.7192245392868308
2016-10-06,0.7192596457475974
2016-10-07,0.7204471738568807
2016-10-10,0.720221011473673
2016-10-11,0.7222810385621078
2016-10-12,0.7198290174667274
2016-10-13,0.7181143927561595
2016-10-14,0.7194282835624023
2016-10-17,0.7204017646985454
2016-10-18,0.7193291384525395
2016-10-19,0.7188673369248921
2016-10-20,0.7181863112685463
2016-10-21,0.7197443365236915
2016-10-24,0.7239167534506694
2016-10-25,0.7309852291433516
2016-10-26,0.7324607274247606
2016-10-27,0.7322543413826283
2016-10-28,0.7323481499083375
2016-10-31,0.7321248187968171
2016-11-01,0.733631809989007
2016-11-02,0.7343630632967919
2016-11-03,0.7357575518238362
2016-11-04,0.7374093048274181
2016-11-07,0.7418481291118803
2016-11-08,0.7441728798995068
2016-11-09,0.7439286126267088
2016-11-10,0.7447936451158653
2016-11-11,0.8701640437550788
2016-11-14,0.8978413878556553
2016-11-15,0.9256783306410836
2016-11-16,0.958215301733942
2016-11-17,0.963905614055458
2016-11-18,0.9694818348324274
2016-11-21,0.969342912296874
2016-11-22,0.9673351632000026
2016-11-23,0.966841583106996
2016-11-25,0.969946807133975
2016-11-28,0.969659821530729
2016-11-29,0.9695844068971988
2016-11-30,0.9727702647766936
2016-12-01,0.9851191528769218
2016-12-02,0.9903155501640888
2016-12-05,0.9901928987443024
2016-12-06,0.9942738844026118
2016-12-07,1.002293548973738
2016-12-08,1.0020980751557416
2016-12-09,1.0036654192970185
2016-12-12,1.0107165311949782
2016-12-13,1.0108757212312411
2016-12-14,1.0188480120038887
2016-12-15,1.0328338688715253
2016-12-16,1.043552031679794
2016-12-19,1.0501762617493315
2016-12-20,1.061071439639384
2016-12-21,1.070492429078397
2016-12-22,1.075964222137482
2016-12-23,1.0834567591059736
2016-12-27,1.1156078259722155
2016-12-28,1.1161358624145876
2016-12-29,1.1161041465457469
2016-12-30,1.1278488141694814
2017-01-03,1.1528068030701366
2017-01-04,1.1563862906388012
2017-01-05,1.1630282497491575
2017-01-06,1.1630396751761367
2017-01-09,1.167910599663638
2017-01-10,1.1700102548935465
2017-01-11,1.1695807039175512
2017-01-12,1.1725195629802212
2017-01-13,1.1735768542707483
2017-01-17,1.1753199494468372
2017-01-18,1.1742137352417945
2017-01-19,1.1745669103069778
2017-01-20,1.1754378017572995
2017-01-23,1.1752643852146183
2017-01-24,1.1780333677464818
2017-01-25,1.1807074562878168
2017-01-26,1.1843642980787652
2017-01-27,1.187157169332541
2017-01-30,1.1836741694322812
2017-01-31,1.1867225874433551
2017-02-01,1.1916293218473526
2017-02-02,1.195552773682338
2017-02-03,1.1968367121804695
2017-02-06,1.200233583321995
2017-02-07,1.2022367913176522
2017-02-08,1.1990503974919131
2017-02-09,1.196109959219586
2017-02-10,1.1984368810702988
2017-02-13,1.2199139398645076
2017-02-14,1.2275769180403184
2017-02-15,1.2275528579768331
2017-02-16,1.227848999580875
2017-02-17,1.2256804189356325
2017-02-21,1.226827445104212
2017-02-22,1.23177886429962
2017-02-23,1.2488588778451712
2017-02-24,1.2608061918162368
2017-02-27,1.2630108684069257
2017-02-28,1.2653700418173697
2017-03-01,1.2671672110463772
2017-03-02,1.2708885358258788
2017-03-03,1.2742266534292388
2017-03-06,1.2759013812998692
2017-03-07,1.274898911236358
2017-03-08,1.2723508859893315
2017-03-09,1.2715683220675853
2017-03-10,1.2631008664850465
2017-03-13,1.2619877881473032
2017-03-14,1.2595652295677244
2017-03-15,1.2569196820972428
2017-03-16,1.2578991534087445
2017-03-17,1.2623816566178687
2017-03-20,1.2709661356835342
2017-03-21,1.270348129189835
2017-03-22,1.2680108120369775
2017-03-23,1.2655192204740062
2017-03-24,1.2638011267540463
2017-03-27,1.259277319433833
2017-03-28,1.2573763009626473
2017-03-29,1.2549842326407434
2017-03-30,1.247937836003306
2017-03-31,1.2457892357110742
2017-04-03,1.2428834825978528
2017-04-04,1.254004142541196
2017-04-05,1.2689251101914614
2017-04-06,1.2707576329499723
2017-04-07,1.2721336062018112
2017-04-10,1.274708624629573
2017-04-11,1.27392130575655
2017-04-12,1.2749597891124298
2017-04-13,1.2767409000710075
2017-04-17,1.2753988848255973
2017-04-18,1.2763569392400382
2017-04-19,1.274887096627454
2017-04-20,1.272980923070803
2017-04-21,1.271107120406072
2017-04-24,1.270800790289469
2017-04-25,1.269020578150908
2017-04-26,1.2668659801041144
2017-04-27,1.2642078886038497
2017-04-28,1.2620293727367502
2017-05-01,1.2587985143475704
2017-05-02,1.2556861201637912
2017-05-03,1.2523021073376084
2017-05-04,1.249776349416038
2017-05-05,1.2471147073241002
2017-05-08,1.2449225462174929
2017-05-09,1.2436229663146767
2017-05-10,1.3109637329563917
2017-05-11,1.3856499173594528
2017-05-12,1.4247748179039847
2017-05-15,1.4621204971498434
2017-05-16,1.4733729149475825
2017-05-17,1.4759521474520332
2017-05-18,1.4793610196752875
2017-05-19,1.4814122565168817
2017-05-22,1.4863089982776247
2017-05-23,1.4864558582150544
2017-05-24,1.4878480955622608
2017-05-25,1.485405416400369
2017-05-26,1.4865497365997262
2017-05-30,1.4912635773677014
2017-05-31,1.4909165612896416
2017-06-01,1.492447965946006
2017-06-02,1.4915502079175669
2017-06-05,1.4928932906662296
2017-06-06,1.4907694560677125
2017-06-07,1.4942712146417203
2017-06-08,1.5230652881002555
2017-06-09,1.5206541972550405
2017-06-12,1.5238750442665658
2017-06-13,1.5276044812987424
2017-06-14,1.5284515485792036
2017-06-15,1.5287253588925156
2017-06-16,1.527782225041099
2017-06-19,1.5325926857108625
2017-06-20,1.5324133544721943
2017-06-21,1.5342273460842264
2017-06-22,1.530723526192428
2017-06-23,1.5305987742931997
2017-06-26,1.532595935618967
2017-06-27,1.5498772007331538
2017-06-28,1.546797468528566
2017-06-29,1.5591489516454695
2017-06-30,1.5645197284670334
2017-07-03,1.5760786910280622
2017-07-05,1.5759555762643984
2017-07-06,1.5734616338973817
2017-07-07,1.5768918220775965
2017-07-10,1.5940865723691993
2017-07-11,1.6066126714673947
2017-07-12,1.6400455772500782
2017-07-13,1.6433484371711726
2017-07-14,1.6485233341305072
2017-07-17,1.6463108641772128
2017-07-18,1.6434632221873378
2017-07-19,1.6407807786723445
2017-07-20,1.6385857499499843
2017-07-21,1.6347646587467657
2017-07-24,1.6304655233056446
2017-07-25,1.6327989592653642
2017-07-26,1.629461702622809
2017-07-27,1.6347882714588395
2017-07-28,1.6307951695857694
2017-07-31,1.6300277899966231
2017-08-01,1.6285285049929594
2017-08-02,1.6275629668552896
2017-08-03,1.6249688391015182
2017-08-04,1.6229362665450646
2017-08-07,1.625379834921856
2017-08-08,1.6292627075335486
2017-08-09,1.632372026930105
2017-08-10,1.6359797341167102
2017-08-11,1.6649999545246223
2017-08-14,1.6628613158902688
2017-08-15,1.660724597808074
2017-08-16,1.6578324829147115
2017-08-17,1.6553438420998627
2017-08-18,1.654020680939924
2017-08-21,1.6534140941538638
2017-08-22,1.6490318834720112
2017-08-23,1.6457299752329158
2017-08-24,1.642187200878131
2017-08-25,1.6379966749112846
2017-08-28,1.6349224742897772
2017-08-29,1.6315336004858634
2017-08-30,1.6264287620528275
2017-08-31,1.6259655838256384
2017-09-01,1.6249560854452871
2017-09-05,1.6216357867093747
2017-09-06,1.6193258456250177
2017-09-07,1.6206437619256824
2017-09-08,1.6210420200532198
2017-09-11,1.619625304835021
2017-09-12,1.6180517522514166
2017-09-13,1.61530750126677
2017-09-14,1.6111164038174526
2017-09-15,1.6204192496415533
2017-09-18,1.6482788218316775
2017-09-19,1.6575048133417072
2017-09-20,1.6591719834693404
2017-09-21,1.6596458008238435
2017-09-22,1.66210539965837
2017-09-25,1.6845464352626058
2017-09-26,1.6902851881486425
2017-09-27,1.6857456888055606
2017-09-28,1.6835720507847312
2017-09-29,1.6823529205533396
2017-10-02,1.6802150189680445
2017-10-03,1.6870626027619189
2017-10-04,1.686628666497079
2017-10-05,1.685648387886698
2017-10-06,1.6846057740247504
2017-10-09,1.684357200062946
2017-10-10,1.6868643503560858
2017-10-11,1.6884540778469943
2017-10-12,1.6845365265281305
2017-10-13,1.683576903098216
2017-10-16,1.685428530962044
2017-10-17,1.6830946997743144
2017-10-18,1.6799893223340945
2017-10-19,1.67584331684009
2017-10-20,1.671020024372065
2017-10-23,1.6675637505656675
2017-10-24,1.6621894507967063
2017-10-25,1.6591469210512948
2017-10-26,1.6568696092911006
2017-10-27,1.6615224507586677
2017-10-30,1.6678381914728777
2017-10-31,1.6757686488159311
2017-11-01,1.676988561071669
2017-11-02,1.673403817075424
2017-11-03,1.6702965820036075
2017-11-06,1.66651108040329
2017-11-07,1.66158687769042
2017-11-08,1.6577145713895864
2017-11-09,1.6576606029112029
2017-11-10,1.659075120263364
2017-11-13,1.6557497106125534
2017-11-14,1.652868926300867
2017-11-15,1.6493783280996193
2017-11-16,1.6453906043843411
2017-11-17,1.6411929305461077
2017-11-20,1.63732334271392
2017-11-21,1.6352602129479377
2017-11-22,1.6320759012418875
2017-11-24,1.6287389603297406
2017-11-27,1.6241615382624184
2017-11-28,1.6261525536110992
2017-11-29,1.6599254690436236
2017-11-30,1.667320798673674
2017-12-01,1.671005515095743
2017-12-04,1.695624463868745
2017-12-05,1.6989761604896936
2017-12-06,1.6969213179863858
2017-12-07,1.6936751708656506
2017-12-08,1.690594716642517
2017-12-11,1.687899923911473
2017-12-12,1.687380637044205
2017-12-13,1.6895053309666597
2017-12-14,1.6901126358817515
2017-12-15,1.6872388022029423
2017-12-18,1.6916918086463713
2017-12-19,1.6917117672523845
2017-12-20,1.68887873167149
2017-12-21,1.6836595651965052
2017-12-22,1.6864940153899062
2017-12-26,1.6836164074784847
2017-12-27,1.6803698597831405
2017-12-28,1.680529913018811
2017-12-29,1.6874995133749326
2018-01-02,1.6875413221719593
2018-01-03,1.7136313920857875
2018-01-04,1.7318532386730572
2018-01-05,1.744687554160251
2018-01-08,1.7579480746414338
2018-01-09,1.7628308720295038
2018-01-10,1.7679554541116362
2018-01-11,1.7701455208452737
2018-01-12,1.768214279903057
2018-01-16,1.7690462571876064
2018-01-17,1.769666311281511
2018-01-18,1.767306079712029
2018-01-19,1.7662786741651435
2018-01-22,1.76858367777727
2018-01-23,1.772112054826642
2018-01-24,1.7667432147084965
2018-01-25,1.7630288880656126
2018-01-26,1.765355935070018
2018-01-29,1.7724586481268807
2018-01-30,1.7732700694423014
2018-01-31,1.7721434022934803
2018-02-01,1.7720188417430185
2018-02-02,1.7881606260698475
2018-02-05,1.864497180224477
2018-02-06,1.8715818589594504
2018-02-07,1.867658624510269
2018-02-08,1.8747108885594608
2018-02-09,1.8816933638002928
2018-02-12,1.8811853239082272
2018-02-13,1.8797028986798263
2018-02-14,1.895804983103086
2018-02-15,1.9035331920099248
2018-02-16,1.901924592105019
2018-02-20,1.9022362967573905
2018-02-21,1.8985653472156727
2018-02-22,1.893093544122116
2018-02-23,1.8909367440009053
2018-02-26,1.8858922546775736
2018-02-27,1.884024273516928
2018-02-28,1.884169070600891
2018-03-01,1.9019565145484043
2018-03-02,1.9035718278247
2018-03-05,1.909660526262908
2018-03-06,1.912721221818994
2018-03-07,1.915647515459219
2018-03-08,1.9115055604500744
2018-03-09,1.9091798748808133
2018-03-12,1.906064578977774
2018-03-13,1.8998905728544644
2018-03-14,1.893519037599613
2018-03-15,1.8967111458685968
2018-03-16,1.8944203678341
2018-03-19,1.8949050121094009
2018-03-20,1.8917388466025904
2018-03-21,1.8886208981355823
2018-03-22,1.8851931705663083
2018-03-23,1.894749827486517
2018-03-26,1.888904221084473
2018-03-27,1.9143431815176133
2018-03-28,1.932252240123276
2018-03-29,1.9296647815848136
2018-04-02,1.934791255542989
2018-04-03,1.935352973068572
2018-04-04,1.942134854166228
2018-04-05,1.947870280912469
2018-04-06,1.9588035654761533
2018-04-09,1.9617898362828792
2018-04-10,1.9673669157166989
2018-04-11,1.9717143187181687
2018-04-12,1.9854650648470296
2018-04-13,1.989018407430149
2018-04-16,1.985710107599476
2018-04-17,1.983833252763748
2018-04-18,1.980864105308757
2018-04-19,1.9823714073047047
2018-04-20,1.9816190881832465
2018-04-23,1.984768214285024
2018-04-24,1.989380334187438
2018-04-25,1.988917010938009
2018-04-26,1.9825377079414075
2018-04-27,1.983575791238608
2018-04-30,1.978357037078884
2018-05-01,1.974774839561455
2018-05-02,1.979897318085589
2018-05-03,1.979442230173456
2018-05-04,1.984777522629022
2018-05-07,2.007716739217222
2018-05-08,2.0226327047171018
2018-05-09,2.034091037914224
2018-05-10,2.038452087199684
2018-05-11,2.033082996771961
2018-05-14,2.0259330018594213
2018-05-15,2.029535819349356
2018-05-16,2.034523139272974
2018-05-17,2.0326436225021216
2018-05-18,2.0304034776160376
2018-05-21,2.039861536794032
2018-05-22,2.038214044562128
2018-05-23,2.036834310778892
2018-05-24,2.03968142245404
2018-05-25,2.0389084164901368
2018-05-29,2.042383913340267
2018-05-30,2.0394068512148054
2018-05-31,2.0366986318847125
2018-06-01,2.0421970326305985
2018-06-04,2.049369672307331
2018-06-05,2.050129598036273
2018-06-06,2.04760538323527
2018-06-07,2.040107876476651
2018-06-08,2.033890601303598
2018-06-11,2.0298142732446207
2018-06-12,2.026911519114459
2018-06-13,2.0236183075821064
2018-06-14,2.0081330599947167
2018-06-15,2.00720485991014
2018-06-18,2.003116697862788
2018-06-19,2.002760577776505
2018-06-20,1.9977662393083728
2018-06-21,1.99692414102235
2018-06-22,1.9981327526545007
2018-06-25,2.0237430565406385
2018-06-26,2.0272407881371777
2018-06-27,2.032060246767477
2018-06-28,2.032783473454685
2018-06-29,2.032442150988352
2018-07-02,2.0273835912884794
2018-07-03,2.025727455965877
2018-07-05,2.023073365062096
2018-07-06,2.024239156401025
2018-07-09,2.030463348736738
2018-07-10,2.029727184682764
2018-07-11,2.023620628413405
2018-07-12,2.0161118681113384
2018-07-13,2.0088273369352208
2018-07-16,2.0079011073305577
2018-07-17,2.0047108351885674
2018-07-18,1.9998120784593367
2018-07-19,1.9947292090935675
2018-07-20,1.984966687294798
2018-07-23,1.977781119929677
2018-07-24,1.970736433608749
2018-07-25,1.9627977801736056
2018-07-26,1.95663640246598
2018-07-27,1.9490180395457928
2018-07-30,1.9465302301506395
2018-07-31,1.9459762521924648
2018-08-01,1.942078705754671
2018-08-02,1.9364751642951088
2018-08-03,1.9310650490943693
2018-08-06,1.9278661448677905
2018-08-07,1.92125174069914
2018-08-08,1.923251134028552
2018-08-09,1.9218828699803427
2018-08-10,1.921976561650228
2018-08-13,1.9217052492240925
2018-08-14,1.919079416712829
2018-08-15,1.916845587360079
2018-08-16,1.9110113388224208
2018-08-17,1.9198104733994208
2018-08-20,1.9170259379657764
2018-08-21,1.909519015082636
2018-08-22,1.9079622651764565
2018-08-23,1.9096889613583257
2018-08-24,1.9124862000092857
2018-08-27,1.9217076459005
2018-08-28,1.9168565968711435
2018-08-29,1.912808205614268
2018-08-30,1.9086344618186768
2018-08-31,1.9025857578705745
2018-09-04,1.8975724232077784
2018-09-05,1.8907262816722497
2018-09-06,1.9085034606325617
2018-09-07,1.909949948278025
2018-09-10,1.908865655353405
2018-09-11,1.9098532560582344
2018-09-12,1.908741951477725
2018-09-13,1.9086972506834416
2018-09-14,1.9070503637967584
2018-09-17,1.902758264572307
2018-09-18,1.898492749534917
2018-09-19,1.8976550936240488
2018-09-20,1.8972529962580016
2018-09-21,1.89289009346173
2018-09-24,1.8859447148052868
2018-09-25,1.878045970023116
2018-09-26,1.8729963652219577
2018-09-27,1.888418640855276
2018-09-28,1.895506779581236
2018-10-01,1.9137277260905217
2018-10-02,1.91667196197918
2018-10-03,1.9156624122266663
2018-10-04,1.9116095136396083
2018-10-05,1.92366038908306
2018-10-08,1.9335177687175404
2018-10-09,1.9328775023513287
2018-10-10,1.957261086662197
2018-10-11,1.990992935128124
2018-10-12,1.987152110710245
2018-10-15,1.9946989736672
2018-10-16,1.988076435820421
2018-10-17,1.981633044558919
2018-10-18,1.974530504132256
2018-10-19,1.9737231367579824
2018-10-22,1.9723437254740213
2018-10-23,1.981901854441892
2018-10-24,2.030789742829142
2018-10-25,2.0330927515615294
2018-10-26,2.047160551228854
2018-10-29,2.0717706382319534
2018-10-30,2.068657732812273
2018-10-31,2.0750881251197515
2018-11-01,2.090249100043476
2018-11-02,2.090498956497572
2018-11-05,2.085565865864933
2018-11-06,2.0807069864955383
2018-11-07,2.0737245798877746
2018-11-08,2.0712041282647355
2018-11-09,2.0695266826709915
2018-11-12,2.089331585342826
2018-11-13,2.088171176848163
2018-11-14,2.083836602422642
2018-11-15,2.0793966554067933
2018-11-16,2.124008872873924
2018-11-19,2.2232392545717583
2018-11-20,2.2503874660375693
2018-11-21,2.260591293462872
2018-11-23,2.2556388795653604
2018-11-26,2.253732151395652
2018-11-27,2.2478570266325897
2018-11-28,2.2474092826750125
2018-11-29,2.2676500867083127
2018-11-30,2.2681023171836925
2018-12-03,2.2732318560054696
2018-12-04,2.2752000563629786
2018-12-06,2.268704330258016
2018-12-07,2.2673151104633176
2018-12-10,2.2611206776925634
2018-12-11,2.266733732570871
2018-12-12,2.261793109322656
2018-12-13,2.2565451157693075
2018-12-14,2.2492865284789723
2018-12-17,2.24006686856797
2018-12-18,2.2365994230648965
2018-12-19,2.232515288438997
2018-12-20,2.228825236027374
2018-12-21,2.238326101233359
2018-12-24,2.243719374486428
2018-12-26,2.2422952446812534
2018-12-27,2.238841790162186
2018-12-28,2.210118095447552
2018-12-31,2.2073515868535942
2019-01-02,2.199735619864836
2019-01-03,2.1937119668670046
2019-01-04,2.1866910883067154
2019-01-07,2.184394318714216
2019-01-08,2.17738649599841
2019-01-09,2.1719195405588976
2019-01-10,2.166742627861742
2019-01-11,2.1597580573098107
2019-01-14,2.153333126974427
2019-01-15,2.146216020112624
2019-01-16,2.13687764563305
2019-01-17,2.127518303774739
2019-01-18,2.119298941218121
2019-01-22,2.110382851904007
2019-01-23,2.1060497699258893
2019-01-24,2.1006290885755816
2019-01-25,2.096626824088655
2019-01-28,2.0994802661535386
2019-01-29,2.102363553579997
2019-01-30,2.09754797288413
2019-01-31,2.091664624304674
2019-02-01,2.093898328852261
2019-02-04,2.0919338595023462
2019-02-05,2.096849822917678
2019-02-06,2.094746606991892
2019-02-07,2.0929972557705447
2019-02-08,2.0914915030728545
2019-02-11,2.087203745698039
2019-02-12,2.0808727596552945
2019-02-13,2.0799816938080697
2019-02-14,2.072302452065061
2019-02-15,2.067431046476848
2019-02-19,2.059272075792367
2019-02-20,2.051372383155668
2019-02-21,2.042647909206768
2019-02-22,2.0399390114742304
2019-02-25,2.033868078360031
2019-02-26,2.027852970110621
2019-02-27,2.031404327181657
2019-02-28,2.028040501507653
2019-03-01,2.026018088011954
2019-03-04,2.020694772819956
2019-03-05,2.0145401989749643
2019-03-06,1.993640408271244
2019-03-07,1.98661216645814
2019-03-08,1.980514404055376
2019-03-11,1.9751816374738544
2019-03-12,1.968732494480444
2019-03-13,1.9644083093574225
2019-03-14,1.9600535553434613
2019-03-15,1.95543163824404
2019-03-18,1.947228943019096
2019-03-19,1.9612974234783416
2019-03-20,1.9636713537465924
2019-03-21,1.9659463819354075
2019-03-22,1.965876388525136
2019-03-25,1.9605227037729327
2019-03-26,1.9589251907317973
2019-03-27,1.9520634464710664
2019-03-28,1.9456763652135816
2019-03-29,1.9372629550004603
2019-04-01,1.930818428023142
2019-04-02,1.927736367395148
2019-04-03,1.920096556101297
2019-04-04,1.9371938296300293
2019-04-05,1.9390652055980333
2019-04-08,1.9385229830696165
2019-04-09,1.9340163945205449
2019-04-10,1.9294756942130744
2019-04-11,1.9202446756482163
2019-04-12,1.9101216814969693
2019-04-15,1.8986961561945168
2019-04-16,1.8910052618724744
2019-04-17,1.883234706855488
2019-04-18,1.8750441515794896
2019-04-22,1.865016996340458
2019-04-23,1.8580262026778125
2019-04-24,1.8500113048927995
2019-04-25,1.842637950057901
2019-04-26,1.84093970626011
2019-04-29,1.8346159602785064
2019-04-30,1.8272279453737967
2019-05-01,1.818646025959504
2019-05-02,1.811892280912189
2019-05-03,1.8044735768661029
2019-05-06,1.7939982880499887
2019-05-07,1.7886063359868205
2019-05-08,1.7828469923032315
2019-05-09,1.7761559364380612
2019-05-10,1.7682727044192112
2019-05-13,1.7748609089428855
2019-05-14,1.7742095516273992
2019-05-15,1.7855820233474018
2019-05-16,1.7863920483215656
2019-05-17,1.787137823395856
2019-05-20,1.787137785387402
2019-05-21,1.7810206088113272
2019-05-22,1.7740075290931272
2019-05-23,1.7678359500202656
2019-05-24,1.7651470703868235
2019-05-28,1.7628789695832987
2019-05-29,1.758077405060641
2019-05-30,1.7569783088361348
2019-05-31,1.753837059061725
2019-06-03,1.747413578379023
2019-06-04,1.7425038397487
2019-06-05,1.734824067390644
2019-06-06,1.727193609578311
2019-06-07,1.72010374495216
2019-06-10,1.7125739509288245
2019-06-11,1.70598373867749
2019-06-12,1.6977889407322329
2019-06-13,1.6905683438705994
2019-06-14,1.6786828015344852
2019-06-17,1.6710978925518003
2019-06-18,1.664955633482265
2019-06-19,1.658130492178144
2019-06-20,1.6507444793667576
2019-06-21,1.6454936030723213
2019-06-24,1.6371550175906564
2019-06-25,1.6233575633025883
2019-06-26,1.6139146240283322
2019-06-27,1.6095799671833415
2019-06-28,1.624188558198449
2019-07-01,1.626668138379433
2019-07-02,1.626172684717092
2019-07-03,1.6237575045413095
2019-07-05,1.6171944486859935
2019-07-08,1.6103424046491197
2019-07-09,1.6028272085458202
2019-07-10,1.5956204112736567
2019-07-11,1.5885665284903927
2019-07-12,1.5822161974758184
2019-07-15,1.5759715094173723
2019-07-16,1.5693892490229324
2019-07-17,1.570657906893917
2019-07-18,1.5684438441544988
2019-07-19,1.5619219813116
2019-07-22,1.556837903284451
2019-07-23,1.5546165627227984
2019-07-24,1.5517091936045782
2019-07-25,1.5449674326818084
2019-07-26,1.538396091510435
2019-07-29,1.526764167189963
2019-07-30,1.5215895068553178
2019-07-31,1.5116275408678796
2019-08-01,1.5090987896094628
2019-08-02,1.5079698740947032
2019-08-05,1.5092268684614345
2019-08-06,1.5071759265400608
2019-08-07,1.502256766996387
2019-08-08,1.4987369898936331
2019-08-09,1.490854879759273
2019-08-12,1.483606550645434
2019-08-13,1.4827281197332989
2019-08-14,1.4811257674222302
2019-08-15,1.4776220012415031
2019-08-16,1.476020405206012
2019-08-19,1.4817671607286405
2019-08-20,1.4805737039806823
2019-08-21,1.4803055497394175
2019-08-22,1.4759270720226323
2019-08-23,1.470518518698576
2019-08-26,1.4675564617878716
2019-08-27,1.4664948747025863
2019-08-28,1.464544219125124
2019-08-29,1.460986279718733
2019-08-30,1.457256952190981
2019-09-03,1.4482973193754718
2019-09-04,1.4403988022032097
2019-09-05,1.4325646498757754
2019-09-06,1.4260363621158867
2019-09-09,1.4218947579900985
2019-09-10,1.4171050895223007
2019-09-11,1.4152198327737655
2019-09-12,1.4103101361661017
2019-09-13,1.4045427503294072
2019-09-16,1.3981962276000832
2019-09-17,1.391586771251022
2019-09-18,1.3836025237107306
2019-09-19,1.3726925220155457
2019-09-20,1.364582471865974
2019-09-23,1.355579278344194
2019-09-24,1.3461901194692558
2019-09-25,1.3358744804784244
2019-09-26,1.32689193286797
2019-09-27,1.338924812892471
2019-09-30,1.3387152361695134
2019-10-01,1.3388756658525596
2019-10-02,1.338337583084776
2019-10-03,1.335988156663122
2019-10-04,1.332599835733232
2019-10-07,1.32698035408859
2019-10-08,1.3213179251059617
2019-10-09,1.3164734882576308
2019-10-10,1.318736695252995
2019-10-11,1.3197378577520962
2019-10-14,1.3219464173340978
2019-10-15,1.3231543628163154
2019-10-16,1.3254869457646532
2019-10-17,1.3259925008983229
2019-10-18,1.3245547611729351
2019-10-21,1.322543285497772
2019-10-22,1.3259083220081662
2019-10-23,1.3240456992086678
2019-10-24,1.3176910142505245
2019-10-25,1.3126596111253137
2019-10-28,1.312487386341867
2019-10-29,1.3084865760849913
2019-10-30,1.301270278639677
2019-10-31,1.2906823572397417
2019-11-01,1.2810648240309193
2019-11-04,1.2724105414941955
2019-11-05,1.26412900890617
2019-11-06,1.2554561556385566
2019-11-07,1.245623440440914
2019-11-08,1.231866011513756
2019-11-11,1.2306713679328292
2019-11-12,1.2230711163091426
2019-11-13,1.2189366577320626
2019-11-14,1.2114697640229677
2019-11-15,1.1981402937581298
2019-11-18,1.1900410045079477
2019-11-19,1.1889076932563456
2019-11-20,1.1828373726639854
2019-11-21,1.179469438441849
2019-11-22,1.1757789138640715
2019-11-25,1.1651947028169325
2019-11-26,1.1617751916268546
2019-11-27,1.157007322663566
2019-11-29,1.149925920279569
2019-12-02,1.1413765877225528
2019-12-03,1.1330856068376414
2019-12-04,1.1312386348354009
2019-12-05,1.1275712443101589
2019-12-06,1.1246282504981375
2019-12-09,1.1187382100819676
2019-12-10,1.1112478391938092
2019-12-11,1.1062271557151628
2019-12-12,1.1029971011049726
2019-12-13,1.0979785384296916
2019-12-16,1.0917063484593128
2019-12-17,1.086091790035391
2019-12-18,1.078081809919366
2019-12-19,1.0780625316551848
2019-12-20,1.0750276516442538
2019-12-23,1.0727624349358071
2019-12-24,1.0653674014580954
2019-12-26,1.0604864556434228
2019-12-27,1.0560288553467685
2019-12-30,1.061121768657847
2019-12-31,1.060753893968092
2020-01-02,1.0609200561156706
2020-01-03,1.0614672576522737
2020-01-06,1.0603642475602069
2020-01-07,1.0549568444746615
2020-01-08,1.052937072370264
2020-01-09,1.0486297136810718
2020-01-10,1.045232058652967
2020-01-13,1.0402809987116368
2020-01-14,1.034756649275432
2020-01-15,1.030006779582327
2020-01-16,1.024589156949845
2020-01-17,1.0196066852156718
2020-01-21,1.015786313706512
2020-01-22,1.0045333339600573
2020-01-23,1.0027002197893278
2020-01-24,0.99847099276303
2020-01-27,0.9948000804220616
2020-01-28,0.9938259461578184
2020-01-29,0.990055351236885
2020-01-30,0.98700429137096
2020-01-31,0.9869825068621062
2020-02-03,0.984439175939282
2020-02-04,0.9812943783072572
2020-02-05,0.977222673126977
2020-02-06,0.974005900933646
2020-02-07,0.9677120854197204
2020-02-10,0.9624519199778336
2020-02-11,0.9619154967901544
2020-02-12,0.958399292059432
2020-02-13,0.9561005193469688
2020-02-14,0.949396160661568
2020-02-18,0.9466409058148704
2020-02-19,0.946258653051702
2020-02-20,0.9428652839222093
2020-02-21,0.9379881991471376
2020-02-24,0.9412822563409164
2020-02-25,0.9461892848876892
2020-02-26,0.9469358932173272
2020-02-27,0.9487761753514709
2020-02-28,0.950150694397015
2020-03-02,0.952449493820962
2020-03-03,0.9515507431160152
2020-03-04,0.9550849811594044
2020-03-05,0.9538587237418304
2020-03-06,0.9538634592969608
2020-03-09,0.9618355887985204
2020-03-10,0.9624674462473414
2020-03-11,0.964354873470086
2020-03-12,0.9741590156203576
2020-03-13,0.972408109910282
2020-03-16,0.9841046097752172
2020-03-17,0.979417886908856
2020-03-18,0.9742063095354554
2020-03-19,0.9713184026436316
2020-03-20,0.968841423833692
2020-03-23,0.963280660506628
2020-03-24,0.9760437337000216
2020-03-25,0.9801182993288384
2020-03-26,0.9786554403883888
2020-03-27,0.9835987720451326
2020-03-30,0.9868127164519728
2020-03-31,0.9868916240496796
2020-04-01,0.988344365921364
2020-04-02,0.986824823605802
2020-04-03,0.9855328968720964
2020-04-06,0.986618839218764
2020-04-07,0.9863659393428766
2020-04-08,0.990369624769323
2020-04-09,0.9901542914197442
2020-04-13,0.9903764065336894
2020-04-14,0.990153296362714
2020-04-15,0.9895290370765756
2020-04-16,0.9887506031720164
2020-04-17,0.9833956973849928
2020-04-20,0.9784038795114292
2020-04-21,0.978240528339028
2020-04-22,0.9756477796077232
2020-04-23,0.9707245033530154
2020-04-24,0.9578872343395948
2020-04-27,0.9551228327867886
2020-04-28,0.9525648073711616
2020-04-29,0.9501605288159836
2020-04-30,0.94683099297569
2020-05-01,0.94524171443007
2020-05-04,0.9403213012096472
2020-05-05,0.9326540875817706
2020-05-06,0.9268904391175824
2020-05-07,0.9215773045831742
2020-05-08,0.9206588340792063
2020-05-11,0.9187384513060866
2020-05-12,0.9146336175219184
2020-05-13,0.9100385476157942
2020-05-14,0.903249668256469
2020-05-15,0.9001597516825035
2020-05-18,0.9001163261034358
2020-05-19,0.8974358844414304
2020-05-20,0.8938996720915761
2020-05-21,0.8890699363369206
2020-05-22,0.8834607040539574
2020-05-26,0.8782122113374391
2020-05-27,0.8735249284490473
2020-05-28,0.8699217638722417
2020-05-29,0.8650415731330361
2020-06-01,0.8602546601566307
2020-06-02,0.8549875138006273
2020-06-03,0.8511293452107497
2020-06-04,0.8472628512783317
2020-06-05,0.8420331844209704
2020-06-08,0.8367669831004981
2020-06-09,0.8351158381713987
2020-06-10,0.8318876105935034
2020-06-11,0.8296371571509399
2020-06-12,0.8262560054524366
2020-06-15,0.8225030445992616
2020-06-16,0.8183418179393585
2020-06-17,0.8153179098080646
2020-06-18,0.8137318224374862
2020-06-19,0.8124819873096621
2020-06-22,0.8104590330087115
2020-06-23,0.8086806065411665
2020-06-24,0.8065803572934087
2020-06-25,0.804165154135832
2020-06-26,0.800787542649545
2020-06-29,0.7976887856367674
2020-06-30,0.7935391067026638
2020-07-01,0.7888531653789864
2020-07-02,0.7853209086406523
2020-07-06,0.7903916503474145
2020-07-07,0.7911098040022291
2020-07-08,0.7917282131359493
2020-07-09,0.7937228400844865
2020-07-10,0.793899490607743
2020-07-13,0.7927900852610694
2020-07-14,0.7897292596916082
2020-07-15,0.7872835177834261
2020-07-16,0.7842485989332383
2020-07-17,0.780524580059834
2020-07-20,0.7760063510545105
2020-07-21,0.7730974091761155
2020-07-22,0.7695981278176656
2020-07-23,0.7659456880706024
2020-07-24,0.7631790795815567
2020-07-27,0.760667267606731
2020-07-28,0.7571510240145722
2020-07-29,0.7541196688543581
2020-07-30,0.7530804521056724
2020-07-31,0.7512637869219011
2020-08-03,0.7506802818635786
2020-08-04,0.7493057429451132
2020-08-05,0.7462958349207536
2020-08-06,0.7421302216003227
2020-08-07,0.7402355293646439
2020-08-10,0.7369923656989555
2020-08-11,0.7354509440358388
2020-08-12,0.7318553629375231
2020-08-13,0.7305783131679009
2020-08-14,0.733023876225187
2020-08-17,0.7367123694310215
2020-08-18,0.7375625488094844
2020-08-19,0.7375658359811823
2020-08-20,0.7360879255715844
2020-08-21,0.7352991231078437
2020-08-24,0.7329241936846831
2020-08-25,0.7288359180899188
2020-08-26,0.726207218341979
2020-08-27,0.7263136672278945
2020-08-28,0.7261516601999632
2020-08-31,0.7270162407436147
2020-09-01,0.7293766337766704
2020-09-02,0.7345744457747138
2020-09-03,0.7336093242704101
2020-09-04,0.7367959037663722
2020-09-08,0.743880664652188
2020-09-09,0.74173237292527
2020-09-10,0.7393714500602797
2020-09-11,0.7387101204341951
2020-09-14,0.7387140411183081
2020-09-15,0.7379292265246999
2020-09-16,0.7361184466619929
2020-09-17,0.7340609040731129
2020-09-18,0.7325318082402973
2020-09-21,0.7295220526088279
2020-09-22,0.7270828706077713
2020-09-23,0.7241631510354162
2020-09-24,0.7216491194117356
2020-09-25,0.7211588006482185
2020-09-28,0.7206693037594686
2020-09-29,0.7189021903441737
2020-09-30,0.7186794234366078
2020-10-01,0.7169791986120256
2020-10-02,0.7178310641090335
2020-10-05,0.7172598248307243
2020-10-06,0.7161498684262849
2020-10-07,0.7173125004439823
2020-10-08,0.7174187491677014
2020-10-09,0.7144228158382666
2020-10-12,0.7127252792354559
2020-10-13,0.7101260426978706
2020-10-14,0.7080268109172008
2020-10-15,0.7060846125102473
2020-10-16,0.7041230702322403
2020-10-19,0.7014506184750563
2020-10-20,0.6985512427731116
2020-10-21,0.6964116418324925
2020-10-22,0.6961008686254243
2020-10-23,0.6945313144400498
2020-10-26,0.6920102464912629
2020-10-27,0.6897004102949652
2020-10-28,0.689690541619573
2020-10-29,0.6918029925722509
2020-10-30,0.6917645403680689
2020-11-02,0.6920949141961595
2020-11-03,0.6912522056174908
2020-11-04,0.697964017034728
2020-11-05,0.7013152633076184
2020-11-06,0.7039268525888688
2020-11-09,0.7025510004108483
2020-11-10,0.7074508552607033
2020-11-11,0.7050330248716014
2020-11-12,0.7031850383341248
2020-11-13,0.7012568425581528
2020-11-16,0.7007077268004487
2020-11-17,0.6993502835844957
2020-11-18,0.6968876236277872
2020-11-19,0.695882816143466
2020-11-20,0.6922790470431576
2020-11-23,0.6913894440027892
2020-11-24,0.688954919138325
2020-11-25,0.6875335785829279
2020-11-27,0.6857904773107294
2020-11-30,0.6833626374645414
2020-12-01,0.6828978416431998
2020-12-02,0.681148023537806
2020-12-03,0.6804496805825616
2020-12-04,0.6783967530407541
2020-12-07,0.6778180911052404
2020-12-08,0.6751606988729189
2020-12-09,0.674399234408597
2020-12-10,0.6735595548512717
2020-12-11,0.672247172026798
2020-12-14,0.6722081444462445
2020-12-15,0.6714625751476389
2020-12-16,0.6704508349695993
2020-12-17,0.6690875115136318
2020-12-18,0.6673887140760365
2020-12-21,0.6659540037009606
2020-12-22,0.665242144377256
2020-12-23,0.6634711562049288
2020-12-24,0.6618337206480011
2020-12-28,0.6613549012345507
2020-12-29,0.6612384322298983
2020-12-30,0.6601661751485955
2020-12-31,0.6589432631314546
2021-01-04,0.6595026828515926
2021-01-05,0.6590583965184984
2021-01-06,0.6588456747770519
2021-01-07,0.6589601820755112
2021-01-08,0.6591789236782595
2021-01-11,0.6588068462534117
2021-01-12,0.658925615682651
2021-01-13,0.6577428424631816
2021-01-14,0.6575795064718891
2021-01-15,0.6571594976719574
2021-01-19,0.6556080065336282
2021-01-20,0.6539461737780295
2021-01-21,0.6544678718260986
2021-01-22,0.6538293510586917
2021-01-25,0.6549430405268365
2021-01-26,0.654852574597857
2021-01-27,0.6569415161947232
2021-01-28,0.6567105957260383
2021-01-29,0.6557263871804556
2021-02-01,0.6553879511139614
2021-02-02,0.6559507867728885
2021-02-03,0.6559236628596679
2021-02-04,0.6553116530680947
2021-02-05,0.6552210618115067
2021-02-08,0.6562241450073658
2021-02-09,0.6561280646268406
2021-02-10,0.658133591735953
2021-02-11,0.6602732498943289
2021-02-12,0.6597560689136739
2021-02-16,0.6600902040839846
2021-02-17,0.6605157862944228
2021-02-18,0.6620889230019059
2021-02-19,0.6621239615616978
2021-02-22,0.6643327689369823
2021-02-23,0.6659461906283878
2021-02-24,0.6660525460793958
2021-02-25,0.6711042670539425
2021-02-26,0.6715817028491874
2021-03-01,0.6713850393732071
2021-03-02,0.6723393489921675
2021-03-03,0.6733398348085816
2021-03-04,0.6763712460847063
2021-03-05,0.6775715557978932
2021-03-08,0.6823899056630575
2021-03-09,0.6826835791945404
2021-03-10,0.6825328773668501
2021-03-11,0.6840686109899156
2021-03-12,0.6838486314099971
2021-03-15,0.6829644730239003
2021-03-16,0.6826396367475067
2021-03-17,0.6804068091600215
2021-03-18,0.6791188004967194
2021-03-19,0.679165299564247
2021-03-22,0.6784048716718619
2021-03-23,0.6780452739140826
2021-03-24,0.678545555747897
2021-03-25,0.6792750176738727
2021-03-26,0.6787133439221763
2021-03-29,0.6790354224858365
2021-03-30,0.6781317167368482
2021-03-31,0.6766611798883114
2021-04-01,0.6770868859832946
2021-04-05,0.6780150476912491
2021-04-06,0.6789788718467061
2021-04-07,0.6791727807225221
2021-04-08,0.6792696113728779
2021-04-09,0.6792440441916192
2021-04-12,0.6801465054052663
2021-04-13,0.6833201213290273
2021-04-14,0.6827698955628437
2021-04-15,0.6873883417681738
2021-04-16,0.687849871194646
2021-04-19,0.6887312691535917
2021-04-20,0.6891000201504436
2021-04-21,0.6890069015704575
2021-04-22,0.6900936970172976
2021-04-23,0.6898046663661052
2021-04-26,0.6901349021413117
2021-04-27,0.6900525030754346
2021-04-28,0.6894005435470297
2021-04-29,0.6861734005177401
2021-04-30,0.6820890409912057
2021-05-03,0.6832812122081898
2021-05-04,0.6827000303751083
2021-05-05,0.6803103621664384
2021-05-06,0.6777560421219391
2021-05-07,0.6767112662466126
2021-05-10,0.6774388254740128
2021-05-11,0.6787327660619185
2021-05-12,0.6782319047185876
2021-05-13,0.67713704422545
2021-05-14,0.675411249657367
2021-05-17,0.6748372290573198
2021-05-18,0.6736020451283226
2021-05-19,0.6727239832972072
2021-05-20,0.6692277360260229
2021-05-21,0.6696479881150367
2021-05-24,0.6708977516527633
2021-05-25,0.6737996830456625
2021-05-26,0.6746774778298988
2021-05-27,0.6742979266524554
2021-05-28,0.6753224470873663
2021-06-01,0.6748808368987802
2021-06-02,0.6751535611571692
2021-06-03,0.6753205348443307
2021-06-04,0.6782486177790755
2021-06-07,0.6801925018771736
2021-06-08,0.6789627649696062
2021-06-09,0.676216573776494
2021-06-10,0.6740719589124021
2021-06-11,0.670149324247034
2021-06-14,0.6678297444131139
2021-06-15,0.6669148044324134
2021-06-16,0.6646685238514415
2021-06-17,0.6618710748826454
2021-06-18,0.6610657463126476
2021-06-21,0.6601961039686548
2021-06-22,0.661857596016225
2021-06-23,0.6615737684004975
2021-06-24,0.6614973018971032
2021-06-25,0.6603072881368612
2021-06-28,0.6618327543765283
2021-06-29,0.662637568632761
2021-06-30,0.6647014286798792
2021-07-01,0.6653327606570321
2021-07-02,0.6654203488623087
2021-07-06,0.6650521099182028
2021-07-07,0.6651751815879037
2021-07-08,0.664876913674271
2021-07-09,0.6651044381023357
2021-07-12,0.6645265315209821
2021-07-13,0.6638209995614768
2021-07-14,0.6624982046033077
2021-07-15,0.6643361353463035
2021-07-16,0.6707811374811427
2021-07-19,0.6725062107941039
2021-07-20,0.6732610643475806
2021-07-21,0.6729548646760178
2021-07-22,0.6730280543250589
2021-07-23,0.6716734428070898
2021-07-26,0.6723146650193881
2021-07-27,0.6711284094061876
2021-07-28,0.6702945640973271
2021-07-29,0.6725926113029866
2021-07-30,0.6729940645230666
2021-08-02,0.6723887426592927
2021-08-03,0.6710509921747143
2021-08-04,0.6715956417001784
2021-08-05,0.6716927791784523
2021-08-06,0.6705742238646146
2021-08-09,0.6725526990939932
2021-08-10,0.6720082111011036
2021-08-11,0.6720082111011036
2021-08-12,0.6718485337408928
2021-08-13,0.6731624099815235
2021-08-16,0.6732108466022029
2021-08-17,0.6750535263865712
2021-08-18,0.6766358843964818
2021-08-19,0.6761868375921972
2021-08-20,0.6792870301808641
2021-08-23,0.6914131969000925
2021-08-24,0.6944302342747279
2021-08-25,0.6978600603484629
2021-08-26,0.6979926081048862
2021-08-27,0.7000338297741507
2021-08-30,0.7007015821112063
2021-08-31,0.700519349782463
2021-09-01,0.7001242076612759
2021-09-02,0.6988440080218106
2021-09-03,0.6972762409164925
2021-09-07,0.696332624333898
2021-09-08,0.6938462752155702
2021-09-09,0.6921989865617633
2021-09-10,0.6905742355528375
2021-09-13,0.688889529761653
2021-09-14,0.6873191039534052
2021-09-15,0.6853445332704758
2021-09-16,0.6847428117691495
2021-09-17,0.6848339006252575
2021-09-20,0.6876711491888451
2021-09-21,0.6860452667508082
2021-09-22,0.6850994190858781
2021-09-23,0.6880558297964585
2021-09-24,0.6869183247040782
2021-09-27,0.6882455096410793
2021-09-28,0.690961144864314
2021-09-29,0.693000847560756
2021-09-30,0.6960499113578714
2021-10-01,0.6965675340938374
2021-10-04,0.6995252070682401
2021-10-05,0.6996884023425259
2021-10-06,0.6977269733463297
2021-10-07,0.6981540932633509
2021-10-08,0.6990298138761277
2021-10-11,0.6992113471689914
2021-10-12,0.6989360190754316
2021-10-13,0.6983103043693097
2021-10-14,0.6981444342167571
2021-10-15,0.697424529107846
2021-10-18,0.6965153001696801
2021-10-19,0.6946394700947146
2021-10-20,0.6928543345546698
2021-10-21,0.6936526037469098
2021-10-22,0.6932740894211429
2021-10-25,0.6938839868225551
2021-10-26,0.7008845665530279
2021-10-27,0.703302264971793
2021-10-28,0.7045180893490273
2021-10-29,0.7054957351932263
2021-11-01,0.7050172600457342
2021-11-02,0.7059968188758695
2021-11-03,0.7048200506346125
2021-11-04,0.7276743072508594
2021-11-05,0.7411759524205651
2021-11-08,0.7544415615091353
2021-11-09,0.7572546571508498
2021-11-10,0.7587629537003704
2021-11-11,0.7591253066594342
2021-11-12,0.7599489906502143
2021-11-15,0.7593114969315188
2021-11-16,0.7592432366737938
2021-11-17,0.7606744779332293
2021-11-18,0.7648468750480379
2021-11-19,0.7780981950027109
2021-11-22,0.7782661166904907
2021-11-23,0.7765029942862938
2021-11-24,0.7742471716489628
2021-11-26,0.7743303725384744
2021-11-29,0.7780026685877501
2021-11-30,0.7778873501668352
2021-12-01,0.7778908512211501
2021-12-02,0.7760599952933364
2021-12-03,0.7806521211407601
2021-12-06,0.7877949133584462
2021-12-07,0.7895990529899808
2021-12-08,0.7881042426871417
2021-12-09,0.7851268335846988
2021-12-10,0.7838305767953514
2021-12-13,0.7969721708075058
2021-12-14,0.7981486095233538
2021-12-15,0.8001487839689007
2021-12-16,0.8009979020935931
2021-12-17,0.80340563980674
2021-12-20,0.8046556733303962
2021-12-21,0.8047104349795027
2021-12-22,0.8051957695342543
2021-12-23,0.807010491228812
2021-12-27,0.81222981628026
2021-12-28,0.8098250240530747
2021-12-29,0.8091525790313097
2021-12-30,0.8085939341105892
2021-12-31,0.811425995506353
2022-01-03,0.8135865674157717
2022-01-04,0.8136940512017004
2022-01-05,0.8192394527758523
2022-01-06,0.8210061469617065
2022-01-07,0.8242005294665987
2022-01-10,0.8235582763322632
2022-01-11,0.8217229881818425
2022-01-12,0.8209531767997068
2022-01-13,0.8216361065776326
2022-01-14,0.8198856729533357
2022-01-18,0.8213426549344474
2022-01-19,0.8257383680919028
2022-01-20,0.8309079683929029
2022-01-21,0.837998973060912
2022-01-24,0.8406042622397822
2022-01-25,0.8460515791900377
2022-01-26,0.8473922254423045
2022-01-27,0.8484879169243188
2022-01-28,0.8486691262115017
2022-01-31,0.8513435880921187
2022-02-01,0.8531700962081438
2022-02-02,0.8569834029511781
2022-02-03,0.8589889547808282
2022-02-04,0.8582120740049679
2022-02-07,0.8585902426270462
2022-02-08,0.8592712183451116
2022-02-09,0.8651481557356482
2022-02-10,0.8643783538831569
2022-02-11,0.8682950189898065
2022-02-14,0.8684725700424362
2022-02-15,0.8690756111200458
2022-02-16,0.8688718944234803
2022-02-17,0.8671040486120737
2022-02-18,0.8704892713924448
2022-02-22,0.8755206573113844
2022-02-23,0.8836551524206961
2022-02-24,0.8836884829652853
2022-02-25,0.8840998641890863
2022-02-28,0.8855138839368175
2022-03-01,0.885219001717538
2022-03-02,0.884675534562174
2022-03-03,0.882483113586648
2022-03-04,0.8825123952471016
2022-03-07,0.8861996951829706
2022-03-08,0.8878561638749832
2022-03-09,0.8860149200321544
2022-03-10,0.8888368898637315
2022-03-11,0.8888291650648455
2022-03-14,0.8898475187666659
2022-03-15,0.8903493990485776
2022-03-16,0.8948881822215476
2022-03-17,0.9003472192779264
2022-03-18,0.9112166131039348
2022-03-21,0.9130751688343056
2022-03-22,0.912928495406404
2022-03-23,0.9149366378217748
2022-03-24,0.918649992149904
2022-03-25,0.9201356315730076
2022-03-28,0.9211579341552544
2022-03-29,0.9212086957528522
2022-03-30,0.9220384476704524
2022-03-31,0.923721031006312
2022-04-01,0.9263458385688844
2022-04-04,0.9264482532509188
2022-04-05,0.9315332222224774
2022-04-06,0.941153529566864
2022-04-07,0.9450586598721312
2022-04-08,0.95135872085518
2022-04-11,0.9610639446382812
2022-04-12,0.9660247426804548
2022-04-13,0.9656867185292556
2022-04-14,0.9641788158700454
2022-04-18,0.960442527272612
2022-04-19,0.9614748257211152
2022-04-20,0.9632352939952636
2022-04-21,0.9661149613222194
2022-04-22,0.9712010011944052
2022-04-25,0.9738334123813256
2022-04-26,0.9754025684486592
2022-04-27,0.97411860206898
2022-04-28,0.973328234181965
2022-04-29,0.9727776193598096
2022-05-02,0.9712406343173284
2022-05-03,0.9695603973795714
2022-05-04,0.9667874311302644
2022-05-05,0.9641607687068544
2022-05-06,0.9682340673563924
2022-05-09,0.9755538463572436
2022-05-10,0.9771158153663002
2022-05-11,0.9815021459612152
2022-05-12,0.9853570825932412
2022-05-13,0.9870068725726472
2022-05-16,0.9877169931162938
2022-05-17,0.9898915237472802
2022-05-18,0.9900153846162686
2022-05-19,0.9902016506881492
2022-05-20,0.9911818790079946
2022-05-23,0.9912766526180818
2022-05-24,0.9929509292786994
2022-05-25,0.9938083539295106
2022-05-26,0.9942568343644324
2022-05-27,0.9975198261973116
2022-05-31,0.998418511282678
2022-06-01,1.0006882936682333
2022-06-02,1.0022510494076478
2022-06-03,1.0029411813599665
2022-06-06,1.0037866596596567
2022-06-07,1.0025358525198027
2022-06-08,1.001600763447273
2022-06-09,1.001843571665828
2022-06-10,1.005883617028326
2022-06-13,1.0124488312837618
2022-06-14,1.0139844245259182
2022-06-15,1.0146916860588178
2022-06-16,1.0152924783729047
2022-06-17,1.0111110389239844
2022-06-21,1.0090358618667523
2022-06-22,1.0062246352657
2022-06-23,1.008556110574655
2022-06-24,1.0075072186072784
2022-06-27,1.008839435813461
2022-06-28,1.00888622950635
2022-06-29,1.0090432045001294
2022-06-30,1.0124391368966317
2022-07-01,1.0135777240481756
2022-07-05,1.0140643475795752
2022-07-06,1.019398328716847
2022-07-07,1.019398478483505
2022-07-08,1.0197807035713236
2022-07-11,1.0193540102548868
2022-07-12,1.017683531762435
2022-07-13,1.0165205317822177
2022-07-14,1.016018030115102
2022-07-15,1.0143748405709008
2022-07-18,1.0113202770556995
2022-07-19,1.0080138377692067
2022-07-20,1.0106544348260655
2022-07-21,1.008474520299484
2022-07-22,1.0094131604255785
2022-07-25,1.0115646996749683
2022-07-26,1.012052728393978
2022-07-27,1.011730290096861
2022-07-28,1.0117816299462203
2022-07-29,1.0110826289990358
2022-08-01,1.0095137835951815
2022-08-02,1.0079938814973854
2022-08-03,1.0056857297974484
2022-08-04,1.0046889160458436
2022-08-05,1.0017382482669903
2022-08-08,0.9995961667930334
2022-08-09,1.001998637177889
2022-08-10,1.0006864031402654
2022-08-11,1.001205624183598
2022-08-12,1.0011015767552762
2022-08-15,1.0024056321558577
2022-08-16,1.0025691588440753
2022-08-17,1.002915967664059
2022-08-18,1.002982325564723
2022-08-19,1.0031302782673874
2022-08-22,1.0050553435680143
2022-08-23,1.005083553029111
2022-08-24,1.0047153672903335
2022-08-25,1.0059279765472444
2022-08-26,1.0052377146163969
2022-08-29,1.0058048785647569
2022-08-30,1.0080782167527893
2022-08-31,1.0082777918183363
2022-09-01,1.0095466035081038
2022-09-02,1.007699807277472
2022-09-06,1.0098971662562133
2022-09-07,1.008278772813207
2022-09-08,1.0046537560486135
2022-09-09,1.0009838114678038
2022-09-12,0.9992106280261016
2022-09-13,0.9971819748608012
2022-09-14,0.9951270965129876
2022-09-15,0.9938162784467852
2022-09-16,0.991290695544342
2022-09-19,0.9951356257812408
2022-09-20,0.9944926087292584
2022-09-21,0.9936110536926996
2022-09-22,0.9886257989175729
2022-09-23,0.9876750980929792
2022-09-26,0.985198401137154
2022-09-27,0.9840466998808968
2022-09-28,0.9821197305708806
2022-09-29,0.9796789034155916
2022-09-30,0.977446108607838
2022-10-03,0.9731378472963452
2022-10-04,0.972263697330614
2022-10-05,0.9697671775723024
2022-10-06,0.9671573613153202
2022-10-07,0.9722871686597724
2022-10-10,0.9729308180122556
2022-10-11,0.975125198097452
2022-10-12,0.9765573813245216
2022-10-13,0.977442388683414
2022-10-14,0.9774467806443928
2022-10-17,0.9771080028059184
2022-10-18,0.9771917642103278
2022-10-19,0.9770072303393778
2022-10-20,0.9735214027311164
2022-10-21,0.9707813513472148
2022-10-24,0.9698915782221336
2022-10-25,0.9710681714487178
2022-10-26,0.9731846921218256
2022-10-27,0.9723899033897913
2022-10-28,0.9706209761187105
2022-10-31,0.970405504110189
2022-11-01,0.9699907701711916
2022-11-02,0.9649238530170428
2022-11-03,0.9645222976335256
2022-11-04,0.960612991822862
2022-11-07,0.9592221365562666
2022-11-08,0.9566182674946704
2022-11-09,0.958391891473476
2022-11-10,0.9611695815942972
2022-11-11,0.9630011331298468
2022-11-14,0.9630985815171512
2022-11-15,0.9608924300753864
2022-11-16,0.9567563785766504
2022-11-17,0.9624921304260744
2022-11-18,0.9637457255226016
2022-11-21,0.9639931341849528
2022-11-22,0.9640284546744726
2022-11-23,0.9663652333984052
2022-11-25,0.9670771116609116
2022-11-28,0.9675773372136036
2022-11-29,0.9675773372136036
2022-11-30,0.9687461019174788
2022-12-01,0.9694417296584646
2022-12-02,0.9691295936165016
2022-12-05,0.968755759979155
2022-12-06,0.969652261884759
2022-12-07,0.9697122887340898
2022-12-08,0.970129167519002
2022-12-09,0.9730447982706716
2022-12-12,0.9728799969245384
2022-12-13,0.974250136512466
2022-12-14,0.9746076045104592
2022-12-15,0.9751268456830584
2022-12-16,0.9754307043468412
2022-12-19,0.9755265552639828
2022-12-20,0.976074477768436
2022-12-21,0.9752417553127138
2022-12-22,0.9779393519651864
2022-12-23,0.978556358936508
2022-12-27,0.9803372931753784
2022-12-28,0.9815793534545424
2022-12-29,0.977633032196388
2022-12-30,0.9798007097252208
2023-01-03,0.9787388000458462
2023-01-04,0.977909358209894
2023-01-05,0.9777551353707332
2023-01-06,0.977491769329076
2023-01-09,0.9784576747128174
2023-01-10,0.982001063381902
2023-01-11,0.9817090250875375
2023-01-12,0.9819327716248129
2023-01-13,0.9816769810260948
2023-01-17,0.982155721554882
2023-01-18,0.9822715149536948
2023-01-19,0.9824598948997976
2023-01-20,0.9848655840854542
2023-01-23,0.9856510148856416
2023-01-24,0.9858098421355912
2023-01-25,0.9881229988494508
2023-01-26,0.9905552447478218
2023-01-27,0.9918763181192738
2023-01-30,0.995330233515978
2023-01-31,0.9954954184906332
2023-02-01,0.9970654383293984
2023-02-02,0.997669205066722
2023-02-03,0.9965475275100468
2023-02-06,0.9954811170995412
2023-02-07,0.9951712108741316
2023-02-08,0.9931872061092808
2023-02-09,0.995850340344804
2023-02-10,0.9964505037338798
2023-02-13,0.9971964575983164
2023-02-14,0.9976334723923608
2023-02-15,0.9980321903243085
2023-02-16,0.9980437655922432
2023-02-17,0.9956827322316848
2023-02-21,0.9932095380246913
2023-02-22,0.989405832342034
2023-02-23,0.9962810717731604
2023-02-24,0.9984058624560028
2023-02-27,1.0002975959093832
2023-02-28,0.998568959741828
2023-03-01,0.9977166474875931
2023-03-02,0.9948413577376368
2023-03-03,0.9936277597319167
2023-03-06,0.9910419682537248
2023-03-07,0.9867377281400078
2023-03-08,0.9827584887001748
2023-03-09,0.9786419772994204
2023-03-10,0.9803641941967342
2023-03-13,0.9810913489049944
2023-03-14,0.9805160020250444
2023-03-15,0.9820598323907326
2023-03-16,0.9841484453873112
2023-03-17,0.9893612798877336
2023-03-20,0.990275271790791
2023-03-21,0.9908032031133568
2023-03-22,0.9908899702329804
2023-03-23,0.990760565409924
2023-03-24,0.9919479079309192
2023-03-27,0.989509799584306
2023-03-28,0.988157261455156
2023-03-29,0.9882278854558564
2023-03-30,0.987037239632046
2023-03-31,0.985109079806852
2023-04-03,0.9850955561887832
2023-04-04,0.9828991476645088
2023-04-05,0.981454651904528
2023-04-06,0.9800008955206008
2023-04-10,0.976652730702196
2023-04-11,0.9725119616823172
2023-04-12,0.967697393082424
2023-04-13,0.9641848824669964
2023-04-14,0.9593395165989268
2023-04-17,0.9545742857609604
2023-04-18,0.950898747824398
2023-04-19,0.9473228646416572
2023-04-20,0.9437292925487828
2023-04-21,0.9401156941217708
2023-04-24,0.9337225250257356
2023-04-25,0.9336299242346894
2023-04-26,0.9339035309420384
2023-04-27,0.9319218271717598
2023-04-28,0.932339201872962
2023-05-01,0.9345801078309076
2023-05-02,0.936794448927895
2023-05-03,0.9360648767260096
2023-05-04,0.9356541547839708
2023-05-05,0.9318475080043512
2023-05-08,0.9320902089655668
2023-05-09,0.930486827643248
2023-05-10,0.9330974090871156
2023-05-11,0.931579065796576
2023-05-12,0.932182704561802
2023-05-15,0.92979378801695
2023-05-16,0.9277561763075888
2023-05-17,0.9237974534077836
2023-05-18,0.9236366987646132
2023-05-19,0.921474987606188
2023-05-22,0.9180333767309108
2023-05-23,0.9180270202265628
2023-05-24,0.9161958842182272
2023-05-25,0.9427165101947134
2023-05-26,0.9640451042470694
2023-05-30,0.9814796873091816
2023-05-31,0.9766400448534964
2023-06-01,0.9723498680086038
2023-06-02,0.9671510752590726
2023-06-05,0.9676019595652312
2023-06-06,0.9641946339214794
2023-06-07,0.9631216565761624
2023-06-08,0.9584840061789056
2023-06-09,0.954547765310737
2023-06-12,0.9501026491080432
2023-06-13,0.9487040124081636
2023-06-14,0.9528664786143168
2023-06-15,0.9582360957606564
2023-06-16,0.957803020506374
2023-06-20,0.958487737148438
2023-06-21,0.957212551937919
2023-06-22,0.9541667764406552
2023-06-23,0.9436003507724192
2023-06-26,0.9432704259155188
2023-06-27,0.9456125312932608
2023-06-28,0.9441334798488868
2023-06-29,0.9434123162083046
2023-06-30,0.9423261977725548
2023-07-03,0.9451285643646544
2023-07-05,0.944965374066642
2023-07-06,0.9452217553100768
2023-07-07,0.9432462963317466
2023-07-10,0.9379293843329406
2023-07-11,0.937779784131936
2023-07-12,0.935089153328084
2023-07-13,0.938641401557215
2023-07-14,0.9400891192853386
2023-07-17,0.9414322042127669
2023-07-18,0.9419230517887536
2023-07-19,0.9422097272124136
2023-07-20,0.9428297230060284
2023-07-21,0.943668193626449
2023-07-24,0.9426636810743624
2023-07-25,0.9418536083222984
2023-07-26,0.9408680726565398
2023-07-27,0.9362996536263084
2023-07-28,0.9311816305317252
2023-07-31,0.9280507630985444
2023-08-01,0.9252272682460498
2023-08-02,0.9253304940221494
2023-08-03,0.9232621884580556
2023-08-04,0.9212477006627304
2023-08-07,0.9178554092862224
2023-08-08,0.9174057690448684
2023-08-09,0.9159224062731488
2023-08-10,0.9143186220458616
2023-08-11,0.913713884395726
2023-08-14,0.910507639936828
2023-08-15,0.9057147779263726
2023-08-16,0.9050903247556624
2023-08-17,0.9051749304038286
2023-08-18,0.9024975058249758
2023-08-21,0.9039120198690191
2023-08-22,0.9035101303639156
2023-08-23,0.9046542754296126
2023-08-24,0.9029907164996808
2023-08-25,0.9021921026519366
2023-08-28,0.9011247549990574
2023-08-29,0.8996024803178011
2023-08-30,0.8993095610192723
2023-08-31,0.8975343826507258
2023-09-01,0.8941708888256356
2023-09-05,0.8908263446494953
2023-09-06,0.8856041972475587
2023-09-07,0.8819969601618832
2023-09-08,0.8789433114258491
2023-09-11,0.8737670533327142
2023-09-12,0.8716275033601314
2023-09-13,0.8701776505390443
2023-09-14,0.8686320802134216
2023-09-15,0.8633114975370677
2023-09-18,0.8592487685812255
2023-09-19,0.8541530507056572
2023-09-20,0.8556833719089993
2023-09-21,0.8574218238244066
2023-09-22,0.8595985783671026
2023-09-25,0.8604108844051489
2023-09-26,0.8605263595440993
2023-09-27,0.856453905931006
2023-09-28,0.8560387200026586
2023-09-29,0.8524704500775702
2023-10-02,0.8507120563584236
2023-10-03,0.8462687953176738
2023-10-04,0.8460391590143699
2023-10-05,0.8436644436228926
2023-10-06,0.8432760689683719
2023-10-09,0.844816640569639
2023-10-10,0.8442936545268391
2023-10-11,0.8446185290943615
2023-10-12,0.8425156840322459
2023-10-13,0.844562311526154
2023-10-16,0.8440200691330333
2023-10-17,0.8446588934110468
2023-10-18,0.8486308016901036
2023-10-19,0.8513576831952985
2023-10-20,0.8498878454863302
2023-10-23,0.8458559757657899
2023-10-24,0.8412209075057104
2023-10-25,0.8427699004645001
2023-10-26,0.8417156256509227
2023-10-27,0.840409800656004
2023-10-30,0.8368062171642225
2023-10-31,0.8334477547836203
2023-11-01,0.8291414787098322
2023-11-02,0.8258574532761676
2023-11-03,0.8267977774320489
2023-11-06,0.8262454383481569
2023-11-07,0.8245927178078456
2023-11-08,0.8225658193578264
2023-11-09,0.8228952385425204
2023-11-10,0.8220444568062039
2023-11-13,0.822466746709859
2023-11-14,0.8186608990086206
2023-11-15,0.8149196565518495
2023-11-16,0.8134109563054781
2023-11-17,0.8103294884700531
2023-11-20,0.8070264987673875
2023-11-21,0.8029281838487043
2023-11-22,0.8018643291187486
2023-11-24,0.7997816058411956
2023-11-27,0.7967567598976689
2023-11-28,0.796574467097316
2023-11-29,0.7941550715977591
2023-11-30,0.790035232929188
2023-12-01,0.7848011068999812
2023-12-04,0.7793468839965332
2023-12-05,0.78057322437362
2023-12-06,0.7779369541815288
2023-12-07,0.7762244820446252
2023-12-08,0.7743820167449246
2023-12-11,0.7698966692249162
2023-12-12,0.7659889116674219
2023-12-13,0.7612046413718107
2023-12-14,0.7558335301025602
2023-12-15,0.7549586633703593
2023-12-18,0.753357082124592
2023-12-19,0.7515075252889414
2023-12-20,0.749281086150106
2023-12-21,0.746411587040646
2023-12-22,0.7429481442200919
2023-12-26,0.7418301823845637
2023-12-27,0.73945210450333
2023-12-28,0.7361223936093837
2023-12-29,0.7323624500714224
2024-01-02,0.7272640676833788
2024-01-03,0.7236275403706273
2024-01-04,0.7192420143868216
2024-01-05,0.7150949353018534
2024-01-08,0.7130865416165346
2024-01-09,0.7154544508600227
2024-01-10,0.7159453228246455
2024-01-11,0.7138484751403369
2024-01-12,0.7105265021035246
2024-01-16,0.7080131255870352
2024-01-17,0.7045518602887861
2024-01-18,0.704694444888097
2024-01-19,0.7047030118775479
2024-01-22,0.7041956049331509
2024-01-23,0.7023937574865918
2024-01-24,0.7031644525208641
2024-01-25,0.7036012770298664
2024-01-26,0.7038269244464859
2024-01-29,0.7036829258441609
2024-01-30,0.7009901094404678
2024-01-31,0.6971006861690869
2024-02-01,0.6934662763491214
2024-02-02,0.6914766939198279
2024-02-05,0.6947488108271377
2024-02-06,0.6933484353318903
2024-02-07,0.6922072803602274
2024-02-08,0.6896788813977321
2024-02-09,0.6855198803331964
2024-02-12,0.6836719623616875
2024-02-13,0.681902544903911
2024-02-14,0.6810333041894634
2024-02-15,0.6789070244982857
2024-02-16,0.6761779577536345
2024-02-20,0.6748950666727426
2024-02-21,0.6777419258502098
2024-02-22,0.6868425379280364
2024-02-23,0.6918178127417276
2024-02-26,0.6942354835201566
2024-02-27,0.6921979495048924
2024-02-28,0.6889962585217473
2024-02-29,0.6861056271848036
2024-03-01,0.6845718331225614
2024-03-04,0.6849514434392525
2024-03-05,0.686734824136864
2024-03-06,0.6881377060621782
2024-03-07,0.6928806054419789
2024-03-08,0.6910961278622023
2024-03-11,0.691518530505394
2024-03-12,0.6910319593831691
2024-03-13,0.6889316801982017
2024-03-14,0.6865375063765319
2024-03-15,0.6847906134995435
2024-03-18,0.6856775085961628
2024-03-19,0.685235272092951
2024-03-20,0.685762707374883
2024-03-21,0.6859254739172636
2024-03-22,0.689654234311205
2024-03-25,0.6898157223780494
2024-03-26,0.6881653883702725
2024-03-27,0.6870392821093001
2024-03-28,0.6866496262204409
2024-04-01,0.6863841876828862
2024-04-02,0.6857555572026293
2024-04-03,0.6845321101862237
2024-04-04,0.6833696220213392
2024-04-05,0.6813976142787453
2024-04-08,0.6822292516806103
2024-04-09,0.6824978965865145
2024-04-10,0.6826961328957264
2024-04-11,0.6844136297691409
2024-04-12,0.6841509387435206
2024-04-15,0.6856337765666917
2024-04-16,0.6859939993602129
2024-04-17,0.688437269394801
2024-04-18,0.6888213401490033
2024-04-19,0.7001397500958003
2024-04-22,0.7018422156755109
2024-04-23,0.7015242722197299
2024-04-24,0.7031796966542393
2024-04-25,0.7051040089353007
2024-04-26,0.7102557300165716
2024-04-29,0.7135517403879506
2024-04-30,0.7138477335931577
2024-05-01,0.7162722106196598
2024-05-02,0.7175742104166628
2024-05-03,0.7194661831155487
2024-05-06,0.7242057440357531
2024-05-07,0.7257843498897316
2024-05-08,0.7253806640716312
2024-05-09,0.7251642646651034
2024-05-10,0.725137675476289
2024-05-13,0.7233980483118345
2024-05-14,0.7258052715630028
2024-05-15,0.7301927155122412
2024-05-16,0.7305919305375351
2024-05-17,0.7299040808887648
2024-05-20,0.7299948376525042
2024-05-21,0.7278938435023574
2024-05-22,0.7290158659445016
2024-05-23,0.7378302047542542
2024-05-24,0.7475523871537004
2024-05-28,0.7723450489206672
2024-05-29,0.7846647135270896
2024-05-30,0.7833811803262205
2024-05-31,0.7826437371309485
2024-06-03,0.7814958603931478
2024-06-04,0.7839666808609824
2024-06-05,0.7946877518223869
2024-06-06,0.7973096522022365
2024-06-07,0.7957318521727877
2024-06-10,0.7949255746197749
2024-06-11,0.7959374456515114
2024-06-12,0.7972843959206956
2024-06-13,0.8006622110892077
2024-06-14,0.8030504986128808
2024-06-17,0.8045736893728885
2024-06-18,0.8088082281866407
2024-06-20,0.8093720406126638
2024-06-21,0.8097092641519057
2024-06-24,0.8251909338799785
2024-06-25,0.8247865357063756
2024-06-26,0.8233110563788033
2024-06-27,0.8201214973471425
2024-06-28,0.8184838860669149
2024-07-01,0.8160126891362968
2024-07-02,0.8137711294480753
2024-07-03,0.8142539812889809
2024-07-05,0.8127676517795186
2024-07-08,0.8109821116170388
2024-07-09,0.8143728917223444
2024-07-10,0.8177423791234701
2024-07-11,0.8188836683440239
2024-07-12,0.8187432024808534
2024-07-15,0.8197618976828456
2024-07-16,0.8196220339172506
2024-07-17,0.8278617772993431
2024-07-18,0.8284219731784639
2024-07-19,0.8305835450825373
2024-07-22,0.8302473004239828
2024-07-23,0.8287318664641424
2024-07-24,0.8305477473973425
2024-07-25,0.8347660878635402
2024-07-26,0.8348601176847259
2024-07-29,0.8328929607859713
2024-07-30,0.8390827766035757
2024-07-31,0.8426791388090036
2024-08-01,0.843149326197673
2024-08-02,0.8460061829537107
2024-08-05,0.8509437618950866
2024-08-06,0.8504879916068878
2024-08-07,0.853414297164872
2024-08-08,0.8516390973413508
2024-08-09,0.8504893123684658
2024-08-12,0.8503188394222426
2024-08-13,0.8576541575184461
2024-08-14,0.8608423752956378
2024-08-15,0.8693289593721337
2024-08-16,0.8756169205705339
2024-08-19,0.8813551036322332
2024-08-20,0.879888148002122
2024-08-21,0.8787744949067832
2024-08-22,0.878519354797027
2024-08-23,0.8764723229153362
2024-08-26,0.8746433586948226
2024-08-27,0.8715511810592823
2024-08-28,0.8707770094206838
2024-08-29,0.8774542930067555
2024-08-30,0.8774548820220662
2024-09-03,0.8910932680695952
2024-09-04,0.9025432548421218
2024-09-05,0.903464714393463
2024-09-06,0.9055093029921344
2024-09-09,0.9036881445242896
2024-09-10,0.9027274612448162
2024-09-11,0.9114764505958624
2024-09-12,0.9154334542157306
2024-09-13,0.9168493747869328
2024-09-16,0.9146249867537216
2024-09-17,0.9147731923003456
2024-09-18,0.9142334098365642
2024-09-19,0.912638367949314
2024-09-20,0.910720948167932
2024-09-23,0.9074759216124804
2024-09-24,0.9055199222801964
2024-09-25,0.9045959519967072
2024-09-26,0.9049034983295526
2024-09-27,0.9024694815571742
2024-09-30,0.9008088134658012
2024-10-01,0.8992451447550623
2024-10-02,0.8994039995782539
2024-10-03,0.899758118664294
2024-10-04,0.9001118268277315
2024-10-07,0.9015624958800756
2024-10-08,0.9096524933747512
2024-10-09,0.9101360004739164
2024-10-10,0.9120268891452116
2024-10-11,0.911273358111906
2024-10-14,0.912280313591912
2024-10-15,0.911347409690714
2024-10-16,0.9091619751493816
2024-10-17,0.9062652217462828
2024-10-18,0.904363044096806
2024-10-21,0.9089840159067236
2024-10-22,0.9090536091354088
2024-10-23,0.9096437872401129
2024-10-24,0.90964196933371
2024-10-25,0.9107318734817536
2024-10-28,0.9100986935197624
2024-10-29,0.9093619962513892
2024-10-30,0.9092216238849524
2024-10-31,0.9125346364633166
2024-11-01,0.9120167458014864
2024-11-04,0.9136365612672628
2024-11-05,0.9140537752996722
2024-11-06,0.9191240453243972
2024-11-07,0.9225206504325384
2024-11-08,0.923107199132215
2024-11-11,0.9221399567737844
2024-11-12,0.9210653693943914
2024-11-13,0.9212210879776777
2024-11-14,0.9202039733602476
2024-11-15,0.9202662105686412
2024-11-18,0.92074548402132
2024-11-19,0.919657030578378
2024-11-20,0.9177880809541812
2024-11-21,0.9163994460680042
2024-11-22,0.9174768078245084
2024-11-25,0.9227775700411156
2024-11-26,0.9234095210343876
2024-11-27,0.9227958269967378
2024-11-29,0.9203120837612748
2024-12-02,0.9182334454899784
2024-12-03,0.9184802905814216
2024-12-04,0.919873875632395
2024-12-05,0.9174475192857474
2024-12-06,0.914992980444346
2024-12-09,0.9147173637224328
2024-12-10,0.9168885191005932
2024-12-11,0.9157371799146814
2024-12-12,0.9158956858323924
2024-12-13,0.9143663623071038
2024-12-16,0.9147266032667816
2024-12-17,0.916334873341468
2024-12-18,0.9167648666941752
2024-12-19,0.9185882846589336
2024-12-20,0.9193382765275362
2024-12-23,0.9237475624357728
2024-12-24,0.9242079605798984
2024-12-26,0.9251267838879966
2024-12-27,0.9264611824199324
2024-12-30,0.9269519057588228
2024-12-31,0.9283964095431844
2025-01-02,0.9291908993410196
2025-01-03,0.932722844555516
2025-01-06,0.939547583635868
2025-01-07,0.9394922664643104
2025-01-08,0.9375150089028128
2025-01-10,0.9408527711490232
2025-01-13,0.9426167089566004
2025-01-14,0.9424725960657594
2025-01-15,0.9389076597249898
2025-01-16,0.9383288770742146
2025-01-17,0.9368267239287807
2025-01-21,0.9396882762801276
2025-01-22,0.9436424602906408
2025-01-23,0.943384128381217
2025-01-24,0.9415263992763576
2025-01-27,0.9719113816481252
2025-01-28,0.9722763919530798
2025-01-29,0.977167739702372
2025-01-30,0.976818345868203
2025-01-31,0.9751044342575044
2025-02-03,0.9761311071049076
2025-02-04,0.9759905744293762
2025-02-05,0.9763634194195476
2025-02-06,0.977221658275228
2025-02-07,0.9775418372650222
2025-02-10,0.978613859403257
2025-02-11,0.9765454848478696
2025-02-12,0.9737908233279876
2025-02-13,0.9711384133383824
2025-02-14,0.969679142357433
2025-02-18,0.9674215688155426
2025-02-19,0.9656846359615514
2025-02-20,0.96357278740427
2025-02-21,0.9633067259638745
2025-02-24,0.9654387066170218
2025-02-25,0.9700226340602828
2025-02-26,0.9682775562204696
2025-02-27,0.9706871059244752
2025-02-28,0.96866841249048
2025-03-03,0.9776764224862105
2025-03-04,0.9807332951053817
2025-03-05,0.9803815050217576
2025-03-06,0.9814762154713664
2025-03-07,0.9798123591435682
2025-03-10,0.979991362898733
2025-03-11,0.9778994641912888
2025-03-12,0.9788487599070012
2025-03-13,0.9782919735516398
2025-03-14,0.9813893066424562
2025-03-17,0.9818691263742516
2025-03-18,0.9795496925708482
2025-03-19,0.9771779562294376
2025-03-20,0.9761190247039468
2025-03-21,0.9776087177462024
2025-03-24,0.9723142294730808
2025-03-25,0.97244997608125
2025-03-26,0.9721329793309594
2025-03-27,0.9720138189683012
2025-03-28,0.971475563897303
2025-03-31,0.9698839482134533
2025-04-01,0.9675544806022212
2025-04-02,0.968731465131285
2025-04-03,0.9680120846678832
2025-04-04,0.9732388690028264
2025-04-07,0.9743990434190508
2025-04-08,0.9747403399358396
2025-04-09,0.9877082888039508
2025-04-10,0.9894318133158494
2025-04-11,0.9911014332351142
2025-04-14,0.9895274069872984
2025-04-15,0.9902146894665652
2025-04-16,0.9908121335207578
2025-04-17,0.9917459925446034
2025-04-21,0.9958505150594664
2025-04-22,0.9982098975034815
2025-04-23,0.997855199408804
2025-04-24,1.0012180589225164
2025-04-25,1.0045009185305604
2025-04-28,1.0059725986785797
2025-04-29,1.0064786144865143
2025-04-30,1.0067670923498615
2025-05-01,1.0071182682032245
2025-05-02,1.0072918158221245
2025-05-05,1.007181728672873
2025-05-06,1.0042829937054083
2025-05-07,1.0014678152566867
2025-05-08,0.9978286630903628
2025-05-09,0.9952713616042382
2025-05-12,0.9983656100788506
2025-05-13,1.001872258858532
2025-05-14,1.0080536319099531
2025-05-15,1.0089045730727155
2025-05-16,1.0077850119566238
2025-05-19,1.0062283948357442
2025-05-20,1.004434651827184
2025-05-21,1.0032358720397048
2025-05-22,1.001272390468927
2025-05-23,0.9998363768876302
2025-05-27,0.997106468046237
2025-05-28,0.994029262150214
2025-05-29,0.9926022136666148
2025-05-30,0.990029390312732
2025-06-02,0.9870285559627496
2025-06-03,0.9838610055029792
2025-06-04,0.9857704426347704
2025-06-05,0.985506047288324
2025-06-06,0.9845420090210916
2025-06-09,0.9851788414688264
2025-06-10,0.9832945779059736
2025-06-11,0.9825302588138032
2025-06-12,0.9812452316321066
2025-06-13,0.9791085598897176
2025-06-16,0.9793418117663092
2025-06-17,0.9787285069848972
2025-06-18,0.975660285002334
2025-06-20,0.9724850082897863
2025-06-23,0.9698027773147831
2025-06-24,0.9631476613131186
2025-06-25,0.96381707450733
2025-06-26,0.964003929402241
2025-06-27,0.964579624868285
2025-06-30,0.9652325043962924
2025-07-01,0.9643578309795235
2025-07-02,0.9627627405824656
2025-07-03,0.962267187638479
2025-07-07,0.9603003370122416
2025-07-08,0.9606927803806916
2025-07-09,0.9611060416352972
2025-07-10,0.9612976690389686
2025-07-11,0.9608069940707168
2025-07-14,0.9573483588349871
2025-07-15,0.9556699493817952
2025-07-16,0.9546573313062728
2025-07-17,0.9526491082529835
2025-07-18,0.9529830287362973
2025-07-21,0.9512000385844972
2025-07-22,0.9507008095161992
2025-07-23,0.9491968550350374
2025-07-24,0.9493599609645555
2025-07-25,0.9459150488937552
2025-07-28,0.9442734712752476
2025-07-29,0.9416107253213168
2025-07-30,0.9415362153860622
2025-07-31,0.9394726159177
2025-08-01,0.9381501430425588
2025-08-04,0.9361798843792782
2025-08-05,0.933968301177883
2025-08-06,0.9321470330100272
2025-08-07,0.9288739591991156
2025-08-08,0.9266623525803316
2025-08-11,0.9243232504513008
2025-08-12,0.9245505940989016
2025-08-13,0.9216399016908488
2025-08-14,0.9193701939737744
2025-08-15,0.9150139946005528
2025-08-18,0.9116522906993086
2025-08-19,0.9087454905313695
2025-08-20,0.9069682806181149
2025-08-21,0.9081391337145296
2025-08-22,0.906189417587901
2025-08-25,0.9042669233604748
2025-08-26,0.9020138999665592
2025-08-27,0.8994556288575594
2025-08-28,0.8967903886175494
2025-08-29,0.8953952652466471
2025-09-02,0.8949394433734703
2025-09-03,0.8950830906542462
2025-09-04,0.8941846989347676
2025-09-05,0.8937827183056509
2025-09-08,0.8918387031028743
2025-09-09,0.8933284288352327
2025-09-10,0.8956091161701526
2025-09-11,0.8962282538497354
2025-09-12,0.8970386150586499
2025-09-15,0.8971079630271891
2025-09-16,0.8963053418385983
2025-09-17,0.8953484264751889
2025-09-18,0.8940494433334677
2025-09-19,0.892034919350493
2025-09-22,0.8892987335373744
2025-09-23,0.8877539112364005
2025-09-24,0.8861120025061766
2025-09-25,0.8852413485640569
2025-09-26,0.8838630726003517
2025-09-29,0.8804461711492099
2025-09-30,0.8817354285776791
2025-10-01,0.880529053083267
2025-10-02,0.8793548356382488
2025-10-03,0.8778441019549494
2025-10-06,0.8763148709046186
2025-10-07,0.8750589746317924
2025-10-08,0.8725787720584649
2025-10-09,0.871252602886207
2025-10-10,0.8706295475896246
2025-10-13,0.869806368152975
2025-10-14,0.8735569726326156
2025-10-15,0.8756554030024625
2025-10-16,0.8764753421452255
2025-10-17,0.8762227367996497
2025-10-20,0.8758845975871415
2025-10-21,0.8738424754490366
2025-10-22,0.8727378087928979
2025-10-23,0.8689043233142115
2025-10-24,0.8671450914072015
2025-10-27,0.8671118422091701
2025-10-28,0.8714933269814193
2025-10-29,0.8751285140296595
2025-10-30,0.8739154633749778
2025-10-31,0.8720745815260987
2025-11-03,0.8702886474782412
2025-11-04,0.869645101155878
2025-11-05,0.8694519736689669
2025-11-06,0.8743046513920988
2025-11-07,0.8741935751057823
2025-11-10,0.8727309911511237
2025-11-11,0.8720676354370931
2025-11-12,0.8726268368244697
2025-11-13,0.8721878522677056
2025-11-14,0.8717204564677843
2025-11-17,0.8713386015564705
2025-11-18,0.8716719328131269
2025-11-19,0.870899303053136
2025-11-20,0.8722414994242409
2025-11-21,0.8740592657613099
2025-11-24,0.8734908409482794
2025-11-25,0.8734498941152917
2025-11-26,0.8742675704168813
2025-11-28,0.87462012777718
2025-12-01,0.8734755919200277
2025-12-02,0.871209017689394
2025-12-03,0.8689064755105995
2025-12-04,0.8677659951577275
2025-12-05,0.8660317074400395
2025-12-08,0.8642236965344088
2025-12-09,0.8643619849225986
2025-12-10,0.862806489029748
2025-12-11,0.8619205622726037
2025-12-12,0.8614343278775279
2025-12-15,0.8605195653172114
2025-12-16,0.8591458909581087
2025-12-17,0.8578593093937095
2025-12-18,0.855173951405292
2025-12-19,0.8590287863309022
2025-12-22,0.8590638268186317
2025-12-23,0.8622789849688154
2025-12-24,0.8625277106997319
2025-12-26,0.8611459839759503
2025-12-29,0.8603277399467429
2025-12-30,0.8586443420896812
2025-12-31,0.8616829504948285
2026-01-02,0.8608607383607401
2026-01-05,0.8608701341459726
2026-01-06,0.8604139522254813
2026-01-07,0.8586916151559192
2026-01-08,0.8586157237132056
2026-01-09,0.8580096332204098
2026-01-12,0.8565508407054037
2026-01-13,0.8550400622238922
2026-01-14,0.856292020826631
2026-01-15,0.85763847296487
2026-01-16,0.8576634691901114
2026-01-20,0.8569353664836129
2026-01-21,0.8573536983796671
2026-01-22,0.8567233653348665
2026-01-23,0.8568439701023067
2026-01-26,0.8582498445422713
2026-01-27,0.8583885980751901
2026-01-28,0.8593425305065486
2026-01-29,0.8599513276752931
2026-01-30,0.8611306176192011
2026-02-02,0.8614944920071547
2026-02-03,0.8652080347119845
2026-02-04,0.869539640117898
2026-02-05,0.872344582113779
2026-02-06,0.8725266098043167
2026-02-09,0.8771041786791213
2026-02-10,0.8775789799375507
2026-02-11,0.8775075322618473
2026-02-12,0.8777275112718292
2026-02-13,0.8797452075406258
2026-02-17,0.8795091962845434
2026-02-18,0.8794597639274394
2026-02-19,0.8795409184405374
2026-02-20,0.877878460920413
2026-02-23,0.8797415065002342
2026-02-24,0.8794756857901581
2026-02-25,0.8801792813128813
2026-02-26,0.8801741354914505
2026-02-27,0.8834953701672434
2026-03-02,0.8835709927230911
2026-03-03,0.8851951730483844
2026-03-04,0.8871692615658796
2026-03-05,0.8872367717682597
2026-03-06,0.8871990337955618
2026-03-09,0.8868071578783591
2026-03-10,0.8870536860768031
2026-03-11,0.8856589362595397
2026-03-12,0.887750715121938
2026-03-13,0.8872478538490804
2026-03-16,0.8881798201981791
2026-03-17,0.8884172803366597
2026-03-18,0.8887556764708983
2026-03-19,0.8875314057488158
2026-03-20,0.8886207971052533
2026-03-23,0.8888849134004098
2026-03-24,0.8890266771369512
2026-03-25,0.8881527375677906
2026-03-26,0.8883981041404457
2026-03-27,0.8933344643413551
2026-03-30,0.8943412954686021
2026-03-31,0.8949496686914364
2026-04-01,0.8964457698173715
2026-04-02,0.8962308778579552
2026-04-06,0.8944300823890096
2026-04-07,0.891824014311535
2026-04-08,0.8963292921155585
2026-04-09,0.8973549373242584
2026-04-10,0.8996886798500496
2026-04-13,0.9003869462013738
2026-04-14,0.9030550534479596
2026-04-15,0.9044366620411568
2026-04-16,0.9064735029932238
2026-04-17,0.907205985617334
2026-04-20,0.907249363640086
2026-04-21,0.9075387424857424
2026-04-22,0.907781903997845
2026-04-23,0.9074380230492632
2026-04-24,0.9074810467707796
2026-04-27,0.9121022714688072
2026-04-28,0.9131868129012272
2026-04-29,0.9134509273230728
2026-04-30,0.9189672789061638
2026-05-01,0.922936836515552
2026-05-04,0.9229187600320417
2026-05-05,0.9244111026331449
2026-05-06,0.9254908006088044
2026-05-07,0.9267337348024494
2026-05-08,0.9304131974379406
2026-05-11,0.9343299670644636
2026-05-12,0.9355486680793104
2026-05-13,0.9376674511394094
2026-05-14,0.9425186737280112
2026-05-15,0.94274009804466
2026-05-18,0.9425356537171322
2026-05-19,0.94437529035033
2026-05-20,0.9467288243433858
2026-05-21,0.947451660681106
2026-05-22,0.9479223767050324
2026-05-26,0.9469159930845528
2026-05-27,0.9492579431490646
2026-05-28,0.9488713638214858
2026-05-29,0.9494206432249246
2026-06-01,0.95088238572104
2026-06-02,0.9538888056535691
2026-06-03,0.9549380160078504
2026-06-04,0.9548507281487926
2026-06-05,0.958177582565201
2026-06-08,0.958866275154903
2026-06-09,0.959024509046504
2026-06-10,0.9594944178299506
2026-06-11,0.9592738061851932
2026-06-12,0.9589349528803665
2026-06-15,0.9532547664919168
2026-06-16,0.9543571860817056
2026-06-17,0.955917653739412
2026-06-18,0.955832065767015
2026-06-22,0.9544675719849576
2026-06-23,0.955515108630343
2026-06-24,0.955641310593071
2026-06-25,0.959434459867085
2026-06-26,0.9612140659645626
2026-06-29,0.9627723346525828
2026-06-30,0.9609345858754568
2026-07-01,0.9581925333919008
2026-07-02,0.9602321510274768
2026-07-06,0.9596642731374742
2026-07-07,0.9622931694669682
2026-07-08,0.9616009397194288
2026-07-09,0.9624662735284044
2026-07-10,0.9655412876483918
2026-07-13,0.9673400008380524
2026-07-14,0.9688290148602772
2026-07-15,0.9705569256709892
2026-07-16,0.972511721705646
2026-07-17,0.9717217574132518
2026-07-20,0.9716788083242632
2026-07-21,0.9704039757218929
2026-07-22,0.9720752853374036
2026-07-23,0.971604876150032
2026-07-24,0.9711194343731574
2026-07-27,0.9752407773721437
2026-07-28,0.9766458685652816
2026-07-29,0.9794699829643372
2026-07-30,0.9805698275527313
2026-07-31,0.9817778084473532
2026-08-03,0.9814600398827986
2026-08-04,0.981081701237374
2026-08-05,0.9851998319664206
2026-08-06,0.9857429559035076
2026-08-07,0.9894887437073044
2026-08-10,0.9907266606615572
2026-08-11,0.9911502371876156
2026-08-12,0.9904215092047022
2026-08-13,0.990831383522581
2026-08-14,0.9897445016504828
2026-08-17,0.987037804488502
2026-08-18,0.9836149944804732
2026-08-19,0.9811861689851992
2026-08-20,0.9799595749333204
2026-08-21,0.9765428823526926
2026-08-24,0.976805742663836
2026-08-25,0.9759564869929294
2026-08-26,0.9754701675572968
2026-08-27,0.9803300465570798
2026-08-28,0.9798773106792116
2026-08-31,0.9793238486610544
2026-09-01,0.9766361309187492
2026-09-02,0.9737022062965812
2026-09-03,0.9750878515098386
2026-09-04,0.972762279709152
2026-09-08,0.9709725677411372
2026-09-09,0.9686925434149936
2026-09-10,0.96669495773793
2026-09-11,0.962106218640142
2026-09-14,0.9641929472208736
2026-09-15,0.9660071372726604
2026-09-16,0.964613631060315
2026-09-17,0.9642171655946732
2026-09-18,0.9640428807087872
2026-09-21,0.9652304392475954
2026-09-22,0.9678254684344592
2026-09-23,0.9672256413101382
2026-09-24,0.9622474829897215
2026-09-25,0.9584071324616785
2026-09-28,0.9519073367908645
2026-09-29,0.9485449591350172
2026-09-30,0.9444502644655647
