date,value
1995-02-22,0.5450011060078593
1995-02-23,0.544730063580199
1995-02-24,0.5448981574698387
1995-02-27,0.5447045306405273
1995-02-28,0.5441118940807959
1995-03-01,0.5451752125942989
1995-03-02,0.5452027058829737
1995-03-03,0.5452821599408579
1995-03-06,0.5427009635404659
1995-03-07,0.5413695012865561
1995-03-08,0.5405918066580616
1995-03-09,0.5402737518109973
1995-03-10,0.5416232582228447
1995-03-13,0.5408141745674556
1995-03-14,0.5423265782457465
1995-03-15,0.5427055160248658
1995-03-16,0.5429586583917706
1995-03-17,0.5427184760043383
1995-03-20,0.5427661991894972
1995-03-21,0.5430655458812692
1995-03-22,0.5425780638196444
1995-03-23,0.5433159648914716
1995-03-24,0.5435939023269246
1995-03-27,0.5438329115486887
1995-03-28,0.5434613828927499
1995-03-29,0.5432118789492354
1995-03-30,0.5431803669126226
1995-03-31,0.5432951106820397
1995-04-03,0.5422808464299592
1995-04-04,0.5408771327299412
1995-04-05,0.5407839908588463
1995-04-06,0.5399690308557191
1995-04-07,0.541451291137555
1995-04-10,0.5420853484751581
1995-04-11,0.5407373385619887
1995-04-12,0.54176267205781
1995-04-13,0.5428009311669411
1995-04-17,0.542536024674617
1995-04-18,0.54281408082042
1995-04-19,0.543124490454878
1995-04-20,0.5402043443843004
1995-04-21,0.5400927575356548
1995-04-24,0.5355667224894525
1995-04-25,0.5352723011533784
1995-04-26,0.535779089984019
1995-04-27,0.5359491385647416
1995-04-28,0.536363097742114
1995-05-01,0.5367756923402449
1995-05-02,0.5392270051338647
1995-05-03,0.5399900874257301
1995-05-04,0.5404068876414082
1995-05-05,0.540107215745127
1995-05-08,0.5395480812660115
1995-05-09,0.5391607935665894
1995-05-10,0.5390208879532495
1995-05-11,0.5384234953471917
1995-05-12,0.5374372003643233
1995-05-15,0.537997130894498
1995-05-16,0.5386711904243264
1995-05-17,0.5393977240041047
1995-05-18,0.5398895640961817
1995-05-19,0.5402024470072418
1995-05-22,0.5396750359824796
1995-05-23,0.5404174475036764
1995-05-24,0.5415346244403049
1995-05-25,0.5409601447389706
1995-05-26,0.5417029948788487
1995-05-30,0.541261781744676
1995-05-31,0.5390114149958579
1995-06-01,0.5386266359048024
1995-06-02,0.5378680676846048
1995-06-05,0.535177331422071
1995-06-06,0.5346932837322022
1995-06-07,0.5335427035598326
1995-06-08,0.5360165272981248
1995-06-09,0.5367460755356619
1995-06-12,0.5363436840286917
1995-06-13,0.5363436840286917
1995-06-14,0.5368422986932627
1995-06-15,0.5369305595850735
1995-06-16,0.5350709641091427
1995-06-19,0.5338946838926929
1995-06-20,0.5331437709831653
1995-06-21,0.5343906919901498
1995-06-22,0.5345365621678759
1995-06-23,0.5349580947337788
1995-06-26,0.5352711664954691
1995-06-27,0.5358729456868544
1995-06-28,0.5354165004335842
1995-06-29,0.5351975790734215
1995-06-30,0.5353990741413295
1995-07-03,0.5353797243557331
1995-07-05,0.5353816210525586
1995-07-06,0.5338579137317575
1995-07-07,0.5331803202299584
1995-07-10,0.5320169790812501
1995-07-11,0.5318101384272427
1995-07-12,0.5321360203182981
1995-07-13,0.5333012212562205
1995-07-14,0.5327297304946442
1995-07-17,0.5329503639758428
1995-07-18,0.5327860829951715
1995-07-19,0.5329913919726863
1995-07-20,0.5332484522452402
1995-07-21,0.533581894814331
1995-07-24,0.5337836302106246
1995-07-25,0.5327860829951715
1995-07-26,0.5335807820154213
1995-07-27,0.5321900430048186
1995-07-28,0.5308113066530223
1995-07-31,0.5311744147330141
1995-08-01,0.530542699700016
1995-08-02,0.5301679772276466
1995-08-03,0.5283376779999288
1995-08-04,0.5274514128294313
1995-08-07,0.5275959369678949
1995-08-08,0.5261637884810381
1995-08-09,0.5269701525436801
1995-08-10,0.5270182636546524
1995-08-11,0.5273320333632325
1995-08-14,0.5271268278122503
1995-08-15,0.5260448117112219
1995-08-16,0.5276097017531572
1995-08-17,0.5280199183181024
1995-08-18,0.5281988449418876
1995-08-21,0.5284991132798526
1995-08-22,0.5279451216483547
1995-08-23,0.5278834499030821
1995-08-24,0.5272948631756502
1995-08-25,0.5285717282242883
1995-08-28,0.5283770813354393
1995-08-29,0.5282684230867879
1995-08-30,0.528630955971022
1995-08-31,0.5284628203642061
1995-09-01,0.528630955971022
1995-09-05,0.5291573363642877
1995-09-06,0.5296094916466773
1995-09-07,0.5286592350660865
1995-09-08,0.5281700859453268
1995-09-11,0.5275473706338653
1995-09-12,0.5270426391315212
1995-09-13,0.5272831416983017
1995-09-14,0.5273547338995667
1995-09-15,0.5297059722536201
1995-09-18,0.5298933527029815
1995-09-19,0.5298500506634758
1995-09-20,0.5294021433159742
1995-09-21,0.5288941269381193
1995-09-22,0.5295888443043042
1995-09-25,0.5304940233116187
1995-09-26,0.5311432533788503
1995-09-27,0.5306933508885189
1995-09-28,0.5305849752690696
1995-09-29,0.5292580495376417
1995-10-02,0.5303703776620816
1995-10-03,0.5311691111964066
1995-10-04,0.531158728336574
1995-10-05,0.5309061896903768
1995-10-06,0.5300368995391498
1995-10-09,0.5299651679007473
1995-10-10,0.529756942047527
1995-10-11,0.5301669372828536
1995-10-12,0.5304342604110761
1995-10-13,0.5304554892764785
1995-10-16,0.5304129989038511
1995-10-17,0.5305365096041037
1995-10-18,0.5296044010508105
1995-10-19,0.5289974974547362
1995-10-20,0.5295966356952393
1995-10-23,0.5299293771403107
1995-10-24,0.5288895502158584
1995-10-25,0.5291860598233615
1995-10-26,0.5295182142000873
1995-10-27,0.5300084204701491
1995-10-30,0.5298002255521718
1995-10-31,0.5292059215345414
1995-11-01,0.5294641007478654
1995-11-02,0.5305672547770155
1995-11-03,0.5303877520767996
1995-11-06,0.5309738562079562
1995-11-07,0.5307736205985244
1995-11-08,0.5300513593035611
1995-11-09,0.5302029729327071
1995-11-10,0.530476685575231
1995-11-13,0.5299869016949221
1995-11-14,0.529972466566753
1995-11-15,0.5301669372828536
1995-11-16,0.5306841869149505
1995-11-17,0.529878994325112
1995-11-20,0.5292967117227311
1995-11-21,0.5293105406219505
1995-11-22,0.5300233175641397
1995-11-24,0.529060844286631
1995-11-27,0.5298061231580653
1995-11-28,0.5304877316105674
1995-11-29,0.5297630463282992
1995-11-30,0.5291330132890288
1995-12-01,0.529363736212047
1995-12-04,0.5287273293436663
1995-12-05,0.5291020481585591
1995-12-06,0.5285737182213768
1995-12-07,0.5284163895141096
1995-12-08,0.5294021433159742
1995-12-11,0.5288625767938571
1995-12-12,0.5294322279282477
1995-12-13,0.530555018094881
1995-12-14,0.5315654440723707
1995-12-15,0.5300006980270557
1995-12-18,0.5313633756971787
1995-12-19,0.5315315741974667
1995-12-20,0.5315472618819085
1995-12-21,0.531435119894534
1995-12-22,0.5315069017078895
1995-12-26,0.5317507577652735
1995-12-27,0.5319658159807155
1995-12-28,0.5327621579685816
1995-12-29,0.5328364169575297
1996-01-02,0.534118265286979
1996-01-03,0.5342085618387696
1996-01-04,0.5300920207929375
1996-01-05,0.5297457131140493
1996-01-08,0.5311229808490732
1996-01-09,0.5307069750065172
1996-01-10,0.5295310525607848
1996-01-11,0.5298579116693133
1996-01-12,0.5294363410185398
1996-01-15,0.529183871543492
1996-01-16,0.529750199166472
1996-01-17,0.5299078578982059
1996-01-18,0.5290972264701364
1996-01-19,0.5293616805367723
1996-01-22,0.5296946548197634
1996-01-23,0.5291107288395419
1996-01-24,0.5284190862390198
1996-01-25,0.5275971287419666
1996-01-26,0.5275629155309057
1996-01-29,0.5283287678429414
1996-01-30,0.5278802733758879
1996-01-31,0.5278112023210932
1996-02-01,0.5277418146167745
1996-02-02,0.5279554288537086
1996-02-05,0.5280623623297873
1996-02-06,0.529247084178194
1996-02-07,0.5282735164169455
1996-02-08,0.5286170323138542
1996-02-09,0.5288269242002961
1996-02-12,0.528639524922836
1996-02-13,0.5283804284081361
1996-02-14,0.528519518882892
1996-02-15,0.5283868969542522
1996-02-16,0.5250894849254337
1996-02-20,0.5242598491350253
1996-02-21,0.5244692613125598
1996-02-22,0.5250094849001359
1996-02-23,0.5260692410745079
1996-02-26,0.5264448042743812
1996-02-27,0.526152809829532
1996-02-28,0.5266345678560509
1996-02-29,0.5262361473226637
1996-03-01,0.5272907575440179
1996-03-04,0.5273254450649631
1996-03-05,0.5279924704246292
1996-03-06,0.5283068166492418
1996-03-07,0.5280956955224156
1996-03-08,0.5286555232702744
1996-03-11,0.5297736809125487
1996-03-12,0.5296538352306049
1996-03-13,0.5312698155039856
1996-03-14,0.5326040701542865
1996-03-15,0.5325903763995623
1996-03-18,0.5335700512717674
1996-03-19,0.5345276168230219
1996-03-20,0.5341739129921296
1996-03-21,0.5336628381113904
1996-03-22,0.5339628497205898
1996-03-25,0.5332246389318865
1996-03-26,0.5325901197595364
1996-03-27,0.5320243367767475
1996-03-28,0.5322183644719322
1996-03-29,0.5326926366074394
1996-04-01,0.5327114048268035
1996-04-02,0.5328352582406266
1996-04-03,0.5334168163509359
1996-04-04,0.5339464609134639
1996-04-08,0.5349092808836236
1996-04-09,0.5341746982328872
1996-04-10,0.5339474097856256
1996-04-11,0.5336476461567053
1996-04-12,0.5330789627594272
1996-04-15,0.533803619510145
1996-04-16,0.534718399056199
1996-04-17,0.5338071324574193
1996-04-18,0.5337551324836733
1996-04-19,0.5346639856291733
1996-04-22,0.5335437086957658
1996-04-23,0.5347511376202922
1996-04-24,0.5342444903314023
1996-04-25,0.5356038439693429
1996-04-26,0.5355338075959212
1996-04-29,0.5378589807193082
1996-04-30,0.537246520776341
1996-05-01,0.5378237743239547
1996-05-02,0.5384740882626631
1996-05-03,0.5390585619335009
1996-05-06,0.5374170318741845
1996-05-07,0.5401328492553347
1996-05-08,0.5400658199837505
1996-05-09,0.5403233303782089
1996-05-10,0.5407500261167147
1996-05-13,0.5411328343553372
1996-05-14,0.5394986774299408
1996-05-15,0.5383063501303981
1996-05-16,0.5363684175735809
1996-05-17,0.5358916622244453
1996-05-20,0.5367930219690464
1996-05-21,0.5365162053926704
1996-05-22,0.5367412040256897
1996-05-23,0.5369386599575001
1996-05-24,0.5371413652116414
1996-05-28,0.5380751602175321
1996-05-29,0.5370564146436867
1996-05-30,0.5368946012916403
1996-05-31,0.5359355731484257
1996-06-03,0.5345630484942624
1996-06-04,0.5347749737107822
1996-06-05,0.5338375296608097
1996-06-06,0.5332870616861881
1996-06-07,0.5325062297397205
1996-06-10,0.5334638619998031
1996-06-11,0.5342444903314023
1996-06-12,0.5348985198578178
1996-06-13,0.5348974684101402
1996-06-14,0.534632064137966
1996-06-17,0.5319553795349751
1996-06-18,0.5312284589999117
1996-06-19,0.5313396065866812
1996-06-20,0.5316418297496687
1996-06-21,0.5314454520370644
1996-06-24,0.5313948326630435
1996-06-25,0.5312587330169837
1996-06-26,0.531459023453764
1996-06-27,0.5316502553384783
1996-06-28,0.5317559077211907
1996-07-01,0.5319201879665605
1996-07-02,0.5317599309009023
1996-07-03,0.5320451761460265
1996-07-05,0.5319711411675101
1996-07-08,0.5311332080561472
1996-07-09,0.5305950641371543
1996-07-10,0.5311029113368501
1996-07-11,0.5308060327320239
1996-07-12,0.530850561958099
1996-07-15,0.5317198984987185
1996-07-16,0.5317042298198748
1996-07-17,0.5319722122211489
1996-07-18,0.5311332080561472
1996-07-19,0.531763480147871
1996-07-22,0.5317042298198748
1996-07-23,0.5313962858237513
1996-07-24,0.5318935899477856
1996-07-25,0.5303111070872241
1996-07-26,0.5297457131140493
1996-07-29,0.5306773595550135
1996-07-30,0.53089532642748
1996-07-31,0.5310218638007534
1996-08-01,0.5282745333746568
1996-08-02,0.527552963362002
1996-08-05,0.5264684993850802
1996-08-06,0.5266003438272179
1996-08-07,0.5262783187322626
1996-08-08,0.5264100279181531
1996-08-09,0.5257896449600288
1996-08-12,0.5267437129583862
1996-08-13,0.5278327980781506
1996-08-14,0.5285832136303382
1996-08-15,0.5280417530717195
1996-08-16,0.5283869271949999
1996-08-19,0.5280520748490535
1996-08-20,0.5279806605855221
1996-08-21,0.5285303440806467
1996-08-22,0.5289703189888911
1996-08-23,0.5291807491140479
1996-08-26,0.5295339360882402
1996-08-27,0.5303601595366194
1996-08-28,0.5303389366936404
1996-08-29,0.5315812825417429
1996-08-30,0.5319507005365858
1996-09-03,0.5318063480602299
1996-09-04,0.5312663768853473
1996-09-05,0.53096404642674
1996-09-06,0.5309075759918297
1996-09-09,0.530877309678772
1996-09-10,0.5317625375364874
1996-09-11,0.5316032272725916
1996-09-12,0.5312249816288206
1996-09-13,0.5301716108257657
1996-09-16,0.5307285280120383
1996-09-17,0.5307643188469333
1996-09-18,0.5314507552973234
1996-09-19,0.5316304509115192
1996-09-20,0.5308813269656465
1996-09-23,0.5313178571446798
1996-09-24,0.5303647374810586
1996-09-25,0.5303013554366687
1996-09-26,0.5291702089784653
1996-09-27,0.5310662930913448
1996-09-30,0.5325437662932507
1996-10-01,0.530431979667621
1996-10-02,0.5295171904510357
1996-10-03,0.5286093968421605
1996-10-04,0.5284387328792348
1996-10-07,0.5305971343555299
1996-10-08,0.5309324690081515
1996-10-09,0.5308510344214054
1996-10-10,0.5301223521820315
1996-10-11,0.5302084851066518
1996-10-14,0.5301223521820315
1996-10-15,0.5299579064224689
1996-10-16,0.5305016306211879
1996-10-17,0.530129159911577
1996-10-18,0.5299221470244956
1996-10-21,0.5297434906142661
1996-10-22,0.5309531783878809
1996-10-23,0.5311740496216621
1996-10-24,0.5321546360256841
1996-10-25,0.5321743859805456
1996-10-28,0.533827446638207
1996-10-29,0.5335753146369339
1996-10-30,0.5341722882812001
1996-10-31,0.5346416240313959
1996-11-01,0.5339376402292314
1996-11-04,0.534099886288507
1996-11-05,0.5345336768591618
1996-11-06,0.5344613234140889
1996-11-07,0.5350761668858514
1996-11-08,0.5356893455086941
1996-11-11,0.5349114065541952
1996-11-12,0.5347854299113106
1996-11-13,0.5349662148381418
1996-11-14,0.53765707232588
1996-11-15,0.5382535361610804
1996-11-18,0.5380800600327245
1996-11-19,0.5390412821392107
1996-11-20,0.5400728744064919
1996-11-21,0.5405512549439956
1996-11-22,0.5395262227335662
1996-11-25,0.540611275699308
1996-11-26,0.5403818761931555
1996-11-27,0.5397720681279926
1996-11-29,0.5393362073552798
1996-12-02,0.5387138204942432
1996-12-03,0.5382145256189454
1996-12-04,0.5381635348240608
1996-12-05,0.5382506493571191
1996-12-06,0.5391408582212762
1996-12-09,0.5420925116617804
1996-12-10,0.5421758637651296
1996-12-11,0.5413624747880228
1996-12-12,0.5394198550651411
1996-12-13,0.5353196478850785
1996-12-16,0.5356607070051083
1996-12-17,0.5357352362986574
1996-12-18,0.5355228908300377
1996-12-19,0.536572217650992
1996-12-20,0.5359716021295067
1996-12-23,0.535597485976745
1996-12-24,0.5344979125926346
1996-12-26,0.5352559632632056
1996-12-27,0.535684606842462
1996-12-30,0.534423979283333
1996-12-31,0.5348547077698722
1997-01-02,0.5350520488564894
1997-01-03,0.5349441013019663
1997-01-06,0.5353314278607506
1997-01-07,0.5355063332139234
1997-01-08,0.5356134972054215
1997-01-09,0.5356324900128933
1997-01-10,0.5365656141311439
1997-01-13,0.5368539959788325
1997-01-14,0.5375667317462902
1997-01-15,0.5386776633261046
1997-01-16,0.5380428497441614
1997-01-17,0.5372989878561616
1997-01-20,0.5383590767195184
1997-01-21,0.5376585639571371
1997-01-22,0.5382293548397815
1997-01-23,0.5382441619633175
1997-01-24,0.5374580812962652
1997-01-27,0.5376889924505539
1997-01-28,0.5370321668576462
1997-01-29,0.538367121339886
1997-01-30,0.5395144259877037
1997-01-31,0.5401288228421054
1997-02-03,0.5399527032880813
1997-02-04,0.5397195061994936
1997-02-05,0.5398985940316741
1997-02-06,0.5395080520071024
1997-02-07,0.539101468660647
1997-02-10,0.5411365027160793
1997-02-11,0.5414382107568212
1997-02-12,0.5436238480333124
1997-02-13,0.5427089396000401
1997-02-14,0.5434855990876288
1997-02-18,0.5435135798436804
1997-02-19,0.5440023607717677
1997-02-20,0.5438943294436421
1997-02-21,0.5429338370576604
1997-02-24,0.5421449098603552
1997-02-25,0.5416669789253049
1997-02-26,0.541415287164844
1997-02-27,0.541416093418083
1997-02-28,0.5404654182412423
1997-03-03,0.5402974066044532
1997-03-04,0.5409745337273392
1997-03-05,0.5401515433225546
1997-03-06,0.5399604227123679
1997-03-07,0.5414290626323677
1997-03-10,0.5427740084755377
1997-03-11,0.5431870624203525
1997-03-12,0.5427337037356319
1997-03-13,0.5444626408875325
1997-03-14,0.5435729428132007
1997-03-17,0.5465863904188971
1997-03-18,0.5482033644054136
1997-03-19,0.5483109485054566
1997-03-20,0.5471873283011505
1997-03-21,0.5483479735261587
1997-03-24,0.5480661314776364
1997-03-25,0.5503315389611169
1997-03-26,0.5510260823256806
1997-03-27,0.5495675861471492
1997-03-31,0.549668914190267
1997-04-01,0.549656907841154
1997-04-02,0.5497645288564681
1997-04-03,0.548535949973886
1997-04-04,0.5484783631433734
1997-04-07,0.5478104615078364
1997-04-08,0.5474686645996601
1997-04-09,0.5467716864956054
1997-04-10,0.547577051866568
1997-04-11,0.5478685268042446
1997-04-14,0.5477419503786776
1997-04-15,0.547854896095282
1997-04-16,0.5477431784554425
1997-04-17,0.5474000779508951
1997-04-18,0.5471204059307073
1997-04-21,0.5469807748335453
1997-04-22,0.5471433959566161
1997-04-23,0.5466830477395002
1997-04-24,0.5470272193142584
1997-04-25,0.5466187986071828
1997-04-28,0.5473504415229922
1997-04-29,0.5485460512451419
1997-04-30,0.5489831882437306
1997-05-01,0.5493621858627914
1997-05-02,0.5515946429349367
1997-05-05,0.5533215981670699
1997-05-06,0.5554739965249457
1997-05-07,0.5559471519562218
1997-05-08,0.5566628932363874
1997-05-09,0.5575821962173007
1997-05-12,0.5576894459645048
1997-05-13,0.5576556322676588
1997-05-14,0.557970572892024
1997-05-15,0.5585301711957278
1997-05-16,0.5581106265512472
1997-05-19,0.558284822727421
1997-05-20,0.5587374354058103
1997-05-21,0.5591184171675572
1997-05-22,0.5599117421611726
1997-05-23,0.5611923450291042
1997-05-27,0.5627534627944245
1997-05-28,0.5640570666718634
1997-05-29,0.5645965328946544
1997-05-30,0.5650234353779338
1997-06-02,0.565894947668075
1997-06-03,0.5669080927146846
1997-06-04,0.5680263435160033
1997-06-05,0.5701545246764866
1997-06-06,0.5715573822848062
1997-06-09,0.574676078690947
1997-06-10,0.5763824187720329
1997-06-11,0.5765488669163865
1997-06-12,0.5761232033507863
1997-06-13,0.577279756870901
1997-06-16,0.5774076712976401
1997-06-17,0.5770892953431264
1997-06-18,0.5765014363929671
1997-06-19,0.5770871817980349
1997-06-20,0.5774118026987564
1997-06-23,0.5774663098064765
1997-06-24,0.5779642047250098
1997-06-25,0.5789471984739184
1997-06-26,0.5793314957865763
1997-06-27,0.5808677542034582
1997-06-30,0.5805385712216641
1997-07-01,0.5802315156411859
1997-07-02,0.5803012276623158
1997-07-03,0.5800362413059021
1997-07-07,0.5799318020411036
1997-07-08,0.579765650916199
1997-07-09,0.5802459557329035
1997-07-10,0.5802328420495041
1997-07-11,0.5793346017386533
1997-07-14,0.5797542170938148
1997-07-15,0.5793231327341609
1997-07-16,0.5792026830231047
1997-07-17,0.5789647242905098
1997-07-18,0.5798510129338146
1997-07-21,0.5796759748102074
1997-07-22,0.5795145615711262
1997-07-23,0.5788159927437417
1997-07-24,0.5776887402835059
1997-07-25,0.5547297030738271
1997-07-28,0.5513261643209414
1997-07-29,0.5500941556133295
1997-07-30,0.5493929940775247
1997-07-31,0.5495987048999706
1997-08-01,0.5492644265753768
1997-08-04,0.5490184446112496
1997-08-05,0.5490886822197375
1997-08-06,0.5689229287115686
1997-08-07,0.5769832120935405
1997-08-08,0.5774614170188821
1997-08-11,0.5775990448990836
1997-08-12,0.5780953925396073
1997-08-13,0.5778331735494598
1997-08-14,0.5780170685099283
1997-08-15,0.5782452549469203
1997-08-18,0.578166983636227
1997-08-19,0.5782452549469203
1997-08-20,0.5787018418582163
1997-08-21,0.5777203195169204
1997-08-22,0.5778919610447258
1997-08-25,0.5769332110964778
1997-08-26,0.5768082777748604
1997-08-27,0.5776759490716757
1997-08-28,0.5778919610447258
1997-08-29,0.5776517161383219
1997-09-02,0.5741046597126624
1997-09-03,0.549817625434189
1997-09-04,0.5492610388813871
1997-09-05,0.5491469294958012
1997-09-08,0.5498973035700834
1997-09-09,0.5491083891795365
1997-09-10,0.5495841463255626
1997-09-11,0.5492996794787176
1997-09-12,0.5502979289524647
1997-09-15,0.5506163788678249
1997-09-16,0.5509643572141484
1997-09-17,0.5516745904723624
1997-09-18,0.5511085139935444
1997-09-19,0.5512532670010768
1997-09-22,0.5504119492136098
1997-09-23,0.5510260823256806
1997-09-24,0.5506591936592468
1997-09-25,0.5501958190605903
1997-09-26,0.5490456834312867
1997-09-29,0.5485239762609982
1997-09-30,0.5488825699786933
1997-10-01,0.5500044143141738
1997-10-02,0.5495554488414546
1997-10-03,0.5490128671806492
1997-10-06,0.5487208948886679
1997-10-07,0.5490970791436136
1997-10-08,0.54955610085992
1997-10-09,0.5497878469183768
1997-10-10,0.5498881727961059
1997-10-13,0.5490769650582206
1997-10-14,0.5488093420083043
1997-10-15,0.5483490009516357
1997-10-16,0.5488382722945007
1997-10-17,0.5480876551756115
1997-10-20,0.5487962006762577
1997-10-21,0.548931848417928
1997-10-22,0.5488054242691831
1997-10-23,0.5481303720404544
1997-10-24,0.5490650253680843
1997-10-27,0.5486584295494153
1997-10-28,0.5483231966008675
1997-10-29,0.5483450148777668
1997-10-30,0.5482377451408513
1997-10-31,0.5483092493815598
1997-11-03,0.5487523805454162
1997-11-04,0.5487008705870121
1997-11-05,0.5489349759859943
1997-11-06,0.5483796859867455
1997-11-07,0.5485869616965625
1997-11-10,0.5467620070195508
1997-11-11,0.5476983785447638
1997-11-12,0.5468206276726776
1997-11-13,0.5462943467735096
1997-11-14,0.5462585630975992
1997-11-17,0.5471873283011505
1997-11-18,0.5474771045418527
1997-11-19,0.5473696116262191
1997-11-20,0.5482952623521034
1997-11-21,0.5497107214500816
1997-11-24,0.5502542106145257
1997-11-25,0.5504556130607365
1997-11-26,0.5508659287573996
1997-11-28,0.5515723502966812
1997-12-01,0.552325343823996
1997-12-02,0.5514118156170528
1997-12-03,0.5507329539937749
1997-12-04,0.550763551393904
1997-12-05,0.5509120070512192
1997-12-08,0.5506761461920721
1997-12-09,0.5505898713032532
1997-12-10,0.5508302930151546
1997-12-11,0.5506980735453829
1997-12-12,0.5505504322919853
1997-12-15,0.5511567053455981
1997-12-16,0.5524330785829807
1997-12-17,0.5527000552046595
1997-12-18,0.5535241289689405
1997-12-19,0.5544075533507035
1997-12-22,0.5554298390289871
1997-12-23,0.5554731038227334
1997-12-24,0.5567753405219688
1997-12-26,0.5569574830453393
1997-12-29,0.5568175631086144
1997-12-30,0.5593971895640494
1997-12-31,0.5626009069814658
1998-01-02,0.5605833419644878
1998-01-05,0.5605137506915577
1998-01-06,0.5619754555696024
1998-01-07,0.5621206269310869
1998-01-08,0.5622332208246104
1998-01-09,0.5619885783600297
1998-01-12,0.5610889751385546
1998-01-13,0.5614880924234148
1998-01-14,0.5622034364549692
1998-01-15,0.5616320055729532
1998-01-16,0.5612451587433364
1998-01-20,0.5610693276657018
1998-01-21,0.5642169729663232
1998-01-22,0.5638008950105313
1998-01-23,0.5627330065142133
1998-01-26,0.5641597222096905
1998-01-27,0.5653811672075973
1998-01-28,0.5668435119026975
1998-01-29,0.5655124042130866
1998-01-30,0.5655073820759965
1998-02-02,0.5646564997993098
1998-02-03,0.563718549559875
1998-02-04,0.5646604840728827
1998-02-05,0.56536792948082
1998-02-06,0.5651636138271575
1998-02-09,0.5649077019303221
1998-02-10,0.5648672983944489
1998-02-11,0.5651087660521417
1998-02-12,0.5653093059772368
1998-02-13,0.5663675228326528
1998-02-17,0.5662685306235925
1998-02-18,0.5654452221280654
1998-02-19,0.5658713743752715
1998-02-20,0.566526080519745
1998-02-23,0.5661045040352065
1998-02-24,0.5659225847416139
1998-02-25,0.5659886210013803
1998-02-26,0.5668587383557692
1998-02-27,0.5670971733734315
1998-03-02,0.5668587383557692
1998-03-03,0.565861677762054
1998-03-04,0.5634341151605602
1998-03-05,0.5641396771368737
1998-03-06,0.5638962097016378
1998-03-09,0.5637234221698835
1998-03-10,0.5638685710265833
1998-03-11,0.5645827783232519
1998-03-12,0.5639393214238753
1998-03-13,0.564280441003092
1998-03-16,0.5642887849791294
1998-03-17,0.5639185726569063
1998-03-18,0.5652477998537915
1998-03-19,0.5655796213650746
1998-03-20,0.5666702195192601
1998-03-23,0.5672243227835104
1998-03-24,0.5654525850510915
1998-03-25,0.5664954670794287
1998-03-26,0.5665315578930179
1998-03-27,0.5659816910459812
1998-03-30,0.5653695477415513
1998-03-31,0.5653238728785082
1998-04-01,0.566154747259699
1998-04-02,0.5660668193664619
1998-04-03,0.5652590732696011
1998-04-06,0.5642349490451839
1998-04-07,0.5651709140365762
1998-04-08,0.5663705059427172
1998-04-09,0.5660576884050368
1998-04-13,0.5661458822273288
1998-04-14,0.565585313412932
1998-04-15,0.5652403177614266
1998-04-16,0.5649666934450567
1998-04-17,0.5649585411633609
1998-04-20,0.5641948304862042
1998-04-21,0.5652819665119412
1998-04-22,0.5648824332311592
1998-04-23,0.5648461647825876
1998-04-24,0.5654801690983405
1998-04-27,0.5671592129194903
1998-04-28,0.5673465298183571
1998-04-29,0.5698860586573065
1998-04-30,0.5703150484713462
1998-05-01,0.5694876951816122
1998-05-04,0.5695897193689029
1998-05-05,0.5693779584527472
1998-05-06,0.5699480506338693
1998-05-07,0.5700947433621649
1998-05-08,0.5691887588436324
1998-05-11,0.5694819680310316
1998-05-12,0.5695920678494016
1998-05-13,0.5695398042737695
1998-05-14,0.5696838308987472
1998-05-15,0.5689469066453026
1998-05-18,0.568859670473517
1998-05-19,0.5685836751641201
1998-05-20,0.5683714378982748
1998-05-21,0.567688435526336
1998-05-22,0.5667366156228255
1998-05-26,0.5654773917962956
1998-05-27,0.5626953246206238
1998-05-28,0.564283890947703
1998-05-29,0.5643883130633321
1998-06-01,0.564800769059766
1998-06-02,0.5650764241561018
1998-06-03,0.564782571509147
1998-06-04,0.5642696037464303
1998-06-05,0.5643330475739086
1998-06-08,0.5636524925202422
1998-06-09,0.5636412821829402
1998-06-10,0.5643478307912683
1998-06-11,0.5648360226714484
1998-06-12,0.5649655327724459
1998-06-15,0.5635443311796523
1998-06-16,0.563907302253261
1998-06-17,0.5651209669424319
1998-06-18,0.5643645283664305
1998-06-19,0.5644270570111676
1998-06-22,0.5659529879904726
1998-06-23,0.5650294859299372
1998-06-24,0.565055642946734
1998-06-25,0.5651170712691321
1998-06-26,0.5654915624275633
1998-06-29,0.5655573469958302
1998-06-30,0.5664404516478323
1998-07-01,0.5646101995758348
1998-07-02,0.565355006615476
1998-07-06,0.56538552492379
1998-07-07,0.565345391244211
1998-07-08,0.5645090206963084
1998-07-09,0.5649314166266165
1998-07-10,0.564233534606769
1998-07-13,0.563860886809098
1998-07-14,0.5632857964488152
1998-07-15,0.5640654154893
1998-07-16,0.5650526165161935
1998-07-17,0.5650834892707213
1998-07-20,0.5652303784756396
1998-07-21,0.5650928210697813
1998-07-22,0.5651330890195001
1998-07-23,0.5662352092582781
1998-07-24,0.5662352092582781
1998-07-27,0.5662297555844754
1998-07-28,0.5667261544769296
1998-07-29,0.5661080426814832
1998-07-30,0.5666947253546328
1998-07-31,0.5669473797098926
1998-08-03,0.5668810725769378
1998-08-04,0.5660324183073975
1998-08-05,0.5665791065067173
1998-08-06,0.5667179631433539
1998-08-07,0.5671162894714835
1998-08-10,0.5671101907731951
1998-08-11,0.5673940498807928
1998-08-12,0.5683832005499309
1998-08-13,0.5685635264052065
1998-08-14,0.5681941305276658
1998-08-17,0.5694110159071261
1998-08-18,0.5692006237508093
1998-08-19,0.5691503374650252
1998-08-20,0.5704652788748316
1998-08-21,0.5698588142318458
1998-08-24,0.5701884476043951
1998-08-25,0.5701763378716417
1998-08-26,0.5704935702867174
1998-08-27,0.5703786913374351
1998-08-28,0.5704944686609703
1998-08-31,0.5737026930756122
1998-09-01,0.5749351506684196
1998-09-02,0.5749351506684196
1998-09-03,0.5751640146301932
1998-09-04,0.5747035666192207
1998-09-08,0.5741486636888277
1998-09-09,0.5742735527284802
1998-09-10,0.5733453997465889
1998-09-11,0.5721140577395504
1998-09-14,0.5724396951934856
1998-09-15,0.5725025776205923
1998-09-16,0.5724587840343975
1998-09-17,0.5724492332597099
1998-09-18,0.5714268741643023
1998-09-21,0.5706426724143613
1998-09-22,0.5710615311844552
1998-09-23,0.5695214437247011
1998-09-24,0.5698461095897492
1998-09-25,0.5701553413919609
1998-09-28,0.5703641350801315
1998-09-29,0.5706286032459447
1998-09-30,0.5696862499858142
1998-10-01,0.5712927461848488
1998-10-02,0.571762111758011
1998-10-05,0.5998705587291479
1998-10-06,0.5985619035875575
1998-10-07,0.5979070331687544
1998-10-08,0.5967789299178939
1998-10-09,0.5969828216675512
1998-10-12,0.5982716868556606
1998-10-13,0.5986646670870647
1998-10-14,0.5993531912589027
1998-10-15,0.5997422828654049
1998-10-16,0.6000339082508382
1998-10-19,0.5993310882011624
1998-10-20,0.5983920168492077
1998-10-21,0.5994502353504616
1998-10-22,0.5999369303223371
1998-10-23,0.5990851258032973
1998-10-26,0.5985772848835886
1998-10-27,0.596079657594791
1998-10-28,0.5968538664951635
1998-10-29,0.5976256632424988
1998-10-30,0.5978952134787521
1998-11-02,0.597441261050576
1998-11-03,0.5980546519283604
1998-11-04,0.5979063428735312
1998-11-05,0.5978695642321421
1998-11-06,0.5976127290619583
1998-11-09,0.5961333951818565
1998-11-10,0.5947841205034913
1998-11-11,0.5926740437513641
1998-11-12,0.5920436205496508
1998-11-13,0.5922454033039064
1998-11-16,0.5917205597308641
1998-11-17,0.5915544749273379
1998-11-18,0.59218051657488
1998-11-19,0.5932302770982157
1998-11-20,0.5935836186213502
1998-11-23,0.5926269115157143
1998-11-24,0.5929134013750191
1998-11-25,0.5928547445379664
1998-11-27,0.5929941614477142
1998-11-30,0.5920071733941739
1998-12-01,0.59210146017943
1998-12-02,0.5919555865878207
1998-12-03,0.5920649793490943
1998-12-04,0.5912913311362188
1998-12-07,0.5921180281921729
1998-12-08,0.5917725841509848
1998-12-09,0.5918825961584145
1998-12-10,0.5920661173098258
1998-12-11,0.591668493126998
1998-12-14,0.591365296243968
1998-12-15,0.5919009492708088
1998-12-16,0.5913184795042151
1998-12-17,0.5925060853246643
1998-12-18,0.5911088181977991
1998-12-21,0.591401969509969
1998-12-22,0.5907272500001342
1998-12-23,0.5910253964858017
1998-12-24,0.5909523966162675
1998-12-28,0.5907906802186318
1998-12-29,0.5908210723934917
1998-12-30,0.5921436229016915
1998-12-31,0.5920698609842104
1999-01-04,0.5921652955933704
1999-01-05,0.5947828043593636
1999-01-06,0.5938758028652149
1999-01-07,0.5955504358332856
1999-01-08,0.5957123332856811
1999-01-11,0.5955504358332856
1999-01-12,0.5954761975853695
1999-01-13,0.5954761975853695
1999-01-14,0.5952265815901274
1999-01-15,0.5954998909345808
1999-01-19,0.59528725033446
1999-01-20,0.5954627583090033
1999-01-21,0.5957494814841416
1999-01-22,0.5961959255527794
1999-01-25,0.5966436023624531
1999-01-26,0.5965933593397146
1999-01-27,0.5967055000049307
1999-01-28,0.5963189700769363
1999-01-29,0.5964538123955386
1999-02-01,0.5974176548955948
1999-02-02,0.5972419676155031
1999-02-03,0.597505537944763
1999-02-04,0.5984245044618305
1999-02-05,0.5986476208615681
1999-02-08,0.5983109178544597
1999-02-09,0.5981487215016708
1999-02-10,0.5971907479036287
1999-02-11,0.5976582221552811
1999-02-12,0.5970757693231395
1999-02-16,0.5972656360786912
1999-02-17,0.5963652870791746
1999-02-18,0.5967450523851718
1999-02-19,0.5975328134029396
1999-02-22,0.5970742054140943
1999-02-23,0.5980564842020097
1999-02-24,0.598119604461518
1999-02-25,0.5979538609186742
1999-02-26,0.5976727070946777
1999-03-01,0.5977109284084298
1999-03-02,0.5974566388446291
1999-03-03,0.5972776955630782
1999-03-04,0.5968816844202998
1999-03-05,0.5985723419243635
1999-03-08,0.5981097443145518
1999-03-09,0.5988016803684856
1999-03-10,0.5982745868531998
1999-03-11,0.5977126370779312
1999-03-12,0.5981606310605133
1999-03-15,0.5977252472944504
1999-03-16,0.5975843751772565
1999-03-17,0.5974183023931736
1999-03-18,0.5973671938597244
1999-03-19,0.5962915590790526
1999-03-22,0.5978689287295711
1999-03-23,0.5981010520972089
1999-03-24,0.5981660434667067
1999-03-25,0.5972504279568478
1999-03-26,0.598366767346403
1999-03-29,0.5975094747413264
1999-03-30,0.597379974977518
1999-03-31,0.5970043547227776
1999-04-01,0.5977428344406032
1999-04-05,0.597535206798571
1999-04-06,0.5973670381794481
1999-04-07,0.5975483447862862
1999-04-08,0.5987310471036417
1999-04-09,0.5991678841352877
1999-04-12,0.5990059688136641
1999-04-13,0.5986683706944275
1999-04-14,0.5987071804018136
1999-04-15,0.5990031513733076
1999-04-16,0.5989975456829993
1999-04-19,0.5972395987352697
1999-04-20,0.5973544430072559
1999-04-21,0.5970990222589193
1999-04-22,0.5973671938597244
1999-04-23,0.5978647338457479
1999-04-26,0.5979900986273777
1999-04-27,0.5980084067743024
1999-04-28,0.6179526988970692
1999-04-29,0.6181368119344325
1999-04-30,0.617805551233741
1999-05-03,0.6177354880624344
1999-05-04,0.6180631429059107
1999-05-05,0.6179126055981427
1999-05-06,0.6172837456591094
1999-05-07,0.6178741124290189
1999-05-10,0.6177619079593418
1999-05-11,0.6180615666785121
1999-05-12,0.6172083150532642
1999-05-13,0.6176864989320658
1999-05-14,0.6175410511384333
1999-05-17,0.6150522042729177
1999-05-18,0.5994654248042667
1999-05-19,0.6010097887359886
1999-05-20,0.6146617175006927
1999-05-21,0.6142326339270745
1999-05-24,0.6173977636025993
1999-05-25,0.6174730756189578
1999-05-26,0.6172489860411915
1999-05-27,0.6176900138922912
1999-05-28,0.6174674956740226
1999-06-01,0.6170635066979437
1999-06-02,0.6169534938417008
1999-06-03,0.6170655605179978
1999-06-04,0.6170655605179978
1999-06-07,0.6173281955444245
1999-06-08,0.6171389070447254
1999-06-09,0.6170268278541099
1999-06-10,0.6172587909203725
1999-06-11,0.6163457958560015
1999-06-14,0.61665597667352
1999-06-15,0.6167526772612054
1999-06-16,0.6168174909072925
1999-06-17,0.615901427795089
1999-06-18,0.61452947819304
1999-06-21,0.6152905162756834
1999-06-22,0.6157310015371243
1999-06-23,0.6156909886606137
1999-06-24,0.6158827395797406
1999-06-25,0.6157310015371243
1999-06-28,0.6158055167280033
1999-06-29,0.615991947773039
1999-06-30,0.6161836426052674
1999-07-01,0.6161064715093039
1999-07-02,0.6155735966267664
1999-07-06,0.6159467127100874
1999-07-07,0.615837392732851
1999-07-08,0.6168675587201006
1999-07-09,0.6210737788624764
1999-07-12,0.6205503829335587
1999-07-13,0.6191620777088032
1999-07-14,0.620392690990821
1999-07-15,0.6206556672471748
1999-07-16,0.6208817917344832
1999-07-19,0.6206927061647897
1999-07-20,0.6205411651513649
1999-07-21,0.6225515678808663
1999-07-22,0.6227035779763035
1999-07-23,0.6229327444552873
1999-07-26,0.6224376860160034
1999-07-27,0.6224425956351145
1999-07-28,0.6234448922419875
1999-07-29,0.6236391362866323
1999-07-30,0.6234856321276411
1999-08-02,0.623027552428178
1999-08-03,0.6221080096962909
1999-08-04,0.6233943107458392
1999-08-05,0.6241764237672012
1999-08-06,0.6242127723852781
1999-08-09,0.624204101526454
1999-08-10,0.6224993526831138
1999-08-11,0.6234197630545338
1999-08-12,0.6235740803796987
1999-08-13,0.6236129420063562
1999-08-16,0.6236129420063562
1999-08-17,0.6236541321021593
1999-08-18,0.6248272549751427
1999-08-19,0.6235396364283532
1999-08-20,0.6238148258961542
1999-08-23,0.6245987847729837
1999-08-24,0.6242867590698475
1999-08-25,0.6244764110444875
1999-08-26,0.6243184318220983
1999-08-27,0.6240114182477126
1999-08-30,0.6245235627004174
1999-08-31,0.6247216118604114
1999-09-01,0.6248325282885325
1999-09-02,0.6256808049794647
1999-09-03,0.6262877263171213
1999-09-07,0.6470717546094173
1999-09-08,0.6471348659458813
1999-09-09,0.6469454389390958
1999-09-10,0.6472819844899299
1999-09-13,0.6485590024719076
1999-09-14,0.6485843733074316
1999-09-15,0.6484836364829241
1999-09-16,0.6491000083516012
1999-09-17,0.6490243878639484
1999-09-20,0.648282076007914
1999-09-21,0.6481099097740779
1999-09-22,0.6484722334627865
1999-09-23,0.6530918851714211
1999-09-24,0.6533455951886668
1999-09-27,0.653340427933771
1999-09-28,0.6590012379527115
1999-09-29,0.6661963399697389
1999-09-30,0.6669506709301243
1999-10-01,0.6673104633193464
1999-10-04,0.6669881691820159
1999-10-05,0.6674564633011816
1999-10-06,0.668268451979696
1999-10-07,0.6679303947134867
1999-10-08,0.6684263722164602
1999-10-11,0.6678348506172012
1999-10-12,0.6679803023711631
1999-10-13,0.6679246192948848
1999-10-14,0.6683536479440787
1999-10-15,0.6684964555726663
1999-10-18,0.6685159749542455
1999-10-19,0.6717170795895473
1999-10-20,0.6724679090667208
1999-10-21,0.6724846250014417
1999-10-22,0.6725905360045881
1999-10-25,0.6724178183603228
1999-10-26,0.6719662039095936
1999-10-27,0.6718034387351244
1999-10-28,0.6715672743560377
1999-10-29,0.671714141111329
1999-11-01,0.671714141111329
1999-11-02,0.671714141111329
1999-11-03,0.6667021924571781
1999-11-04,0.6666655277948338
1999-11-05,0.671714141111329
1999-11-08,0.694160962460104
1999-11-09,0.694946451260777
1999-11-10,0.6950570999644665
1999-11-11,0.695289318500121
1999-11-12,0.6949636121839391
1999-11-15,0.6950620007354625
1999-11-16,0.6950947008972357
1999-11-17,0.6941913681088633
1999-11-18,0.6955235838113182
1999-11-19,0.6941758274778226
1999-11-22,0.6944786154821259
1999-11-23,0.6946402866433137
1999-11-24,0.6944473496109
1999-11-26,0.6947312506272219
1999-11-29,0.6950637139475824
1999-11-30,0.6954481799035838
1999-12-01,0.6949694445539176
1999-12-02,0.6970429904625904
1999-12-03,0.7159924716841108
1999-12-06,0.7176599625595523
1999-12-07,0.7217614392349685
1999-12-08,0.7217272172970475
1999-12-09,0.7217617687587999
1999-12-10,0.7424851071687056
1999-12-13,0.7413580804702831
1999-12-14,0.7440227628029317
1999-12-15,0.7455225881085545
1999-12-16,0.7467410182202864
1999-12-17,0.7468611140502356
1999-12-20,0.7466003074365986
1999-12-21,0.7467178040772308
1999-12-22,0.7472801885574231
1999-12-23,0.7473886895634663
1999-12-27,0.7474908441126996
1999-12-28,0.7475995214930037
1999-12-29,0.7478709762223757
1999-12-30,0.747895872473387
1999-12-31,0.7466575632125723
2000-01-03,0.7468495379817036
2000-01-04,0.7469303944921483
2000-01-05,0.7471010831750874
2000-01-06,0.7700779351794004
2000-01-07,0.7701781515530656
2000-01-10,0.7703565651950343
2000-01-11,0.7713945876753588
2000-01-12,0.7759334430804379
2000-01-13,0.7763841278928986
2000-01-14,0.7770049588328336
2000-01-18,0.7773177760525719
2000-01-19,0.8042913746257605
2000-01-20,0.8052928820065756
2000-01-21,0.8054261065958545
2000-01-24,0.8053518154140242
2000-01-25,0.8052978804982809
2000-01-26,0.8063955677279073
2000-01-27,0.8066035694257041
2000-01-28,0.8087565627634612
2000-01-31,0.8080241486322265
2000-02-01,0.8067412788217673
2000-02-02,0.810397289079121
2000-02-03,0.810397289079121
2000-02-04,0.8107395918664849
2000-02-07,0.8106668507168403
2000-02-08,0.8351717943341221
2000-02-09,0.8351844232514112
2000-02-10,0.8339772862828461
2000-02-11,0.8330891003791513
2000-02-14,0.8320817612250785
2000-02-15,0.8299773317813561
2000-02-16,0.8293642102390151
2000-02-17,0.8275454981055839
2000-02-18,0.8254128056585747
2000-02-22,0.828183776528696
2000-02-23,0.8282861682248106
2000-02-24,0.8282967898307716
2000-02-25,0.8282626419853903
2000-02-28,0.828157813950008
2000-02-29,0.8290008977456652
2000-03-01,0.8324065737008953
2000-03-02,0.8305721085141012
2000-03-03,0.853795217729231
2000-03-06,0.8562210062267582
2000-03-07,0.8564587601423587
2000-03-08,0.8564587601423587
2000-03-09,0.8563908091129817
2000-03-10,0.8563155769411134
2000-03-13,0.8570979451189907
2000-03-14,0.857496045505241
2000-03-15,0.8599262106811705
2000-03-16,0.8600293741622572
2000-03-17,0.8600293741622572
2000-03-20,0.8600637706888716
2000-03-21,0.86467459376211
2000-03-22,0.8870649394935913
2000-03-23,0.8911132383560311
2000-03-24,0.8922104726176875
2000-03-27,0.8923450246989297
2000-03-28,0.8921804807315908
2000-03-29,0.8919196954942876
2000-03-30,0.891658527716182
2000-03-31,0.890141763001217
2000-04-03,0.8898013709315056
2000-04-04,0.8897457083313668
2000-04-05,0.892379096661329
2000-04-06,0.8933234127748543
2000-04-07,0.9105486599356494
2000-04-10,0.918210886747976
2000-04-11,0.9180191301548573
2000-04-12,0.924079620649496
2000-04-13,0.924572635665052
2000-04-14,0.9244767931375946
2000-04-17,0.924487336727961
2000-04-18,0.9488990947686416
2000-04-19,0.9484684927707948
2000-04-20,0.9488167090630636
2000-04-24,0.9470960888697776
2000-04-25,0.945382241779678
2000-04-26,0.942724818776528
2000-04-27,0.9392083853606152
2000-04-28,0.9357863767332942
2000-05-01,0.93232715302288
2000-05-02,0.9285919399842458
2000-05-03,0.9304730869150812
2000-05-04,0.9284986010674712
2000-05-05,0.9282393912487018
2000-05-08,0.9264352804042352
2000-05-09,0.924360157206821
2000-05-10,0.9531749044896802
2000-05-11,0.9533140422287428
2000-05-12,0.9541227802319754
2000-05-15,0.954446215586642
2000-05-16,0.9547474008835342
2000-05-17,0.9568323156375496
2000-05-18,0.9576756099192448
2000-05-19,0.957750186909574
2000-05-22,0.9579333637681728
2000-05-23,0.961493046284011
2000-05-24,0.9644224782674984
2000-05-25,0.9647527340140796
2000-05-26,0.964991535714534
2000-05-30,0.96462694225572
2000-05-31,0.9633007292046696
2000-06-01,0.9612483630131464
2000-06-02,0.9604982641201336
2000-06-05,0.959504868722076
2000-06-06,0.9580676732770924
2000-06-07,0.9566835989371606
2000-06-08,0.9535381313982796
2000-06-09,0.9522085714377077
2000-06-12,0.9515426415125344
2000-06-13,0.9498564549838212
2000-06-14,0.9470778225109518
2000-06-15,0.9437469286639574
2000-06-16,0.9403358018518494
2000-06-19,0.9385069976038818
2000-06-20,0.9583468614631546
2000-06-21,0.961727656253944
2000-06-22,0.9675221304013192
2000-06-23,0.967462755490806
2000-06-26,0.9675636452474196
2000-06-27,0.9676646557705152
2000-06-28,0.9680786467866552
2000-06-29,0.9684644932423976
2000-06-30,0.9696070322493732
2000-07-03,0.9688778455592224
2000-07-05,0.968956507785159
2000-07-06,0.9685959845594652
2000-07-07,0.9712926720686216
2000-07-10,0.972443749112504
2000-07-11,0.9728498961016824
2000-07-12,0.97267072785681
2000-07-13,0.9720551165331884
2000-07-14,0.9761912510656736
2000-07-17,0.9757041495444478
2000-07-18,0.9752391785667556
2000-07-19,0.997152827313596
2000-07-20,0.9975708832500452
2000-07-21,0.9979668533485484
2000-07-24,0.9991559707653134
2000-07-25,0.9982494670858676
2000-07-26,0.9966983197778022
2000-07-27,0.9927361830713788
2000-07-28,0.991079055421494
2000-07-31,0.9910713551371738
2000-08-01,0.9903686229942094
2000-08-02,0.989573468276046
2000-08-03,0.9932309594598316
2000-08-04,0.9932062242190072
2000-08-07,0.993045321632652
2000-08-08,0.990424381561962
2000-08-09,0.9882484277467584
2000-08-10,0.9928965681021108
2000-08-11,0.9932204550207282
2000-08-14,0.9914724010914556
2000-08-15,0.9906191631610848
2000-08-16,0.9916016713107756
2000-08-17,0.9955284655280936
2000-08-18,0.9971008543424276
2000-08-21,0.99722347776338
2000-08-22,0.997606118532755
2000-08-23,0.997202939419373
2000-08-24,0.9968604457420488
2000-08-25,0.9994326966715592
2000-08-28,0.999146690978312
2000-08-29,0.9999209981836966
2000-08-30,0.9997281982093804
2000-08-31,1.016457851866879
2000-09-01,1.0187211257309032
2000-09-05,1.0187477673841543
2000-09-06,1.0185618089130557
2000-09-07,1.0188538757390788
2000-09-08,1.018839361382026
2000-09-11,1.0186643155176498
2000-09-12,1.0217466186202304
2000-09-13,1.0213997710943017
2000-09-14,1.0218070244292872
2000-09-15,1.0214317914448907
2000-09-18,1.0239228279029151
2000-09-19,1.0234559829001937
2000-09-20,1.0227884232824562
2000-09-21,1.0271194381053168
2000-09-22,1.031253692049207
2000-09-25,1.030994531860128
2000-09-26,1.0547009956869424
2000-09-27,1.054737160845224
2000-09-28,1.0549095165310625
2000-09-29,1.1293441364913934
2000-10-02,1.2003698853411624
2000-10-03,1.2215612121104074
2000-10-04,1.2320433457557027
2000-10-05,1.2314926795679717
2000-10-06,1.2317848358862935
2000-10-09,1.2309024905588537
2000-10-10,1.2306151197107864
2000-10-11,1.2303592478866396
2000-10-12,1.2317865791474878
2000-10-13,1.2318464619518508
2000-10-16,1.2322280492799704
2000-10-17,1.2309688109029484
2000-10-18,1.227186676547834
2000-10-19,1.22114728960146
2000-10-20,1.2268312462464217
2000-10-23,1.2267379919793264
2000-10-24,1.2280791825835438
2000-10-25,1.2280441496409449
2000-10-26,1.228053705723667
2000-10-27,1.2286753957831056
2000-10-30,1.227157439141934
2000-10-31,1.2275341873267798
2000-11-01,1.227008161471173
2000-11-02,1.226718713453045
2000-11-03,1.226882082827014
2000-11-06,1.227245447653722
2000-11-07,1.2277009047663756
2000-11-08,1.2222148038563274
2000-11-09,1.219219605133585
2000-11-10,1.2152241780300477
2000-11-13,1.2097790871948555
2000-11-14,1.2037809328093645
2000-11-15,1.212775334320213
2000-11-16,1.2113651239705674
2000-11-17,1.2109849496281415
2000-11-20,1.210539752414142
2000-11-21,1.2067743140675244
2000-11-22,1.205739786152179
2000-11-24,1.1959674640077365
2000-11-27,1.200552378090637
2000-11-28,1.199351187630188
2000-11-29,1.1994841991314182
2000-11-30,1.1989363647393767
2000-12-01,1.1990602930530283
2000-12-04,1.1989562301136385
2000-12-05,1.19938176464189
2000-12-06,1.1977193726777675
2000-12-07,1.1983991045843236
2000-12-08,1.1986226717382813
2000-12-11,1.1978177391223126
2000-12-12,1.1940275923367405
2000-12-13,1.1900699030807174
2000-12-14,1.1946830845902463
2000-12-15,1.1954052099910766
2000-12-18,1.195437810386463
2000-12-19,1.195824024350266
2000-12-20,1.195814203919087
2000-12-21,1.19779115811876
2000-12-22,1.1921590113627811
2000-12-26,1.1924273771629994
2000-12-27,1.1919187252656052
2000-12-28,1.1932806807147205
2000-12-29,1.196363807559336
2001-01-02,1.1966714858961074
2001-01-03,1.1855886728186162
2001-01-04,1.1830216195197956
2001-01-05,1.179724496704721
2001-01-08,1.176185514409401
2001-01-09,1.1722896140077816
2001-01-10,1.1672155953736705
2001-01-11,1.1675388570417706
2001-01-12,1.164406841901471
2001-01-16,1.165509876424877
2001-01-17,1.162286568566824
2001-01-18,1.156077882204576
2001-01-19,1.1600263371602133
2001-01-22,1.1592404802171987
2001-01-23,1.1576784018234243
2001-01-24,1.1565993842069238
2001-01-25,1.1528823987016767
2001-01-26,1.1478814961777313
2001-01-29,1.1432702201553622
2001-01-30,1.1588478610075232
2001-01-31,1.1599122229461831
2001-02-01,1.1600934757101502
2001-02-02,1.1616631319990844
2001-02-05,1.1615502862095772
2001-02-06,1.1605432997339806
2001-02-07,1.1607032314873114
2001-02-08,1.1678904344011567
2001-02-09,1.159140122642517
2001-02-12,1.1585106386442163
2001-02-13,1.154737733348306
2001-02-14,1.1492711982855317
2001-02-15,1.1551930451745902
2001-02-16,1.1548717913242872
2001-02-20,1.1544262904032334
2001-02-21,1.1542856189660666
2001-02-22,1.1567843637779605
2001-02-23,1.1588418942074663
2001-02-26,1.153723731879519
2001-02-27,1.1540797123713775
2001-02-28,1.15300952531918
2001-03-01,1.1524116766200516
2001-03-02,1.1496883869064478
2001-03-05,1.1473479850339274
2001-03-06,1.1480838221159368
2001-03-07,1.1478597719859784
2001-03-08,1.1461869659245276
2001-03-09,1.1452584700013957
2001-03-12,1.1411457743855342
2001-03-13,1.138803053832649
2001-03-14,1.1357655572855634
2001-03-15,1.132326750501274
2001-03-16,1.1273888636251508
2001-03-19,1.116568929384692
2001-03-20,1.111161716239656
2001-03-21,1.1053686890162748
2001-03-22,1.0988645458349329
2001-03-23,1.1019178477490006
2001-03-26,1.1017067079991456
2001-03-27,1.1007785436366777
2001-03-28,1.0989383767650576
2001-03-29,1.0947559540520508
2001-03-30,1.0920674804655537
2001-04-02,1.0833229447094816
2001-04-03,1.080796611647678
2001-04-04,1.0791633974757149
2001-04-05,1.0829849004383871
2001-04-06,1.082955984094224
2001-04-09,1.084244133334609
2001-04-10,1.0799984043715576
2001-04-11,1.0778905808396009
2001-04-12,1.075410517544931
2001-04-16,1.0732632929051225
2001-04-17,1.0697643453286845
2001-04-18,1.0699395072615523
2001-04-19,1.06801730374989
2001-04-20,1.0657005017672636
2001-04-23,1.0659095025751226
2001-04-24,1.063127305877004
2001-04-25,1.059848658869331
2001-04-26,1.0562443126492282
2001-04-27,1.0459238587187267
2001-04-30,1.0403692489669685
2001-05-01,1.0353788991241422
2001-05-02,1.030945638200045
2001-05-03,1.025874728049172
2001-05-04,1.0219172130371943
2001-05-07,1.0170896583943403
2001-05-08,1.020921909374971
2001-05-09,1.0190526225349434
2001-05-10,1.0176217857424483
2001-05-11,1.0132174628774355
2001-05-14,1.0088642448306022
2001-05-15,1.0146019126730956
2001-05-16,1.0095781147976557
2001-05-17,1.0097758126843952
2001-05-18,1.00896702961953
2001-05-21,1.0136812173119132
2001-05-22,1.0176230589883182
2001-05-23,1.020913892270083
2001-05-24,1.0251426519171782
2001-05-25,1.0224329075540446
2001-05-29,1.0162241037851305
2001-05-30,1.0150274622548985
2001-05-31,1.0131759899456143
2001-06-01,1.0106753102204409
2001-06-04,1.0063676450749064
2001-06-05,1.0022277471400678
2001-06-06,1.0005393610611757
2001-06-07,0.9980264019724848
2001-06-08,0.9957875311077894
2001-06-11,0.9913717580059328
2001-06-12,0.9872612254437864
2001-06-13,0.9838317489917768
2001-06-14,0.9790583807410672
2001-06-15,0.9745427917177968
2001-06-18,0.973225932419808
2001-06-19,0.9730273719210982
2001-06-20,0.9635852548800888
2001-06-21,0.9588922233226816
2001-06-22,0.95425366382552
2001-06-25,0.953152104174347
2001-06-26,0.9520695155730424
2001-06-27,0.9499276231320096
2001-06-28,0.9498741058394092
2001-06-29,0.9464207593771043
2001-07-02,0.9432058250339628
2001-07-03,0.9414560986805348
2001-07-05,0.9386263741997236
2001-07-06,0.9350483989289482
2001-07-09,0.93108685384948
2001-07-10,0.9275495565914854
2001-07-11,0.9233420463361132
2001-07-12,0.920062919159563
2001-07-13,0.9191102253256488
2001-07-16,0.9160965430270248
2001-07-17,0.913126967270562
2001-07-18,0.9082860353543608
2001-07-19,0.9051554148886676
2001-07-20,0.9008425592087934
2001-07-23,0.8963862811728825
2001-07-24,0.8916035984496276
2001-07-25,0.8877388202982947
2001-07-26,0.8830867212924497
2001-07-27,0.8800898348992203
2001-07-30,0.8768030256345682
2001-07-31,0.8769983618733393
2001-08-01,0.8748200594816029
2001-08-02,0.8699344504944494
2001-08-03,0.8707399203369631
2001-08-06,0.869229635128114
2001-08-07,0.8680525095546922
2001-08-08,0.8647038776067058
2001-08-09,0.8629543160216825
2001-08-10,0.8608854739848516
2001-08-13,0.8606995319480539
2001-08-14,0.859575084842095
2001-08-15,0.8582465480620769
2001-08-16,0.8582045943588751
2001-08-17,0.8585678968180968
2001-08-20,0.859098574188204
2001-08-21,0.8585839199161706
2001-08-22,0.8581760548826747
2001-08-23,0.8567120936980362
2001-08-24,0.8523447393254937
2001-08-27,0.8506865371714923
2001-08-28,0.8530388376836995
2001-08-29,0.8532330794096372
2001-08-30,0.8528367269260233
2001-08-31,0.8521919537287851
2001-09-04,0.8526653614721736
2001-09-05,0.8527911447564283
2001-09-06,0.8521439807313003
2001-09-07,0.8517554033343967
2001-09-10,0.850802629603871
2001-09-17,0.8479693494895064
2001-09-18,0.8458603330889152
2001-09-19,0.8438991376282369
2001-09-20,0.8414413102220621
2001-09-21,0.8425214748765758
2001-09-24,0.841136017780261
2001-09-25,0.8423896281943909
2001-09-26,0.8425893595353242
2001-09-27,0.8431848856306837
2001-09-28,0.8449380517391482
2001-10-01,0.8464363215071825
2001-10-02,0.8465361903376083
2001-10-03,0.8480820044783651
2001-10-04,0.8461348978531312
2001-10-05,0.8459269672951286
2001-10-08,0.8462551130670305
2001-10-09,0.8462647547097244
2001-10-10,0.8449170193971514
2001-10-11,0.8436566701264104
2001-10-12,0.8425990874564016
2001-10-15,0.8428606647770851
2001-10-16,0.8427952256136336
2001-10-17,0.8407310255091585
2001-10-18,0.8416120498172045
2001-10-19,0.8406991520420912
2001-10-22,0.8391519192389754
2001-10-23,0.8370776760636703
2001-10-24,0.8359500695650122
2001-10-25,0.8354782620509114
2001-10-26,0.8329597742395233
2001-10-29,0.8290853909466043
2001-10-30,0.8296434518952154
2001-10-31,0.8280567854869252
2001-11-01,0.8287355517870345
2001-11-02,0.8280870071616683
2001-11-05,0.8270285714691337
2001-11-06,0.8265910976169285
2001-11-07,0.8246322952027269
2001-11-08,0.8212118746751501
2001-11-09,0.8202495101227941
2001-11-12,0.8189181631641199
2001-11-13,0.8182937198668141
2001-11-14,0.8184171070774965
2001-11-15,0.8193456395775163
2001-11-16,0.8171369807747644
2001-11-19,0.8137109460161829
2001-11-20,0.8135268936706492
2001-11-21,0.8125975434227307
2001-11-23,0.8119475725732594
2001-11-26,0.8066669785230602
2001-11-27,0.8045182211082393
2001-11-28,0.8025489478332591
2001-11-29,0.800201993857324
2001-11-30,0.7962846625764846
2001-12-03,0.7941516841593949
2001-12-04,0.7931448897999089
2001-12-05,0.7923548857653452
2001-12-06,0.7918331302204756
2001-12-07,0.791573886145788
2001-12-10,0.7928156890758323
2001-12-11,0.790716431189437
2001-12-12,0.7910574478926872
2001-12-13,0.7905306242361912
2001-12-14,0.7902071907783841
2001-12-17,0.790280356113565
2001-12-18,0.7912293484449461
2001-12-19,0.7900779548798275
2001-12-20,0.7896315955853325
2001-12-21,0.7894743635206257
2001-12-24,0.7901846208099713
2001-12-26,0.7906303646344418
2001-12-27,0.7873502649888645
2001-12-28,0.7874934439652878
2001-12-31,0.7868916095389435
2002-01-02,0.7850842988811099
2002-01-03,0.7849292851269214
2002-01-04,0.785166345535358
2002-01-07,0.7848268135819212
2002-01-08,0.7848596152572956
2002-01-09,0.7832054583274546
2002-01-10,0.7823994606987763
2002-01-11,0.7813763481561733
2002-01-14,0.7788820280763401
2002-01-15,0.7772574969348865
2002-01-16,0.7745051558649617
2002-01-17,0.7709851019987465
2002-01-18,0.7687986534359743
2002-01-22,0.7669954228706886
2002-01-23,0.7632514179729725
2002-01-24,0.7614248331422966
2002-01-25,0.7593670104069127
2002-01-28,0.7621391647726226
2002-01-29,0.7619954519693557
2002-01-30,0.7607750945778854
2002-01-31,0.7591055283937043
2002-02-01,0.7574942969095908
2002-02-04,0.7543762774505699
2002-02-05,0.7526650283661537
2002-02-06,0.7509362395394455
2002-02-07,0.750163269154531
2002-02-08,0.7483039188405595
2002-02-11,0.7466864805111239
2002-02-12,0.7450007369823373
2002-02-13,0.7418541357616427
2002-02-14,0.7387167210181621
2002-02-15,0.7356928999439636
2002-02-19,0.7336307599672611
2002-02-20,0.7321898809670082
2002-02-21,0.7304579970691368
2002-02-22,0.7275479373833411
2002-02-25,0.724849589611571
2002-02-26,0.7220679182003078
2002-02-27,0.7240130305242078
2002-02-28,0.723780464403347
2002-03-01,0.7236072697787999
2002-03-04,0.7234330559779151
2002-03-05,0.7236072697787999
2002-03-06,0.7229441242873467
2002-03-07,0.7226264131311623
2002-03-08,0.7241446352247745
2002-03-11,0.7237610091825355
2002-03-12,0.7239658081782797
2002-03-13,0.7241714350931674
2002-03-14,0.7231814501920565
2002-03-15,0.7212892985178267
2002-03-18,0.7214642210676765
2002-03-19,0.7215516968987805
2002-03-20,0.7217558859459324
2002-03-21,0.7193082731534338
2002-03-22,0.7178142757015887
2002-03-25,0.7154065177677487
2002-03-26,0.7144205714217553
2002-03-27,0.7142570536159601
2002-03-28,0.7141026138220206
2002-04-01,0.7124039237219582
2002-04-02,0.7105429555220774
2002-04-03,0.709390146056749
2002-04-04,0.7064991048521702
2002-04-05,0.7055120106987088
2002-04-08,0.7051326757425861
2002-04-09,0.7040466894119792
2002-04-10,0.7024003162574269
2002-04-11,0.7017231362485935
2002-04-12,0.7027199211549384
2002-04-15,0.702732696789393
2002-04-16,0.7025578138362081
2002-04-17,0.7037467677553397
2002-04-18,0.702739870707217
2002-04-19,0.7025916537483796
2002-04-22,0.7019609005680344
2002-04-23,0.7018951390289921
2002-04-24,0.7016213131319256
2002-04-25,0.7015372434688107
2002-04-26,0.701792129226097
2002-04-29,0.7007708136507216
2002-04-30,0.7000168888027459
2002-05-01,0.7017273114041126
2002-05-02,0.7018829780487716
2002-05-03,0.704019873289258
2002-05-06,0.7032683372225347
2002-05-07,0.7030921998764786
2002-05-08,0.7025269347883101
2002-05-09,0.702430570752318
2002-05-10,0.701971794846416
2002-05-13,0.6999597211878972
2002-05-14,0.6964147412449064
2002-05-15,0.694619097891723
2002-05-16,0.6954956683946825
2002-05-17,0.6947468972541992
2002-05-20,0.6947728144378185
2002-05-21,0.6931898419575604
2002-05-22,0.6917748909223325
2002-05-23,0.6903703525655144
2002-05-24,0.6888224179692304
2002-05-28,0.687945580584955
2002-05-29,0.6881440675867975
2002-05-30,0.6875622740869937
2002-05-31,0.6870484470318194
2002-06-03,0.6873355869406791
2002-06-04,0.687028259250564
2002-06-05,0.6869069574914403
2002-06-06,0.6863439675430362
2002-06-07,0.6848838169930337
2002-06-10,0.6854686200799589
2002-06-11,0.6841972807395575
2002-06-12,0.6843490651010634
2002-06-13,0.6833964030694243
2002-06-14,0.6840783149639194
2002-06-17,0.6834961075558666
2002-06-18,0.6821410649297284
2002-06-19,0.6819621702941676
2002-06-20,0.6809034922079924
2002-06-21,0.6809217431795844
2002-06-24,0.6794741698070607
2002-06-25,0.6785863938744846
2002-06-26,0.6792392762174053
2002-06-27,0.6786901127714671
2002-06-28,0.6783844214492698
2002-07-01,0.6779898191251656
2002-07-02,0.6781914946361759
2002-07-03,0.6775046421592301
2002-07-05,0.6766069270610705
2002-07-08,0.6760992695049401
2002-07-09,0.6750984431817232
2002-07-10,0.6749826335032089
2002-07-11,0.67459553809655
2002-07-12,0.6739761594917817
2002-07-15,0.6732420586350742
2002-07-16,0.6730720962539761
2002-07-17,0.6707947957315294
2002-07-18,0.6712753067675763
2002-07-19,0.6706040901838004
2002-07-22,0.6702464450413405
2002-07-23,0.6700777052156898
2002-07-24,0.6690543741504188
2002-07-25,0.6682430127532293
2002-07-26,0.6683994106813383
2002-07-29,0.6679214276497224
2002-07-30,0.6664876442239057
2002-07-31,0.666544495944341
2002-08-01,0.6671220643216524
2002-08-02,0.6661751493599755
2002-08-05,0.6655446960161802
2002-08-06,0.6649967998096725
2002-08-07,0.6648594029425111
2002-08-08,0.665259584503684
2002-08-09,0.6654117536744261
2002-08-12,0.6659232135078513
2002-08-13,0.6660739648019126
2002-08-14,0.6647904526306202
2002-08-15,0.6641832521442581
2002-08-16,0.6635611383156085
2002-08-19,0.6636148025645455
2002-08-20,0.6643887904649844
2002-08-21,0.6639594518879718
2002-08-22,0.6633501234824413
2002-08-23,0.663889581586272
2002-08-26,0.6638213764890526
2002-08-27,0.6630204514889086
2002-08-28,0.662783760784149
2002-08-29,0.6639720141657096
2002-08-30,0.6650949481928015
2002-09-03,0.6654951025590381
2002-09-04,0.6658547936272666
2002-09-05,0.6654394134306304
2002-09-06,0.6666934123745776
2002-09-09,0.6687076732663815
2002-09-10,0.6701361046231425
2002-09-11,0.6716615810576567
2002-09-12,0.6730376220527159
2002-09-13,0.6738019225133047
2002-09-16,0.6746422083483942
2002-09-17,0.6752117365387058
2002-09-18,0.6755969968397365
2002-09-19,0.6756808818005372
2002-09-20,0.6758378051883526
2002-09-23,0.6775496866353166
2002-09-24,0.6797504321277301
2002-09-25,0.6801246140302497
2002-09-26,0.68223550424641
2002-09-27,0.684072726112828
2002-09-30,0.6858667194362953
2002-10-01,0.6869090833057487
2002-10-02,0.6882764021846131
2002-10-03,0.6891925688863606
2002-10-04,0.6904001501166178
2002-10-07,0.6911736877466227
2002-10-08,0.6923844620442372
2002-10-09,0.6939446417723641
2002-10-10,0.694769971866938
2002-10-11,0.6943654370275572
2002-10-14,0.6940638383725979
2002-10-15,0.6952150885152564
2002-10-16,0.695596155531064
2002-10-17,0.6956082466124426
2002-10-18,0.6959242045417567
2002-10-21,0.6981448373688348
2002-10-22,0.698444686123509
2002-10-23,0.6974959655836641
2002-10-24,0.6971347525524357
2002-10-25,0.6960949380321425
2002-10-28,0.6961136625138372
2002-10-29,0.6964940919062552
2002-10-30,0.6981574184770307
2002-10-31,0.6992441871844213
2002-11-01,0.6999736484126368
2002-11-04,0.6998590653860343
2002-11-05,0.6997571981941716
2002-11-06,0.7005733715027814
2002-11-07,0.6991618185223807
2002-11-08,0.6997101241204995
2002-11-11,0.6990517992849117
2002-11-12,0.6987542720550787
2002-11-13,0.698217122518128
2002-11-14,0.6987455232345346
2002-11-15,0.6985312266067767
2002-11-18,0.6978069060965838
2002-11-19,0.6965569387904345
2002-11-20,0.6959785472294124
2002-11-21,0.6958390740581109
2002-11-22,0.6974139802723907
2002-11-25,0.6973024568349716
2002-11-26,0.6977498302525442
2002-11-27,0.6977585746255439
2002-11-29,0.698562222414876
2002-12-02,0.6995194737801369
2002-12-03,0.7021413143379553
2002-12-04,0.7037077928440101
2002-12-05,0.7043567095683149
2002-12-06,0.7049808025965016
2002-12-09,0.7057301709925768
2002-12-10,0.7043368608479471
2002-12-11,0.704998462402308
2002-12-12,0.705267451861915
2002-12-13,0.7062143532828735
2002-12-16,0.7071174178162096
2002-12-17,0.7079948557187644
2002-12-18,0.7100488199193359
2002-12-19,0.7107611758382016
2002-12-20,0.7108455962440352
2002-12-23,0.7115680553352323
2002-12-24,0.7115613669929705
2002-12-26,0.7130765355985574
2002-12-27,0.7130569130221805
2002-12-30,0.7143283516707432
2002-12-31,0.7141069762519541
2003-01-02,0.7138456714155147
2003-01-03,0.7157212011771273
2003-01-06,0.7169388120437389
2003-01-07,0.7176269544626039
2003-01-08,0.7182558867541862
2003-01-09,0.7196138341005821
2003-01-10,0.7207327232886366
2003-01-13,0.7220782781269769
2003-01-14,0.7246460119841309
2003-01-15,0.7260752461832454
2003-01-16,0.7264795323496194
2003-01-17,0.7275616445670215
2003-01-21,0.7286680070824026
2003-01-22,0.7296603767610222
2003-01-23,0.7299185715562951
2003-01-24,0.7335335230144165
2003-01-27,0.7341482674993371
2003-01-28,0.7348831268365269
2003-01-29,0.7351485640764087
2003-01-30,0.7351538707211519
2003-01-31,0.7343877032591305
2003-02-03,0.7371279091160907
2003-02-04,0.7393720035020599
2003-02-05,0.7414646374210189
2003-02-06,0.7444877218064916
2003-02-07,0.7459579735027692
2003-02-10,0.7477626428721585
2003-02-11,0.749233908722818
2003-02-12,0.7512742082830663
2003-02-13,0.7546550704502978
2003-02-14,0.7558889752260128
2003-02-18,0.7552042804879532
2003-02-19,0.7558766229910143
2003-02-20,0.7563467838584703
2003-02-21,0.7558163612777062
2003-02-24,0.7571510834068921
2003-02-25,0.7577138492883108
2003-02-26,0.7582757919252628
2003-02-27,0.7572925331116421
2003-02-28,0.759250202220112
2003-03-03,0.7611030305377461
2003-03-04,0.7634226791061646
2003-03-05,0.7661267886504125
2003-03-06,0.7690262169405646
2003-03-07,0.7720502377532504
2003-03-10,0.7751790559326244
2003-03-11,0.779354488489663
2003-03-12,0.7824457136090726
2003-03-13,0.7821250944611455
2003-03-14,0.7823887880702007
2003-03-17,0.7826512326633358
2003-03-18,0.7830753115853353
2003-03-19,0.7841354329262895
2003-03-20,0.7853221526998496
2003-03-21,0.7879362195218149
2003-03-24,0.7865684549085155
2003-03-25,0.7868523122794566
2003-03-26,0.7871265671602801
2003-03-27,0.7907576529955717
2003-03-28,0.7920658158089897
2003-03-31,0.7933310815483392
2003-04-01,0.7955364161448373
2003-04-02,0.7959094424551235
2003-04-03,0.797029085366345
2003-04-04,0.7996162808889327
2003-04-07,0.8031535930963871
2003-04-08,0.8067509460971817
2003-04-09,0.8097706222502908
2003-04-10,0.8155683379170786
2003-04-11,0.8119032973838781
2003-04-14,0.8122000340760713
2003-04-15,0.8120675349689972
2003-04-16,0.8132911744598661
2003-04-17,0.8155786664035207
2003-04-21,0.8181079100814033
2003-04-22,0.8207223763959195
2003-04-23,0.8220768921175484
2003-04-24,0.8235088434563783
2003-04-25,0.825063103503093
2003-04-28,0.8229596719649243
2003-04-29,0.8218604257214215
2003-04-30,0.8225672061666087
2003-05-01,0.8227198645757475
2003-05-02,0.8251693525211771
2003-05-05,0.8233507660384708
2003-05-06,0.8229821657454891
2003-05-07,0.8229473958646502
2003-05-08,0.8242274555316167
2003-05-09,0.82454060014181
2003-05-12,0.8247150247812695
2003-05-13,0.825795524295796
2003-05-14,0.8260791561754224
2003-05-15,0.8272206474528128
2003-05-16,0.8283539792466971
2003-05-19,0.8266504740767064
2003-05-20,0.8246457555670463
2003-05-21,0.8277094803087336
2003-05-22,0.8282494025324857
2003-05-23,0.8283732934751566
2003-05-27,0.8264175962072315
2003-05-28,0.8261099209697127
2003-05-29,0.8263771650743821
2003-05-30,0.8275533002600356
2003-06-02,0.8248027166893899
2003-06-03,0.8224145409445099
2003-06-04,0.8215970658636583
2003-06-05,0.8244637617719015
2003-06-06,0.8252108631169315
2003-06-09,0.8246537295481305
2003-06-10,0.8226959218466844
2003-06-11,0.8255140199604196
2003-06-12,0.8253730198165228
2003-06-13,0.8250604831478467
2003-06-16,0.8260363965989383
2003-06-17,0.8272514094501552
2003-06-18,0.8259219181287843
2003-06-19,0.8261183957365578
2003-06-20,0.8259701959165502
2003-06-23,0.8262123772721525
2003-06-24,0.826517122095783
2003-06-25,0.8270812861971985
2003-06-26,0.8275021584620305
2003-06-27,0.8282553232722856
2003-06-30,0.8307339103342527
2003-07-01,0.8321996132505717
2003-07-02,0.833911055699702
2003-07-03,0.8357214512796681
2003-07-07,0.8359923005951186
2003-07-08,0.8351001841756869
2003-07-09,0.8359302337988382
2003-07-10,0.8356644903475614
2003-07-11,0.8372324608580992
2003-07-14,0.8391449380966113
2003-07-15,0.8464159148177047
2003-07-16,0.8486880218910373
2003-07-17,0.8458311660666654
2003-07-18,0.8453259426266277
2003-07-21,0.8465266428760275
2003-07-22,0.8462950530516995
2003-07-23,0.8482534185040174
2003-07-24,0.8490922538879564
2003-07-25,0.8464391643671421
2003-07-28,0.8472574355047805
2003-07-29,0.8477611273791283
2003-07-30,0.846468483764638
2003-07-31,0.8455329678937157
2003-08-01,0.8429507701746302
2003-08-04,0.8402323535580283
2003-08-05,0.842881490454462
2003-08-06,0.8436780966125724
2003-08-07,0.8433453064561524
2003-08-08,0.8425652054578505
2003-08-11,0.8423335670856262
2003-08-12,0.8422697450622179
2003-08-13,0.8425950200990926
2003-08-14,0.8438819004672157
2003-08-15,0.8454319073923694
2003-08-18,0.8434350652019552
2003-08-19,0.8423565130243968
2003-08-20,0.8413145040099352
2003-08-21,0.8413501598900173
2003-08-22,0.8413275214854751
2003-08-25,0.8411924468198091
2003-08-26,0.8448260972144237
2003-08-27,0.8452040099706649
2003-08-28,0.8442848553005664
2003-08-29,0.8441531987311895
2003-09-02,0.8440361478357201
2003-09-03,0.8439963067479832
2003-09-04,0.844158074883676
2003-09-05,0.8448609412098028
2003-09-08,0.8474398545904221
2003-09-09,0.8483619184385209
2003-09-10,0.8497005418285862
2003-09-11,0.8514907257916665
2003-09-12,0.8513450426627952
2003-09-15,0.8511312372532597
2003-09-16,0.8506863544766488
2003-09-17,0.8533319395450959
2003-09-18,0.85249693638671
2003-09-19,0.8531124154573001
2003-09-22,0.852895826593859
2003-09-23,0.8545862375722808
2003-09-24,0.851616245001167
2003-09-25,0.8513175020598198
2003-09-26,0.8520123246009988
2003-09-29,0.8513909336569508
2003-09-30,0.8511707477502828
2003-10-01,0.8525095123017671
2003-10-02,0.8539987721101859
2003-10-03,0.8525007919998175
2003-10-06,0.8519113621343655
2003-10-07,0.8516399020786963
2003-10-08,0.8518876403452681
2003-10-09,0.8518822977132117
2003-10-10,0.8511836672262821
2003-10-13,0.853241955777959
2003-10-14,0.8529802067641834
2003-10-15,0.8531919252308354
2003-10-16,0.8519566990608135
2003-10-17,0.8521981014960779
2003-10-20,0.8521971591437275
2003-10-21,0.8531073608474989
2003-10-22,0.8536277060769878
2003-10-23,0.85504623985819
2003-10-24,0.8556494035596697
2003-10-27,0.8572604179761526
2003-10-28,0.8548555915308063
2003-10-29,0.8546384717714414
2003-10-30,0.8549104744377847
2003-10-31,0.8496202071326809
2003-11-03,0.8527039534987565
2003-11-04,0.8547419933084243
2003-11-05,0.8568485199516599
2003-11-06,0.8581657423656425
2003-11-07,0.8568624900707368
2003-11-10,0.8556153494537081
2003-11-11,0.8577912054710505
2003-11-12,0.857717819747212
2003-11-13,0.8578980808321037
2003-11-14,0.8578182587910859
2003-11-17,0.8575920989342931
2003-11-18,0.8569986751696169
2003-11-19,0.8572094409834837
2003-11-20,0.8513306779992438
2003-11-21,0.8517796111169661
2003-11-24,0.8499311883036154
2003-11-25,0.8509301815867129
2003-11-26,0.8512753078893751
2003-11-28,0.8531435048059336
2003-12-01,0.8509431531169455
2003-12-02,0.851461019845749
2003-12-03,0.8512474065666988
2003-12-04,0.8526808265741331
2003-12-05,0.8543884352238033
2003-12-08,0.8557646301633667
2003-12-09,0.8556631554604259
2003-12-10,0.8559957404752883
2003-12-11,0.8556451779980573
2003-12-12,0.8560682860044025
2003-12-15,0.8557213111150795
2003-12-16,0.8562244821054004
2003-12-17,0.8553119157442725
2003-12-18,0.8552062222619057
2003-12-19,0.8567626050014021
2003-12-22,0.8596794782957301
2003-12-23,0.8617355657779598
2003-12-24,0.8599009568356974
2003-12-26,0.8594296761666174
2003-12-29,0.859698022418393
2003-12-30,0.8599598239359141
2003-12-31,0.8577486565129914
2004-01-02,0.8568155260866724
2004-01-05,0.855724203617811
2004-01-06,0.856228845699979
2004-01-07,0.8555991377518428
2004-01-08,0.8555102106496332
2004-01-09,0.8554277951796895
2004-01-12,0.8552211747327385
2004-01-13,0.8551814533940701
2004-01-14,0.8541280168122312
2004-01-15,0.8561508741137807
2004-01-16,0.8564026788448458
2004-01-20,0.8570044890197369
2004-01-21,0.8581226834265456
2004-01-22,0.8583713705366485
2004-01-23,0.8585119552743605
2004-01-26,0.858693309501518
2004-01-27,0.8590356915011332
2004-01-28,0.858822912974232
2004-01-29,0.8545200289095874
2004-01-30,0.8577211815275023
2004-02-02,0.8525924382053917
2004-02-03,0.8552412769055289
2004-02-04,0.8501502170427438
2004-02-05,0.8498573621354993
2004-02-06,0.8498789953417608
2004-02-09,0.8505184679630883
2004-02-10,0.8444079743180134
2004-02-11,0.8437536309255178
2004-02-12,0.8441650976533978
2004-02-13,0.8440146825963578
2004-02-17,0.8445133949090526
2004-02-18,0.8477900151001653
2004-02-19,0.8445273108887724
2004-02-20,0.8445818848465039
2004-02-23,0.8446461440149673
2004-02-24,0.8453164479977141
2004-02-25,0.8449305630866567
2004-02-26,0.8481098093979323
2004-02-27,0.8469788042309673
2004-03-01,0.8468265439774946
2004-03-02,0.8402559898732375
2004-03-03,0.8416784643219783
2004-03-04,0.8395277010385845
2004-03-05,0.8393818326906202
2004-03-08,0.8396883860496984
2004-03-09,0.8396304258460194
2004-03-10,0.8395098013317253
2004-03-11,0.839633219950802
2004-03-12,0.839612632231233
2004-03-15,0.8311866262426946
2004-03-16,0.8311868774003601
2004-03-17,0.8315606658962074
2004-03-18,0.825104236133906
2004-03-19,0.8248680580858887
2004-03-22,0.825230921611829
2004-03-23,0.8238105663573255
2004-03-24,0.8274032952537577
2004-03-25,0.8256327659257563
2004-03-26,0.8250048567908038
2004-03-29,0.8246126968493972
2004-03-30,0.824690983120854
2004-03-31,0.8243947147379228
2004-04-01,0.8243090042015949
2004-04-02,0.8210400256433041
2004-04-05,0.8192274871768512
2004-04-06,0.8198738285137419
2004-04-07,0.8202507692976162
2004-04-08,0.8208103055587874
2004-04-12,0.8159135931289646
2004-04-13,0.8140861262934247
2004-04-14,0.814201034689923
2004-04-15,0.8158692678232704
2004-04-16,0.8158976380923569
2004-04-19,0.8158976380923569
2004-04-20,0.8158976380923569
2004-04-21,0.8162051915823607
2004-04-22,0.8163084593450546
2004-04-23,0.8172286017969213
2004-04-26,0.8179310702794876
2004-04-27,0.8174089159165729
2004-04-28,0.8103823789893304
2004-04-29,0.8107820528709763
2004-04-30,0.8106277729147087
2004-05-03,0.8105516065412653
2004-05-04,0.810802675801708
2004-05-05,0.810075100061926
2004-05-06,0.8104628773058555
2004-05-07,0.8106776893083172
2004-05-10,0.8106163795972677
2004-05-11,0.8048715277715429
2004-05-12,0.8052253953408675
2004-05-13,0.8060493152309784
2004-05-14,0.8063997851545935
2004-05-17,0.8057198499138518
2004-05-18,0.7969952215935235
2004-05-19,0.7893534710090135
2004-05-20,0.7865420599410471
2004-05-21,0.7861313026991014
2004-05-24,0.7871561275264922
2004-05-25,0.7860902551535376
2004-05-26,0.7861915916922321
2004-05-27,0.7862944845401244
2004-05-28,0.7880436346739419
2004-06-01,0.78885754062246
2004-06-02,0.7864875937677647
2004-06-03,0.7869292448907919
2004-06-04,0.7793271063347872
2004-06-07,0.7779823070282502
2004-06-08,0.7778104371357979
2004-06-09,0.7782518223446064
2004-06-10,0.7713661463008756
2004-06-14,0.7712582874358778
2004-06-15,0.771042027255331
2004-06-16,0.7674818944482291
2004-06-17,0.7677495734393545
2004-06-18,0.7678580512557086
2004-06-21,0.7682293065885287
2004-06-22,0.7682388394017691
2004-06-23,0.7670483310602082
2004-06-24,0.7671957055138492
2004-06-25,0.7661487625210919
2004-06-28,0.7678538675329193
2004-06-29,0.7679812706240999
2004-06-30,0.7629562356892223
2004-07-01,0.7632372154127978
2004-07-02,0.7615479336972882
2004-07-06,0.7615134306601336
2004-07-07,0.7615058434906841
2004-07-08,0.7586365245607949
2004-07-09,0.7587263759714127
2004-07-12,0.758084155867692
2004-07-13,0.7582380947772314
2004-07-14,0.7581359886580994
2004-07-15,0.757159279713256
2004-07-16,0.7572129824892798
2004-07-19,0.7572129824892798
2004-07-20,0.7571127773878278
2004-07-21,0.752377475539741
2004-07-22,0.752407479210096
2004-07-23,0.7515568589702578
2004-07-26,0.751891766192382
2004-07-27,0.7519187234696321
2004-07-28,0.7519069083143679
2004-07-29,0.7514587160540965
2004-07-30,0.7514181026806543
2004-08-02,0.7504831789607216
2004-08-03,0.7472249139336765
2004-08-04,0.7462232607451703
2004-08-05,0.7462575686779993
2004-08-06,0.7446739365976219
2004-08-09,0.7446427476827359
2004-08-10,0.7445582867721731
2004-08-11,0.7445804173828555
2004-08-12,0.7450493212400204
2004-08-13,0.7474796866089471
2004-08-16,0.7485478321961848
2004-08-17,0.7500837079508096
2004-08-18,0.7485206957863745
2004-08-19,0.7409289399250857
2004-08-20,0.7340715989121437
2004-08-23,0.7352333977738711
2004-08-24,0.7338346966011916
2004-08-25,0.7330983955241638
2004-08-26,0.7347481534870198
2004-08-27,0.7348767010211823
2004-08-30,0.7364005902405757
2004-08-31,0.7351744333685645
2004-09-01,0.7369288059655186
2004-09-02,0.739794751898583
2004-09-03,0.7332995661174698
2004-09-07,0.7327918457480005
2004-09-08,0.7329478614556167
2004-09-09,0.7328105068237918
2004-09-10,0.7321955240491114
2004-09-13,0.7336183484578824
2004-09-14,0.7341095512206196
2004-09-15,0.7348496734741288
2004-09-16,0.7289916562655646
2004-09-17,0.7288087018164777
2004-09-20,0.7286777480625587
2004-09-21,0.7280743434499337
2004-09-22,0.7234199504419552
2004-09-23,0.7234199504419552
2004-09-24,0.7245200697531125
2004-09-27,0.7261735279741857
2004-09-28,0.725386546522929
2004-09-29,0.7249704897308745
2004-09-30,0.7251484452619
2004-10-01,0.7254776183632513
2004-10-04,0.7255980333926669
2004-10-05,0.7255384278973446
2004-10-06,0.7243635414049416
2004-10-07,0.7239938974325236
2004-10-08,0.7247436954769202
2004-10-11,0.7251050811172993
2004-10-12,0.7254897955986707
2004-10-13,0.7251536699420879
2004-10-14,0.7298792503523168
2004-10-15,0.7300501059090918
2004-10-18,0.7348505530927973
2004-10-19,0.7349141034660298
2004-10-20,0.7349269786921289
2004-10-21,0.7349269786921289
2004-10-22,0.730295829306479
2004-10-25,0.7303691445021777
2004-10-26,0.7295312882617925
2004-10-27,0.728162366941163
2004-10-28,0.7283818451562253
2004-10-29,0.7283818451562253
2004-11-01,0.728187638672672
2004-11-02,0.7281370981679969
2004-11-03,0.728111832352625
2004-11-04,0.7280107986581262
2004-11-05,0.7269511688010349
2004-11-08,0.7235939360374435
2004-11-09,0.7236411289630823
2004-11-10,0.7232847839496416
2004-11-11,0.723132505129935
2004-11-12,0.7230053514294236
2004-11-15,0.7231045442366439
2004-11-16,0.7233520877770826
2004-11-17,0.723374531044228
2004-11-18,0.7232908892441084
2004-11-19,0.7163599186143144
2004-11-22,0.7144252514709235
2004-11-23,0.7144252514709235
2004-11-24,0.7143055564960382
2004-11-26,0.7216199954912208
2004-11-29,0.6493750201919332
2004-11-30,0.5972984454146417
2004-12-01,0.5608950035267152
2004-12-02,0.5564971840031991
2004-12-03,0.5559873700069052
2004-12-06,0.5563618411609013
2004-12-07,0.5564663089558274
2004-12-08,0.55639819392986
2004-12-09,0.5564300298034366
2004-12-10,0.5563277587365824
2004-12-13,0.5565334146639325
2004-12-14,0.5566026340519217
2004-12-15,0.557047973089108
2004-12-16,0.5565705740570076
2004-12-17,0.5565025008882976
2004-12-20,0.5566746370596765
2004-12-21,0.5563324561741936
2004-12-22,0.55639819392986
2004-12-23,0.5559179410267522
2004-12-27,0.5560186129165379
2004-12-28,0.5555443545940743
2004-12-29,0.5565354952733511
2004-12-30,0.5562996636275865
2004-12-31,0.5564727934638978
2005-01-03,0.5560337053641661
2005-01-04,0.5560661761932754
2005-01-05,0.5566085837043191
2005-01-06,0.5567819952468668
2005-01-07,0.5608475672368243
2005-01-10,0.5610436664110742
2005-01-11,0.5609456460755776
2005-01-12,0.5608475672368243
2005-01-13,0.5613831229112903
2005-01-14,0.5611178878697375
2005-01-18,0.5654410224193478
2005-01-19,0.5653181865146165
2005-01-20,0.5643090430700886
2005-01-21,0.5661031882099565
2005-01-24,0.5657285001286764
2005-01-25,0.5652655680048722
2005-01-26,0.5651092660438607
2005-01-27,0.5653405931244114
2005-01-28,0.565142290928357
2005-01-31,0.5650346365922844
2005-02-01,0.564750592032762
2005-02-02,0.5718461964085618
2005-02-03,0.5719120268671666
2005-02-04,0.5713028351119259
2005-02-07,0.5711554528805036
2005-02-08,0.5707849340998089
2005-02-09,0.5708989048740221
2005-02-10,0.5713099602749487
2005-02-11,0.5713928345249693
2005-02-14,0.5722343038257895
2005-02-15,0.5817386136424373
2005-02-16,0.5899717527631861
2005-02-17,0.5899930275157458
2005-02-18,0.5911111825598048
2005-02-22,0.5909998187902535
2005-02-23,0.5906596958319008
2005-02-24,0.5936636888977392
2005-02-25,0.592787150005046
2005-02-28,0.5905859749768203
2005-03-01,0.5920482677939333
2005-03-02,0.5921450191214009
2005-03-03,0.5917583633388585
2005-03-04,0.5955504895635949
2005-03-07,0.5980824700471501
2005-03-08,0.5988401856694859
2005-03-09,0.604189602125938
2005-03-10,0.6043958027817272
2005-03-11,0.6043884394937652
2005-03-14,0.6048424531798361
2005-03-15,0.6059961644343116
2005-03-16,0.6062427172578249
2005-03-17,0.6060419448574365
2005-03-18,0.6118541495975953
2005-03-21,0.6116260483314432
2005-03-22,0.611722036307788
2005-03-23,0.6116497803856275
2005-03-24,0.6129748830078452
2005-03-28,0.6130178097193743
2005-03-29,0.6125958708430508
2005-03-30,0.6126886343743037
2005-03-31,0.6131719529621243
2005-04-01,0.6127778702192547
2005-04-04,0.6130322750214215
2005-04-05,0.6131614571734092
2005-04-06,0.6115509765454177
2005-04-07,0.6204564428843515
2005-04-08,0.6206843180406736
2005-04-11,0.6207492690416246
2005-04-12,0.6208135853760824
2005-04-13,0.6209439396823399
2005-04-14,0.6382408028574125
2005-04-15,0.6485376678475446
2005-04-18,0.6570619863729926
2005-04-19,0.6568080312881703
2005-04-20,0.6560954471359667
2005-04-21,0.6569205267653745
2005-04-22,0.656345449006253
2005-04-25,0.6570933787314698
2005-04-26,0.6570754154178052
2005-04-27,0.6573540107933195
2005-04-28,0.6578901807694247
2005-04-29,0.6575437032128706
2005-05-02,0.6576237042276027
2005-05-03,0.6574684502356094
2005-05-04,0.6570034614423561
2005-05-05,0.6573443399140058
2005-05-06,0.6573443399140058
2005-05-09,0.6573312568724663
2005-05-10,0.6571273452137696
2005-05-11,0.6567660367283814
2005-05-12,0.658412282038825
2005-05-13,0.6620889454964853
2005-05-16,0.6615321289553795
2005-05-17,0.66278615033872
2005-05-18,0.663070777766284
2005-05-19,0.6628380806615322
2005-05-20,0.6628999542564172
2005-05-23,0.669467167731251
2005-05-24,0.6694531985712149
2005-05-25,0.6680985691453553
2005-05-26,0.6694792954883365
2005-05-27,0.6699319456922782
2005-05-31,0.6699631025202254
2005-06-01,0.6699631025202254
2005-06-02,0.6698525133935712
2005-06-03,0.6728380466796451
2005-06-06,0.6738992598127659
2005-06-07,0.6739485797063854
2005-06-08,0.6789441704661907
2005-06-09,0.6793752526165612
2005-06-10,0.6794677510789555
2005-06-13,0.679529441017063
2005-06-14,0.679529441017063
2005-06-15,0.6794060805796799
2005-06-16,0.6794369134000724
2005-06-17,0.6794677510789555
2005-06-20,0.6791768913708542
2005-06-21,0.6786979579305263
2005-06-22,0.6794524535380692
2005-06-23,0.6793283835589692
2005-06-24,0.6791932553529124
2005-06-27,0.6795302376105484
2005-06-28,0.6801532961181204
2005-06-29,0.6801532961181204
2005-06-30,0.680246926026142
2005-07-01,0.6802250952086928
2005-07-05,0.6799332152045615
2005-07-06,0.680307912629962
2005-07-07,0.680307912629962
2005-07-08,0.6797461348640185
2005-07-11,0.6797039236094832
2005-07-12,0.681551120160138
2005-07-13,0.6811950105931125
2005-07-14,0.6846593644151452
2005-07-15,0.6833296228904595
2005-07-18,0.6811656523981553
2005-07-19,0.6853577816476982
2005-07-20,0.6836517720686687
2005-07-21,0.6836702206145187
2005-07-22,0.6846498033309096
2005-07-25,0.6848358639442892
2005-07-26,0.6848048416909032
2005-07-27,0.6845236644966921
2005-07-28,0.6842124885671169
2005-07-29,0.6845376574704153
2005-08-01,0.684491789269665
2005-08-02,0.6847979504905326
2005-08-03,0.6844091452256219
2005-08-04,0.6846252252626732
2005-08-05,0.6849080374319749
2005-08-08,0.6837606509531867
2005-08-09,0.6835775739576996
2005-08-10,0.6839828981940201
2005-08-11,0.6840878255689657
2005-08-12,0.68785786406757
2005-08-15,0.6961888735240317
2005-08-16,0.696250961672278
2005-08-17,0.6961824935060952
2005-08-18,0.6963067183892027
2005-08-19,0.6962071667206952
2005-08-22,0.6963377865133293
2005-08-23,0.6965491023938251
2005-08-24,0.6964172754150398
2005-08-25,0.697399276446608
2005-08-26,0.6967416675563802
2005-08-29,0.6975064847192659
2005-08-30,0.6961294672333908
2005-08-31,0.6960670971962946
2005-09-01,0.6961294672333908
2005-09-02,0.6962230583096024
2005-09-06,0.6941122204571848
2005-09-07,0.6942048821206569
2005-09-08,0.6971343640061627
2005-09-09,0.6971649090594667
2005-09-12,0.6975318085675114
2005-09-13,0.6975318085675114
2005-09-14,0.6975318085675114
2005-09-15,0.6975318085675114
2005-09-16,0.6974034716442298
2005-09-19,0.6974281060642078
2005-09-20,0.7031036516881184
2005-09-21,0.7032425775978525
2005-09-22,0.7031199726680712
2005-09-23,0.7021948379381052
2005-09-26,0.7012939756322769
2005-09-27,0.7020880753067852
2005-09-28,0.7017678365234278
2005-09-29,0.7011752656809597
2005-09-30,0.7000407745395931
2005-10-03,0.7005638440596289
2005-10-04,0.6994285321722243
2005-10-05,0.6987637565232103
2005-10-06,0.7043076419098714
2005-10-07,0.7031350573373808
2005-10-10,0.703351686249818
2005-10-11,0.7020334824849477
2005-10-12,0.7083371865475396
2005-10-13,0.7079896930845692
2005-10-14,0.7118934924424095
2005-10-17,0.7111290130265807
2005-10-18,0.7107368320493591
2005-10-19,0.7118037759139146
2005-10-20,0.7192055498531665
2005-10-21,0.719295120758276
2005-10-24,0.7196070505061335
2005-10-25,0.7195712163940994
2005-10-26,0.7200756667318247
2005-10-27,0.7199158193015917
2005-10-28,0.723705799038555
2005-10-31,0.7269119502232442
2005-11-01,0.7267274409968267
2005-11-02,0.7309280235526826
2005-11-03,0.7377849535476967
2005-11-04,0.7382707453734012
2005-11-07,0.7384410652007628
2005-11-08,0.7386947927800285
2005-11-09,0.7388217662678422
2005-11-10,0.7390800928111463
2005-11-11,0.7451555241937939
2005-11-14,0.7456360152603181
2005-11-15,0.7449134954115483
2005-11-16,0.7441627293725365
2005-11-17,0.7464286853992315
2005-11-18,0.7458884057879753
2005-11-21,0.7450209134808395
2005-11-22,0.7460871647357104
2005-11-23,0.74611582203963
2005-11-25,0.7507916248418144
2005-11-28,0.7504852679651796
2005-11-29,0.7512349732052666
2005-11-30,0.7523005855273937
2005-12-01,0.7544910377435725
2005-12-02,0.7601024899402004
2005-12-05,0.7600276491285801
2005-12-06,0.7610383938190188
2005-12-07,0.762172250000911
2005-12-08,0.7620644120686741
2005-12-09,0.7632260868456137
2005-12-12,0.7633394705624753
2005-12-13,0.7632315239229284
2005-12-14,0.7623757296191781
2005-12-15,0.7628699785979157
2005-12-16,0.7722388887884699
2005-12-19,0.7722404136990471
2005-12-20,0.7722531119715007
2005-12-21,0.7730220713309895
2005-12-22,0.7731504766130136
2005-12-23,0.7738100367697472
2005-12-27,0.7741793424493743
2005-12-28,0.7735961214153181
2005-12-29,0.7801374539571165
2005-12-30,0.7800272156047509
2006-01-03,0.7795458542712036
2006-01-04,0.7806544075493885
2006-01-05,0.78066088569547
2006-01-06,0.7840498129059703
2006-01-09,0.784208181559554
2006-01-10,0.8007390616640783
2006-01-11,0.8170272442513298
2006-01-12,0.8219079338036102
2006-01-13,0.828240015282578
2006-01-17,0.8305184405616436
2006-01-18,0.8353685801830858
2006-01-19,0.8419136361296151
2006-01-20,0.8591075701185069
2006-01-23,0.8654975012900341
2006-01-24,0.8646595061371641
2006-01-25,0.8705181929159717
2006-01-26,0.8780904124050057
2006-01-27,0.8781837709895138
2006-01-30,0.8781473276877282
2006-01-31,0.8832360709303112
2006-02-01,0.8863529980159172
2006-02-02,0.8859655491461579
2006-02-03,0.892652826236158
2006-02-06,0.9041617162905716
2006-02-07,0.90919371992516
2006-02-08,0.9092582587103932
2006-02-09,0.9181830619187746
2006-02-10,0.91897795154441
2006-02-13,0.9190191857285792
2006-02-14,0.9182119749971956
2006-02-15,0.9239348865124288
2006-02-16,0.9254284533044824
2006-02-17,0.9316723214031308
2006-02-21,0.9315785510348704
2006-02-22,0.9327881319974424
2006-02-23,0.9327314839064744
2006-02-24,0.9326826883810676
2006-02-27,0.9327763824110084
2006-02-28,0.9328907266293686
2006-03-01,0.9340135004799412
2006-03-02,0.9343210811288152
2006-03-03,0.9402647931280032
2006-03-06,0.940278781028469
2006-03-07,0.9408381103699942
2006-03-08,0.9414766173700466
2006-03-09,0.9477248305844624
2006-03-10,0.9476314809195786
2006-03-13,0.9476364312022756
2006-03-14,0.9496055389565542
2006-03-15,0.9558276660914732
2006-03-16,0.9555240478795234
2006-03-17,0.9547297405746428
2006-03-20,0.9543595285721824
2006-03-21,0.9561554993334376
2006-03-22,0.964593366509525
2006-03-23,0.9644634345141242
2006-03-24,0.9650735145069286
2006-03-27,0.9648580285710032
2006-03-28,0.9721656647766092
2006-03-29,0.972354800113744
2006-03-30,0.973435033716096
2006-03-31,0.9744408469587622
2006-04-03,0.9744351389244408
2006-04-04,0.9816630126150576
2006-04-05,0.9875382718079232
2006-04-06,1.0037710755682645
2006-04-07,1.0103667714451576
2006-04-10,1.0103180394711877
2006-04-11,1.0105298049141969
2006-04-12,1.0105651120577184
2006-04-13,1.0105651120577184
2006-04-17,1.0183185138077029
2006-04-18,1.0191792328458993
2006-04-19,1.0191200479378313
2006-04-20,1.017929237414286
2006-04-21,1.0179055507621626
2006-04-24,1.0180343541383612
2006-04-25,1.017880500793192
2006-04-26,1.0170381317913046
2006-04-27,1.0170673940779311
2006-04-28,1.022369486820495
2006-05-01,1.021997149050864
2006-05-02,1.0217771210634756
2006-05-03,1.0188232355275375
2006-05-04,1.0186404346193172
2006-05-05,1.0177065178618032
2006-05-08,1.0164787652144724
2006-05-09,1.0153136320963372
2006-05-10,1.0170571963334365
2006-05-11,1.0220753277834238
2006-05-12,1.023785327438954
2006-05-15,1.0233195464582103
2006-05-16,1.0294377521228903
2006-05-17,1.0289489857097225
2006-05-18,1.0323987645495922
2006-05-19,1.0321727535427103
2006-05-22,1.0382770546371594
2006-05-23,1.0413380928199183
2006-05-24,1.0409679541558754
2006-05-25,1.0402319987673003
2006-05-26,1.0406767585743055
2006-05-30,1.038689607414638
2006-05-31,1.0389838661577626
2006-06-01,1.0389708900272383
2006-06-02,1.038415862609852
2006-06-05,1.0404988274047642
2006-06-06,1.0407494966802853
2006-06-07,1.040905879180986
2006-06-08,1.0409067831746373
2006-06-09,1.043674358228086
2006-06-12,1.0435879643386947
2006-06-13,1.0439194924992867
2006-06-14,1.0437193639534843
2006-06-15,1.0443336758483983
2006-06-16,1.0449953737285862
2006-06-19,1.045140477401127
2006-06-20,1.0470943127066
2006-06-21,1.0458408218560953
2006-06-22,1.0487782489841713
2006-06-23,1.0533379884449612
2006-06-26,1.0528724679028885
2006-06-27,1.0530662196604037
2006-06-28,1.0531049826336496
2006-06-29,1.053489507733691
2006-06-30,1.0539527392718884
2006-07-03,1.0575777725307047
2006-07-05,1.0576447592435032
2006-07-06,1.0574305294321398
2006-07-07,1.0641855269323386
2006-07-10,1.0642827657305425
2006-07-11,1.068313464865506
2006-07-12,1.0686332506633074
2006-07-13,1.0687712898680954
2006-07-14,1.0743219374379556
2006-07-17,1.0737378977117922
2006-07-18,1.07193621810255
2006-07-19,1.0684116358971445
2006-07-20,1.0892713131730651
2006-07-21,1.0961243035605173
2006-07-24,1.1030928546654366
2006-07-25,1.1030291072967335
2006-07-26,1.1081197666292275
2006-07-27,1.109780066363317
2006-07-28,1.109349856219225
2006-07-31,1.1152981035106282
2006-08-01,1.1155694734984882
2006-08-02,1.1157369422610026
2006-08-03,1.115385247032266
2006-08-04,1.1155383295762975
2006-08-07,1.115572242727274
2006-08-08,1.1243724443650822
2006-08-09,1.129175077446456
2006-08-10,1.1292162563078547
2006-08-11,1.1292224867212928
2006-08-14,1.129170042872386
2006-08-15,1.1296145464807246
2006-08-16,1.1332385551812532
2006-08-17,1.1347294230307805
2006-08-18,1.13561804982007
2006-08-21,1.134596539767171
2006-08-22,1.134303919757042
2006-08-23,1.138719887027911
2006-08-24,1.1345980143580194
2006-08-25,1.1334020554355462
2006-08-28,1.1343622977122316
2006-08-29,1.1364811292609769
2006-08-30,1.13663650680697
2006-08-31,1.1387351411903834
2006-09-01,1.1390118402844207
2006-09-05,1.1492944815046726
2006-09-06,1.149364263834423
2006-09-07,1.1494075363396057
2006-09-08,1.1497873455255714
2006-09-11,1.1497637341477676
2006-09-12,1.1507413246703475
2006-09-13,1.1504002705769565
2006-09-14,1.1499240281888108
2006-09-15,1.1520747107050575
2006-09-18,1.1516823808518293
2006-09-19,1.150404034367599
2006-09-20,1.1484170803143776
2006-09-21,1.149982438907799
2006-09-22,1.1599089898049793
2006-09-25,1.160517969039409
2006-09-26,1.1608208990103583
2006-09-27,1.1608195086100512
2006-09-28,1.159999403544869
2006-09-29,1.159126220200145
2006-10-02,1.159730385634277
2006-10-03,1.1668513911776033
2006-10-04,1.1684303652071415
2006-10-05,1.1681235506638716
2006-10-06,1.1675845928518498
2006-10-09,1.166173389211074
2006-10-10,1.1653653550987393
2006-10-11,1.163895051934566
2006-10-12,1.16084615459217
2006-10-13,1.1583823218008644
2006-10-16,1.1638280122347684
2006-10-17,1.163499273969717
2006-10-18,1.163072832596675
2006-10-19,1.1605483610715082
2006-10-20,1.17088590519855
2006-10-23,1.175533557036868
2006-10-24,1.1741677489778095
2006-10-25,1.1693797840097573
2006-10-26,1.1664996983259317
2006-10-27,1.1629788843075528
2006-10-30,1.159335357848198
2006-10-31,1.1544377816525695
2006-11-01,1.154929682910412
2006-11-02,1.1536851156740942
2006-11-03,1.1540743846740802
2006-11-06,1.153647952645788
2006-11-07,1.1536936225617525
2006-11-08,1.1527550433871483
2006-11-09,1.1584219863486274
2006-11-10,1.15507807164564
2006-11-13,1.152918646763215
2006-11-14,1.1508154029184137
2006-11-15,1.1469738645163414
2006-11-16,1.1424546440590126
2006-11-17,1.136798375211015
2006-11-20,1.1346642924387529
2006-11-21,1.1298527863262682
2006-11-22,1.1319905447577747
2006-11-24,1.1307349829741695
2006-11-27,1.127776669424134
2006-11-28,1.130414975019727
2006-11-29,1.1321459021478533
2006-11-30,1.1327983021913954
2006-12-01,1.1328131093874634
2006-12-04,1.1308111543654151
2006-12-05,1.1316059303684052
2006-12-06,1.1306690214593595
2006-12-07,1.128100179501459
2006-12-08,1.1257186193761597
2006-12-11,1.1248542188472634
2006-12-12,1.1302075494213917
2006-12-13,1.1295283775645597
2006-12-14,1.1319334218337802
2006-12-15,1.1312337094130218
2006-12-18,1.129468319008054
2006-12-19,1.1306486717711444
2006-12-20,1.1294694772315592
2006-12-21,1.1334966208484174
2006-12-22,1.1343733015058894
2006-12-26,1.139943901117084
2006-12-27,1.1401770730757756
2006-12-28,1.143459851691699
2006-12-29,1.1432998078664278
2007-01-03,1.1444800590602795
2007-01-04,1.1442800924738934
2007-01-05,1.144915867942263
2007-01-08,1.1487494290121671
2007-01-09,1.1673927043785428
2007-01-10,1.185575696261104
2007-01-11,1.1972877190467148
2007-01-12,1.1939714288977383
2007-01-16,1.1979405815891853
2007-01-17,1.1971902026767265
2007-01-18,1.2067199736609466
2007-01-19,1.2156210521156297
2007-01-22,1.2198714905252668
2007-01-23,1.221889081364729
2007-01-24,1.2204853574973238
2007-01-25,1.215942703393352
2007-01-26,1.2123850517418036
2007-01-29,1.2120278261997095
2007-01-30,1.2094012977960915
2007-01-31,1.2068022870149
2007-02-01,1.205990826941861
2007-02-02,1.206169854689452
2007-02-05,1.2050268190561773
2007-02-06,1.2051430948559994
2007-02-07,1.2012666440476127
2007-02-08,1.1966916997100772
2007-02-09,1.1958216135641782
2007-02-12,1.1967460272247858
2007-02-13,1.1966351353226492
2007-02-14,1.1908296758584125
2007-02-15,1.1879748804772414
2007-02-16,1.1816831278658186
2007-02-20,1.1815427643999357
2007-02-21,1.1764154171293284
2007-02-22,1.1722881062770585
2007-02-23,1.173246526215474
2007-02-26,1.1722990930190655
2007-02-27,1.18481571790351
2007-02-28,1.1833544251335302
2007-03-01,1.1814334351939733
2007-03-02,1.1765595027309574
2007-03-05,1.170833307396978
2007-03-06,1.1650591386090596
2007-03-07,1.159546263324281
2007-03-08,1.1545495573172269
2007-03-09,1.1488122078925918
2007-03-12,1.148084371989301
2007-03-13,1.1456139248746626
2007-03-14,1.1426851985055282
2007-03-15,1.138724633112271
2007-03-16,1.1352857517590385
2007-03-19,1.1279498961432353
2007-03-20,1.131159728804256
2007-03-21,1.1344981573517845
2007-03-22,1.1346774273980842
2007-03-23,1.132810479930029
2007-03-26,1.1281543016242457
2007-03-27,1.123756772864741
2007-03-28,1.118671008610264
2007-03-29,1.1138284354786236
2007-03-30,1.115002994059911
2007-04-02,1.1103584946630505
2007-04-03,1.1062506780736832
2007-04-04,1.101067614500379
2007-04-05,1.096761143953498
2007-04-09,1.0928648643234002
2007-04-10,1.093485808606464
2007-04-11,1.0920497856161764
2007-04-12,1.0905815370519394
2007-04-13,1.0860955006632511
2007-04-16,1.0827217042659651
2007-04-17,1.0790228395704655
2007-04-18,1.0781932838384822
2007-04-19,1.074685118228484
2007-04-20,1.0712393676972125
2007-04-23,1.072694702074926
2007-04-24,1.068458227970539
2007-04-25,1.0630128092678597
2007-04-26,1.0604758827786145
2007-04-27,1.0596346676736386
2007-04-30,1.0553316784535631
2007-05-01,1.0506550738470748
2007-05-02,1.0455682745677657
2007-05-03,1.043968472474155
2007-05-04,1.0411555619978183
2007-05-07,1.041331044980165
2007-05-08,1.0399459439452414
2007-05-09,1.0425675232106146
2007-05-10,1.0393298118060492
2007-05-11,1.034487864735267
2007-05-14,1.034914220994586
2007-05-15,1.032354780701325
2007-05-16,1.0315511659612215
2007-05-17,1.0264713050363188
2007-05-18,1.0232485618352258
2007-05-21,1.021424978770126
2007-05-22,1.017451684528988
2007-05-23,1.0175496230280416
2007-05-24,1.0165972419476927
2007-05-25,1.0131340032196163
2007-05-29,1.0087425947944932
2007-05-30,1.0059416950772764
2007-05-31,1.0071478023843088
2007-06-01,1.0028599695878462
2007-06-04,1.0146544988325263
2007-06-05,1.0138297444580506
2007-06-06,1.0132768243995889
2007-06-07,1.0098507331490518
2007-06-08,1.005606683180169
2007-06-11,1.0036003649367593
2007-06-12,1.0009552054226034
2007-06-13,1.002572566428128
2007-06-14,1.000214116647948
2007-06-15,0.9974703400886156
2007-06-18,0.998415271666034
2007-06-19,1.0000495080129153
2007-06-20,0.9979509278389416
2007-06-21,0.9959286798869807
2007-06-22,0.9943765312186744
2007-06-25,0.9984069794807168
2007-06-26,0.9981814329958276
2007-06-27,0.9984216151208126
2007-06-28,0.9983746126416108
2007-06-29,0.9987650421394842
2007-07-02,0.9975918296653672
2007-07-03,0.99778903124764
2007-07-05,1.0042887136787526
2007-07-06,1.0074177565855045
2007-07-09,1.0048042323568231
2007-07-10,1.0051908430945489
2007-07-11,1.0047259567386049
2007-07-12,1.0022828511958732
2007-07-13,1.0071161836594942
2007-07-16,1.005382969143452
2007-07-17,1.004921398991966
2007-07-18,1.0054282739651852
2007-07-19,1.0089636578464316
2007-07-20,1.005313297391508
2007-07-23,1.0135788829924126
2007-07-24,1.0138469207227176
2007-07-25,1.012714834750743
2007-07-26,1.0165070396218676
2007-07-27,1.0138683300264115
2007-07-30,1.0133431678497975
2007-07-31,1.023060835062219
2007-08-01,1.0254004941676873
2007-08-02,1.0237007807742915
2007-08-03,1.0227109196770143
2007-08-06,1.026668190385868
2007-08-07,1.0250387615548966
2007-08-08,1.026273835401114
2007-08-09,1.0313278714458067
2007-08-10,1.037790545208218
2007-08-13,1.0352571785131626
2007-08-14,1.0334274169977624
2007-08-15,1.0387735074785365
2007-08-16,1.0392318805716114
2007-08-17,1.0372319990871917
2007-08-20,1.0338635079811966
2007-08-21,1.0344062673451389
2007-08-22,1.0412508126855458
2007-08-23,1.037472515545027
2007-08-24,1.0428475348885524
2007-08-27,1.0414830355485185
2007-08-28,1.044004499231441
2007-08-29,1.04240633701242
2007-08-30,1.040498536016019
2007-08-31,1.037501837347715
2007-09-04,1.0409200899567286
2007-09-05,1.036924329249111
2007-09-06,1.042461888250574
2007-09-07,1.0450421922021655
2007-09-10,1.0430802400882613
2007-09-11,1.0407533627949217
2007-09-12,1.0356205913663403
2007-09-13,1.03228403580888
2007-09-14,1.034050015278592
2007-09-17,1.0331776298352553
2007-09-18,1.031088722251133
2007-09-19,1.029599753217957
2007-09-20,1.0273005415548968
2007-09-21,1.0231453687057823
2007-09-24,1.0263954672352378
2007-09-25,1.0335418358622643
2007-09-26,1.0376685549600608
2007-09-27,1.0375583581401706
2007-09-28,1.036757199835723
2007-10-01,1.033006714582544
2007-10-02,1.028726990762726
2007-10-03,1.0261395532065194
2007-10-04,1.0234647353550377
2007-10-05,1.0251947881363088
2007-10-08,1.029533276130024
2007-10-09,1.0317574410498915
2007-10-10,1.0339974639927945
2007-10-11,1.0333783124403728
2007-10-12,1.0332999807531054
2007-10-15,1.0320882117674552
2007-10-16,1.0249391422423926
2007-10-17,1.0234405415755166
2007-10-18,1.027435404438834
2007-10-19,1.026686117206797
2007-10-22,1.025967488337738
2007-10-23,1.035793748498663
2007-10-24,1.042665535232034
2007-10-25,1.0407011561029595
2007-10-26,1.0363247477185769
2007-10-29,1.0325089870589204
2007-10-30,1.028509826761091
2007-10-31,1.0283236790744608
2007-11-01,1.0269747115379282
2007-11-02,1.0272300642321115
2007-11-05,1.022672516940924
2007-11-06,1.0190038072849397
2007-11-07,1.0176205334639246
2007-11-08,1.0301847851511448
2007-11-09,1.0583131890507491
2007-11-12,1.103286966632413
2007-11-13,1.106522225543823
2007-11-14,1.1078325508775722
2007-11-15,1.1055457885302604
2007-11-16,1.1013012887033156
2007-11-19,1.0976714389837423
2007-11-20,1.0926930574148734
2007-11-21,1.08880285639302
2007-11-23,1.0912249513384886
2007-11-26,1.0910131618741423
2007-11-27,1.096593274992154
2007-11-28,1.0994799810316118
2007-11-29,1.103309798120562
2007-11-30,1.1013590778406042
2007-12-03,1.0997392561164738
2007-12-04,1.0975668560933034
2007-12-05,1.098074210637933
2007-12-06,1.1032918928304811
2007-12-07,1.111403957956581
2007-12-10,1.1121596240990002
2007-12-11,1.111286125964417
2007-12-12,1.107646293318806
2007-12-13,1.1028925723775929
2007-12-14,1.098807213912891
2007-12-17,1.0991981075788175
2007-12-18,1.1044592440691097
2007-12-19,1.1027387586309303
2007-12-20,1.100598031777723
2007-12-21,1.1039117718511935
2007-12-24,1.1066917843207529
2007-12-26,1.1054001644054643
2007-12-27,1.1031372538275164
2007-12-28,1.0980771951805592
2007-12-31,1.0964675521010956
2008-01-02,1.095986075734848
2008-01-03,1.0966029154049182
2008-01-04,1.1122235659704325
2008-01-07,1.1246584144264902
2008-01-08,1.1398596094729607
2008-01-09,1.1386579621753377
2008-01-10,1.1414925753751255
2008-01-11,1.1399073285463708
2008-01-14,1.14094675319679
2008-01-15,1.1389756012904095
2008-01-16,1.1508402169417595
2008-01-17,1.1534633234283576
2008-01-18,1.1493519553154603
2008-01-22,1.1459996291715406
2008-01-23,1.1673040794473608
2008-01-24,1.1779831199603663
2008-01-25,1.1956285612943032
2008-01-28,1.1959115325682006
2008-01-29,1.192283192597639
2008-01-30,1.1873092130725442
2008-01-31,1.1853868620184096
2008-02-01,1.180965267898547
2008-02-04,1.1791920135635936
2008-02-05,1.1754711349855316
2008-02-06,1.1785594744822994
2008-02-07,1.1774061538195495
2008-02-08,1.1744955628578952
2008-02-11,1.1705867096275897
2008-02-12,1.1668670065231916
2008-02-13,1.1640556490305125
2008-02-14,1.1593082415015772
2008-02-15,1.155284967600881
2008-02-19,1.1514191256657196
2008-02-20,1.147562931940553
2008-02-21,1.1475091481658146
2008-02-22,1.1433744152968244
2008-02-25,1.1389713729068276
2008-02-26,1.1361283065368184
2008-02-27,1.1316183658579404
2008-02-28,1.131353888805726
2008-02-29,1.1300472317491468
2008-03-03,1.127435058179508
2008-03-04,1.12591898548087
2008-03-05,1.1229952449152931
2008-03-06,1.1171734772013202
2008-03-07,1.1195050941910618
2008-03-10,1.1183535465904917
2008-03-11,1.1149514975191808
2008-03-12,1.1124267568898647
2008-03-13,1.1094842351356031
2008-03-14,1.10480596498699
2008-03-17,1.1014598991572009
2008-03-18,1.097930195658848
2008-03-19,1.0931802944208142
2008-03-20,1.0882110457585124
2008-03-24,1.087168437341414
2008-03-25,1.083571632763394
2008-03-26,1.081738681561212
2008-03-27,1.07974582286882
2008-03-28,1.0757344572809533
2008-03-31,1.072806001105596
2008-04-01,1.06730644163536
2008-04-02,1.0613027777435768
2008-04-03,1.0582462701118094
2008-04-04,1.0574133709058005
2008-04-07,1.0545142761669606
2008-04-08,1.050626269537297
2008-04-09,1.0457211045339383
2008-04-10,1.0432869202784816
2008-04-11,1.0408898620830849
2008-04-14,1.0411287008244647
2008-04-15,1.03703800512928
2008-04-16,1.033444551396569
2008-04-17,1.028664611135554
2008-04-18,1.0300433198133034
2008-04-21,1.028246245460806
2008-04-22,1.0254601374572052
2008-04-23,1.0216805734297587
2008-04-24,1.0191564991496893
2008-04-25,1.021631778072499
2008-04-28,1.0217390855701804
2008-04-29,1.0219734543502577
2008-04-30,1.024870173848077
2008-05-01,1.023871208591931
2008-05-02,1.0234867036392192
2008-05-05,1.0276828327932506
2008-05-06,1.029040262197166
2008-05-07,1.0272425342060003
2008-05-08,1.0260038950902717
2008-05-09,1.021892386885965
2008-05-12,1.0188816378858094
2008-05-13,1.0166251056603568
2008-05-14,1.0118425107611175
2008-05-15,1.0123160767632038
2008-05-16,1.009444654919705
2008-05-19,1.01149152380622
2008-05-20,1.009036884872761
2008-05-21,1.009497490152586
2008-05-22,1.0085741393340388
2008-05-23,1.0035010054027258
2008-05-27,1.0012372864203594
2008-05-28,0.9978132031489372
2008-05-29,0.9947301789039464
2008-05-30,0.989519580159118
2008-06-02,0.9841952489844192
2008-06-03,0.9835456219796928
2008-06-04,0.9825026512050812
2008-06-05,0.9859723012748512
2008-06-06,0.9859314998056922
2008-06-09,0.9848273590447362
2008-06-10,0.9835366774771108
2008-06-11,0.9830734150047435
2008-06-12,0.98204247904118
2008-06-13,0.9832564010423882
2008-06-16,0.980362840520792
2008-06-17,0.977685858394966
2008-06-18,0.9754503042638766
2008-06-19,0.9725236825376464
2008-06-20,0.9738829140152728
2008-06-23,0.9707811082436846
2008-06-24,0.9696032759173858
2008-06-25,0.964769754215504
2008-06-26,0.9625262055617751
2008-06-27,0.9561239376547096
2008-06-30,0.9511245152941348
2008-07-01,0.9470146411726909
2008-07-02,0.9424139394213225
2008-07-03,0.9366685632370464
2008-07-07,0.9310528067783124
2008-07-08,0.9280025180746456
2008-07-09,0.9240523839289384
2008-07-10,0.922428807555526
2008-07-11,0.9173153402126628
2008-07-14,0.9136499217622231
2008-07-15,0.9098122367814496
2008-07-16,0.9083777773840832
2008-07-17,0.9053561376100376
2008-07-18,0.8985449847145832
2008-07-21,0.8945200655928346
2008-07-22,0.8926084858403325
2008-07-23,0.8896280347732635
2008-07-24,0.8857892783714554
2008-07-25,0.8811751698653583
2008-07-28,0.8795844070630119
2008-07-29,0.8789407807229752
2008-07-30,0.8748853117324049
2008-07-31,0.8717485928466665
2008-08-01,0.8687113700870546
2008-08-04,0.8650819903507343
2008-08-05,0.8676127322167049
2008-08-06,0.870402681294405
2008-08-07,0.8693869195256345
2008-08-08,0.8687329380208908
2008-08-11,0.8681171915893969
2008-08-12,0.8657038338629931
2008-08-13,0.8632819662159046
2008-08-14,0.86106411086064
2008-08-15,0.8605160098373804
2008-08-18,0.8584105411728988
2008-08-19,0.8555406548648704
2008-08-20,0.8525786110211959
2008-08-21,0.8525812728370563
2008-08-22,0.8487640509348121
2008-08-25,0.848254441623088
2008-08-26,0.8466825533727378
2008-08-27,0.8455692873483492
2008-08-28,0.845156471657508
2008-08-29,0.8421007853287327
2008-09-02,0.8409144724917892
2008-09-03,0.8445419843825724
2008-09-04,0.8443167477890055
2008-09-05,0.8436374240427678
2008-09-08,0.8439022489854
2008-09-09,0.8442481129924886
2008-09-10,0.841019074602482
2008-09-11,0.8406299544915282
2008-09-12,0.8404011098305554
2008-09-15,0.8399328946024359
2008-09-16,0.8400187818279282
2008-09-17,0.8420891081526057
2008-09-18,0.8396797767507699
2008-09-19,0.8388606161542977
2008-09-22,0.8370562361651823
2008-09-23,0.8362401467747025
2008-09-24,0.8353060198603929
2008-09-25,0.837488607350738
2008-09-26,0.8371366174118954
2008-09-29,0.8473811381885124
2008-09-30,0.8449743372613374
2008-10-01,0.8432182560297096
2008-10-02,0.8455403948263617
2008-10-03,0.8440908359899788
2008-10-06,0.8402734550649757
2008-10-07,0.8377563304995109
2008-10-08,0.8362159026116075
2008-10-09,0.8338923835774554
2008-10-10,0.8308027829305169
2008-10-13,0.8301943254846516
2008-10-14,0.8306704996794663
2008-10-15,0.8326825221143899
2008-10-16,0.8322051409922965
2008-10-17,0.8315290991274334
2008-10-20,0.8288445629757779
2008-10-21,0.8270454214750744
2008-10-22,0.8233508986145349
2008-10-23,0.8200757771797199
2008-10-24,0.8160664733566345
2008-10-27,0.8101791401292003
2008-10-28,0.8058974853310594
2008-10-29,0.8037441783350482
2008-10-30,0.8026208942304313
2008-10-31,0.8009736065782151
2008-11-03,0.7989550550338355
2008-11-04,0.7957077358455555
2008-11-05,0.7928893221332434
2008-11-06,0.7919386884223183
2008-11-07,0.7898496221400685
2008-11-10,0.7890640796334271
2008-11-11,0.7872300022427379
2008-11-12,0.784772176074176
2008-11-13,0.7809717904988405
2008-11-14,0.7768998797787323
2008-11-17,0.7756630414093069
2008-11-18,0.7712530075260288
2008-11-19,0.768022459275405
2008-11-20,0.7662136903994446
2008-11-21,0.7622442578369699
2008-11-24,0.7615095839794899
2008-11-25,0.7596240354435224
2008-11-26,0.7588527933796148
2008-11-28,0.7582079248091624
2008-12-01,0.7584337361618049
2008-12-02,0.7574595063558195
2008-12-03,0.7592516790081381
2008-12-04,0.7587887528003644
2008-12-05,0.7586889501297527
2008-12-08,0.7570941316377583
2008-12-09,0.757126087695287
2008-12-10,0.7551535586689218
2008-12-11,0.7522816233610761
2008-12-12,0.7491861528429352
2008-12-15,0.744894035864683
2008-12-16,0.7455065677287659
2008-12-17,0.7462336033356535
2008-12-18,0.7454099444842095
2008-12-19,0.7448106619217673
2008-12-22,0.7432531450121977
2008-12-23,0.7431308475101417
2008-12-24,0.7421779115303822
2008-12-26,0.7412125493595708
2008-12-29,0.7381516463978826
2008-12-30,0.7359341543123328
2008-12-31,0.7328188654577216
2009-01-02,0.727193470292472
2009-01-05,0.7250786714244863
2009-01-06,0.7223446913999566
2009-01-07,0.719744598573731
2009-01-08,0.7174416546694772
2009-01-09,0.7117847036660457
2009-01-12,0.7086494349323557
2009-01-13,0.7110459600429695
2009-01-14,0.7108448841440256
2009-01-15,0.7116862250885277
2009-01-16,0.7109870047971314
2009-01-20,0.7110899473500552
2009-01-21,0.7102692305033674
2009-01-22,0.7111647318132116
2009-01-23,0.7113986611570507
2009-01-26,0.7120309749963497
2009-01-27,0.7125512401735171
2009-01-28,0.7125056125227925
2009-01-29,0.712443114756553
2009-01-30,0.7111901000857991
2009-02-02,0.7092086049325941
2009-02-03,0.7061170290192036
2009-02-04,0.7025682464099307
2009-02-05,0.6987571320829482
2009-02-06,0.6987218064928798
2009-02-09,0.6969957511787438
2009-02-10,0.6978800329590532
2009-02-11,0.6967756263252982
2009-02-12,0.6956990600115281
2009-02-13,0.6941297601930124
2009-02-17,0.6908601868315727
2009-02-18,0.6892410422650429
2009-02-19,0.6863813911023109
2009-02-20,0.6847338953277492
2009-02-23,0.6821127430854373
2009-02-24,0.6817647506599571
2009-02-25,0.6814134373778107
2009-02-26,0.679319012275945
2009-02-27,0.677878356131469
2009-03-02,0.677878356131469
2009-03-03,0.6782066112317072
2009-03-04,0.6781393186267971
2009-03-05,0.6775496866353166
2009-03-06,0.6778359843129073
2009-03-09,0.6773990934655483
2009-03-10,0.6776179623195866
2009-03-11,0.6766394574309996
2009-03-12,0.6768815801233901
2009-03-13,0.6749439356983924
2009-03-16,0.6731448963314101
2009-03-17,0.6711339116687305
2009-03-18,0.6689678921635028
2009-03-19,0.6651486503427992
2009-03-20,0.6647240407063667
2009-03-23,0.6670441375774261
2009-03-24,0.666022248028238
2009-03-25,0.6660449640836882
2009-03-26,0.6650731526569006
2009-03-27,0.66483993690338
2009-03-30,0.6619052845434904
2009-03-31,0.6609121064235469
2009-04-01,0.6599367070810018
2009-04-02,0.6582249728237874
2009-04-03,0.6597516326133948
2009-04-06,0.6600515963728335
2009-04-07,0.6604961587554645
2009-04-08,0.6608493841775991
2009-04-09,0.6587010894934341
2009-04-13,0.6588613250504081
2009-04-14,0.6589465668207568
2009-04-15,0.659883359731168
2009-04-16,0.6584307462542388
2009-04-17,0.6560656042775619
2009-04-20,0.6546695296245804
2009-04-21,0.6529016297766106
2009-04-22,0.6521206088498649
2009-04-23,0.6524103029106919
2009-04-24,0.6517965319466043
2009-04-27,0.6517965319466043
2009-04-28,0.6529598175424736
2009-04-29,0.653700030174863
2009-04-30,0.6541975587480793
2009-05-01,0.6537487412144816
2009-05-04,0.6517797806336516
2009-05-05,0.6529309326839279
2009-05-06,0.6508743455105754
2009-05-07,0.6517189167207857
2009-05-08,0.6513285774023738
2009-05-11,0.6519271764447045
2009-05-12,0.6505069196046745
2009-05-13,0.6500184162373829
2009-05-14,0.6499384879107428
2009-05-15,0.6478510886026626
2009-05-18,0.646751513712055
2009-05-19,0.6468320871162989
2009-05-20,0.6461305779135373
2009-05-21,0.646106896800896
2009-05-22,0.6441922014987397
2009-05-26,0.6427407416169487
2009-05-27,0.6420131835551495
2009-05-28,0.6442747049924591
2009-05-29,0.6434537477287696
2009-06-01,0.6440849223473226
2009-06-02,0.6440102843981971
2009-06-03,0.644284209380564
2009-06-04,0.645094157868812
2009-06-05,0.6453773849149029
2009-06-08,0.645337672272268
2009-06-09,0.6452634702790424
2009-06-10,0.6443476669868823
2009-06-11,0.6444362484702102
2009-06-12,0.6449354643064344
2009-06-15,0.6453570882503681
2009-06-16,0.6442847838635403
2009-06-17,0.6438578446686988
2009-06-18,0.641988312841033
2009-06-19,0.6406765816528853
2009-06-22,0.6391760371751402
2009-06-23,0.6366738116466376
2009-06-24,0.6350397741370496
2009-06-25,0.6330232627412967
2009-06-26,0.6315405773217322
2009-06-29,0.6288565960261229
2009-06-30,0.6285040206043954
2009-07-01,0.6286440051191049
2009-07-02,0.6283712753719776
2009-07-06,0.628338839709387
2009-07-07,0.6272180834318407
2009-07-08,0.6270413682634443
2009-07-09,0.6255075040168019
2009-07-10,0.6257138142585378
2009-07-13,0.6250307880540579
2009-07-14,0.6255512372961197
2009-07-15,0.6249309752699727
2009-07-16,0.6239596189546965
2009-07-17,0.6243624919684204
2009-07-20,0.6230699083773676
2009-07-21,0.6221667451794346
2009-07-22,0.622124613600502
2009-07-23,0.621216005824631
2009-07-24,0.622450062417576
2009-07-27,0.6217338039108629
2009-07-28,0.621694432463187
2009-07-29,0.6218941886829162
2009-07-30,0.6196258734074083
2009-07-31,0.6199425531004695
2009-08-03,0.6185090308786545
2009-08-04,0.6177026655148676
2009-08-05,0.6176856868244407
2009-08-06,0.6172037960517033
2009-08-07,0.6162395403904815
2009-08-10,0.6161524243996627
2009-08-11,0.6143950176685774
2009-08-12,0.6126019902243027
2009-08-13,0.6112443446012129
2009-08-14,0.6105567007468587
2009-08-17,0.6123182350182444
2009-08-18,0.6099926538781076
2009-08-19,0.6097882949662888
2009-08-20,0.6078557029510877
2009-08-21,0.6066158147332393
2009-08-24,0.6069830567167153
2009-08-25,0.6059358794865334
2009-08-26,0.6026754140870118
2009-08-27,0.6009015346798572
2009-08-28,0.5994788707842499
2009-08-31,0.597047230127798
2009-09-01,0.5942010204607823
2009-09-02,0.5954870595925216
2009-09-03,0.5951762877656649
2009-09-04,0.5937195011763654
2009-09-08,0.5934001456058093
2009-09-09,0.5924737932287619
2009-09-10,0.5922580361596765
2009-09-11,0.5916487206769012
2009-09-14,0.5892031521571137
2009-09-15,0.5872397110965941
2009-09-16,0.5849433093274252
2009-09-17,0.5837274289834897
2009-09-18,0.5843391636991869
2009-09-21,0.5839500318699558
2009-09-22,0.5825669589159018
2009-09-23,0.5825242771891873
2009-09-24,0.5816681839112826
2009-09-25,0.5805438192686234
2009-09-28,0.5806408331444805
2009-09-29,0.5809942488239381
2009-09-30,0.5819910457693104
2009-10-01,0.5796247431143537
2009-10-02,0.5804541770991447
2009-10-05,0.5802135368297601
2009-10-06,0.5791934434207884
2009-10-07,0.578749911160267
2009-10-08,0.5783639574477484
2009-10-09,0.578668182669854
2009-10-12,0.5777836425650976
2009-10-13,0.5764268352256355
2009-10-14,0.5754680567875972
2009-10-15,0.5750191626919292
2009-10-16,0.5745475798400169
2009-10-19,0.5739561427596408
2009-10-20,0.5730749430335373
2009-10-21,0.5746771011051556
2009-10-22,0.5738919056190994
2009-10-23,0.5732935380713041
2009-10-26,0.5734940691683648
2009-10-27,0.5735483373687382
2009-10-28,0.5734893828924094
2009-10-29,0.5738560453552259
2009-10-30,0.5737176627319063
2009-11-02,0.5726699229840138
2009-11-03,0.5723592604392572
2009-11-04,0.5716153880407208
2009-11-05,0.5711763141181597
2009-11-06,0.5708102499544793
2009-11-09,0.5706007907292945
2009-11-10,0.5701604430000506
2009-11-11,0.5700902511605703
2009-11-12,0.569923997387065
2009-11-13,0.5690830577623509
2009-11-16,0.5673658250155524
2009-11-17,0.5684614489188238
2009-11-18,0.5692193283029898
2009-11-19,0.5684542373433075
2009-11-20,0.5687696555286836
2009-11-23,0.5676899257963749
2009-11-24,0.5674125594852734
2009-11-25,0.5681806912470065
2009-11-27,0.5660800660788939
2009-11-30,0.5652293093312892
2009-12-01,0.5647697290123307
2009-12-02,0.5647790776087928
2009-12-03,0.5657083310774855
2009-12-04,0.5654462436799264
2009-12-07,0.5643214936078877
2009-12-08,0.5663753908327015
2009-12-09,0.5666872123727477
2009-12-10,0.5672894383686751
2009-12-11,0.5661324135743563
2009-12-14,0.5658911656295071
2009-12-15,0.5645352943263964
2009-12-16,0.56421960567923
2009-12-17,0.5633841433299378
2009-12-18,0.5629515088754112
2009-12-21,0.5631466135169841
2009-12-22,0.5626642642924377
2009-12-23,0.5629449177241802
2009-12-24,0.5659689449839015
2009-12-28,0.5653439142214667
2009-12-29,0.5653594531051712
2009-12-30,0.5647083534666261
2009-12-31,0.5640875167887522
2010-01-04,0.5637774477220698
2010-01-05,0.5632231950797711
2010-01-06,0.5608245348761428
2010-01-07,0.5604998870499377
2010-01-08,0.5602402697495482
2010-01-11,0.5608483884252505
2010-01-12,0.560725638884511
2010-01-13,0.5571207505725299
2010-01-14,0.5582637336413864
2010-01-15,0.5596702320636427
2010-01-19,0.5591778389534106
2010-01-20,0.5588360911445226
2010-01-21,0.5583401776381437
2010-01-22,0.5589847737849867
2010-01-25,0.56032664152627
2010-01-26,0.5604438897236602
2010-01-27,0.5596047149184591
2010-01-28,0.5595308692535356
2010-01-29,0.5590652263405528
2010-02-01,0.5576894718494232
2010-02-02,0.5557609423743161
2010-02-03,0.5547025965873611
2010-02-04,0.5542821229641302
2010-02-05,0.5551945502739263
2010-02-08,0.5548844894129848
2010-02-09,0.5553506853892048
2010-02-10,0.5548313208765665
2010-02-11,0.5545799030532328
2010-02-12,0.5540763827593677
2010-02-16,0.5541440294288382
2010-02-17,0.553200497618257
2010-02-18,0.551545973552242
2010-02-19,0.5503577885983121
2010-02-22,0.5497174312735277
2010-02-23,0.5481941618088757
2010-02-24,0.5482550584279354
2010-02-25,0.5480501880522027
2010-02-26,0.5469112573611618
2010-03-01,0.5473411977156896
2010-03-02,0.5478225941493953
2010-03-03,0.548849624064541
2010-03-04,0.5490162193327477
2010-03-05,0.5483689754730703
2010-03-08,0.5485590385096163
2010-03-09,0.5483542099576316
2010-03-10,0.5486970067315547
2010-03-11,0.550167271482046
2010-03-12,0.550325536344284
2010-03-15,0.5488185077984414
2010-03-16,0.5488566493226806
2010-03-17,0.5493931589377365
2010-03-18,0.5510617296065433
2010-03-19,0.5518660676640919
2010-03-22,0.5521898404629001
2010-03-23,0.5523131038077603
2010-03-24,0.5517181387431622
2010-03-25,0.5522869140853756
2010-03-26,0.5524019028456756
2010-03-29,0.5532974333979773
2010-03-30,0.5524487828167416
2010-03-31,0.5527978791164223
2010-04-01,0.5531163800380777
2010-04-05,0.5532771596599965
2010-04-06,0.5535142965362488
2010-04-07,0.5533993064475011
2010-04-08,0.5537959224878088
2010-04-09,0.5532916331376386
2010-04-12,0.5530204746686276
2010-04-13,0.5536011604813694
2010-04-14,0.5527994835870517
2010-04-15,0.5521739438391728
2010-04-16,0.5506754562245335
2010-04-19,0.5488436278656125
2010-04-20,0.5486708829679005
2010-04-21,0.5504858402546136
2010-04-22,0.553995457841252
2010-04-23,0.5548160524580109
2010-04-26,0.556471114423837
2010-04-27,0.5558937252464018
2010-04-28,0.5555831243745589
2010-04-29,0.5556155741411337
2010-04-30,0.5553031119813123
2010-05-03,0.5558756242889404
2010-05-04,0.5562202102089893
2010-05-05,0.5588403849520652
2010-05-06,0.5592209887744943
2010-05-07,0.5646935788049716
2010-05-10,0.5641141978501824
2010-05-11,0.5644365788945982
2010-05-12,0.5633147865985833
2010-05-13,0.5627852153202451
2010-05-14,0.5652893691382861
2010-05-17,0.5651841375705885
2010-05-18,0.5648572837710896
2010-05-19,0.5644953518530894
2010-05-20,0.5658344393120901
2010-05-21,0.5664418140993321
2010-05-24,0.5646072641330172
2010-05-25,0.5639686717090386
2010-05-26,0.5665592945699348
2010-05-27,0.5656150698320516
2010-05-28,0.5654342650689662
2010-06-01,0.5655828255186706
2010-06-02,0.5652224319504849
2010-06-03,0.5655002410897111
2010-06-04,0.5655875373333448
2010-06-07,0.5665207926189404
2010-06-08,0.5664178998766247
2010-06-09,0.567287266074522
2010-06-10,0.567898193223119
2010-06-11,0.5669099198671442
2010-06-14,0.5670769966965739
2010-06-15,0.56620219568998
2010-06-16,0.5681759220498577
2010-06-17,0.5679856165469511
2010-06-18,0.567898193223119
2010-06-21,0.567025668224442
2010-06-22,0.5663028581127368
2010-06-23,0.5656639615082869
2010-06-24,0.5641944210568296
2010-06-25,0.5630846858053069
2010-06-28,0.5623862314168272
2010-06-29,0.5614750963378453
2010-06-30,0.5626036284287746
2010-07-01,0.5654980733088609
2010-07-02,0.5657799469553229
2010-07-06,0.5657134944543077
2010-07-07,0.5673427682129147
2010-07-08,0.5677779666810844
2010-07-09,0.5680122033313941
2010-07-12,0.5678382130512647
2010-07-13,0.5670516937913016
2010-07-14,0.5658305115275948
2010-07-15,0.5652693775477754
2010-07-16,0.5647173504821357
2010-07-19,0.5632869168955534
2010-07-20,0.5632746892061287
2010-07-21,0.5633993071498808
2010-07-22,0.562938988584118
2010-07-23,0.5629035807785544
2010-07-26,0.5634149703625793
2010-07-27,0.5645695521656269
2010-07-28,0.5644752804429195
2010-07-29,0.5646427171680634
2010-07-30,0.5644105202253774
2010-08-02,0.5641173547491802
2010-08-03,0.5630398067787528
2010-08-04,0.5623406085242698
2010-08-05,0.5623138141348034
2010-08-06,0.5626660968724347
2010-08-09,0.5620071006972726
2010-08-10,0.5595554396277256
2010-08-11,0.5582277737053032
2010-08-12,0.5591267099183872
2010-08-13,0.5582282159466272
2010-08-16,0.5575593778442759
2010-08-17,0.5577151662504696
2010-08-18,0.5583485954703734
2010-08-19,0.5584277616261051
2010-08-20,0.5585465305560955
2010-08-23,0.5566066578293588
2010-08-24,0.5572813849096676
2010-08-25,0.5575555891014587
2010-08-26,0.5571171660262614
2010-08-27,0.5569570688767884
2010-08-30,0.5558001647671628
2010-08-31,0.5569147035132714
2010-09-01,0.5552107351450466
2010-09-02,0.556408612850757
2010-09-03,0.556248447021462
2010-09-07,0.5577953743462171
2010-09-08,0.5572801214976377
2010-09-09,0.5585475310551634
2010-09-10,0.558428246694555
2010-09-13,0.5584674515693876
2010-09-14,0.5589830608937565
2010-09-15,0.5588637880736451
2010-09-16,0.5572775830888509
2010-09-17,0.5569561843221065
2010-09-20,0.5558089953466551
2010-09-21,0.5552872629196308
2010-09-22,0.5551206522254529
2010-09-23,0.5555217786346406
2010-09-24,0.5562808393970184
2010-09-27,0.5558792326547601
2010-09-28,0.5556741677405347
2010-09-29,0.5559897721535603
2010-09-30,0.5553512543335806
2010-10-01,0.5551091275566574
2010-10-04,0.5539787857457963
2010-10-05,0.554729620295878
2010-10-06,0.5566256587059895
2010-10-07,0.5569454628711745
2010-10-08,0.5563395617364558
2010-10-11,0.5571009356196723
2010-10-12,0.5571396793906075
2010-10-13,0.556406385335836
2010-10-14,0.555462869511403
2010-10-15,0.5547720031707254
2010-10-18,0.557628117651302
2010-10-19,0.5577074889788897
2010-10-20,0.5560067994879558
2010-10-21,0.5549138175345983
2010-10-22,0.5539335981725179
2010-10-25,0.5538336201797949
2010-10-26,0.5548861701951304
2010-10-27,0.5573366029532629
2010-10-28,0.5560372781696419
2010-10-29,0.5545289208022534
2010-11-01,0.5529969586536233
2010-11-02,0.5530938804868716
2010-11-03,0.5533441718444909
2010-11-04,0.5501859385008472
2010-11-05,0.5479361259126885
2010-11-08,0.5470079146415363
2010-11-09,0.5464705718257877
2010-11-10,0.5452661382434724
2010-11-11,0.5462524037756797
2010-11-12,0.5465574047751143
2010-11-15,0.5472404154986532
2010-11-16,0.547524925011651
2010-11-17,0.5458987002335023
2010-11-18,0.5471913545544873
2010-11-19,0.5481130274789814
2010-11-22,0.5477398241734429
2010-11-23,0.5473900802406878
2010-11-24,0.5469808631645224
2010-11-26,0.5457493083834154
2010-11-29,0.5438079203769272
2010-11-30,0.5409063295945703
2010-12-01,0.5409964189011633
2010-12-02,0.5411961802390228
2010-12-03,0.5402920691542101
2010-12-06,0.538489897071922
2010-12-07,0.5375374243606619
2010-12-08,0.5373882796600915
2010-12-09,0.5387714621241504
2010-12-10,0.5402358105772153
2010-12-13,0.5402398422999001
2010-12-14,0.5397690768399975
2010-12-15,0.5396632325759985
2010-12-16,0.5388672151089653
2010-12-17,0.5402843221503488
2010-12-20,0.540909321379889
2010-12-21,0.5393098292815617
2010-12-22,0.5397942831934721
2010-12-23,0.5407185592518169
2010-12-27,0.5412337973410936
2010-12-28,0.5421818959633061
2010-12-29,0.5442839466318397
2010-12-30,0.5442545673674678
2010-12-31,0.5424757929828178
2011-01-03,0.5414661721921712
2011-01-04,0.5414378317073816
2011-01-05,0.5408569029256449
2011-01-06,0.5409235620746848
2011-01-07,0.5409070706910125
2011-01-10,0.5391102559478553
2011-01-11,0.5388364591302657
2011-01-12,0.5380376576564856
2011-01-13,0.5367372757729012
2011-01-14,0.5365975070574939
2011-01-18,0.535209393394191
2011-01-19,0.5359903481142462
2011-01-20,0.5346669646472819
2011-01-21,0.5360121597907612
2011-01-24,0.5334173341707069
2011-01-25,0.5347889075000973
2011-01-26,0.5335758821012765
2011-01-27,0.5323106592155182
2011-01-28,0.5327749967708091
2011-01-31,0.5334684169478253
2011-02-01,0.532894345723166
2011-02-02,0.5324405133898953
2011-02-03,0.5333429245833793
2011-02-04,0.5332029508211502
2011-02-07,0.533307331163046
2011-02-08,0.5331195013578501
2011-02-09,0.5321333958468439
2011-02-10,0.5323555476616445
2011-02-11,0.5321663193753795
2011-02-14,0.5327449399986589
2011-02-15,0.5337110342740392
2011-02-16,0.5327098281808654
2011-02-17,0.5326880307049732
2011-02-18,0.5344078223923232
2011-02-22,0.5369322738121444
2011-02-23,0.5383135779468549
2011-02-24,0.5374988158549835
2011-02-25,0.5361322822729233
2011-02-28,0.5377770078658786
2011-03-01,0.5376116574532851
2011-03-02,0.5373875397917895
2011-03-03,0.5364637823054058
2011-03-04,0.5362810727509508
2011-03-07,0.5367148799985403
2011-03-08,0.5370861658077624
2011-03-09,0.5362400462315511
2011-03-10,0.536646396100362
2011-03-11,0.5364227395367751
2011-03-14,0.5366691783170044
2011-03-15,0.5352201127610613
2011-03-16,0.5342847809236742
2011-03-17,0.5339429617256302
2011-03-18,0.533743225607281
2011-03-21,0.5327938757911092
2011-03-22,0.5316748511442296
2011-03-23,0.5315044882625363
2011-03-24,0.5300504125453714
2011-03-25,0.5298822016066964
2011-03-28,0.5300504125453714
2011-03-29,0.5299784073039439
2011-03-30,0.5306062346487277
2011-03-31,0.5302361900183846
2011-04-01,0.5290682102124181
2011-04-04,0.5277149320867339
2011-04-05,0.5275533712163215
2011-04-06,0.5255651729323074
2011-04-07,0.5254642962123953
2011-04-08,0.5258491727644113
2011-04-11,0.5243244856752657
2011-04-12,0.5230354766327384
2011-04-13,0.522250972156088
2011-04-14,0.5234135821526038
2011-04-15,0.5232028372661578
2011-04-18,0.523585116449708
2011-04-19,0.5229714007396894
2011-04-20,0.5226107006284837
2011-04-21,0.5213833473713583
2011-04-25,0.5224070592786602
2011-04-26,0.5210881885569278
2011-04-27,0.5193452799666683
2011-04-28,0.5184629400965421
2011-04-29,0.5181633484164733
2011-05-02,0.5171138165294
2011-05-03,0.5168056691354258
2011-05-04,0.5150406430413303
2011-05-05,0.5142927525205667
2011-05-06,0.5154798649665286
2011-05-09,0.5150864146275002
2011-05-10,0.5138587603918339
2011-05-11,0.5137795078748602
2011-05-12,0.5138983423697506
2011-05-13,0.5133830943466854
2011-05-16,0.5133847131262856
2011-05-17,0.5138983423697506
2011-05-18,0.5135406630349363
2011-05-19,0.513180945664462
2011-05-20,0.5131412060900411
2011-05-23,0.5126626715350582
2011-05-24,0.5127840959025407
2011-05-25,0.5122217132024037
2011-05-26,0.5120155869536495
2011-05-27,0.5115763995623166
2011-05-31,0.5112537657420647
2011-06-01,0.5139382294051164
2011-06-02,0.5135387691554076
2011-06-03,0.5134993003471566
2011-06-06,0.512579173001863
2011-06-07,0.5109462438697854
2011-06-08,0.5108149364545556
2011-06-09,0.511046522162098
2011-06-10,0.5114019037090073
2011-06-13,0.5122110007953121
2011-06-14,0.5119655641293569
2011-06-15,0.5116389907297679
2011-06-16,0.5117498399528834
2011-06-17,0.5118347087665269
2011-06-20,0.5105276862206622
2011-06-21,0.5092862134238035
2011-06-22,0.5090999948007124
2011-06-23,0.5094916145688169
2011-06-24,0.5081649588458389
2011-06-27,0.5086810536922836
2011-06-28,0.5084337709612715
2011-06-29,0.5080129223501056
2011-06-30,0.5080743411645791
2011-07-01,0.5074840114721236
2011-07-05,0.5068207898909046
2011-07-06,0.5066444875177851
2011-07-07,0.5062133056079452
2011-07-08,0.5060225858023154
2011-07-11,0.505956905373352
2011-07-12,0.5055619998862831
2011-07-13,0.5048051576017124
2011-07-14,0.5050048044361728
2011-07-15,0.5039483263002003
2011-07-18,0.5046759612917548
2011-07-19,0.5044481570713454
2011-07-20,0.5065172562287543
2011-07-21,0.5070160564724754
2011-07-22,0.5073548857939965
2011-07-25,0.50757239748205
2011-07-26,0.5088513783790292
2011-07-27,0.5080575264563668
2011-07-28,0.508692391502883
2011-07-29,0.5082912683990065
2011-08-01,0.5077117067767929
2011-08-02,0.5076180915032568
2011-08-03,0.508065886722896
2011-08-04,0.5073663650278567
2011-08-05,0.5078437850466354
2011-08-08,0.5121252815430889
2011-08-09,0.5114906214832194
2011-08-10,0.5099763398316324
2011-08-11,0.5099639454793455
2011-08-12,0.5116769989663237
2011-08-15,0.5110735888240168
2011-08-16,0.5117950398743799
2011-08-17,0.5116676173014625
2011-08-18,0.5105699965776325
2011-08-19,0.514134845185508
2011-08-22,0.5148794175731218
2011-08-23,0.5151554453315589
2011-08-24,0.5156210107361332
2011-08-25,0.5153878482213993
2011-08-26,0.514603971947439
2011-08-29,0.5148015987700755
2011-08-30,0.5149166955721557
2011-08-31,0.5125634479918788
2011-09-01,0.512045103406133
2011-09-02,0.5108569037436665
2011-09-06,0.5100544057622801
2011-09-07,0.510288887846119
2011-09-08,0.5099289895550566
2011-09-09,0.5104026121546515
2011-09-12,0.5100422544248197
2011-09-13,0.5097072495877337
2011-09-14,0.5091194760909897
2011-09-15,0.5094858103336116
2011-09-16,0.5106482561244852
2011-09-19,0.5114150293816712
2011-09-20,0.5128784345913878
2011-09-21,0.5131914010996556
2011-09-22,0.5139377297007274
2011-09-23,0.5139377708640432
2011-09-26,0.5128293649654915
2011-09-27,0.5136600314549431
2011-09-28,0.5131891863852789
2011-09-29,0.5132291815546917
2011-09-30,0.5127648005417019
2011-10-03,0.5129634123023089
2011-10-04,0.5155677485357739
2011-10-05,0.5157632568903885
2011-10-06,0.5157651794043434
2011-10-07,0.5162729485760483
2011-10-10,0.5169535129093893
2011-10-11,0.5205902993741361
2011-10-12,0.5227672167580482
2011-10-13,0.5236954981147212
2011-10-14,0.5243384656362052
2011-10-17,0.5246122298731563
2011-10-18,0.5251613256423661
2011-10-19,0.5260443372431514
2011-10-20,0.5288772502715106
2011-10-21,0.5295560469230051
2011-10-24,0.5299221470244956
2011-10-25,0.5303059323111765
2011-10-26,0.5308456457949832
2011-10-27,0.5313896862646506
2011-10-28,0.5303752894338274
2011-10-31,0.5311264212177068
2011-11-01,0.5294220394446458
2011-11-02,0.5282915438609667
2011-11-03,0.5284512194708508
2011-11-04,0.5277779584379103
2011-11-07,0.52803804883793
2011-11-08,0.5269326293538237
2011-11-09,0.5266084277842418
2011-11-10,0.5281886815079314
2011-11-11,0.5275289661432545
2011-11-14,0.5286341679589572
2011-11-15,0.5287553177692899
2011-11-16,0.5284864987940733
2011-11-17,0.5277489230567324
2011-11-18,0.5269331397380911
2011-11-21,0.526583504592819
2011-11-22,0.5275178815291772
2011-11-23,0.5279483029529094
2011-11-25,0.5274015356707775
2011-11-28,0.5272322410987503
2011-11-29,0.5274416046335896
2011-11-30,0.5269977677273203
2011-12-01,0.5267893715110882
2011-12-02,0.528725319244503
2011-12-05,0.5289903921463611
2011-12-06,0.5283014852517054
2011-12-07,0.5283442472573929
2011-12-08,0.5280826350279179
2011-12-09,0.5284481428389454
2011-12-12,0.5284693198747957
2011-12-13,0.5262517288312228
2011-12-14,0.5261103103285873
2011-12-15,0.5275569542883727
2011-12-16,0.5281977589187213
2011-12-19,0.527311152910281
2011-12-20,0.5282621973367457
2011-12-21,0.5284731402811192
2011-12-22,0.5294480172453557
2011-12-23,0.5301362440270972
2011-12-27,0.5304142782093083
2011-12-28,0.5307725847296817
2011-12-29,0.5312173697632843
2011-12-30,0.5315917682093545
2012-01-03,0.5284160844604271
2012-01-04,0.5257127065077103
2012-01-05,0.5245687802865892
2012-01-06,0.5255888051475223
2012-01-09,0.5258528418408451
2012-01-10,0.5264025053264433
2012-01-11,0.5267398361158552
2012-01-12,0.5264045664892247
2012-01-13,0.5260042034716694
2012-01-17,0.525560689746921
2012-01-18,0.5259731569936177
2012-01-19,0.5264829529163919
2012-01-20,0.5263622995027977
2012-01-23,0.525603780155673
2012-01-24,0.5250988484953775
2012-01-25,0.5278732349179981
2012-01-26,0.528932691517823
2012-01-27,0.5290031092235158
2012-01-30,0.5300342671376328
2012-01-31,0.5300743323869406
2012-02-01,0.5298100136010748
2012-02-02,0.5291179264599138
2012-02-03,0.52938330421186
2012-02-06,0.5291083700888763
2012-02-07,0.5288425125868164
2012-02-08,0.5290570631143039
2012-02-09,0.5304072314377118
2012-02-10,0.531160227387654
2012-02-13,0.5317342287947652
2012-02-14,0.5317259148384532
2012-02-15,0.5318045396840533
2012-02-16,0.5317912401953561
2012-02-17,0.5307876126652092
2012-02-21,0.5288431048457064
2012-02-22,0.529106662496016
2012-02-23,0.5295373198803051
2012-02-24,0.5302420222968363
2012-02-27,0.5292871753114731
2012-02-28,0.5292089887008387
2012-02-29,0.529130846995175
2012-03-01,0.5298750104618201
2012-03-02,0.5303077066791699
2012-03-05,0.5309634883118609
2012-03-06,0.5310027917334904
2012-03-07,0.5310027917334904
2012-03-08,0.5300086863383849
2012-03-09,0.5300086863383849
2012-03-12,0.5308849153478553
2012-03-13,0.5318394154115869
2012-03-14,0.5335866311915355
2012-03-15,0.534089963048936
2012-03-16,0.5329817717432068
2012-03-19,0.5336252419848945
2012-03-20,0.5341093883649447
2012-03-21,0.534263835447169
2012-03-22,0.5339923626281924
2012-03-23,0.5330795249799952
2012-03-26,0.5334108137224356
2012-03-27,0.5328682294538957
2012-03-28,0.5328091125283856
2012-03-29,0.5325570012517313
2012-03-30,0.5327962148844498
2012-04-02,0.532678254732642
2012-04-03,0.5324125694354499
2012-04-04,0.5325629435600046
2012-04-05,0.5342059101942399
2012-04-09,0.5339350645476463
2012-04-10,0.533721355083259
2012-04-11,0.5336618089899136
2012-04-12,0.5338184584367569
2012-04-13,0.536054006774765
2012-04-16,0.543142530852848
2012-04-17,0.5435668566671078
2012-04-18,0.543555464537364
2012-04-19,0.5451664518683162
2012-04-20,0.5474478140820913
2012-04-23,0.5510744921194517
2012-04-24,0.5522989765239934
2012-04-25,0.5558756242889404
2012-04-26,0.5587586051451426
2012-04-27,0.5595587360057922
2012-04-30,0.5606146303183195
2012-05-01,0.5603852326009269
2012-05-02,0.5597371964218064
2012-05-03,0.5595152903851052
2012-05-04,0.5623186740192709
2012-05-07,0.5652820181367124
2012-05-08,0.5652150323529731
2012-05-09,0.5656468824221151
2012-05-10,0.5655412334819372
2012-05-11,0.5651969639234276
2012-05-14,0.5650805781970856
2012-05-15,0.5659237207340239
2012-05-16,0.5656691868721746
2012-05-17,0.5691775654557925
2012-05-18,0.5692233188656699
2012-05-21,0.5703398261141909
2012-05-22,0.5706637187745522
2012-05-23,0.5717094031712697
2012-05-24,0.5731185911302658
2012-05-25,0.5726636893448565
2012-05-29,0.5726768393811185
2012-05-30,0.5730408997287332
2012-05-31,0.572933633722652
2012-06-01,0.5732443131602122
2012-06-04,0.5733448789465629
2012-06-05,0.5725616489864405
2012-06-06,0.5724748970300256
2012-06-07,0.5725246660875717
2012-06-08,0.5719336456666327
2012-06-11,0.5719250194975811
2012-06-12,0.5728219257582075
2012-06-13,0.5711398773821932
2012-06-14,0.5724085341909763
2012-06-15,0.5715423215185084
2012-06-18,0.571207528837935
2012-06-19,0.5715131777282482
2012-06-20,0.5710316029714011
2012-06-21,0.5706369963192263
2012-06-22,0.5705463850998078
2012-06-25,0.5703108521216906
2012-06-26,0.5703500822780949
2012-06-27,0.5691796950563655
2012-06-28,0.5699879456524476
2012-06-29,0.5693512977943423
2012-07-02,0.5705766248733505
2012-07-03,0.5705887324940033
2012-07-05,0.5714648848185939
2012-07-06,0.5714250450489178
2012-07-09,0.5724541691475882
2012-07-10,0.5727793938404172
2012-07-11,0.5727900037434397
2012-07-12,0.5727793938404172
2012-07-13,0.5727006159553943
2012-07-16,0.5724459109738842
2012-07-17,0.5709438987547863
2012-07-18,0.570344936316132
2012-07-19,0.5701105306919083
2012-07-20,0.5691076646239811
2012-07-23,0.5689210525658589
2012-07-24,0.5694214343683464
2012-07-25,0.5704106133162958
2012-07-26,0.5704855829684948
2012-07-27,0.5707340127720539
2012-07-30,0.5713513146668082
2012-07-31,0.5729139433433496
2012-08-01,0.5729628112951112
2012-08-02,0.5729732861889912
2012-08-03,0.5730117604881425
2012-08-06,0.5733878690375391
2012-08-07,0.5731617841655904
2012-08-08,0.5742798529053911
2012-08-09,0.5746051730961601
2012-08-10,0.5737225381957638
2012-08-13,0.5733432457079352
2012-08-14,0.5735740210092367
2012-08-15,0.5736510234257273
2012-08-16,0.5731445349930285
2012-08-17,0.5736841684634978
2012-08-20,0.5742678763537544
2012-08-21,0.5751695578861434
2012-08-22,0.5763218277291929
2012-08-23,0.5763730388934676
2012-08-24,0.5764111912697945
2012-08-27,0.5760920145072528
2012-08-28,0.577234381980704
2012-08-29,0.5774665623157561
2012-08-30,0.5759999734926436
2012-08-31,0.5761920401300372
2012-09-04,0.5760627296038474
2012-09-05,0.5769809082771656
2012-09-06,0.5766828032876236
2012-09-07,0.5769552535819665
2012-09-10,0.577445094869493
2012-09-11,0.5772253019704919
2012-09-12,0.5773690368490831
2012-09-13,0.5793943113502092
2012-09-14,0.5794549816082972
2012-09-17,0.5805393380327152
2012-09-18,0.5822737047631552
2012-09-19,0.5819330623289309
2012-09-20,0.5826113698734198
2012-09-21,0.5829265255592685
2012-09-24,0.5818488402166319
2012-09-25,0.5839203195767636
2012-09-26,0.5857347223535542
2012-09-27,0.5859494284480489
2012-09-28,0.5859094085097227
2012-10-01,0.5864205201373056
2012-10-02,0.586341858542732
2012-10-03,0.5866558529809309
2012-10-04,0.5865772712838474
2012-10-05,0.5848685546132948
2012-10-08,0.5856048186654144
2012-10-09,0.586014395845377
2012-10-10,0.5878796922152527
2012-10-11,0.5881756256574597
2012-10-12,0.58766984038457
2012-10-15,0.5879662796915024
2012-10-16,0.5864602197439247
2012-10-17,0.5858520198663
2012-10-18,0.5863227704210922
2012-10-19,0.5881102756091786
2012-10-22,0.5880545141182537
2012-10-23,0.5897543508963375
2012-10-24,0.5897582661621175
2012-10-25,0.5901723769186087
2012-10-26,0.5901199494146385
2012-10-31,0.590159100070436
2012-11-01,0.5904630708868326
2012-11-02,0.5932068945561558
2012-11-05,0.5931128395068413
2012-11-06,0.5933484230711612
2012-11-07,0.5950655054907363
2012-11-08,0.5987065041954691
2012-11-09,0.5995709514562934
2012-11-12,0.6003239572484186
2012-11-13,0.6002899275038348
2012-11-14,0.600917479620841
2012-11-15,0.6011663710713621
2012-11-16,0.6028557789437033
2012-11-19,0.6057484302503922
2012-11-20,0.605700706636175
2012-11-21,0.6058583392950561
2012-11-23,0.6057506704396103
2012-11-26,0.6059814572240363
2012-11-27,0.606138041864109
2012-11-28,0.6060826984201917
2012-11-29,0.6058209627661464
2012-11-30,0.6058602754481712
2012-12-03,0.6061438303782726
2012-12-04,0.6051532428082792
2012-12-05,0.606454409049935
2012-12-06,0.6081393619496158
2012-12-07,0.6106682501484026
2012-12-10,0.6125294140283041
2012-12-11,0.612989742137728
2012-12-12,0.6131392838952815
2012-12-13,0.6121849906920898
2012-12-14,0.613256099664747
2012-12-17,0.6152744462242771
2012-12-18,0.6158488420217283
2012-12-19,0.6158846431758368
2012-12-20,0.6163458334626811
2012-12-21,0.615576192900377
2012-12-24,0.6147975816977312
2012-12-26,0.6147207903014908
2012-12-27,0.6165032277671108
2012-12-28,0.6163096783227594
2012-12-31,0.6175771429899359
2013-01-02,0.6215289449361259
2013-01-03,0.6213349345596119
2013-01-04,0.6214904379224607
2013-01-07,0.6217231741176223
2013-01-08,0.6214902814885411
2013-01-09,0.6233111793353089
2013-01-10,0.621529531696964
2013-01-11,0.6212179282229062
2013-01-14,0.6219144155270052
2013-01-15,0.6241671238060469
2013-01-16,0.6239010310634852
2013-01-17,0.623867474087576
2013-01-18,0.625322695108584
2013-01-22,0.6250845363585715
2013-01-23,0.6253495245786004
2013-01-24,0.6299950108680884
2013-01-25,0.634828451254116
2013-01-28,0.6369592679642675
2013-01-29,0.6371003521580023
2013-01-30,0.6372266832886236
2013-01-31,0.6362102753584946
2013-02-01,0.6358320367552981
2013-02-04,0.6367448113244678
2013-02-05,0.6359377540550971
2013-02-06,0.6363035094703811
2013-02-07,0.6349907545818396
2013-02-08,0.6368126993642769
2013-02-11,0.6377747531756353
2013-02-12,0.6380078605077245
2013-02-13,0.6374144763071878
2013-02-14,0.6376100375244228
2013-02-15,0.6371736960974976
2013-02-19,0.6370150695381599
2013-02-20,0.6373240705238142
2013-02-21,0.6356029745504409
2013-02-22,0.6349362669471453
2013-02-25,0.6367524742969122
2013-02-26,0.636766977135825
2013-02-27,0.635889069718136
2013-02-28,0.6351645630048348
2013-03-01,0.633349023826037
2013-03-04,0.6352519390550707
2013-03-05,0.6345718783104846
2013-03-06,0.6350464086361668
2013-03-07,0.6333566914566328
2013-03-08,0.6325418271393508
2013-03-11,0.6328228386046698
2013-03-12,0.6316838728574619
2013-03-13,0.6321845854905428
2013-03-14,0.6321640208142145
2013-03-15,0.631457984135069
2013-03-18,0.6314947674622131
2013-03-19,0.6309786668033973
2013-03-20,0.6312747015707383
2013-03-21,0.6302761658993605
2013-03-22,0.6302554190899942
2013-03-25,0.6303482918010663
2013-03-26,0.628737459185859
2013-03-27,0.6283287323073997
2013-03-28,0.6280872624921351
2013-04-01,0.6297290468749398
2013-04-02,0.6299819942259888
2013-04-03,0.6305219859909214
2013-04-04,0.6304546788155985
2013-04-05,0.6301039565245184
2013-04-08,0.6293324201703913
2013-04-09,0.6301548923828512
2013-04-10,0.6285696630008851
2013-04-11,0.6278728790026455
2013-04-12,0.6275776309318288
2013-04-15,0.6283100509919773
2013-04-16,0.628399838431604
2013-04-17,0.6298620173410987
2013-04-18,0.6311650733565652
2013-04-19,0.6303622088303178
2013-04-22,0.6301038308200024
2013-04-23,0.6308616341129238
2013-04-24,0.6301037040447393
2013-04-25,0.6295904971076982
2013-04-26,0.629268097645322
2013-04-29,0.6300610424515078
2013-04-30,0.631783630061528
2013-05-01,0.6323228065410623
2013-05-02,0.6323453908287604
2013-05-03,0.631832236599403
2013-05-06,0.6313133344643722
2013-05-07,0.6319349043540862
2013-05-08,0.6316462579012323
2013-05-09,0.6294950747887094
2013-05-10,0.6274495652983488
2013-05-13,0.6286517335213508
2013-05-14,0.6276310124091079
2013-05-15,0.6268548361165792
2013-05-16,0.6273013146754778
2013-05-17,0.6267462701008254
2013-05-20,0.6267876741697317
2013-05-21,0.626495885216015
2013-05-22,0.6268816031774541
2013-05-23,0.627707207759977
2013-05-24,0.6280696373104029
2013-05-28,0.6281238209551655
2013-05-29,0.6282079449763487
2013-05-30,0.626937170751905
2013-05-31,0.6263087397663986
2013-06-03,0.6258219503948935
2013-06-04,0.6247951506133747
2013-06-05,0.6242256849333799
2013-06-06,0.6246513857488555
2013-06-07,0.6241230126035978
2013-06-10,0.6241727505242053
2013-06-11,0.6234448922419875
2013-06-12,0.6222970024042219
2013-06-13,0.6233819489537311
2013-06-14,0.6233461183700775
2013-06-17,0.6216839597991916
2013-06-18,0.6201672621955535
2013-06-19,0.6181844871422597
2013-06-20,0.6168839083157364
2013-06-21,0.6171925090436037
2013-06-24,0.6192196663738655
2013-06-25,0.6183143559868227
2013-06-26,0.6178766315541463
2013-06-27,0.6181785046689287
2013-06-28,0.6173041567811156
2013-07-01,0.6172567576648679
2013-07-02,0.6198693678972742
2013-07-03,0.6207015958801415
2013-07-05,0.6200278768774906
2013-07-08,0.6203833623277492
2013-07-09,0.6202229950008131
2013-07-10,0.6196276311247135
2013-07-11,0.617921440422874
2013-07-12,0.6182707655838822
2013-07-15,0.6182249186431186
2013-07-16,0.6186683795205683
2013-07-17,0.6201450690873157
2013-07-18,0.6216515036143714
2013-07-19,0.6189315262408627
2013-07-22,0.6186510253484279
2013-07-23,0.617425366826847
2013-07-24,0.6165514986729224
2013-07-25,0.6168060419930774
2013-07-26,0.6156769925909023
2013-07-29,0.6133228346557253
2013-07-30,0.6126562742794162
2013-07-31,0.6121462750910729
2013-08-01,0.6124590296565718
2013-08-02,0.6120537099415524
2013-08-05,0.6118583271651163
2013-08-06,0.6112030635013308
2013-08-07,0.6118336192769728
2013-08-08,0.6109582628665295
2013-08-09,0.6096005246515825
2013-08-12,0.6094205100349566
2013-08-13,0.6105352933207898
2013-08-14,0.6109773550928856
2013-08-15,0.6111706822765816
2013-08-16,0.6115007960876597
2013-08-19,0.609448127422384
2013-08-20,0.607534050779912
2013-08-21,0.6063766333731142
2013-08-22,0.6082177171415615
2013-08-23,0.6087289583457332
2013-08-26,0.6093801857202704
2013-08-27,0.608510345756555
2013-08-28,0.6083039789342778
2013-08-29,0.6085997074787594
2013-08-30,0.6086573209836144
2013-09-03,0.607416325567254
2013-09-04,0.6083387534056273
2013-09-05,0.6076224558482753
2013-09-06,0.6079264927766318
2013-09-09,0.6070107948231579
2013-09-10,0.6062200885810302
2013-09-11,0.6086374634805691
2013-09-12,0.6091748119753795
2013-09-13,0.6096988573724714
2013-09-16,0.6089482680105012
2013-09-17,0.6072307335860034
2013-09-18,0.6065227966196668
2013-09-19,0.606212150721564
2013-09-20,0.6050103996986816
2013-09-23,0.6055488081795755
2013-09-24,0.606506909437658
2013-09-25,0.6065223687832274
2013-09-26,0.6057899445516034
2013-09-27,0.6030533520143087
2013-09-30,0.6012394269841911
2013-10-01,0.5989947573324107
2013-10-02,0.5981260025639104
2013-10-03,0.5973928530435787
2013-10-04,0.5971861433816655
2013-10-07,0.5986728517133397
2013-10-08,0.5982186910865833
2013-10-09,0.5979346544961607
2013-10-10,0.5982854828517417
2013-10-11,0.5980784700220044
2013-10-14,0.5969662676294741
2013-10-15,0.5954245717791564
2013-10-16,0.5961966667298215
2013-10-17,0.5965737705290994
2013-10-18,0.5959084543314486
2013-10-21,0.5947268878110361
2013-10-22,0.5946253773396194
2013-10-23,0.595208932849054
2013-10-24,0.596936072005987
2013-10-25,0.5965695180243159
2013-10-28,0.5970263293623297
2013-10-29,0.5951310036243258
2013-10-30,0.5938796207048724
2013-10-31,0.5920825066410874
2013-11-01,0.5904422400778286
2013-11-04,0.5893187835982635
2013-11-05,0.5900636484271112
2013-11-06,0.5892900225758967
2013-11-07,0.5870954617073489
2013-11-08,0.5860591742287798
2013-11-11,0.5859229519566967
2013-11-12,0.5854226914340824
2013-11-13,0.5840735085625722
2013-11-14,0.5825586931496687
2013-11-15,0.5823369126290624
2013-11-18,0.5818154609344416
2013-11-19,0.5797251338886182
2013-11-20,0.5806522022792082
2013-11-21,0.579699524035142
2013-11-22,0.5793923186301311
2013-11-25,0.5792545945389354
2013-11-26,0.5794336471776629
2013-11-27,0.5795855211666304
2013-11-29,0.5797313268037049
2013-12-02,0.5783373148667483
2013-12-03,0.5769300459886351
2013-12-04,0.5756789961645172
2013-12-05,0.5742982549499547
2013-12-06,0.5730488797983471
2013-12-09,0.5728740276535019
2013-12-10,0.5735333823760513
2013-12-11,0.5735449407147669
2013-12-12,0.5740894337415791
2013-12-13,0.5738090853238865
2013-12-16,0.573679580743705
2013-12-17,0.5741336737824507
2013-12-18,0.5751917472676247
2013-12-19,0.5746416840085886
2013-12-20,0.5748650258723124
2013-12-23,0.5749729490728596
2013-12-24,0.5758574349525907
2013-12-26,0.5762229418343077
2013-12-27,0.5764760650455584
2013-12-30,0.5759934840648973
2013-12-31,0.5759274984279228
2014-01-02,0.5755823616682605
2014-01-03,0.5749843659514652
2014-01-06,0.5751339956340896
2014-01-07,0.5747458940020347
2014-01-08,0.57373356897204
2014-01-09,0.5723107064101732
2014-01-10,0.5725890745937204
2014-01-13,0.5736396438693254
2014-01-14,0.5738606504027207
2014-01-15,0.573833081851453
2014-01-16,0.5737778484277225
2014-01-17,0.5728884475457459
2014-01-21,0.5729234332814849
2014-01-22,0.5732075316302975
2014-01-23,0.5708449710279007
2014-01-24,0.5703084781318797
2014-01-27,0.5704812471911374
2014-01-28,0.5743543478663374
2014-01-29,0.5757229302443646
2014-01-30,0.5768318584887642
2014-01-31,0.5772905356584898
2014-02-03,0.5774054178526181
2014-02-04,0.5765397749371458
2014-02-05,0.5759760289804318
2014-02-06,0.5772076767171023
2014-02-07,0.5764244861681823
2014-02-10,0.5759760289804318
2014-02-11,0.5760268984201402
2014-02-12,0.5763214734450259
2014-02-13,0.5760115222668067
2014-02-14,0.5757771360987168
2014-02-18,0.5760085972234681
2014-02-19,0.5755308793952273
2014-02-20,0.5753230571198997
2014-02-21,0.5745587098764728
2014-02-24,0.5741978912553133
2014-02-25,0.5747142661564951
2014-02-26,0.5734669063491485
2014-02-27,0.5738061643935006
2014-02-28,0.5722446052422716
2014-03-03,0.5727884717464762
2014-03-04,0.5720587432365735
2014-03-05,0.5730121274558311
2014-03-06,0.5724765868205497
2014-03-07,0.5715251580460775
2014-03-10,0.5721653372336599
2014-03-11,0.5712353797587597
2014-03-12,0.5716609853626108
2014-03-13,0.5707455641792119
2014-03-14,0.571352234512376
2014-03-17,0.5711595824590207
2014-03-18,0.5707545369802854
2014-03-19,0.5711303259095324
2014-03-20,0.5730189268110736
2014-03-21,0.5737059565089586
2014-03-24,0.5734417167703253
2014-03-25,0.5733432457079352
2014-03-26,0.5724739991642744
2014-03-27,0.5723407293225573
2014-03-28,0.5726555918365213
2014-03-31,0.5721675544705626
2014-04-01,0.5699204312517582
2014-04-02,0.5691479112831989
2014-04-03,0.5692621077266952
2014-04-04,0.5682424173939881
2014-04-07,0.5682187374683005
2014-04-08,0.5677661705530942
2014-04-09,0.5666571433875818
2014-04-10,0.566182439531163
2014-04-11,0.5648941682722668
2014-04-14,0.564488999849888
2014-04-15,0.564235650002673
2014-04-16,0.5643792122568023
2014-04-17,0.5636086235313211
2014-04-21,0.5636627324798541
2014-04-22,0.5635902633257601
2014-04-23,0.5623552942775252
2014-04-24,0.5627971536421683
2014-04-25,0.5636410068851023
2014-04-28,0.5656599556816834
2014-04-29,0.5667429901624896
2014-04-30,0.5667673891000968
2014-05-01,0.5669372435314475
2014-05-02,0.5651794411814866
2014-05-05,0.5651139834391237
2014-05-06,0.5646850946425318
2014-05-07,0.5637046559873214
2014-05-08,0.5638976703233429
2014-05-09,0.5641205118332646
2014-05-12,0.5633802944630334
2014-05-13,0.5643612414332789
2014-05-14,0.5650219583571932
2014-05-15,0.564432725571605
2014-05-16,0.563475045074554
2014-05-19,0.5632892113306616
2014-05-20,0.5631593644694265
2014-05-21,0.5621152507982597
2014-05-22,0.5609959958624695
2014-05-23,0.5591239694081762
2014-05-27,0.5574350336345468
2014-05-28,0.556716210768146
2014-05-29,0.5561461196182769
2014-05-30,0.5554192051069755
2014-06-02,0.5527394889144485
2014-06-03,0.5508815090672485
2014-06-04,0.5506247332781093
2014-06-05,0.550158816331123
2014-06-06,0.5501470302379572
2014-06-09,0.5497920357851452
2014-06-10,0.5500738687412551
2014-06-11,0.5508761786701816
2014-06-12,0.5507793881969835
2014-06-13,0.5512846309126088
2014-06-16,0.5511184390656483
2014-06-17,0.5512591817524473
2014-06-18,0.5505369207793293
2014-06-19,0.551065000335524
2014-06-20,0.550435433653378
2014-06-23,0.5505913701005827
2014-06-24,0.5504730057096743
2014-06-25,0.5506289541271938
2014-06-26,0.5511613325897385
2014-06-27,0.5507472373566883
2014-06-30,0.5507151425958611
2014-07-01,0.5511664969332329
2014-07-02,0.5511509808231176
2014-07-03,0.5514204870448819
2014-07-07,0.5503285557510891
2014-07-08,0.5501352091524757
2014-07-09,0.5486406967048074
2014-07-10,0.5472728372902117
2014-07-11,0.5487320284788314
2014-07-14,0.5476851368341338
2014-07-15,0.547520456582217
2014-07-16,0.546974833811915
2014-07-17,0.5433196341568122
2014-07-18,0.5439869226819743
2014-07-21,0.5436114284827417
2014-07-22,0.5421668734745486
2014-07-23,0.5416036331659054
2014-07-24,0.5414195349795594
2014-07-25,0.54135770602712
2014-07-28,0.5413094183171536
2014-07-29,0.5417136012541836
2014-07-30,0.5417995449639824
2014-07-31,0.5407341333297163
2014-08-01,0.5408439747574703
2014-08-04,0.5422404893083524
2014-08-05,0.5425488845438805
2014-08-06,0.5425741698130897
2014-08-07,0.5428818862320525
2014-08-08,0.5417134840673122
2014-08-11,0.5414061642976266
2014-08-12,0.541861099591741
2014-08-13,0.5421438544695626
2014-08-14,0.5421817988387901
2014-08-15,0.5417750110374286
2014-08-18,0.5417009933670084
2014-08-19,0.5423789747348098
2014-08-20,0.5430672268809426
2014-08-21,0.5431560232505084
2014-08-22,0.5438325813085646
2014-08-25,0.5441040287077139
2014-08-26,0.5447794314340815
2014-08-27,0.5445657849718188
2014-08-28,0.5447693831637918
2014-08-29,0.5456220745640835
2014-09-02,0.5454259372591979
2014-09-03,0.5454646430298747
2014-09-04,0.5455487286645185
2014-09-05,0.5456783339686457
2014-09-08,0.5446938588141932
2014-09-09,0.545277836484093
2014-09-10,0.5449161625224713
2014-09-11,0.5449980230076543
2014-09-12,0.5452585796643692
2014-09-15,0.54561285479735
2014-09-16,0.5450508700900286
2014-09-17,0.5458755725239093
2014-09-18,0.5460636730035122
2014-09-19,0.5453502090941487
2014-09-22,0.546166079145777
2014-09-23,0.5449563207171559
2014-09-24,0.5440778368980765
2014-09-25,0.5431334304053229
2014-09-26,0.5434133029748388
2014-09-29,0.543007939037442
2014-09-30,0.542447862397082
2014-10-01,0.5425246562093443
2014-10-02,0.5431500670422456
2014-10-03,0.5431238467158259
2014-10-06,0.5419626227741441
2014-10-07,0.5410260162500309
2014-10-08,0.5406662258173599
2014-10-09,0.5403754703110558
2014-10-10,0.539597827917284
2014-10-13,0.5393916111836343
2014-10-14,0.5395036146710482
2014-10-15,0.5392713126548794
2014-10-16,0.5396633311869526
2014-10-17,0.5397187452352429
2014-10-20,0.5399569347698063
2014-10-21,0.5390335332379119
2014-10-22,0.5403109565693588
2014-10-23,0.5401791983019159
2014-10-24,0.5406768859256098
2014-10-27,0.5402362743179215
2014-10-28,0.539784214555575
2014-10-29,0.5392941317504713
2014-10-30,0.5391241955360235
2014-10-31,0.5382882136569135
2014-11-03,0.5383186968843469
2014-11-04,0.5373532371466316
2014-11-05,0.5374010274151696
2014-11-06,0.5388339784535898
2014-11-07,0.5413338712385388
2014-11-10,0.5427929369893447
2014-11-11,0.5428281724027468
2014-11-12,0.5423879554107813
2014-11-13,0.5422872990117478
2014-11-14,0.5425246562093443
2014-11-17,0.5431534429474139
2014-11-18,0.5419631092238565
2014-11-19,0.5412478515348578
2014-11-20,0.5418129993718288
2014-11-21,0.5413090586000117
2014-11-24,0.5409829911624217
2014-11-25,0.5406796938881585
2014-11-26,0.5394261968153719
2014-11-28,0.5405851936222036
2014-12-01,0.5396051866361137
2014-12-02,0.5397179153336444
2014-12-03,0.539788277223542
2014-12-04,0.5392722085656192
2014-12-05,0.5402478422053899
2014-12-08,0.5398118165437468
2014-12-09,0.5398731821885991
2014-12-10,0.5400384445420107
2014-12-11,0.5402617409499675
2014-12-12,0.5400580515286891
2014-12-15,0.5409886005055026
2014-12-16,0.542483893336562
2014-12-17,0.5419660783636789
2014-12-18,0.543970479883238
2014-12-19,0.5435648067694422
2014-12-22,0.5430207854151389
2014-12-23,0.5428704207486532
2014-12-24,0.5427698547850092
2014-12-26,0.5418264673669417
2014-12-29,0.5418650120403063
2014-12-30,0.5407781873088504
2014-12-31,0.5407263755452503
2015-01-02,0.5424403757939564
2015-01-05,0.5401518960724891
2015-01-06,0.5405307318589967
2015-01-07,0.5407070039238611
2015-01-08,0.5440633693718088
2015-01-09,0.5443355967831391
2015-01-12,0.5443143098819553
2015-01-13,0.5434570986193026
2015-01-14,0.5423956416980392
2015-01-15,0.5427077670857837
2015-01-16,0.5442043913409533
2015-01-20,0.5440087249903217
2015-01-21,0.5420790606604846
2015-01-22,0.5427599777501549
2015-01-23,0.5451031787889103
2015-01-26,0.5456879318697095
2015-01-27,0.5444778887508394
2015-01-28,0.5444078904472537
2015-01-29,0.5457355162994109
2015-01-30,0.5459075682487866
2015-02-02,0.5452958710080055
2015-02-03,0.5441996383595509
2015-02-04,0.5427267026546094
2015-02-05,0.5414836963130806
2015-02-06,0.5396792392601236
2015-02-09,0.5381164105080055
2015-02-10,0.5372446944314098
2015-02-11,0.5373258337733399
2015-02-12,0.5368925584925542
2015-02-13,0.5368551716909363
2015-02-17,0.536380847764686
2015-02-18,0.5363335324116035
2015-02-19,0.5353673013692576
2015-02-20,0.5344508844158861
2015-02-23,0.5324145702817552
2015-02-24,0.5319047283192303
2015-02-25,0.5328755803705567
2015-02-26,0.5328930865497568
2015-02-27,0.5335864655033
2015-03-02,0.5330759915372865
2015-03-03,0.5323345740384582
2015-03-04,0.5328967864300999
2015-03-05,0.5343580982933224
2015-03-06,0.534377156471223
2015-03-09,0.5339783932900555
2015-03-10,0.5342635004437338
2015-03-11,0.5354008781028086
2015-03-12,0.5357821357691954
2015-03-13,0.5355015229590052
2015-03-16,0.5345106398148073
2015-03-17,0.5347188845051919
2015-03-18,0.5352106422544667
2015-03-19,0.5345861849571106
2015-03-20,0.5343397320691232
2015-03-23,0.534798772582572
2015-03-24,0.534645644805658
2015-03-25,0.5334646305245169
2015-03-26,0.5331216998139502
2015-03-27,0.5318937461650081
2015-03-30,0.5305794739881339
2015-03-31,0.5296185703481656
2015-04-01,0.5288341563760525
2015-04-02,0.5263618625487648
2015-04-06,0.5277185181656059
2015-04-07,0.5271021826780609
2015-04-08,0.5271907253263624
2015-04-09,0.5273047102193616
2015-04-10,0.5275460540986742
2015-04-13,0.5284844433129767
2015-04-14,0.528723897796136
2015-04-15,0.529216126844024
2015-04-16,0.528048357794475
2015-04-17,0.5271525453428281
2015-04-20,0.5274549782584017
2015-04-21,0.5276195366948704
2015-04-22,0.5276822471563325
2015-04-23,0.5294332627164553
2015-04-24,0.5288959511993042
2015-04-27,0.530212209407581
2015-04-28,0.5294778243881193
2015-04-29,0.5287195072082567
2015-04-30,0.531126841621133
2015-05-01,0.530978489897738
2015-05-04,0.5314185478280596
2015-05-05,0.5299909753438101
2015-05-06,0.5303129858925281
2015-05-07,0.5308127415128623
2015-05-08,0.5306203113474428
2015-05-11,0.5302989952021271
2015-05-12,0.5310990992479143
2015-05-13,0.5320624262225375
2015-05-14,0.5303042792321772
2015-05-15,0.5304123491831559
2015-05-18,0.5297919989581207
2015-05-19,0.5298607749394492
2015-05-20,0.5295376392598581
2015-05-21,0.5288050186998431
2015-05-22,0.5277001983931866
2015-05-26,0.5273699374186078
2015-05-27,0.5265387669843236
2015-05-28,0.5266264086829704
2015-05-29,0.52676792150974
2015-06-01,0.5265093181540057
2015-06-02,0.5268055603960498
2015-06-03,0.5255015074158839
2015-06-04,0.5252818834825274
2015-06-05,0.5245738934685549
2015-06-08,0.5245355680049967
2015-06-09,0.5242697903009372
2015-06-10,0.5245982092589422
2015-06-11,0.5254103060118153
2015-06-12,0.523771996224368
2015-06-15,0.5237529295499019
2015-06-16,0.5241564501034734
2015-06-17,0.524377356304498
2015-06-18,0.5239542204814776
2015-06-19,0.5240894729470129
2015-06-22,0.5236278370052775
2015-06-23,0.5243129156203624
2015-06-24,0.5234926807091803
2015-06-25,0.5232212331397021
2015-06-26,0.5219616843873033
2015-06-29,0.5201957112170599
2015-06-30,0.5199909576451275
2015-07-01,0.5194896303237859
2015-07-02,0.5189459295896471
2015-07-06,0.5202970948769406
2015-07-07,0.5198410029987653
2015-07-08,0.5199647267678607
2015-07-09,0.5192555017993963
2015-07-10,0.5188580206118435
2015-07-13,0.5188580206118435
2015-07-14,0.5194945659302417
2015-07-15,0.5182686070650407
2015-07-16,0.5172670216182005
2015-07-17,0.5175743419958398
2015-07-20,0.5176660277357491
2015-07-21,0.5180152229686167
2015-07-22,0.5188531230220138
2015-07-23,0.5197098460646451
2015-07-24,0.5202599714140306
2015-07-27,0.5206954434243701
2015-07-28,0.520310444601466
2015-07-29,0.5202913097972045
2015-07-30,0.5207288858863862
2015-07-31,0.5208295885816844
2015-08-03,0.5194829717527372
2015-08-04,0.5198033398771332
2015-08-05,0.520160696319247
2015-08-06,0.5199851086270357
2015-08-07,0.5196006178810172
2015-08-10,0.5204674671035794
2015-08-11,0.5219418403039024
2015-08-12,0.522063445990373
2015-08-13,0.5218816661430344
2015-08-14,0.5219352718717181
2015-08-17,0.5215936218262742
2015-08-18,0.5214947548741199
2015-08-19,0.5208092185412007
2015-08-20,0.5213196067539118
2015-08-21,0.5237323756621711
2015-08-24,0.526607630112279
2015-08-25,0.5274837927610944
2015-08-26,0.5276800053687137
2015-08-27,0.5297080973036447
2015-08-28,0.5310801506667502
2015-08-31,0.5318181653835067
2015-09-01,0.5323099003442086
2015-09-02,0.5320403473512941
2015-09-03,0.5315827776157597
2015-09-04,0.5314619405283496
2015-09-08,0.5312016238240507
2015-09-09,0.530685784087585
2015-09-10,0.5308130094306531
2015-09-11,0.5309247769429768
2015-09-14,0.5308130094306531
2015-09-15,0.5308286974110361
2015-09-16,0.5315434619052846
2015-09-17,0.5319555630073062
2015-09-18,0.5319555630073062
2015-09-21,0.5315670518645169
2015-09-22,0.5313315084362036
2015-09-23,0.5311755639265529
2015-09-24,0.5316453677157803
2015-09-25,0.5319904874933848
2015-09-28,0.5314658519835566
2015-09-29,0.5323721378393252
2015-09-30,0.5322970205154189
2015-10-01,0.5321020317028801
2015-10-02,0.5330459088171048
2015-10-05,0.5331216998139502
2015-10-06,0.5332915558840192
2015-10-07,0.5312724279133982
2015-10-08,0.5312347394083282
2015-10-09,0.5316665446716758
2015-10-12,0.5318937461650081
2015-10-13,0.5323525809932057
2015-10-14,0.5307930968175733
2015-10-15,0.5307335684075305
2015-10-16,0.5307870911118528
2015-10-19,0.5311864495971066
2015-10-20,0.5297793924796864
2015-10-21,0.528281630150622
2015-10-22,0.5287547286201727
2015-10-23,0.5288812256912762
2015-10-26,0.5292460698462306
2015-10-27,0.5290123692454369
2015-10-28,0.528685226647055
2015-10-29,0.529712194715883
2015-10-30,0.5303659996486385
2015-11-02,0.5292142251755323
2015-11-03,0.529673642542678
2015-11-04,0.5295674117865644
2015-11-05,0.5292720288042385
2015-11-06,0.5289757083406604
2015-11-09,0.5286365958205512
2015-11-10,0.5279695550797255
2015-11-11,0.5271395327412581
2015-11-12,0.5275112371503914
2015-11-13,0.5285421337465934
2015-11-16,0.5281266891965959
2015-11-17,0.5276100890784905
2015-11-18,0.5267318342227447
2015-11-19,0.5269792599293928
2015-11-20,0.5271271162509731
2015-11-23,0.5272505739815292
2015-11-24,0.5272630566057163
2015-11-25,0.5266221704239905
2015-11-27,0.5267448286481267
2015-11-30,0.5270036943559239
2015-12-01,0.5276087682131542
2015-12-02,0.5269917932877426
2015-12-03,0.5266602635209966
2015-12-04,0.5267089688360158
2015-12-07,0.5263991752708755
2015-12-08,0.526300043529486
2015-12-09,0.5253908267916427
2015-12-10,0.5264225589149467
2015-12-11,0.5264513529776974
2015-12-14,0.5266851733297623
2015-12-15,0.5265264686466803
2015-12-16,0.5263913674698479
2015-12-17,0.5262056574579879
2015-12-18,0.5286453692526933
2015-12-21,0.5269059478445637
2015-12-22,0.5252758632952345
2015-12-23,0.5257141361846462
2015-12-24,0.5260104063149064
2015-12-28,0.5258992286858547
2015-12-29,0.5259105019517334
2015-12-30,0.5248375170166016
2015-12-31,0.525033228060634
2016-01-04,0.5258667355789816
2016-01-05,0.5275624721725879
2016-01-06,0.5280308876535836
2016-01-07,0.5290893973811568
2016-01-08,0.5293373010816963
2016-01-11,0.5292918884291703
2016-01-12,0.528820883905945
2016-01-13,0.5283330901356712
2016-01-14,0.5284107244203384
2016-01-15,0.52884393045472
2016-01-19,0.5290305090369799
2016-01-20,0.5290214548916521
2016-01-21,0.529546134339993
2016-01-22,0.5285223830725801
2016-01-25,0.5294189705717944
2016-01-26,0.5296065056808162
2016-01-27,0.5299891683821717
2016-01-28,0.5299593120052225
2016-01-29,0.5295559100909321
2016-02-01,0.5293899282176274
2016-02-02,0.5296599881013586
2016-02-03,0.5290073006231852
2016-02-04,0.5294189705717944
2016-02-05,0.5281560895275139
2016-02-08,0.5283836694804499
2016-02-09,0.5293560167073897
2016-02-10,0.5289657243283705
2016-02-11,0.5288017167860641
2016-02-12,0.5299823521504662
2016-02-16,0.5304390865738061
2016-02-17,0.5302140895399311
2016-02-18,0.530042477431243
2016-02-19,0.5282367838693293
2016-02-22,0.5282503218339349
2016-02-23,0.5284211698655396
2016-02-24,0.5277136385977063
2016-02-25,0.5281915500357864
2016-02-26,0.5284042513688986
2016-02-29,0.5281026960676233
2016-03-01,0.526454262642256
2016-03-02,0.5265527492225343
2016-03-03,0.5261768250683089
2016-03-04,0.5251339239968513
2016-03-07,0.5247857214473944
2016-03-08,0.5242844689076709
2016-03-09,0.5236481703688748
2016-03-10,0.5234983731163639
2016-03-11,0.5214390667352072
2016-03-14,0.5216843882891228
2016-03-15,0.5205827912912117
2016-03-16,0.5206569384787452
2016-03-17,0.5219303218466718
2016-03-18,0.5223543198358879
2016-03-21,0.5212746984774344
2016-03-22,0.5215578302092085
2016-03-23,0.5210380867562703
2016-03-24,0.5210312687949691
2016-03-28,0.5213135472428515
2016-03-29,0.5193285906616013
2016-03-30,0.5190866636368466
2016-03-31,0.5188070385570087
2016-04-01,0.5194653233598067
2016-04-04,0.5198350842009692
2016-04-05,0.5196131038118932
2016-04-06,0.518105680075503
2016-04-07,0.5172304415610662
2016-04-08,0.5178149102350031
2016-04-11,0.5180648226085899
2016-04-12,0.5170195106721639
2016-04-13,0.5175347161180317
2016-04-14,0.5172768611088597
2016-04-15,0.5166660330680954
2016-04-18,0.5176192443057647
2016-04-19,0.5175822477536175
2016-04-20,0.5180640154997052
2016-04-21,0.5180680541742022
2016-04-22,0.5181424020561394
2016-04-25,0.5175594177497452
2016-04-26,0.5179312072324376
2016-04-27,0.519496887705453
2016-04-28,0.5231975846308886
2016-04-29,0.5236125918208012
2016-05-02,0.5248719572131535
2016-05-03,0.5246556382396175
2016-05-04,0.524712604474493
2016-05-05,0.5245722089807086
2016-05-06,0.5254275386487285
2016-05-09,0.5257215944086229
2016-05-10,0.5262032391232793
2016-05-11,0.5264379006466302
2016-05-12,0.5255934863210825
2016-05-13,0.5255677231584255
2016-05-16,0.5256885988938889
2016-05-17,0.5260305132162532
2016-05-18,0.5267826636979622
2016-05-19,0.5265366589069238
2016-05-20,0.5269053923541459
2016-05-23,0.5273848152883576
2016-05-24,0.5269557611074448
2016-05-25,0.5268464830159307
2016-05-26,0.5258962913135348
2016-05-27,0.5259549205210851
2016-05-31,0.5255502223568883
2016-06-01,0.5253163598231523
2016-06-02,0.5246188418795583
2016-06-03,0.5237493145276656
2016-06-06,0.5246887639525809
2016-06-07,0.5247153024975678
2016-06-08,0.5257509698925072
2016-06-09,0.5253908267916427
2016-06-10,0.5262400744052369
2016-06-13,0.526954916464581
2016-06-14,0.5264262348788221
2016-06-15,0.5264262348788221
2016-06-16,0.5265249073763948
2016-06-17,0.5255527546117414
2016-06-20,0.5237131255670646
2016-06-21,0.5239982594969004
2016-06-22,0.5235107932613541
2016-06-23,0.5240433221573417
2016-06-24,0.5236032406168063
2016-06-27,0.5247658917486108
2016-06-28,0.5245286416378363
2016-06-29,0.5241263966269327
2016-06-30,0.5244013080420921
2016-07-01,0.5239887801715065
2016-07-05,0.524155265476141
2016-07-06,0.5242213088268487
2016-07-07,0.524959036690702
2016-07-08,0.5261703141172976
2016-07-11,0.526581038485742
2016-07-12,0.5261613421567338
2016-07-13,0.5259281651219834
2016-07-14,0.5254490651799788
2016-07-15,0.5250499017998799
2016-07-18,0.5243156917301781
2016-07-19,0.5240786413605626
2016-07-20,0.5246722297575148
2016-07-21,0.5250083272860157
2016-07-22,0.5245423890002009
2016-07-25,0.5249247370241436
2016-07-26,0.5254320139992156
2016-07-27,0.5259518544537872
2016-07-28,0.5268836476301995
2016-07-29,0.5281708089053783
2016-08-01,0.5297602953549084
2016-08-02,0.5299958433080986
2016-08-03,0.529597513730305
2016-08-04,0.530327970252595
2016-08-05,0.528683570487964
2016-08-08,0.5291246261514037
2016-08-09,0.529419459883436
2016-08-10,0.528747601988459
2016-08-11,0.5282866693127078
2016-08-12,0.5293456915465767
2016-08-15,0.5292436610584319
2016-08-16,0.5304388591168515
2016-08-17,0.531254133745318
2016-08-18,0.5319701156742058
2016-08-19,0.53228977396451
2016-08-22,0.5342072832004267
2016-08-23,0.5339105522200664
2016-08-24,0.5340962243030517
2016-08-25,0.5343554195882065
2016-08-26,0.5345582285387994
2016-08-29,0.5339677894630578
2016-08-30,0.5342260263293802
2016-08-31,0.5342075958235929
2016-09-01,0.5342998971659547
2016-09-02,0.5341705870050785
2016-09-06,0.5347620514867997
2016-09-07,0.5347242107857944
2016-09-08,0.5317897982576482
2016-09-09,0.533227511851122
2016-09-12,0.5337994189987042
2016-09-13,0.533873497856146
2016-09-14,0.5340225256479756
2016-09-15,0.5375599660973202
2016-09-16,0.5374539227219156
2016-09-19,0.5373958514492967
2016-09-20,0.5377141420283155
2016-09-21,0.5375812895163884
2016-09-22,0.5374962257406932
2016-09-23,0.5367672043227738
2016-09-26,0.5363690081634723
2016-09-27,0.5358756645077838
2016-09-28,0.5355268873192196
2016-09-29,0.5353816210525586
2016-09-30,0.535126976863178
2016-10-03,0.5342629257923803
2016-10-04,0.5340784032071664
2016-10-05,0.5332676528105627
2016-10-06,0.5340969714632816
2016-10-07,0.5338940962352017
2016-10-10,0.5347594501796928
2016-10-11,0.5354029421435835
2016-10-12,0.5350709641091427
2016-10-13,0.5337297267716173
2016-10-14,0.5340054543125807
2016-10-17,0.5341894758186055
2016-10-18,0.5364465265288346
2016-10-19,0.5368204137616841
2016-10-20,0.5372007982673871
2016-10-21,0.53833542881649
2016-10-24,0.5383588108631618
2016-10-25,0.5392402231623018
2016-10-26,0.5391433689996781
2016-10-27,0.5390109694641317
2016-10-28,0.5389219966544736
2016-10-31,0.54020508197689
2016-11-01,0.5403823228727105
2016-11-02,0.5406823359157501
2016-11-03,0.5407198826555731
2016-11-04,0.5402325564855525
2016-11-07,0.5404437010615556
2016-11-08,0.5408812667171499
2016-11-09,0.5409321612909341
2016-11-10,0.5399569347698063
2016-11-11,0.5394002142348258
2016-11-14,0.5394980951588544
2016-11-15,0.5395587136269601
2016-11-16,0.5394837598056463
2016-11-17,0.5397838160945219
2016-11-18,0.540337923014314
2016-11-21,0.5407415973080401
2016-11-22,0.5409678630094098
2016-11-23,0.5408924006218652
2016-11-25,0.5416113051275084
2016-11-28,0.5428595713430672
2016-11-29,0.5442257703771173
2016-11-30,0.5453547339454005
2016-12-01,0.5443589549321088
2016-12-02,0.543959958547866
2016-12-05,0.5443484474636305
2016-12-06,0.5432595232483012
2016-12-07,0.5438467651797954
2016-12-08,0.543954643983014
2016-12-09,0.5447128137403312
2016-12-12,0.5447128137403312
2016-12-13,0.5450071650523337
2016-12-14,0.5440783457748013
2016-12-15,0.5446099285817128
2016-12-16,0.5445825427918254
2016-12-19,0.5456500007204056
2016-12-20,0.5466759301389997
2016-12-21,0.546756692251255
2016-12-22,0.5478390794519392
2016-12-23,0.5490362454006159
2016-12-27,0.5484710956987441
2016-12-28,0.549320547163339
2016-12-29,0.5507087591097337
2016-12-30,0.5510324938899113
2017-01-03,0.5489710171529144
2017-01-04,0.5495982168630936
2017-01-05,0.5504297269988337
2017-01-06,0.5511509808231176
2017-01-09,0.5511132319138149
2017-01-10,0.5515010227408872
2017-01-11,0.5514354048096177
2017-01-12,0.5506554696655537
2017-01-13,0.551221375737524
2017-01-17,0.5513172623067869
2017-01-18,0.5520203530221549
2017-01-19,0.5533002181773929
2017-01-20,0.5546164632793472
2017-01-23,0.5554975745483285
2017-01-24,0.555771356528371
2017-01-25,0.5558111046507568
2017-01-26,0.5563838912649789
2017-01-27,0.556501945525106
2017-01-30,0.554211610764542
2017-01-31,0.554554859131253
2017-02-01,0.5545291597735864
2017-02-02,0.5554152688525414
2017-02-03,0.5558657110028463
2017-02-06,0.5560924440607877
2017-02-07,0.5559034754612663
2017-02-08,0.5559759032246953
2017-02-09,0.5549130757423324
2017-02-10,0.5547149776465337
2017-02-13,0.5550859285977079
2017-02-14,0.5539759161775156
2017-02-15,0.5535478416601023
2017-02-16,0.5518925007111143
2017-02-17,0.5514601204531603
2017-02-21,0.5535721865026355
2017-02-22,0.554124044103529
2017-02-23,0.5535236465244212
2017-02-24,0.5535545717446227
2017-02-27,0.5552103555320655
2017-02-28,0.5567397902403283
2017-03-01,0.5557200043151491
2017-03-02,0.5558689969033823
2017-03-03,0.5554113210674783
2017-03-06,0.5572333400779257
2017-03-07,0.5578438574433573
2017-03-08,0.5587177356366738
2017-03-09,0.5585650597154611
2017-03-10,0.5594741591700471
2017-03-13,0.5599301540735422
2017-03-14,0.5604964013085445
2017-03-15,0.5603802604468264
2017-03-16,0.5605292893096283
2017-03-17,0.5594882302270974
2017-03-20,0.5576853949633745
2017-03-21,0.5565995389965822
2017-03-22,0.5565984103696053
2017-03-23,0.5552715634509318
2017-03-24,0.5572149132052614
2017-03-27,0.5578003207328871
2017-03-28,0.5564887831611527
2017-03-29,0.5575680202461578
2017-03-30,0.5574515156499383
2017-03-31,0.5573741671122621
2017-04-03,0.5586155161445314
2017-04-04,0.5583041761528235
2017-04-05,0.5581881892953454
2017-04-06,0.5593519015075256
2017-04-07,0.5606259992347606
2017-04-10,0.56100599959673
2017-04-11,0.560343071541321
2017-04-12,0.5601911055630221
2017-04-13,0.5610384574178623
2017-04-17,0.5618494320062201
2017-04-18,0.5616986998402603
2017-04-19,0.5626970264816322
2017-04-20,0.5633954057901144
2017-04-21,0.5636271058529417
2017-04-24,0.5628787014984233
2017-04-25,0.5618411226996058
2017-04-26,0.5617768254441385
2017-04-27,0.5615111419757831
2017-04-28,0.5635959605784167
2017-05-01,0.5631878772233047
2017-05-02,0.5635715793248971
2017-05-03,0.5642087162626723
2017-05-04,0.5641039327312791
2017-05-05,0.5643269553630116
2017-05-08,0.565021298825176
2017-05-09,0.5651081732583648
2017-05-10,0.5651917110729909
2017-05-11,0.5658316371304106
2017-05-12,0.5644423470869374
2017-05-15,0.5637759710984009
2017-05-16,0.5639461916770622
2017-05-17,0.5637425226524307
2017-05-18,0.5637815750143799
2017-05-19,0.5639813260890381
2017-05-22,0.5639245511201794
2017-05-23,0.5636230095965424
2017-05-24,0.5628466450850468
2017-05-25,0.5616986998402603
2017-05-26,0.5610406316935461
2017-05-30,0.5619637207643146
2017-05-31,0.5617632491007489
2017-06-01,0.561654385830493
2017-06-02,0.5612673993146423
2017-06-05,0.5613452411392784
2017-06-06,0.5618104022867986
2017-06-07,0.5623778815726236
2017-06-08,0.56207498855276
2017-06-09,0.5618164149187617
2017-06-12,0.564019968433859
2017-06-13,0.5638498235238606
2017-06-14,0.5642711062577577
2017-06-15,0.564900776869136
2017-06-16,0.5662550911742977
2017-06-19,0.5663385956577113
2017-06-20,0.5647271399235667
2017-06-21,0.5640501130591599
2017-06-22,0.5637498686333515
2017-06-23,0.5642773752732565
2017-06-26,0.5650166100484006
2017-06-27,0.5637938816789759
2017-06-28,0.5633569828452148
2017-06-29,0.5635916570760274
2017-06-30,0.5633413849606587
2017-07-03,0.5644985894294028
2017-07-05,0.5653911410919314
2017-07-06,0.5652253906763023
2017-07-07,0.5640843608700439
2017-07-10,0.5641229438261651
2017-07-11,0.56381871212124
2017-07-12,0.563368450934813
2017-07-13,0.5609128474069401
2017-07-14,0.5602738249596189
2017-07-17,0.5597862273805271
2017-07-18,0.5590282731533148
2017-07-19,0.560215847576087
2017-07-20,0.5597202737112121
2017-07-21,0.5598771022617063
2017-07-24,0.5573058697552223
2017-07-25,0.5573406812155718
2017-07-26,0.5582262946524704
2017-07-27,0.5574554302000677
2017-07-28,0.5569162714943154
2017-07-31,0.5563749107404843
2017-08-01,0.5552842675668641
2017-08-02,0.5552629147382319
2017-08-03,0.5547228149044191
2017-08-04,0.5556044557678774
2017-08-07,0.5558373869948505
2017-08-08,0.5560255764931072
2017-08-09,0.5561037672904964
2017-08-10,0.5557609423743161
2017-08-11,0.5558340076996646
2017-08-14,0.5557940023492118
2017-08-15,0.5564119977830574
2017-08-16,0.5559473103060608
2017-08-17,0.5551353993050007
2017-08-18,0.5555203252588122
2017-08-21,0.5558323142816216
2017-08-22,0.5559840797856419
2017-08-23,0.5558238092616995
2017-08-24,0.5552010875514048
2017-08-25,0.5553527504353615
2017-08-28,0.5546591727102806
2017-08-29,0.5555491125487384
2017-08-30,0.5548509311802308
2017-08-31,0.5548436048635321
2017-09-01,0.5547977027645783
2017-09-05,0.5521764825325294
2017-09-06,0.5510181588875975
2017-09-07,0.5511117971226903
2017-09-08,0.5503460753964916
2017-09-11,0.550519911473979
2017-09-12,0.550980484601984
2017-09-13,0.5507778142948841
2017-09-14,0.5507125286428425
2017-09-15,0.5507340082298989
2017-09-18,0.5503725727109199
2017-09-19,0.5503019978147643
2017-09-20,0.5494128969936861
2017-09-21,0.5500150389177811
2017-09-22,0.5496036269123965
2017-09-25,0.5501770332121714
2017-09-26,0.5494142508855158
2017-09-27,0.5480956791593288
2017-09-28,0.5483235881177191
2017-09-29,0.5491443479570625
2017-10-02,0.548694595464629
2017-10-03,0.5488296462150017
2017-10-04,0.5471714463855293
2017-10-05,0.5468526986071393
2017-10-06,0.5473440942766788
2017-10-09,0.5482625076240977
2017-10-10,0.5497364121636147
2017-10-11,0.5504017376356216
2017-10-12,0.5500850872227337
2017-10-13,0.550504643728487
2017-10-16,0.5492742025222506
2017-10-17,0.5495593043690582
2017-10-18,0.5499770058977647
2017-10-19,0.5506911516724846
2017-10-20,0.5509632651010117
2017-10-23,0.5516557789708457
2017-10-24,0.5520727540876045
2017-10-25,0.5515880308611636
2017-10-26,0.5519098531221703
2017-10-27,0.5529286122974615
2017-10-30,0.5541122346593073
2017-10-31,0.5573146828787725
2017-11-01,0.5563221544952424
2017-11-02,0.555862415454829
2017-11-03,0.5566315518678608
2017-11-06,0.5572403734374992
2017-11-07,0.5582616184328759
2017-11-08,0.5594293785067493
2017-11-09,0.5600741911868203
2017-11-10,0.5601122090493715
2017-11-13,0.5595471367366349
2017-11-14,0.558562423186809
2017-11-15,0.5596499300449832
2017-11-16,0.5601807425096658
2017-11-17,0.5606018858714203
2017-11-20,0.560938702246941
2017-11-21,0.5592048484157798
2017-11-22,0.557771213788276
2017-11-24,0.5588676900215506
2017-11-27,0.5591358279937184
2017-11-28,0.5595959462611237
2017-11-29,0.5602722447566032
2017-11-30,0.5593282469672166
2017-12-01,0.559561932024606
2017-12-04,0.5586456193032417
2017-12-05,0.5577654465238318
2017-12-06,0.5576108165989944
2017-12-07,0.5579564292654396
2017-12-08,0.557994705174693
2017-12-11,0.5575336461289957
2017-12-12,0.5576093316018161
2017-12-13,0.557454455928216
2017-12-14,0.5579176185789924
2017-12-15,0.5579564292654396
2017-12-18,0.5591123820242381
2017-12-19,0.5592284083206299
2017-12-20,0.5586511899459743
2017-12-21,0.5573378158243089
2017-12-22,0.5579559699024511
2017-12-26,0.5559632891255757
2017-12-27,0.5539196315596966
2017-12-28,0.5545930477784103
2017-12-29,0.5553671196824973
2018-01-02,0.5555203252588122
2018-01-03,0.5543827871831647
2018-01-04,0.5541794545575437
2018-01-05,0.5533574320713521
2018-01-08,0.5532278261932879
2018-01-09,0.5527433698315737
2018-01-10,0.5521630641901156
2018-01-11,0.5513448867328498
2018-01-12,0.5513118004149921
2018-01-16,0.5513397859133186
2018-01-17,0.5517178737130963
2018-01-18,0.5526885449871961
2018-01-19,0.5522901711409667
2018-01-22,0.5521700623248429
2018-01-23,0.5512987007819086
2018-01-24,0.5511223831449478
2018-01-25,0.5514033188692269
2018-01-26,0.5516321628715466
2018-01-29,0.5520417863437389
2018-01-30,0.5522543855507339
2018-01-31,0.5524403404789928
2018-02-01,0.5521427192534311
2018-02-02,0.5539327822672563
2018-02-05,0.5591411038502
2018-02-06,0.5587988318312126
2018-02-07,0.5586084402030792
2018-02-08,0.5584167742534245
2018-02-09,0.5591472002847471
2018-02-12,0.5597214628825752
2018-02-13,0.5605156997690844
2018-02-14,0.561279428274066
2018-02-15,0.564822311413961
2018-02-16,0.5657353125259061
2018-02-20,0.5662414189187055
2018-02-21,0.5663941225576453
2018-02-22,0.566329510527072
2018-02-23,0.5649839300854682
2018-02-26,0.5677486320531363
2018-02-27,0.5673676927568081
2018-02-28,0.5671717537569184
2018-03-01,0.5674006939942445
2018-03-02,0.5669873971205664
2018-03-05,0.5665590782393197
2018-03-06,0.5668336101329444
2018-03-07,0.5668086258630365
2018-03-08,0.5663941225576453
2018-03-09,0.5663177513558874
2018-03-12,0.5669812355087421
2018-03-13,0.5672610703837767
2018-03-14,0.5672554991941955
2018-03-15,0.5681783410228697
2018-03-16,0.5683107059522611
2018-03-19,0.5695379577422592
2018-03-20,0.5696982020145713
2018-03-21,0.5693752601822502
2018-03-22,0.5704580376387826
2018-03-23,0.5712378416396927
2018-03-26,0.5712471475061308
2018-03-27,0.5709084387810611
2018-03-28,0.5705473524717726
2018-03-29,0.5710092506886666
2018-04-02,0.5718166293247096
2018-04-03,0.5716119060430476
2018-04-04,0.5723820903609433
2018-04-05,0.5729552858491261
2018-04-06,0.5735709774006338
2018-04-09,0.572980137068451
2018-04-10,0.573649045139703
2018-04-11,0.5737392094152289
2018-04-12,0.5733055016750624
2018-04-13,0.5731304130718372
2018-04-16,0.5724252126504948
2018-04-17,0.5706818148641134
2018-04-18,0.5715819777882285
2018-04-19,0.5718173279843153
2018-04-20,0.5768278356612457
2018-04-23,0.579448410340673
2018-04-24,0.5798529930480377
2018-04-25,0.5781619137273994
2018-04-26,0.5757260432336454
2018-04-27,0.5741524840931088
2018-04-30,0.5743760097753298
2018-05-01,0.5757057900976817
2018-05-02,0.5767965742065941
2018-05-03,0.580028370614862
2018-05-04,0.5833158909711111
2018-05-07,0.5835334905570002
2018-05-08,0.5843226105730056
2018-05-09,0.5830536695078435
2018-05-10,0.5821577904767811
2018-05-11,0.5824130002543827
2018-05-14,0.5823809826935425
2018-05-15,0.5814708763490009
2018-05-16,0.5803932406127983
2018-05-17,0.5794158206532023
2018-05-18,0.5783614192028113
2018-05-21,0.5767025980243544
2018-05-22,0.5770556192837565
2018-05-23,0.5749558007636887
2018-05-24,0.5763374480160484
2018-05-25,0.5777740389472105
2018-05-29,0.5786609851058794
2018-05-30,0.5789315795461198
2018-05-31,0.5785731714035381
2018-06-01,0.5776380514957115
2018-06-04,0.5778530433346647
2018-06-05,0.5786428414001035
2018-06-06,0.5788365935419449
2018-06-07,0.5785891644363834
2018-06-08,0.5781023076783038
2018-06-11,0.57802925667367
2018-06-12,0.5788450133252981
2018-06-13,0.579098823914414
2018-06-14,0.5791465109038046
2018-06-15,0.5782751238455924
2018-06-18,0.5778960410915275
2018-06-19,0.5772625406328891
2018-06-20,0.5771744248459173
2018-06-21,0.5760048722846604
2018-06-22,0.5761693505423028
2018-06-25,0.5776376599922362
2018-06-26,0.5767316105814007
2018-06-27,0.5757951801097541
2018-06-28,0.5745242630789336
2018-06-29,0.5755103292248207
2018-07-02,0.5752555775788821
2018-07-03,0.573826428769477
2018-07-05,0.5733771448588354
2018-07-06,0.5732173606746161
2018-07-09,0.5738926444143644
2018-07-10,0.5736073548640827
2018-07-11,0.5716038660977008
2018-07-12,0.5707570694057131
2018-07-13,0.5706865730724765
2018-07-16,0.5720953986927443
2018-07-17,0.5723442545285224
2018-07-18,0.5709983650539234
2018-07-19,0.571382198393611
2018-07-20,0.5707366041059038
2018-07-23,0.5714880590433561
2018-07-24,0.5710184416729869
2018-07-25,0.5707888858610828
2018-07-26,0.5700385458915388
2018-07-27,0.5691028799738193
2018-07-30,0.5692252288828766
2018-07-31,0.5675446286808791
2018-08-01,0.5701529743905406
2018-08-02,0.5790931245567875
2018-08-03,0.580408914502765
2018-08-06,0.5807538124939392
2018-08-07,0.5804090792758028
2018-08-08,0.5806577173014807
2018-08-09,0.5801363864680835
2018-08-10,0.5797189646765627
2018-08-13,0.5792426003259754
2018-08-14,0.5792946713704333
2018-08-15,0.5791580162628985
2018-08-16,0.5790918262340986
2018-08-17,0.5791286770389699
2018-08-20,0.5794896525308851
2018-08-21,0.5791244926308838
2018-08-22,0.5779095933884845
2018-08-23,0.5798767150460817
2018-08-24,0.5806283777286481
2018-08-27,0.5801741768628336
2018-08-28,0.5789835833903897
2018-08-29,0.5767136778707651
2018-08-30,0.5781005436181406
2018-08-31,0.5791671949959091
2018-09-04,0.5779953422579145
2018-09-05,0.5791917599102778
2018-09-06,0.5793990637122988
2018-09-07,0.5801284104611683
2018-09-10,0.5804465576006523
2018-09-11,0.5815691713785474
2018-09-12,0.5815311135865915
2018-09-13,0.5820597223816064
2018-09-14,0.5815470197078426
2018-09-17,0.5832776944907965
2018-09-18,0.5834133876505454
2018-09-19,0.58541542069865
2018-09-20,0.5853768318101163
2018-09-21,0.585723388937653
2018-09-24,0.5842887653129014
2018-09-25,0.5843451447844317
2018-09-26,0.583526305796462
2018-09-27,0.5830562899935506
2018-09-28,0.583398954674943
2018-10-01,0.5812792595950919
2018-10-02,0.582746469385291
2018-10-03,0.5826356111834299
2018-10-04,0.5828406925999026
2018-10-05,0.5844059402053533
2018-10-08,0.5850142957517527
2018-10-09,0.5846392393911863
2018-10-10,0.5844070551831397
2018-10-11,0.5840146007723895
2018-10-12,0.5834015622607484
2018-10-15,0.58193293903407
2018-10-16,0.5821738069027026
2018-10-17,0.581205028454244
2018-10-18,0.5799094027401029
2018-10-19,0.5803923644552516
2018-10-22,0.581551725043541
2018-10-23,0.5808080769924787
2018-10-24,0.581207402969552
2018-10-25,0.5805079137083837
2018-10-26,0.5808779807446235
2018-10-29,0.5820136866921695
2018-10-30,0.5817213499133391
2018-10-31,0.5809080038992629
2018-11-01,0.5810760598352263
2018-11-02,0.5822504138349959
2018-11-05,0.5864072306390078
2018-11-06,0.588010600094759
2018-11-07,0.5869948359581363
2018-11-08,0.5866159487875368
2018-11-09,0.5869213248957921
2018-11-12,0.5905037422095676
2018-11-13,0.5937718637781809
2018-11-14,0.5966552443542381
2018-11-15,0.5966797890074562
2018-11-16,0.5966762384480452
2018-11-19,0.5965893760711928
2018-11-20,0.6000209325190136
2018-11-21,0.5997772599914436
2018-11-23,0.6051208939954789
2018-11-26,0.6032384749048516
2018-11-27,0.6044110045269584
2018-11-28,0.6042305320433395
2018-11-29,0.6033972803053238
2018-11-30,0.6039032611186207
2018-12-03,0.6067876976705119
2018-12-04,0.6079482879158149
2018-12-06,0.6085561678937843
2018-12-07,0.6091724611390867
2018-12-10,0.6109145941052716
2018-12-11,0.6115315682082463
2018-12-12,0.6117624234507647
2018-12-13,0.6112103358237984
2018-12-14,0.6113710414076933
2018-12-17,0.6113333933055901
2018-12-18,0.6118942533056474
2018-12-19,0.612959931659205
2018-12-20,0.6131819758374809
2018-12-21,0.6134162131259632
2018-12-24,0.6152607964167393
2018-12-26,0.6151831984000341
2018-12-27,0.6155883000268614
2018-12-28,0.6132866987341057
2018-12-31,0.6110385792898653
2019-01-02,0.6087313561115277
2019-01-03,0.6113751870169211
2019-01-04,0.6133750840820563
2019-01-07,0.6144321236081921
2019-01-08,0.6148010100084776
2019-01-09,0.6156453606085723
2019-01-10,0.6150340768568581
2019-01-11,0.6154357660679162
2019-01-14,0.6151275901741667
2019-01-15,0.6150403970398852
2019-01-16,0.6155598342636965
2019-01-17,0.6164014263843125
2019-01-18,0.6167501332656073
2019-01-22,0.6161753930165077
2019-01-23,0.6174981707313464
2019-01-24,0.6171611897245873
2019-01-25,0.6167455913040487
2019-01-28,0.6166655119994598
2019-01-29,0.6157745932828554
2019-01-30,0.6199243639159148
2019-01-31,0.6203852739570839
2019-02-01,0.6212970342550189
2019-02-04,0.6224674706107999
2019-02-05,0.6230298981865724
2019-02-06,0.6235173373815205
2019-02-07,0.6238964157899775
2019-02-08,0.6237493944771053
2019-02-11,0.6232931493526092
2019-02-12,0.6232165037894076
2019-02-13,0.6232571560017488
2019-02-14,0.6238156935991512
2019-02-15,0.6248962084042647
2019-02-19,0.6275045121897469
2019-02-20,0.6258000334575474
2019-02-21,0.6263285310643188
2019-02-22,0.6265883077212722
2019-02-25,0.6266588401565271
2019-02-26,0.6279929983908467
2019-02-27,0.6282040918585203
2019-02-28,0.6266083247192563
2019-03-01,0.6268347108050701
2019-03-04,0.6267864653839393
2019-03-05,0.6261541182037008
2019-03-06,0.6256599056869825
2019-03-07,0.6240348672920609
2019-03-08,0.6254156580424779
2019-03-11,0.6262199317935777
2019-03-12,0.6273526481475362
2019-03-13,0.6276008115817064
2019-03-14,0.6287397726998566
2019-03-15,0.6292410045665698
2019-03-18,0.6293877098333397
2019-03-19,0.6291393301269083
2019-03-20,0.6291393301269083
2019-03-21,0.6286463305611388
2019-03-22,0.6280658876108483
2019-03-25,0.6285276897874643
2019-03-26,0.6284153262857087
2019-03-27,0.6286401254702063
2019-03-28,0.6295956591456309
2019-03-29,0.6294862902590423
2019-04-01,0.6288186296354475
2019-04-02,0.6291617210022935
2019-04-03,0.6303775525240918
2019-04-04,0.6302639450573321
2019-04-05,0.6301967155622137
2019-04-08,0.6299654713180206
2019-04-09,0.6293429632918005
2019-04-10,0.6294339960088217
2019-04-11,0.628105574134234
2019-04-12,0.6292068904280509
2019-04-15,0.6299985805231004
2019-04-16,0.6306563006024619
2019-04-17,0.6289851480416668
2019-04-18,0.6291769843468142
2019-04-22,0.6296513414620285
2019-04-23,0.629342454149665
2019-04-24,0.6289511802853873
2019-04-25,0.6297210139633902
2019-04-26,0.628761032684447
2019-04-29,0.6292902603084899
2019-04-30,0.6292297068093254
2019-05-01,0.6320034014535802
2019-05-02,0.6319881731313516
2019-05-03,0.6317988915789682
2019-05-06,0.633024972161945
2019-05-07,0.6348700907875507
2019-05-08,0.6342274353013607
2019-05-09,0.6348126007573859
2019-05-10,0.6362291930861542
2019-05-13,0.6394383757356074
2019-05-14,0.64074149675092
2019-05-15,0.6428425236521722
2019-05-16,0.6429962836664779
2019-05-17,0.6422491540126117
2019-05-20,0.643102397790317
2019-05-21,0.6432655100631484
2019-05-22,0.6436835348100478
2019-05-23,0.6447476881896875
2019-05-24,0.6449347682127959
2019-05-28,0.6461851916349785
2019-05-29,0.6461813272611634
2019-05-30,0.6448462267447547
2019-05-31,0.6446237313436415
2019-06-03,0.6434807169548211
2019-06-04,0.6408093225395788
2019-06-05,0.639233153463678
2019-06-06,0.6400903930689671
2019-06-07,0.6420409782743826
2019-06-10,0.6423784279512808
2019-06-11,0.6422606315598077
2019-06-12,0.6435940847157351
2019-06-13,0.643403032848229
2019-06-14,0.6425634655652877
2019-06-17,0.6429827446550517
2019-06-18,0.6427272210369009
2019-06-19,0.6428436351545578
2019-06-20,0.6432400046628016
2019-06-21,0.6430846694053447
2019-06-24,0.6417695789159072
2019-06-25,0.643001135781096
2019-06-26,0.6430400602799822
2019-06-27,0.6427796969419607
2019-06-28,0.6424682892000091
2019-07-01,0.6424871113451436
2019-07-02,0.6421389448541532
2019-07-03,0.640278290645981
2019-07-05,0.6421806861510133
2019-07-08,0.6429438853945132
2019-07-09,0.6431243317053665
2019-07-10,0.6421527555350246
2019-07-11,0.6414835998775293
2019-07-12,0.6403010605861952
2019-07-15,0.6410198876852117
2019-07-16,0.6417001666985009
2019-07-17,0.6410592470767039
2019-07-18,0.6405089972559266
2019-07-19,0.6413841063384128
2019-07-22,0.6410674472835782
2019-07-23,0.6423039582367764
2019-07-24,0.6420072572855066
2019-07-25,0.6414508514064534
2019-07-26,0.6414097251596047
2019-07-29,0.6400681074509745
2019-07-30,0.6404248487284353
2019-07-31,0.6395846884354548
2019-08-01,0.639264553571523
2019-08-02,0.6408410715818053
2019-08-05,0.6436989343810494
2019-08-06,0.642708384575475
2019-08-07,0.6423970531349578
2019-08-08,0.6419265829368452
2019-08-09,0.643139693648613
2019-08-12,0.6430441813556421
2019-08-13,0.6438569771420813
2019-08-14,0.6444044955307997
2019-08-15,0.6439959244737737
2019-08-16,0.6429251305059509
2019-08-19,0.644446316481471
2019-08-20,0.6446712850284765
2019-08-21,0.645269068542112
2019-08-22,0.6446826698798177
2019-08-23,0.6426749488474273
2019-08-26,0.6406893319185287
2019-08-27,0.6429844718245477
2019-08-28,0.643205047978221
2019-08-29,0.6430437968977241
2019-08-30,0.6429951107871424
2019-09-03,0.6426936532793586
2019-09-04,0.6426250629148563
2019-09-05,0.6423932618498761
2019-09-06,0.6424544227885854
2019-09-09,0.643212964579769
2019-09-10,0.6433535117757503
2019-09-11,0.6434363347519039
2019-09-12,0.6437522482444344
2019-09-13,0.6436567392364331
2019-09-16,0.643689665015841
2019-09-17,0.6451786174825602
2019-09-18,0.6435075221422504
2019-09-19,0.6432212329659731
2019-09-20,0.6433821964412281
2019-09-23,0.6438587297899983
2019-09-24,0.6442408579611835
2019-09-25,0.6435170801248948
2019-09-26,0.6440064261516568
2019-09-27,0.6433802226178598
2019-09-30,0.6432480874692365
2019-10-01,0.6431161707207053
2019-10-02,0.6429654038801927
2019-10-03,0.6433693729051626
2019-10-04,0.6424948333468734
2019-10-07,0.6429911574165533
2019-10-08,0.6429015091296761
2019-10-09,0.643126093562424
2019-10-10,0.644410917164661
2019-10-11,0.645220100687649
2019-10-14,0.6457750072366809
2019-10-15,0.64445816973601
2019-10-16,0.6441274454886528
2019-10-17,0.6441614865664127
2019-10-18,0.6433891435526099
2019-10-21,0.6416777093939229
2019-10-22,0.6419610050253248
2019-10-23,0.6416372748899067
2019-10-24,0.6417990673306831
2019-10-25,0.6419508040996957
2019-10-28,0.6429228591189875
2019-10-29,0.643196621695884
2019-10-30,0.6434298391312256
2019-10-31,0.6423758119297146
2019-11-01,0.6427761223779025
2019-11-04,0.6442138808801295
2019-11-05,0.6453340938371083
2019-11-06,0.6453811891933875
2019-11-07,0.6459824843964438
2019-11-08,0.6470187232756641
2019-11-11,0.6466242255672013
2019-11-12,0.6469624213171474
2019-11-13,0.6470158003605911
2019-11-14,0.6462141839171892
2019-11-15,0.6478410694404318
2019-11-18,0.6490116433835351
2019-11-19,0.6487506068401173
2019-11-20,0.6477887082339341
2019-11-21,0.6481043778670749
2019-11-22,0.6480764650445047
2019-11-25,0.647247642431565
2019-11-26,0.6457451062172818
2019-11-27,0.6458181505003443
2019-11-29,0.6465334890679872
2019-12-02,0.6466613217407118
2019-12-03,0.6457844159956088
2019-12-04,0.6468461137872815
2019-12-05,0.6466473830007151
2019-12-06,0.6471820398911026
2019-12-09,0.6460355654366537
2019-12-10,0.6472597825273968
2019-12-11,0.6467555742492336
2019-12-12,0.6475988965035416
2019-12-13,0.647658552827043
2019-12-16,0.6492751389973063
2019-12-17,0.6489251964751505
2019-12-18,0.6498082017551745
2019-12-19,0.6498225593268983
2019-12-20,0.6494859432192931
2019-12-23,0.6493174058895197
2019-12-24,0.6497533865015751
2019-12-26,0.6506890592073211
2019-12-27,0.6517968906879942
2019-12-30,0.6506235347833809
2019-12-31,0.6495153624660903
2020-01-02,0.6513288303432844
2020-01-03,0.6518196573083569
2020-01-06,0.6518079698978975
2020-01-07,0.6513318702496077
2020-01-08,0.6506827762394316
2020-01-09,0.6512352586230064
2020-01-10,0.6531502198344051
2020-01-13,0.6536648782474984
2020-01-14,0.6537817006576065
2020-01-15,0.654348442948197
2020-01-16,0.6546880340049557
2020-01-17,0.6545405835462896
2020-01-21,0.6538105713861699
2020-01-22,0.6530500716861912
2020-01-23,0.6537708963107669
2020-01-24,0.6537016912756246
2020-01-27,0.655429194813556
2020-01-28,0.6557635779386617
2020-01-29,0.6560003041066214
2020-01-30,0.6557105494160732
2020-01-31,0.6586155091062803
2020-02-03,0.6586597565046406
2020-02-04,0.6587103433067805
2020-02-05,0.6592598741988753
2020-02-06,0.6612406548966978
2020-02-07,0.6603916967421454
2020-02-10,0.6608602772361661
2020-02-11,0.6606686796259986
2020-02-12,0.6598971967885798
2020-02-13,0.6602784959487291
2020-02-14,0.6610091724123469
2020-02-18,0.6598971967885798
2020-02-19,0.6617426972081394
2020-02-20,0.6618264899592329
2020-02-21,0.6644467527930097
2020-02-24,0.6741785314617603
2020-02-25,0.6813222993865669
2020-02-26,0.6840565928993916
2020-02-27,0.6908438563794412
2020-02-28,0.6949658517090186
2020-03-02,0.6992906944565601
2020-03-03,0.6991715698254054
2020-03-04,0.7040999475906397
2020-03-05,0.7049210145262421
2020-03-06,0.7055138204470129
2020-03-09,0.7176058518737932
2020-03-10,0.7173996731324798
2020-03-11,0.7185958646443601
2020-03-12,0.7356415448315056
2020-03-13,0.7377956910348579
2020-03-16,0.7468151460397697
2020-03-17,0.748077648341838
2020-03-18,0.751277410437018
2020-03-19,0.7537582883594195
2020-03-20,0.7568097602053344
2020-03-23,0.7613037142122668
2020-03-24,0.7627166217515715
2020-03-25,0.7637832506377797
2020-03-26,0.7675988287659925
2020-03-27,0.7703404931194924
2020-03-30,0.7707170188209663
2020-03-31,0.7699109534225169
2020-04-01,0.7693739176778667
2020-04-02,0.7679362165182791
2020-04-03,0.767626642376827
2020-04-06,0.7732687615208211
2020-04-07,0.7742043804411491
2020-04-08,0.7771284167707625
2020-04-09,0.7787799392289355
2020-04-13,0.7766710186420693
2020-04-14,0.784728399268097
2020-04-15,0.7863563610846639
2020-04-16,0.7865057768159941
2020-04-17,0.7847811103140382
2020-04-20,0.7821641361327705
2020-04-21,0.7868936988272528
2020-04-22,0.7869291938644901
2020-04-23,0.7871582285445043
2020-04-24,0.7878668206498324
2020-04-27,0.7891120908718229
2020-04-28,0.7889170666614009
2020-04-29,0.7872324626005852
2020-04-30,0.7861658395415527
2020-05-01,0.7860339972220822
2020-05-04,0.7857073308283524
2020-05-05,0.7879770456119202
2020-05-06,0.7881102052629355
2020-05-07,0.7882295159001783
2020-05-08,0.7887777018021621
2020-05-11,0.7891321931503842
2020-05-12,0.787753911892002
2020-05-13,0.785960487911881
2020-05-14,0.7839572826046669
2020-05-15,0.7829105731281419
2020-05-18,0.7847775295472237
2020-05-19,0.7847233797164509
2020-05-20,0.7836326039866701
2020-05-21,0.7834739566774802
2020-05-22,0.7826634372719301
2020-05-26,0.7820791720871063
2020-05-27,0.7820316840596102
2020-05-28,0.7855132975825072
2020-05-29,0.7874159234155604
2020-06-01,0.7841385967120693
2020-06-02,0.7855314756722105
2020-06-03,0.786686368698708
2020-06-04,0.7858053502725451
2020-06-05,0.7885728928425496
2020-06-08,0.7893973760415707
2020-06-09,0.7929042924586658
2020-06-10,0.7968288811579585
2020-06-11,0.7973110885231245
2020-06-12,0.7973305990933683
2020-06-15,0.7974548723086899
2020-06-16,0.7975828216729692
2020-06-17,0.7988045119505495
2020-06-18,0.7991410093718502
2020-06-19,0.7992272387709285
2020-06-22,0.798911105578399
2020-06-23,0.800358703386776
2020-06-24,0.7997296085010024
2020-06-25,0.7975391555695429
2020-06-26,0.797072723681746
2020-06-29,0.7955834445954153
2020-06-30,0.794704153007659
2020-07-01,0.7938423310723293
2020-07-02,0.7967338725530874
2020-07-06,0.7963146355821575
2020-07-07,0.7968254214782265
2020-07-08,0.7990017162935295
2020-07-09,0.8006675880111879
2020-07-10,0.8005653293811554
2020-07-13,0.7999282664872003
2020-07-14,0.8004521217827378
2020-07-15,0.8010161181419808
2020-07-16,0.8017382988626011
2020-07-17,0.8013540430112712
2020-07-20,0.8000303379451192
2020-07-21,0.8002735398352699
2020-07-22,0.8015003774389361
2020-07-23,0.8052549751461693
2020-07-24,0.8071198866722448
2020-07-27,0.8074141971336947
2020-07-28,0.8074271903791359
2020-07-29,0.8038308889017959
2020-07-30,0.8037700048750949
2020-07-31,0.8227285069597563
2020-08-03,0.848816180196343
2020-08-04,0.8586810738854
2020-08-05,0.8593997977556017
2020-08-06,0.8603793407858515
2020-08-07,0.8617776508722722
2020-08-10,0.8621690275977842
2020-08-11,0.863304272086685
2020-08-12,0.8632083639678936
2020-08-13,0.8647273595346038
2020-08-14,0.869831322286437
2020-08-17,0.8703062354408252
2020-08-18,0.8704208924046672
2020-08-19,0.870082735625665
2020-08-20,0.8712475790759209
2020-08-21,0.8820115951948565
2020-08-24,0.8893372944956022
2020-08-25,0.8904893603328058
2020-08-26,0.8890491732801559
2020-08-27,0.8878257106416696
2020-08-28,0.8865485713652128
2020-08-31,0.885355266218092
2020-09-01,0.8904937822152907
2020-09-02,0.8940153851973597
2020-09-03,0.9028414605762562
2020-09-04,0.9140138503111598
2020-09-08,0.9434285718545188
2020-09-09,0.9432888539382206
2020-09-10,0.9446473610220542
2020-09-11,0.9478280168761126
2020-09-14,0.949899771923992
2020-09-15,0.9500566487918068
2020-09-16,0.9511379191973548
2020-09-17,0.9530444745164662
2020-09-18,0.9632934556083907
2020-09-21,0.9633802417211564
2020-09-22,0.9652462951582352
2020-09-23,0.9659314251775466
2020-09-24,0.965656607477846
2020-09-25,0.9682056401576308
2020-09-28,0.9720055811326046
2020-09-29,0.9721078862068157
2020-09-30,0.9731635404916184
2020-10-01,0.9734232668076526
2020-10-02,0.970165896950133
2020-10-05,0.9704200249545222
2020-10-06,0.969067902972365
2020-10-07,0.9647548007078832
2020-10-08,0.9608388774678874
2020-10-09,0.9545897936881732
2020-10-12,0.9610361501876216
2020-10-13,0.9577291326836412
2020-10-14,0.9564547558223492
2020-10-15,0.9551969763170112
2020-10-16,0.9544278345861384
2020-10-19,0.9554120286369672
2020-10-20,0.9556339715992564
2020-10-21,0.9542021799475848
2020-10-22,0.953587116515718
2020-10-23,0.9554220724558016
2020-10-26,0.9534236500773244
2020-10-27,0.951088335829503
2020-10-28,0.957503178720843
2020-10-29,0.9578301538790076
2020-10-30,0.963016092376766
2020-11-02,0.9664490240455322
2020-11-03,0.9675504838238664
2020-11-04,0.9704878623156158
2020-11-05,0.9770820634012026
2020-11-06,0.9804720610432464
2020-11-09,0.9804406244667224
2020-11-10,0.9790374965647836
2020-11-11,0.9779953901023632
2020-11-12,0.9788365403198208
2020-11-13,0.9787834232086464
2020-11-16,0.9776693338091872
2020-11-17,0.9752949082585404
2020-11-18,0.9765474055233933
2020-11-19,0.9745151957415414
2020-11-20,0.972453700610004
2020-11-23,0.9711107897725272
2020-11-24,0.9695127799981887
2020-11-25,0.9665235491011226
2020-11-27,0.9621780204323406
2020-11-30,0.9648788426880492
2020-12-01,0.9686398373958548
2020-12-02,0.9699675257849482
2020-12-03,0.9680568219093764
2020-12-04,0.9656738333761852
2020-12-07,0.9610376558005744
2020-12-08,0.9556516113357664
2020-12-09,0.9519496079702192
2020-12-10,0.9487983487528208
2020-12-11,0.9467120370736566
2020-12-14,0.9441252456236248
2020-12-15,0.944847405616077
2020-12-16,0.9500655493738366
2020-12-17,0.9520813219015548
2020-12-18,0.9518492713623836
2020-12-21,0.9515978226002548
2020-12-22,0.9507844311778938
2020-12-23,0.9514728865776914
2020-12-24,0.9528099184772836
2020-12-28,0.9599548114709648
2020-12-29,0.9607235584819676
2020-12-30,0.9610546812561568
2020-12-31,0.956584557955582
2021-01-04,0.9642210718247156
2021-01-05,0.965400360114888
2021-01-06,0.9675943061809974
2021-01-07,0.9679232888003956
2021-01-08,0.9694199270821844
2021-01-11,0.9688183668259344
2021-01-12,0.9678119575041996
2021-01-13,0.9670321703022232
2021-01-14,0.9646928944551658
2021-01-15,0.9634869064455064
2021-01-19,0.9590566778218168
2021-01-20,0.9553403152315996
2021-01-21,0.957926348968747
2021-01-22,0.9620383342733598
2021-01-25,0.97038224472211
2021-01-26,0.9719309465662088
2021-01-27,0.9712946542968864
2021-01-28,0.9719314049013966
2021-01-29,0.9800347926834692
2021-02-01,0.9825845098142504
2021-02-02,0.9831777698783036
2021-02-03,0.9819774543642534
2021-02-04,0.9829519717442582
2021-02-05,0.9809502358795598
2021-02-08,0.979198019504384
2021-02-09,0.9755520475371724
2021-02-10,0.9714359046786784
2021-02-11,0.96702147282044
2021-02-12,0.9620461465971284
2021-02-16,0.9594876701701276
2021-02-17,0.9584994936519912
2021-02-18,0.9570784931278098
2021-02-19,0.9542561600546572
2021-02-22,0.9514638722715684
2021-02-23,0.9508337542656689
2021-02-24,0.9491910694281828
2021-02-25,0.9503944447343704
2021-02-26,0.9481993299455472
2021-03-01,0.950165311638979
2021-03-02,0.9494570180218808
2021-03-03,0.9479270491926411
2021-03-04,0.9475688228303464
2021-03-05,0.9453600140858928
2021-03-08,0.9445156710049684
2021-03-09,0.9397980083700984
2021-03-10,0.9359267053632718
2021-03-11,0.929760695914611
2021-03-12,0.924751361034887
2021-03-15,0.9198906075702632
2021-03-16,0.916877382598878
2021-03-17,0.917163576904494
2021-03-18,0.9174591594377218
2021-03-19,0.915630450901374
2021-03-22,0.9120009290136906
2021-03-23,0.9103657285119268
2021-03-24,0.9114211295128918
2021-03-25,0.9115053460870828
2021-03-26,0.911632684266624
2021-03-29,0.9108729592098171
2021-03-30,0.9093089541807516
2021-03-31,0.9087551827852988
2021-04-01,0.9081123227712724
2021-04-05,0.907814290855756
2021-04-06,0.9070034507819184
2021-04-07,0.9084883616853646
2021-04-08,0.9092159139890286
2021-04-09,0.9088781215080186
2021-04-12,0.9068278243128634
2021-04-13,0.9046426500170626
2021-04-14,0.9013596402706532
2021-04-15,0.8980170063563552
2021-04-16,0.8947366062225848
2021-04-19,0.8904333034843253
2021-04-20,0.8843519830684707
2021-04-21,0.8872182182082371
2021-04-22,0.8857063630866177
2021-04-23,0.8857505918930407
2021-04-26,0.8840774676454215
2021-04-27,0.8814919595586522
2021-04-28,0.8786004748354448
2021-04-29,0.8767998850921394
2021-04-30,0.8738622858933929
2021-05-03,0.8712796795798309
2021-05-04,0.8700385747665191
2021-05-05,0.8687254228403974
2021-05-06,0.8667535576477946
2021-05-07,0.8641471753611607
2021-05-10,0.8614749585635942
2021-05-11,0.8629459548673547
2021-05-12,0.8642798221898659
2021-05-13,0.8622491113242599
2021-05-14,0.8591191525554929
2021-05-17,0.8558973056675183
2021-05-18,0.8571835101875223
2021-05-19,0.8559889242966338
2021-05-20,0.85402819181584
2021-05-21,0.8528914584222288
2021-05-24,0.8505404520804483
2021-05-25,0.8475604289784704
2021-05-26,0.8454059491473772
2021-05-27,0.8414242240750489
2021-05-28,0.8398270024084601
2021-06-01,0.8375547068245622
2021-06-02,0.8369870831248181
2021-06-03,0.8353468699900591
2021-06-04,0.8341661242632934
2021-06-07,0.8333131112575913
2021-06-08,0.8318604131140729
2021-06-09,0.830390646519683
2021-06-10,0.8296983022875937
2021-06-11,0.8276319129086289
2021-06-14,0.8255166374694096
2021-06-15,0.8239292581043485
2021-06-16,0.8230498265893258
2021-06-17,0.8206802207758266
2021-06-18,0.8176532533839715
2021-06-21,0.8186818814085195
2021-06-22,0.8179293335879341
2021-06-23,0.8157586517701959
2021-06-24,0.815345442743897
2021-06-25,0.8141124543885654
2021-06-28,0.8154686009748433
2021-06-29,0.8146353496283868
2021-06-30,0.8147331422961355
2021-07-01,0.8153566952281582
2021-07-02,0.8160171713067795
2021-07-06,0.8166894220243219
2021-07-07,0.8181093539523445
2021-07-08,0.8218183784223116
2021-07-09,0.8224425266542131
2021-07-12,0.8220584418363941
2021-07-13,0.8225512175732351
2021-07-14,0.8203532827677559
2021-07-15,0.8177129001273238
2021-07-16,0.8149758268874268
2021-07-19,0.8125994693119784
2021-07-20,0.8091563834398399
2021-07-21,0.8081115897836652
2021-07-22,0.8041145074309428
2021-07-23,0.8045873725152751
2021-07-26,0.8049527434614483
2021-07-27,0.8023223009462069
2021-07-28,0.798883209827402
2021-07-29,0.7953207783706427
2021-07-30,0.7987635471014978
2021-08-02,0.7991648998232899
2021-08-03,0.7981302932808554
2021-08-04,0.798614991546369
2021-08-05,0.7980457289206003
2021-08-06,0.7973938250619367
2021-08-09,0.7984251786734462
2021-08-10,0.7985507703167184
2021-08-11,0.7967609809392285
2021-08-12,0.7919032488360422
2021-08-13,0.7885048863311321
2021-08-16,0.7848726343394811
2021-08-17,0.7870421027008957
2021-08-18,0.7881495733081546
2021-08-19,0.7885390940191734
2021-08-20,0.7878510705410743
2021-08-23,0.7867537347263521
2021-08-24,0.7852382329759757
2021-08-25,0.7836652250357565
2021-08-26,0.7815973127938766
2021-08-27,0.7799700042586822
2021-08-30,0.7771174791389912
2021-08-31,0.7748739384224751
2021-09-01,0.7742361488319655
2021-09-02,0.7720174677905646
2021-09-03,0.7707024827837964
2021-09-07,0.7698898889177941
2021-09-08,0.7689619810383777
2021-09-09,0.7668992460870698
2021-09-10,0.7662878389077485
2021-09-13,0.764475655405821
2021-09-14,0.7656699697101321
2021-09-15,0.7641206418463053
2021-09-16,0.7650172118663974
2021-09-17,0.7642941471888562
2021-09-20,0.7654086775922369
2021-09-21,0.765980715152885
2021-09-22,0.7671327922082816
2021-09-23,0.7673019470472846
2021-09-24,0.7670624377392259
2021-09-27,0.7657036713350865
2021-09-28,0.7648521642185065
2021-09-29,0.7644568558755261
2021-09-30,0.7665981868068021
2021-10-01,0.7662714656526546
2021-10-04,0.7676718645160987
2021-10-05,0.7669851918321019
2021-10-06,0.7655394974376234
2021-10-07,0.765229215644822
2021-10-08,0.7645391897959329
2021-10-11,0.7638432609026333
2021-10-12,0.7646504906627335
2021-10-13,0.7645356619793368
2021-10-14,0.7615050323156909
2021-10-15,0.7585978026185279
2021-10-18,0.7556949193641334
2021-10-19,0.756211059591994
2021-10-20,0.7544691327857583
2021-10-21,0.7537823895291891
2021-10-22,0.7525043775894589
2021-10-25,0.7524956113701874
2021-10-26,0.7524956113701874
2021-10-27,0.7517600315612261
2021-10-28,0.7508868598997928
2021-10-29,0.7516660431687976
2021-11-01,0.7515333384522375
2021-11-02,0.7502403073965214
2021-11-03,0.7503733545251278
2021-11-04,0.7504696708445985
2021-11-05,0.749437737044744
2021-11-08,0.7454713732514552
2021-11-09,0.7463943486975789
2021-11-10,0.7457670790492258
2021-11-11,0.7459286735450749
2021-11-12,0.7459740811629603
2021-11-15,0.7461241255709451
2021-11-16,0.7442085104518016
2021-11-17,0.7424562217550872
2021-11-18,0.741791170763071
2021-11-19,0.7420174288019115
2021-11-22,0.7405623930777473
2021-11-23,0.7395597628902755
2021-11-24,0.7371258906120127
2021-11-26,0.7358384050973233
2021-11-29,0.7328576342400877
2021-11-30,0.7321365557183768
2021-12-01,0.729434686588774
2021-12-02,0.7269768037653707
2021-12-03,0.723485484896291
2021-12-06,0.7238623775183886
2021-12-07,0.7249343507436705
2021-12-08,0.726421190227642
2021-12-09,0.7276450998384258
2021-12-10,0.7280310409206371
2021-12-13,0.7272122718042322
2021-12-14,0.7272265990457575
2021-12-15,0.7267570707107265
2021-12-16,0.7245285214539586
2021-12-17,0.7282889840862596
2021-12-20,0.7294208187333159
2021-12-21,0.7290705543863829
2021-12-22,0.7298644485428212
2021-12-23,0.730367973230474
2021-12-27,0.7334151465937392
2021-12-28,0.7340654244584488
2021-12-29,0.7326691616753588
2021-12-30,0.7311855465663472
2021-12-31,0.7312250238215685
2022-01-03,0.7302769493031658
2022-01-04,0.7288203176785938
2022-01-05,0.7319555384793274
2022-01-06,0.7339263777478138
2022-01-07,0.7342403062949735
2022-01-10,0.7340452408967674
2022-01-11,0.7322816677427648
2022-01-12,0.73257542401028
2022-01-13,0.730476422897229
2022-01-14,0.7287223523494234
2022-01-18,0.728234123324436
2022-01-19,0.7289331673633519
2022-01-20,0.7324228657044005
2022-01-21,0.7332512960146392
2022-01-24,0.733240228402225
2022-01-25,0.7323366929442598
2022-01-26,0.7315887330178318
2022-01-27,0.7309713208350991
2022-01-28,0.7338384178578603
2022-01-31,0.7404623237668121
2022-02-01,0.7447330000895188
2022-02-02,0.7469956801717107
2022-02-03,0.7467668061280028
2022-02-04,0.7447020794178302
2022-02-07,0.7434271798284893
2022-02-08,0.7426331088978096
2022-02-09,0.7422918229089016
2022-02-10,0.741942313790618
2022-02-11,0.7389934711947214
2022-02-14,0.7360979815596127
2022-02-15,0.73849617918812
2022-02-16,0.7388431472103273
2022-02-17,0.7379503743472516
2022-02-18,0.7385174840659557
2022-02-22,0.7400101077285366
2022-02-23,0.7439837413075224
2022-02-24,0.7428974607587076
2022-02-25,0.7419008987785927
2022-02-28,0.7406782373552598
2022-03-01,0.7394047517180397
2022-03-02,0.73657229610199
2022-03-03,0.7331106195823195
2022-03-04,0.7313014567787784
2022-03-07,0.7305423844758459
2022-03-08,0.7312253262008519
2022-03-09,0.7293651413355269
2022-03-10,0.7288760277369032
2022-03-11,0.7303599401496423
2022-03-14,0.7335040060366947
2022-03-15,0.7345417813381236
2022-03-16,0.73540688696539
2022-03-17,0.7354650699804088
2022-03-18,0.7395238289641775
2022-03-21,0.7404702717018035
2022-03-22,0.7411151873331356
2022-03-23,0.7425959183927999
2022-03-24,0.7466054905979305
2022-03-25,0.7479400577578162
2022-03-28,0.7482861394169665
2022-03-29,0.7484603214057964
2022-03-30,0.7490285248470889
2022-03-31,0.748311334592509
2022-04-01,0.749313917054563
2022-04-04,0.750163032411686
2022-04-05,0.7506869593011685
2022-04-06,0.7512260459500961
2022-04-07,0.752130215747484
2022-04-08,0.7521597439982292
2022-04-11,0.7536225455603458
2022-04-12,0.7527522670885499
2022-04-13,0.7530624353275654
2022-04-14,0.7543565208852897
2022-04-18,0.7542418201179021
2022-04-19,0.7535537768682518
2022-04-20,0.7540782049148741
2022-04-21,0.7572072027398689
2022-04-22,0.7531706103763116
2022-04-25,0.7526237082364051
2022-04-26,0.7538227802269282
2022-04-27,0.7516152077217978
2022-04-28,0.7524568254162104
2022-04-29,0.7511193436810675
2022-05-02,0.7503079915052928
2022-05-03,0.7496212938108342
2022-05-04,0.7497080923776305
2022-05-05,0.748699875806058
2022-05-06,0.7489208400574965
2022-05-09,0.7493370042469486
2022-05-10,0.7509569413855471
2022-05-11,0.7544191660707009
2022-05-12,0.7583326765994272
2022-05-13,0.7584770954272985
2022-05-16,0.758533036865216
2022-05-17,0.7590328645293525
2022-05-18,0.7590092394707562
2022-05-19,0.7607504946594208
2022-05-20,0.7606937922079798
2022-05-23,0.7613787174962054
2022-05-24,0.7597977096511295
2022-05-25,0.761714115495021
2022-05-26,0.7583347159198128
2022-05-27,0.7606541128620365
2022-05-31,0.7612911478956788
2022-06-01,0.7609806559041521
2022-06-02,0.7596061739571032
2022-06-03,0.7598856664342708
2022-06-06,0.7604052102317197
2022-06-07,0.7580955037626338
2022-06-08,0.7596304906145744
2022-06-09,0.759290488986691
2022-06-10,0.7616946265410032
2022-06-13,0.7674464871935951
2022-06-14,0.7695056497671654
2022-06-15,0.7694306244470718
2022-06-16,0.7689058271571046
2022-06-17,0.7678795854819105
2022-06-21,0.7687044876221152
2022-06-22,0.7707757783587597
2022-06-23,0.770379845917805
2022-06-24,0.7709801722498459
2022-06-27,0.7713116471673425
2022-06-28,0.7717654295225024
2022-06-29,0.7713456535076328
2022-06-30,0.7698366626267924
2022-07-01,0.7683491962843136
2022-07-05,0.7678260945174634
2022-07-06,0.76769745649685
2022-07-07,0.7663990135505162
2022-07-08,0.7658152313279246
2022-07-11,0.7647648108546086
2022-07-12,0.7624642254641286
2022-07-13,0.7585772028618708
2022-07-14,0.7533613084570376
2022-07-15,0.7503098553092771
2022-07-18,0.7461495152719912
2022-07-19,0.7433636924617344
2022-07-20,0.7411260207625519
2022-07-21,0.7404539924442057
2022-07-22,0.73937438100458
2022-07-25,0.7380678473603011
2022-07-26,0.7359191335657649
2022-07-27,0.7331607144728952
2022-07-28,0.732914733409351
2022-07-29,0.7329168283781433
2022-08-01,0.733803869483499
2022-08-02,0.7331621370795833
2022-08-03,0.7334594481444645
2022-08-04,0.7323387411795075
2022-08-05,0.733293104934094
2022-08-08,0.7318784758027327
2022-08-09,0.7322968022020436
2022-08-10,0.7317112566469853
2022-08-11,0.7318175706308687
2022-08-12,0.7316019567503159
2022-08-15,0.7331044669443217
2022-08-16,0.7329975500684422
2022-08-17,0.7331558537477983
2022-08-18,0.729946515195584
2022-08-19,0.7271532129580935
2022-08-22,0.7272037410738532
2022-08-23,0.7280960637999612
2022-08-24,0.7276249985716582
2022-08-25,0.7273805941475094
2022-08-26,0.7274276625000006
2022-08-29,0.7249409754657928
2022-08-30,0.726372233238382
2022-08-31,0.7270795670382921
2022-09-01,0.7248210134670212
2022-09-02,0.7213475204444817
2022-09-06,0.7173138119640197
2022-09-07,0.715984206969797
2022-09-08,0.7129838509147206
2022-09-09,0.7096120112610108
2022-09-12,0.7072455432762629
2022-09-13,0.7045317240771586
2022-09-14,0.7028415731235521
2022-09-15,0.702915710075205
2022-09-16,0.7049692062892294
2022-09-19,0.7045655683277099
2022-09-20,0.7046798289454055
2022-09-21,0.7059157167028552
2022-09-22,0.7060539747860645
2022-09-23,0.7058322340500637
2022-09-26,0.7058267729862113
2022-09-27,0.7054405262376392
2022-09-28,0.7050149213839559
2022-09-29,0.7038453905904034
2022-09-30,0.7036256941732678
2022-10-03,0.7012768657556633
2022-10-04,0.6991563194377153
2022-10-05,0.6983871857562333
2022-10-06,0.6977612051187332
2022-10-07,0.6982160226353566
2022-10-10,0.6981039343509805
2022-10-11,0.6981913621784555
2022-10-12,0.6971465260871799
2022-10-13,0.6958145408620403
2022-10-14,0.6935951916988193
2022-10-17,0.6915805537893926
2022-10-18,0.6899777024752811
2022-10-19,0.6902236218506536
2022-10-20,0.6896595689986955
2022-10-21,0.6879895226225887
2022-10-24,0.6881205005442088
2022-10-25,0.6878028186813688
2022-10-26,0.6879869288423706
2022-10-27,0.6888251528923762
2022-10-28,0.690208019955445
2022-10-31,0.690980115887272
2022-11-01,0.6912010559780702
2022-11-02,0.6922081338655908
2022-11-03,0.6971164122777244
2022-11-04,0.7000345080112732
2022-11-07,0.7007062536576008
2022-11-08,0.7009380364628008
2022-11-09,0.7002199391836605
2022-11-10,0.7024267508560936
2022-11-11,0.7021613051593388
2022-11-14,0.7019686489581486
2022-11-15,0.7013395779272887
2022-11-16,0.7022196719708892
2022-11-17,0.7002484128387243
2022-11-18,0.6959363906597158
2022-11-21,0.6926419270295988
2022-11-22,0.6913910454344132
2022-11-23,0.6920639605291753
2022-11-25,0.6901648368686639
2022-11-28,0.6912797315656346
2022-11-29,0.6911570056590044
2022-11-30,0.6919918117343181
2022-12-01,0.6922471759237528
2022-12-02,0.6922578819089978
2022-12-05,0.6924916455875327
2022-12-06,0.6934891264372735
2022-12-07,0.6935989086731935
2022-12-08,0.695481310868805
2022-12-09,0.6953977687519927
2022-12-12,0.6948714584002075
2022-12-13,0.6930086433308805
2022-12-14,0.6945730739391097
2022-12-15,0.6951846637204847
2022-12-16,0.6955526149217683
2022-12-19,0.6987871395649281
2022-12-20,0.699952709492595
2022-12-21,0.6997682929165198
2022-12-22,0.6995294040018514
2022-12-23,0.7003460811688441
2022-12-27,0.7002318953483345
2022-12-28,0.700828063565049
2022-12-29,0.7001637992649224
2022-12-30,0.699758089527764
2023-01-03,0.6993384936229837
2023-01-04,0.7013274245934361
2023-01-05,0.7015801019926011
2023-01-06,0.701764586892351
2023-01-09,0.7016723236752256
2023-01-10,0.7013422999261184
2023-01-11,0.7021021557454461
2023-01-12,0.702471945503942
2023-01-13,0.7024397547917104
2023-01-17,0.7024859821636169
2023-01-18,0.7028630555443556
2023-01-19,0.7026570906274462
2023-01-20,0.7006449728285471
2023-01-23,0.699081036965559
2023-01-24,0.6985751489483871
2023-01-25,0.7007598211464692
2023-01-26,0.7019840005104339
2023-01-27,0.7019665914163534
2023-01-30,0.7020519420460373
2023-01-31,0.70180602875926
2023-02-01,0.7017500162534548
2023-02-02,0.7004089711887532
2023-02-03,0.7015263933669678
2023-02-06,0.7028020707197901
2023-02-07,0.7032689125819428
2023-02-08,0.7026756859906587
2023-02-09,0.7032681818987221
2023-02-10,0.7040610876457698
2023-02-13,0.704484800258701
2023-02-14,0.7051132167277444
2023-02-15,0.7039608397025937
2023-02-16,0.7045285334057919
2023-02-17,0.7006983334803318
2023-02-21,0.697253572553377
2023-02-22,0.6944836680360875
2023-02-23,0.6967767353608926
2023-02-24,0.6971652875441912
2023-02-27,0.6964433091851662
2023-02-28,0.6958677147001409
2023-03-01,0.6945662688021071
2023-03-02,0.6940808818649249
2023-03-03,0.6922452367722649
2023-03-06,0.692959526129542
2023-03-07,0.692848519324386
2023-03-08,0.6928867751780018
2023-03-09,0.6905925230506765
2023-03-10,0.6885730035085538
2023-03-13,0.689336761228675
2023-03-14,0.6880826377593173
2023-03-15,0.6885304518882095
2023-03-16,0.6878396872111581
2023-03-17,0.6871163284051787
2023-03-20,0.6854513306285834
2023-03-21,0.6878008494172335
2023-03-22,0.687196560762738
2023-03-23,0.6866516107228993
2023-03-24,0.6865242239817532
2023-03-27,0.6851132831100333
2023-03-28,0.684731999244361
2023-03-29,0.6840679282329578
2023-03-30,0.6834020752839391
2023-03-31,0.683186337584999
2023-04-03,0.6831879264461882
2023-04-04,0.6822840022906993
2023-04-05,0.6791487174681151
2023-04-06,0.6760201894888606
2023-04-10,0.6722517059778911
2023-04-11,0.6692566957099353
2023-04-12,0.6675683150311458
2023-04-13,0.6657736775415254
2023-04-14,0.6650199035355597
2023-04-17,0.6634770171871835
2023-04-18,0.6627999290286912
2023-04-19,0.6614719562774057
2023-04-20,0.6598614028000983
2023-04-21,0.6579636281234886
2023-04-24,0.6558211231293949
2023-04-25,0.6530100670160064
2023-04-26,0.6531297930649334
2023-04-27,0.6522010979042551
2023-04-28,0.652027796669433
2023-05-01,0.6522437447040916
2023-05-02,0.6513617523661052
2023-05-03,0.6507132123698102
2023-05-04,0.6488736994146321
2023-05-05,0.6467361056353532
2023-05-08,0.6445618839391987
2023-05-09,0.6434432651738607
2023-05-10,0.6452083560628088
2023-05-11,0.6455308150881437
2023-05-12,0.6454194052821345
2023-05-15,0.6467373120450217
2023-05-16,0.6465520442833657
2023-05-17,0.6467552472935427
2023-05-18,0.6452289061317372
2023-05-19,0.6448730735035297
2023-05-22,0.6430890623035358
2023-05-23,0.6398497483287409
2023-05-24,0.6365038067319404
2023-05-25,0.6329004451116206
2023-05-26,0.6319508288682056
2023-05-30,0.6290965800567563
2023-05-31,0.6273470488451374
2023-06-01,0.6252097008599912
2023-06-02,0.6235955108431492
2023-06-05,0.6225150045091525
2023-06-06,0.6210163623735461
2023-06-07,0.6186524430842235
2023-06-08,0.61559609019131
2023-06-09,0.6118069620965977
2023-06-12,0.6095853306551108
2023-06-13,0.60672140657438
2023-06-14,0.6046994051985539
2023-06-15,0.6030094041210349
2023-06-16,0.603747521846741
2023-06-20,0.6038378768540393
2023-06-21,0.603615073687955
2023-06-22,0.6027124136719182
2023-06-23,0.6023805829290171
2023-06-26,0.6026665078503716
2023-06-27,0.6028102420494429
2023-06-28,0.6031749639031111
2023-06-29,0.6027772945973555
2023-06-30,0.6019087107133578
2023-07-03,0.6025794233058797
2023-07-05,0.6027556096433888
2023-07-06,0.6022045730557145
2023-07-07,0.6010091986893166
2023-07-10,0.6002484284322689
2023-07-11,0.6012109982380047
2023-07-12,0.6017384264836263
2023-07-13,0.6018146942635949
2023-07-14,0.6025113326593456
2023-07-17,0.6015543030264543
2023-07-18,0.6016741649149865
2023-07-19,0.6016064105477397
2023-07-20,0.6008862670909295
2023-07-21,0.6013140894219047
2023-07-24,0.6008242418301563
2023-07-25,0.6007552212061807
2023-07-26,0.600270847935191
2023-07-27,0.5992127503220533
2023-07-28,0.599999433505154
2023-07-31,0.6012974540616419
2023-08-01,0.601064205665941
2023-08-02,0.6000045709044959
2023-08-03,0.5991047647706521
2023-08-04,0.5995292687270795
2023-08-07,0.6010091986893166
2023-08-08,0.6011524528976585
2023-08-09,0.5991816737362808
2023-08-10,0.5974525006650931
2023-08-11,0.5948706217021612
2023-08-14,0.5936467338589924
2023-08-15,0.5932664509606402
2023-08-16,0.5931884184374387
2023-08-17,0.5929533812897324
2023-08-18,0.5908626114808764
2023-08-21,0.5893519668840701
2023-08-22,0.5868774409411553
2023-08-23,0.5838524471282988
2023-08-24,0.5812038332985415
2023-08-25,0.5818198369854601
2023-08-28,0.5810115747433992
2023-08-29,0.58042735535542
2023-08-30,0.5812671266236936
2023-08-31,0.5798255656760223
2023-09-01,0.5787398127844372
2023-09-05,0.5766722752430808
2023-09-06,0.5747922459862536
2023-09-07,0.5732208545948072
2023-09-08,0.5755496665426786
2023-09-11,0.5745077663713081
2023-09-12,0.5729025619482813
2023-09-13,0.5703959126321435
2023-09-14,0.5690519628003244
2023-09-15,0.5688571805039113
2023-09-18,0.5677937263745705
2023-09-19,0.5675620152094887
2023-09-20,0.5665652876363008
2023-09-21,0.567089623083765
2023-09-22,0.5666979453188029
2023-09-25,0.567675590974867
2023-09-26,0.5672112187727593
2023-09-27,0.5673752785087912
2023-09-28,0.5672613969067692
2023-09-29,0.5653161470501626
2023-10-02,0.5639279655463517
2023-10-03,0.565096115640939
2023-10-04,0.5657252040978281
2023-10-05,0.5652024164566739
2023-10-06,0.5644410145326376
2023-10-09,0.5633996790083989
2023-10-10,0.5619485390382812
2023-10-11,0.5608191268641851
2023-10-12,0.5610328319209236
2023-10-13,0.5617158158594852
2023-10-16,0.562010282157385
2023-10-17,0.5623833639112569
2023-10-18,0.5614101928293274
2023-10-19,0.5610352177571866
2023-10-20,0.5593823073728912
2023-10-23,0.5588352133900839
2023-10-24,0.5588798421787811
2023-10-25,0.5582817789826093
2023-10-26,0.5559278832609978
2023-10-27,0.5535962990267925
2023-10-30,0.5508822106897232
2023-10-31,0.5515319049319042
2023-11-01,0.5505914992385508
2023-11-02,0.5514578987113864
2023-11-03,0.551137347233182
2023-11-06,0.550602427024658
2023-11-07,0.5495067087601996
2023-11-08,0.5487907296184532
2023-11-09,0.5486582106521412
2023-11-10,0.5477497315155101
2023-11-13,0.5474082720178809
2023-11-14,0.5474751448065287
2023-11-15,0.5475176960636002
2023-11-16,0.5454873830502719
2023-11-17,0.5454124833254871
2023-11-20,0.5429786671803246
2023-11-21,0.5436416690172553
2023-11-22,0.5435021577491975
2023-11-24,0.5429915932244882
2023-11-27,0.5418325253853082
2023-11-28,0.5405288991071127
2023-11-29,0.5383726735583854
2023-11-30,0.5362398935973851
2023-12-01,0.536413888765531
2023-12-04,0.534388872097604
2023-12-05,0.53273647436176
2023-12-06,0.5323788875584132
2023-12-07,0.5321054392105471
2023-12-08,0.5312546993312233
2023-12-11,0.531108045117829
2023-12-12,0.5298893269806467
2023-12-13,0.5279152594888605
2023-12-14,0.5277005727727796
2023-12-15,0.5263080624496719
2023-12-18,0.5256056986236094
2023-12-19,0.5252558996931999
2023-12-20,0.5250099740648838
2023-12-21,0.5256012145978347
2023-12-22,0.5255433821761093
2023-12-26,0.5264116283144955
2023-12-27,0.525980379318625
2023-12-28,0.5254804699492038
2023-12-29,0.5237882840094702
2024-01-02,0.5219050910149876
2024-01-03,0.520504254090861
2024-01-04,0.5192055874589456
2024-01-05,0.5191062549618303
2024-01-08,0.5177752616231145
2024-01-09,0.5172297094493035
2024-01-10,0.5153807716232176
2024-01-11,0.5150625216190851
2024-01-12,0.5149034641309859
2024-01-16,0.5136173980861867
2024-01-17,0.5133754031129572
2024-01-18,0.5134954652405017
2024-01-19,0.5143420007507972
2024-01-22,0.5138983423697506
2024-01-23,0.5136559484679925
2024-01-24,0.5134514286869634
2024-01-25,0.5141427615480514
2024-01-26,0.5138169711241939
2024-01-29,0.5141832350250073
2024-01-30,0.5142236338994466
2024-01-31,0.5149121068392393
2024-02-01,0.513817058781364
2024-02-02,0.5139391792453316
2024-02-05,0.5129565203772557
2024-02-06,0.5130763025413558
2024-02-07,0.5137336982135374
2024-02-08,0.5142278961002629
2024-02-09,0.5139395809831135
2024-02-12,0.5133622565011154
2024-02-13,0.5123306687482371
2024-02-14,0.5115436097955073
2024-02-15,0.5098858148212327
2024-02-16,0.5100812518596083
2024-02-20,0.5096590999353098
2024-02-21,0.5086935678068409
2024-02-22,0.5075953374565614
2024-02-23,0.5066543584543762
2024-02-26,0.5076630321113152
2024-02-27,0.5061987637662997
2024-02-28,0.5052104310890775
2024-02-29,0.5049978068846216
2024-03-01,0.5051195364302922
2024-03-04,0.504805295339266
2024-03-05,0.5047447524693844
2024-03-06,0.5041597591248046
2024-03-07,0.5045328600772147
2024-03-08,0.5045016157655315
2024-03-11,0.5041568281394492
2024-03-12,0.5037078877419149
2024-03-13,0.5036445329459859
2024-03-14,0.5040803292176724
2024-03-15,0.5032324868077785
2024-03-18,0.5035286785294935
2024-03-19,0.503725651626308
2024-03-20,0.5031469081210496
2024-03-21,0.502100689267091
2024-03-22,0.5028552123173792
2024-03-25,0.5032158580701913
2024-03-26,0.5038474273377155
2024-03-27,0.5025718248576717
2024-03-28,0.5034121164701021
2024-04-01,0.5037614362917828
2024-04-02,0.5030580226776385
2024-04-03,0.5029116427277018
2024-04-04,0.5027366324907881
2024-04-05,0.5018051666275151
2024-04-08,0.5021699898970772
2024-04-09,0.5014942697916192
2024-04-10,0.5014802847856173
2024-04-11,0.5001843829623362
2024-04-12,0.5009401003934014
2024-04-15,0.5017098608360459
2024-04-16,0.5019132161001066
2024-04-17,0.5017911634606145
2024-04-18,0.5017774646719575
2024-04-19,0.501478793114761
2024-04-22,0.5005119879787027
2024-04-23,0.5001316366529444
2024-04-24,0.5002126903363011
2024-04-25,0.4998887903988948
2024-04-26,0.5002841152651568
2024-04-29,0.5002841152651568
2024-04-30,0.5000819471293235
2024-05-01,0.4995978803029018
2024-05-02,0.4996545448529566
2024-05-03,0.500877626295824
2024-05-06,0.5004062434675972
2024-05-07,0.5010672259573291
2024-05-08,0.5005920858277342
2024-05-09,0.5002400085110548
2024-05-10,0.5012942116632367
2024-05-13,0.5005314949280943
2024-05-14,0.5009067477200567
2024-05-15,0.5004265425312574
2024-05-16,0.5016579768069541
2024-05-17,0.5015234743078527
2024-05-20,0.500811956093678
2024-05-21,0.5011073776298566
2024-05-22,0.5027711074424069
2024-05-23,0.5025269743981788
2024-05-24,0.501806158487209
2024-05-28,0.5020467028664126
2024-05-29,0.5016596652083368
2024-05-30,0.5017930570472071
2024-05-31,0.5027526608824661
2024-06-03,0.5032822896235425
2024-06-04,0.5050274249099207
2024-06-05,0.5051374668145732
2024-06-06,0.5049360118653616
2024-06-07,0.5036551025571778
2024-06-10,0.5029376116324726
2024-06-11,0.5035347251817253
2024-06-12,0.5051597751079049
2024-06-13,0.5068165524737516
2024-06-14,0.5076594819529129
2024-06-17,0.5068802596803239
2024-06-18,0.506279702338943
2024-06-20,0.505327045142358
2024-06-21,0.5057489508929223
2024-06-24,0.5051503057242355
2024-06-25,0.5050425233318677
2024-06-26,0.5042107443153909
2024-06-27,0.5035235048545995
2024-06-28,0.503279634403642
2024-07-01,0.5048750889807752
2024-07-02,0.5053154709067911
2024-07-03,0.5046449845907864
2024-07-05,0.5045752032411319
2024-07-08,0.5032844027641588
2024-07-09,0.5034321223793774
2024-07-10,0.5023362244915347
2024-07-11,0.5019394125883078
2024-07-12,0.5022721304803951
2024-07-15,0.5027773672365771
2024-07-16,0.5019929908599892
2024-07-17,0.5014584886249027
2024-07-18,0.5018996488418882
2024-07-19,0.5017396088406407
2024-07-22,0.5016324063493361
2024-07-23,0.5019398312209556
2024-07-24,0.5013244378706821
2024-07-25,0.5007064384420645
2024-07-26,0.5005817794019903
2024-07-29,0.4999030059153804
2024-07-30,0.4990191626468176
2024-07-31,0.499606065002716
2024-08-01,0.4992506379475635
2024-08-02,0.500075463789771
2024-08-05,0.5014150658061833
2024-08-06,0.5005314949280943
2024-08-07,0.5012681129734194
2024-08-08,0.4998786220851688
2024-08-09,0.4992528969585529
2024-08-12,0.4981266133019965
2024-08-13,0.4975714480414882
2024-08-14,0.4982865680686767
2024-08-15,0.4978327930454186
2024-08-16,0.4978728120028933
2024-08-19,0.4988139314882737
2024-08-20,0.4989920589235293
2024-08-21,0.4998801053610545
2024-08-22,0.5006128483142952
2024-08-23,0.5001782916541567
2024-08-26,0.5005827838934691
2024-08-27,0.5012493689779958
2024-08-28,0.5003552405849706
2024-08-29,0.4994773975090871
2024-08-30,0.499444794582814
2024-09-03,0.4979708937166971
2024-09-04,0.4981088159395
2024-09-05,0.4972574266724285
2024-09-06,0.4963817355587044
2024-09-09,0.4970824130362668
2024-09-10,0.4973638368756369
2024-09-11,0.4973638368756369
2024-09-12,0.4987279927639877
2024-09-13,0.4983640566458067
2024-09-16,0.4993313148018152
2024-09-17,0.4995736588350338
2024-09-18,0.4987393127870196
2024-09-19,0.4991700132469064
2024-09-20,0.4997835199705124
2024-09-23,0.5009332565082437
2024-09-24,0.5006744473445032
2024-09-25,0.5004764780739491
2024-09-26,0.4983435980333411
2024-09-27,0.4985475950908062
2024-09-30,0.4983207314157775
2024-10-01,0.4980992424087126
2024-10-02,0.4986117062334324
2024-10-03,0.4986292876423781
2024-10-04,0.4982033385322642
2024-10-07,0.496867946977198
2024-10-08,0.4965247295696174
2024-10-09,0.4961594463373736
2024-10-10,0.4953420101989417
2024-10-11,0.4961381096550503
2024-10-14,0.4953013331602972
2024-10-15,0.4955068312633421
2024-10-16,0.4946705277549405
2024-10-17,0.4940301050026942
2024-10-18,0.4933590925145414
2024-10-21,0.4933994846364273
2024-10-22,0.4944409816859171
2024-10-23,0.4934469979405396
2024-10-24,0.4933663986455487
2024-10-25,0.4942610030118595
2024-10-28,0.4938165335889478
2024-10-29,0.494012681443927
2024-10-30,0.4940531873837553
2024-10-31,0.4906362663595527
2024-11-01,0.4918071668118003
2024-11-04,0.4919544183314914
2024-11-05,0.4920503360317518
2024-11-06,0.492283880909489
2024-11-07,0.4912023403271756
2024-11-08,0.4911351973310417
2024-11-11,0.490623213037099
2024-11-12,0.4905280150939909
2024-11-13,0.4914047207774429
2024-11-14,0.4912958444099888
2024-11-15,0.4906101946676315
2024-11-18,0.4906908168777589
2024-11-19,0.4909195719057249
2024-11-20,0.4898307394611031
2024-11-21,0.4894985310054522
2024-11-22,0.4909196750990497
2024-11-25,0.4913471136712724
2024-11-26,0.4918663991348337
2024-11-27,0.4919722022663337
2024-11-29,0.4917717066805263
2024-12-02,0.4918774137174663
2024-12-03,0.4928194230880851
2024-12-04,0.4929482762512474
2024-12-05,0.4922383992157353
2024-12-06,0.4913332448858369
2024-12-09,0.491359438478016
2024-12-10,0.492077829370267
2024-12-11,0.4915315463950397
2024-12-12,0.4917059123230208
2024-12-13,0.4912257161630251
2024-12-16,0.4911721913893035
2024-12-17,0.4921386493810588
2024-12-18,0.4920735349044786
2024-12-19,0.4926343038667864
2024-12-20,0.4921785900368596
2024-12-23,0.4925232944004632
2024-12-24,0.4927411415289704
2024-12-26,0.4930206256293324
2024-12-27,0.4927479469606504
2024-12-30,0.4935012307941065
2024-12-31,0.4931644793451569
2025-01-02,0.4951530334146978
2025-01-03,0.4955986096398974
2025-01-06,0.4960196986472847
2025-01-07,0.4953136201230022
2025-01-08,0.4942986723451288
2025-01-10,0.493611572979478
2025-01-13,0.4929407078593958
2025-01-14,0.4923083745894286
2025-01-15,0.4921534872677652
2025-01-16,0.4930125112949646
2025-01-17,0.4938800534276295
2025-01-21,0.4950481589303853
2025-01-22,0.4945218351938054
2025-01-23,0.4945577072868707
2025-01-24,0.4944726680198928
2025-01-27,0.4954299123874567
2025-01-28,0.4955184992887391
2025-01-29,0.4958814656884446
2025-01-30,0.4961413093835218
2025-01-31,0.4962011005305442
2025-02-03,0.4952996884154135
2025-02-04,0.4962213329692662
2025-02-05,0.4962011005305442
2025-02-06,0.4953561227140881
2025-02-07,0.4934421964976565
2025-02-10,0.494868996465278
2025-02-11,0.4949308869270497
2025-02-12,0.4954553454889862
2025-02-13,0.4954574181357317
2025-02-14,0.4956003261592087
2025-02-18,0.496562728440688
2025-02-19,0.496301802024632
2025-02-20,0.4968651722312849
2025-02-21,0.4989606717711045
2025-02-24,0.4979872090867043
2025-02-25,0.4976055666821525
2025-02-26,0.496301802024632
2025-02-27,0.4966218466304281
2025-02-28,0.4968222957485793
2025-03-03,0.4971034707993793
2025-03-04,0.496942721191304
2025-03-05,0.4984044414697801
2025-03-06,0.4983413825107577
2025-03-07,0.4970805146822204
2025-03-10,0.4983942346805597
2025-03-11,0.5000145665289277
2025-03-12,0.501646050943097
2025-03-13,0.5005551206939284
2025-03-14,0.5016882765987491
2025-03-17,0.5018467724443261
2025-03-18,0.501674818243823
2025-03-19,0.5019789136027948
2025-03-20,0.5009600625360956
2025-03-21,0.5007875006966285
2025-03-24,0.5006689247949034
2025-03-25,0.5003288145921833
2025-03-26,0.5003681744878073
2025-03-27,0.501143903032534
2025-03-28,0.4997872737717646
2025-03-31,0.5005605240377008
2025-04-01,0.4998432619906233
2025-04-02,0.500823316650569
2025-04-03,0.4995065409745258
2025-04-04,0.5048514017240362
2025-04-07,0.5131919429501393
2025-04-08,0.5155459287416697
2025-04-09,0.5169995533462429
2025-04-10,0.5175382933540542
2025-04-11,0.5189314902584352
2025-04-14,0.518929804341497
2025-04-15,0.5190110967985817
2025-04-16,0.5191549938395242
2025-04-17,0.5194793357804414
2025-04-21,0.5197573250387515
2025-04-22,0.5195823026101959
2025-04-23,0.5196490936516589
2025-04-24,0.5207141583433559
2025-04-25,0.5213300709792339
2025-04-28,0.5214743896451671
2025-04-29,0.5212287435002214
2025-04-30,0.521235565063168
2025-05-01,0.5229037987813773
2025-05-02,0.5213178680728099
2025-05-05,0.5225617916921522
2025-05-06,0.5227247476922614
2025-05-07,0.5223984549578857
2025-05-08,0.5222783102941229
2025-05-09,0.5220573270165856
2025-05-12,0.5230747234440989
2025-05-13,0.5251497210357148
2025-05-14,0.5254986502539328
2025-05-15,0.5256786016612738
2025-05-16,0.524948976132551
2025-05-19,0.524969246178029
2025-05-20,0.5245565359122645
2025-05-21,0.524969246178029
2025-05-22,0.524736805825794
2025-05-23,0.5269697751059687
2025-05-27,0.5260976552818388
2025-05-28,0.5252532949505113
2025-05-29,0.5256672842515001
2025-05-30,0.525460312843258
2025-06-02,0.5259105345641264
2025-06-03,0.525852208331507
2025-06-04,0.5259861799845432
2025-06-05,0.5252990909344913
2025-06-06,0.5252373514338932
2025-06-09,0.5244388246417953
2025-06-10,0.5239279183256831
2025-06-11,0.5232455313014714
2025-06-12,0.5223345658089892
2025-06-13,0.5216694683682016
2025-06-16,0.5215189388972477
2025-06-17,0.5221216741030955
2025-06-18,0.5225377907881918
2025-06-20,0.5230258279905274
2025-06-23,0.5227260603096542
2025-06-24,0.5225256951935227
2025-06-25,0.5224975693515312
2025-06-26,0.5227621463311303
2025-06-27,0.5233595591178454
2025-06-30,0.5232612148013609
2025-07-01,0.523703688448264
2025-07-02,0.5239823404883516
2025-07-03,0.5246384699110803
2025-07-07,0.5241719193613741
2025-07-08,0.5245792918218635
2025-07-09,0.5259468696708297
2025-07-10,0.5263855750988865
2025-07-11,0.526689680584646
2025-07-14,0.5263855750988865
2025-07-15,0.5260084190324296
2025-07-16,0.5267861555044381
2025-07-17,0.5273337453357514
2025-07-18,0.5279904419919033
2025-07-21,0.529362386689873
2025-07-22,0.5287390540618925
2025-07-23,0.5289904602195493
2025-07-24,0.5298634220001585
2025-07-25,0.5295558457445176
2025-07-28,0.5307647490083959
2025-07-29,0.530412843590182
2025-07-30,0.5309118206606063
2025-07-31,0.5308962672260792
2025-08-01,0.5308015020873116
2025-08-04,0.5300250655560218
2025-08-05,0.5290738318813123
2025-08-06,0.5296500520552079
2025-08-07,0.5300099033088856
2025-08-08,0.5336612285071474
2025-08-11,0.5341899315239638
2025-08-12,0.5352660482230394
2025-08-13,0.5341347581433042
2025-08-14,0.5347585888784484
2025-08-15,0.5339868683315419
2025-08-18,0.5339864357582065
2025-08-19,0.533099579122028
2025-08-20,0.5322862337336454
2025-08-21,0.5327100693991791
2025-08-22,0.5324837089773957
2025-08-25,0.5325346380422885
2025-08-26,0.5312852191739604
2025-08-27,0.5318181653835067
2025-08-28,0.5310222283291619
2025-08-29,0.5317484273615951
2025-09-02,0.5312115888929707
2025-09-03,0.5304559537774932
2025-09-04,0.5282774746187762
2025-09-05,0.5288166951827188
2025-09-08,0.5286141365790762
2025-09-09,0.5289406790274328
2025-09-10,0.5303262184216261
2025-09-11,0.530746962672545
2025-09-12,0.5308578083245074
2025-09-15,0.5306146655054441
2025-09-16,0.5313972639599207
2025-09-17,0.5323136487098343
2025-09-18,0.5324969389669489
2025-09-19,0.5329083383995882
2025-09-22,0.5360565291858594
2025-09-23,0.5353456972821047
2025-09-24,0.5350864593711736
2025-09-25,0.5357260312184822
2025-09-26,0.5351646875526522
2025-09-29,0.5350907867100391
2025-09-30,0.5357689546365975
2025-10-01,0.535259799329438
2025-10-02,0.5348462832193394
2025-10-03,0.5358446737299263
2025-10-06,0.5362171157058208
2025-10-07,0.5361587256020834
2025-10-08,0.5350878968919887
2025-10-09,0.5359728336622458
2025-10-10,0.5364708263672131
2025-10-13,0.5369242013348734
2025-10-14,0.5372979271916086
2025-10-15,0.5354465801278805
2025-10-16,0.5351481653907452
2025-10-17,0.5335489588168472
2025-10-20,0.5336079482913609
2025-10-21,0.5334779130944306
2025-10-22,0.5327437464835021
2025-10-23,0.5332279557654936
2025-10-24,0.5337566261632903
2025-10-27,0.5314761643538501
2025-10-28,0.5309631486599635
2025-10-29,0.5307229627730898
2025-10-30,0.5305025690181611
2025-10-31,0.5307638190848802
2025-11-03,0.5304961158646722
2025-11-04,0.531801356862585
2025-11-05,0.5313939138088295
2025-11-06,0.5319595005609276
2025-11-07,0.5318886603376495
2025-11-10,0.5331154692883118
2025-11-11,0.5315201206126334
2025-11-12,0.5324393897603265
2025-11-13,0.5327960163411151
2025-11-14,0.5334559117249567
2025-11-17,0.5321683527444763
2025-11-18,0.5308364234945583
2025-11-19,0.5310104561951884
2025-11-20,0.5315527250151025
2025-11-21,0.5316526266051523
2025-11-24,0.5324020343126534
2025-11-25,0.5323614645222717
2025-11-26,0.5341313657553843
2025-11-28,0.5339992937709385
2025-12-01,0.5336605091045565
2025-12-02,0.5332458561520267
2025-12-03,0.5323174556469531
2025-12-04,0.5310789935962518
2025-12-05,0.5317552307945393
2025-12-08,0.5312185243237451
2025-12-09,0.5306049218725979
2025-12-10,0.5299521931265385
2025-12-11,0.5302991996645203
2025-12-12,0.5316999584923772
2025-12-15,0.5308089444950048
2025-12-16,0.5301930398952693
2025-12-17,0.5293500066780921
2025-12-18,0.5287827127372666
2025-12-19,0.5274266388668792
2025-12-22,0.5268522127313577
2025-12-23,0.5268392258201701
2025-12-24,0.5274779060458187
2025-12-26,0.5275519731122026
2025-12-29,0.526977432681525
2025-12-30,0.5268025370144359
2025-12-31,0.5271522399908992
2026-01-02,0.5272145921307447
2026-01-05,0.5270024970702484
2026-01-06,0.5261047955987133
2026-01-07,0.5283119147855849
2026-01-08,0.5286463899345636
2026-01-09,0.5286365958205512
2026-01-12,0.5278769687270499
2026-01-13,0.5283287996971202
2026-01-14,0.5286924486165933
2026-01-15,0.5306046210002783
2026-01-16,0.5299448210786349
2026-01-20,0.5298169449714453
2026-01-21,0.5289000094365167
2026-01-22,0.5280466315290686
2026-01-23,0.5289237900280199
2026-01-26,0.5282337714647579
2026-01-27,0.5285436854676188
2026-01-28,0.5282202980989897
2026-01-29,0.5276501733068482
2026-01-30,0.528011640439272
2026-02-02,0.5286381971998206
2026-02-03,0.5295021956763181
2026-02-04,0.5305180052215652
2026-02-05,0.5305180052215652
2026-02-06,0.5307517815858254
2026-02-09,0.5302958876505947
2026-02-10,0.5293380828023625
2026-02-11,0.5296599881013586
2026-02-12,0.5306486155167398
2026-02-13,0.5322864534125278
2026-02-17,0.532246032395706
2026-02-18,0.5315873148321467
2026-02-19,0.5309530544736153
2026-02-20,0.5303262184216261
2026-02-23,0.5299662835750881
2026-02-24,0.530339493165089
2026-02-25,0.5296368389668479
2026-02-26,0.530010282017481
2026-02-27,0.5294380038091103
2026-03-02,0.5307160450422933
2026-03-03,0.5303262184216261
2026-03-04,0.5314230262343662
2026-03-05,0.5318921860372223
2026-03-06,0.5315594075174787
2026-03-09,0.5317028898127387
2026-03-10,0.5317192577982146
2026-03-11,0.5324516732238663
2026-03-12,0.532374296620509
2026-03-13,0.5319126803949374
2026-03-16,0.5331231577424903
2026-03-17,0.5333466950765275
2026-03-18,0.53360903204021
2026-03-19,0.5340387556283973
2026-03-20,0.534319187985174
2026-03-23,0.5335536905552474
2026-03-24,0.5334779130944306
2026-03-25,0.5334226888815532
2026-03-26,0.5344867870121399
2026-03-27,0.5337253799396293
2026-03-30,0.53228977396451
2026-03-31,0.5314761643538501
2026-04-01,0.5310585418648385
2026-04-02,0.5308364234945583
2026-04-06,0.530746962672545
2026-04-07,0.5305930903145046
2026-04-08,0.5306824719446669
2026-04-09,0.5324969389669489
2026-04-10,0.5339071313999422
2026-04-13,0.5341883504309524
2026-04-14,0.5351958660306406
2026-04-15,0.5347092440661194
2026-04-16,0.535308224257589
2026-04-17,0.535418676839061
2026-04-20,0.5370400044591123
2026-04-21,0.5371530054342858
2026-04-22,0.5373038163376661
2026-04-23,0.5357034396816682
2026-04-24,0.5352528907116809
2026-04-27,0.5354602451820168
2026-04-28,0.5346572345082143
2026-04-29,0.534620303479772
2026-04-30,0.5352040187666518
2026-05-01,0.5350864593711736
2026-05-04,0.5354246881119187
2026-05-05,0.5362241794291777
2026-05-06,0.5374331994554187
2026-05-07,0.5376002205774449
2026-05-08,0.5377611907722354
2026-05-11,0.5376699023857788
2026-05-12,0.5374709311153408
2026-05-13,0.537556860935301
2026-05-14,0.5376699023857788
2026-05-15,0.5375031360430864
2026-05-18,0.5370352664912477
2026-05-19,0.5369270952376914
2026-05-20,0.5351001235726993
2026-05-21,0.5349882183285598
2026-05-22,0.5345786724398172
2026-05-26,0.5347282764512872
2026-05-27,0.5357334396559573
2026-05-28,0.5349521351035267
2026-05-29,0.5359379920456667
2026-06-01,0.5372558649973658
2026-06-02,0.5375136597378076
2026-06-03,0.5372772261014847
2026-06-04,0.536722433917091
2026-06-05,0.5363299888970114
2026-06-08,0.53658494988721
2026-06-09,0.5395266997498341
2026-06-10,0.539784214555575
2026-06-11,0.5400455730781634
2026-06-12,0.5399708494731806
2026-06-15,0.5387661409906823
2026-06-16,0.5399055981893853
2026-06-17,0.5389081219557743
2026-06-18,0.5393280225224723
2026-06-22,0.5386916715964396
2026-06-23,0.5387961357307093
2026-06-24,0.5395409690892049
2026-06-25,0.5423923331842782
2026-06-26,0.5425526538725814
2026-06-29,0.5423552163699936
2026-06-30,0.5421828046341431
2026-07-01,0.5448715333982039
2026-07-02,0.5482663151632333
2026-07-06,0.5494093983667989
2026-07-07,0.5516913583591854
2026-07-08,0.5513943972383439
2026-07-09,0.5521423193690601
2026-07-10,0.551956207375166
2026-07-13,0.5511466442983626
2026-07-14,0.5506164061905748
2026-07-15,0.5503797413744707
2026-07-16,0.5517886631477139
2026-07-17,0.5531637006994556
2026-07-20,0.5534184792251101
2026-07-21,0.5516320496049637
2026-07-22,0.5513425356435243
2026-07-23,0.5526618963035536
2026-07-24,0.5536338110780961
2026-07-27,0.5538624397745938
2026-07-28,0.554810905826736
2026-07-29,0.554692312341495
2026-07-30,0.5543476597104946
2026-07-31,0.5593186415865073
2026-08-03,0.5632792856939624
2026-08-04,0.5629826960592015
2026-08-05,0.5634171590119837
2026-08-06,0.5643220965622484
2026-08-07,0.5649608215784745
2026-08-10,0.5640953094261789
2026-08-11,0.5639620220438966
2026-08-12,0.5635848053631107
2026-08-13,0.5629468423302706
2026-08-14,0.5632348979698502
2026-08-17,0.5642746329596435
2026-08-18,0.5638647502164484
2026-08-19,0.5649430956502598
2026-08-20,0.5649158725461735
2026-08-21,0.5645309821818879
2026-08-24,0.5640675819591712
2026-08-25,0.5643435269548717
2026-08-26,0.5648518946624349
2026-08-27,0.5663603974271382
2026-08-28,0.5659757864080301
2026-08-31,0.5649844425317276
2026-09-01,0.5656665537732407
2026-09-02,0.5655615339732739
2026-09-03,0.5650306328232387
2026-09-04,0.5649619802766944
2026-09-08,0.5652509990668293
2026-09-09,0.565766449409911
2026-09-10,0.5667785968975384
2026-09-11,0.5673772619409903
2026-09-14,0.5693646845275735
2026-09-15,0.5692312312241594
2026-09-16,0.5695905493630496
2026-09-17,0.5694488851104671
2026-09-18,0.57011503608441
2026-09-21,0.5700317214708733
2026-09-22,0.5709825268680379
2026-09-23,0.5696733833014324
2026-09-24,0.5701693199371576
2026-09-25,0.5700692086408242
2026-09-28,0.568567640972018
2026-09-29,0.5698655616361992
2026-09-30,0.5700069595746671
