date,value
2006-07-20,0.6771435932907172
2006-07-21,0.6775745141872037
2006-07-24,0.6769339544067983
2006-07-25,0.677384977507677
2006-07-26,0.6775538230361697
2006-07-27,0.6780102361177996
2006-07-28,0.6786426669926999
2006-07-31,0.6777331023265708
2006-08-01,0.6784462331403627
2006-08-02,0.678396932685356
2006-08-03,0.6780981930144653
2006-08-04,0.6777630439473323
2006-08-07,0.6780013462384181
2006-08-08,0.6780373213699519
2006-08-09,0.6781991053102006
2006-08-10,0.6786666908663922
2006-08-11,0.6786147287846656
2006-08-14,0.6784283149222876
2006-08-15,0.6787151610173993
2006-08-16,0.6795625308455944
2006-08-17,0.6803898022450938
2006-08-18,0.6803795559085988
2006-08-21,0.6816664787714071
2006-08-22,0.6804850035071419
2006-08-23,0.6804966863884143
2006-08-24,0.680441098516972
2006-08-25,0.6805769659888264
2006-08-28,0.6798643277663963
2006-08-29,0.6811915598784235
2006-08-30,0.6806508558891498
2006-08-31,0.6807381455495289
2006-09-01,0.6806119648733373
2006-09-05,0.680712403193688
2006-09-06,0.6800708008230903
2006-09-07,0.6795865205440145
2006-09-08,0.6789299327797834
2006-09-11,0.6780922319276842
2006-09-12,0.6762281837680246
2006-09-13,0.6804412375569349
2006-09-14,0.6828577503758065
2006-09-15,0.6827902954212459
2006-09-18,0.6781075505089061
2006-09-19,0.6776088164752159
2006-09-20,0.6771572241008037
2006-09-21,0.6791259508244208
2006-09-22,0.6793474967600662
2006-09-25,0.6792942572285102
2006-09-26,0.6801720364849405
2006-09-27,0.6805741163235184
2006-09-28,0.6809955760549873
2006-09-29,0.6796353191908894
2006-10-02,0.6795413044221662
2006-10-03,0.6804368617601891
2006-10-04,0.6812674226025163
2006-10-05,0.6790181479310088
2006-10-06,0.6794325084140147
2006-10-09,0.6795459238008333
2006-10-10,0.6784485299177169
2006-10-11,0.6771663957715054
2006-10-12,0.6764007379673559
2006-10-13,0.6759064592324179
2006-10-16,0.6785259050078695
2006-10-17,0.6772238494390502
2006-10-18,0.6770629333360692
2006-10-19,0.6778628369861085
2006-10-20,0.6769438215912219
2006-10-23,0.6755385894171883
2006-10-24,0.6806351041482462
2006-10-25,0.6790964558074445
2006-10-26,0.6803600073837491
2006-10-27,0.6802624619356753
2006-10-30,0.6793728918980637
2006-10-31,0.6776455110476312
2006-11-01,0.6783291567124999
2006-11-02,0.6760075499758046
2006-11-03,0.6753875454675278
2006-11-06,0.6750500513793221
2006-11-07,0.674744614904792
2006-11-08,0.6736830041588726
2006-11-09,0.6731901903116712
2006-11-10,0.6730079986121948
2006-11-13,0.6726471618035034
2006-11-14,0.6728202823949525
2006-11-15,0.6727746973185865
2006-11-16,0.6711372737715946
2006-11-17,0.6705331601683112
2006-11-20,0.6727640923493541
2006-11-21,0.6736032875309832
2006-11-22,0.6727219983907782
2006-11-24,0.6726115911938039
2006-11-27,0.673245431197883
2006-11-28,0.6738158184149393
2006-11-29,0.6734581725541595
2006-11-30,0.6739325880751117
2006-12-01,0.6763586504349651
2006-12-04,0.674672626386249
2006-12-05,0.6762029684771729
2006-12-06,0.674673490651734
2006-12-07,0.6744821338499581
2006-12-08,0.674600668410866
2006-12-11,0.6742175842754667
2006-12-12,0.6744806578495375
2006-12-13,0.6742968967399934
2006-12-14,0.6739870426934025
2006-12-15,0.6739735679351838
2006-12-18,0.6724998798072912
2006-12-19,0.6717594736910992
2006-12-20,0.6701518628866652
2006-12-21,0.6687260144180929
2006-12-22,0.6676123615510475
2006-12-26,0.666540280803566
2006-12-27,0.6659408573380322
2006-12-28,0.6658268333719175
2006-12-29,0.6640559380538074
2007-01-03,0.6614157792361812
2007-01-04,0.6597895705862198
2007-01-05,0.6606900672003302
2007-01-08,0.6602558040816804
2007-01-09,0.6598874540650321
2007-01-10,0.6617655838461728
2007-01-11,0.6624160945862007
2007-01-12,0.6614364616383924
2007-01-16,0.6620781598852757
2007-01-17,0.6622076415471007
2007-01-18,0.6615864181413904
2007-01-19,0.6613904338668467
2007-01-22,0.6617777737533401
2007-01-23,0.6611956786305364
2007-01-24,0.6593536459516784
2007-01-25,0.6577610464624758
2007-01-26,0.65929683602146
2007-01-29,0.6591361313297754
2007-01-30,0.6592141609084421
2007-01-31,0.6599734728890617
2007-02-01,0.6625332795989332
2007-02-02,0.6635989765965831
2007-02-05,0.664349181330914
2007-02-06,0.66380790900996
2007-02-07,0.6618416437850219
2007-02-08,0.660351494585174
2007-02-09,0.6621596697754021
2007-02-12,0.6625025671673636
2007-02-13,0.6624946401147239
2007-02-14,0.6619405692771212
2007-02-15,0.6614829530684019
2007-02-16,0.6597323547337288
2007-02-20,0.6582611803381327
2007-02-21,0.6578697285825077
2007-02-22,0.6588765149922926
2007-02-23,0.6598502361643848
2007-02-26,0.6590300307831642
2007-02-27,0.6577160699882554
2007-02-28,0.656588574966159
2007-03-01,0.6562782427962507
2007-03-02,0.6556341148517923
2007-03-05,0.6543671393097699
2007-03-06,0.6540886557087975
2007-03-07,0.6530109107312302
2007-03-08,0.65183147942378
2007-03-09,0.6508710206937081
2007-03-12,0.6524820067385555
2007-03-13,0.6493526012379408
2007-03-14,0.647789289568116
2007-03-15,0.6476613639298309
2007-03-16,0.647865268320476
2007-03-19,0.646144182690279
2007-03-20,0.6442635401039285
2007-03-21,0.6432665257109623
2007-03-22,0.6426010350578047
2007-03-23,0.6417806293293106
2007-03-26,0.6411877716479365
2007-03-27,0.6402238823822664
2007-03-28,0.6407929657534523
2007-03-29,0.6402828048443262
2007-03-30,0.6416385841149937
2007-04-02,0.6427223423274363
2007-04-03,0.6424227710614405
2007-04-04,0.6413389190437199
2007-04-05,0.640954520301488
2007-04-09,0.6422572008610722
2007-04-10,0.6411877716479365
2007-04-11,0.6414213254263595
2007-04-12,0.6416719881558985
2007-04-13,0.6427136316347476
2007-04-16,0.6446250926762809
2007-04-17,0.6433464756713032
2007-04-18,0.6421500753056563
2007-04-19,0.645949123420302
2007-04-20,0.6459026259210457
2007-04-23,0.6456770297105726
2007-04-24,0.6450447441209093
2007-04-25,0.6454662636993185
2007-04-26,0.6431237975815973
2007-04-27,0.6413946283702571
2007-04-30,0.6409488647080724
2007-05-01,0.6412609789299112
2007-05-02,0.6418466818824954
2007-05-03,0.6437494773051835
2007-05-04,0.6456985899322297
2007-05-07,0.6490179075591828
2007-05-08,0.6516999452799609
2007-05-09,0.6544592099553014
2007-05-10,0.6558692073076049
2007-05-11,0.656198732271528
2007-05-14,0.6576897318290195
2007-05-15,0.6592911932154397
2007-05-16,0.6606617868227024
2007-05-17,0.6625787234341048
2007-05-18,0.6622702117960464
2007-05-21,0.6618752729021413
2007-05-22,0.661947831439458
2007-05-23,0.6615179029271686
2007-05-24,0.6616403512161244
2007-05-25,0.6603190629960158
2007-05-29,0.6574207423496395
2007-05-30,0.656216947445352
2007-05-31,0.657318083578608
2007-06-01,0.65857691848169
2007-06-04,0.65866351172755
2007-06-05,0.6599461290454478
2007-06-06,0.6593226917665369
2007-06-07,0.6580853387375174
2007-06-08,0.6592573280433909
2007-06-11,0.6597319978876773
2007-06-12,0.6597659488808378
2007-06-13,0.6596828961186351
2007-06-14,0.6599343404054312
2007-06-15,0.6603412962928844
2007-06-18,0.6606966497794385
2007-06-19,0.6606441415412316
2007-06-20,0.6611473188553525
2007-06-21,0.6605850789209106
2007-06-22,0.6605141628473268
2007-06-25,0.6625023278649986
2007-06-26,0.6638631854706925
2007-06-27,0.6612098732181525
2007-06-28,0.6613491838776675
2007-06-29,0.6607034744373306
2007-07-02,0.6616770613511442
2007-07-03,0.6625610698812879
2007-07-05,0.6629968662250968
2007-07-06,0.662124629026011
2007-07-09,0.6622053801506748
2007-07-10,0.663531012047589
2007-07-11,0.6638267598340818
2007-07-12,0.665374217739515
2007-07-13,0.6686755225856121
2007-07-16,0.6711258466976913
2007-07-17,0.6735822957646549
2007-07-18,0.6751044116933844
2007-07-19,0.675884270246318
2007-07-20,0.6741862399260635
2007-07-23,0.6738947213760301
2007-07-24,0.6736540661051723
2007-07-25,0.6739796492306367
2007-07-26,0.6742367638182996
2007-07-27,0.675189348997848
2007-07-30,0.6749159839004799
2007-07-31,0.6754187710247321
2007-08-01,0.6761715838091643
2007-08-02,0.6786435986457606
2007-08-03,0.6779636860266364
2007-08-06,0.6778411865062722
2007-08-07,0.6778452464351656
2007-08-08,0.6777502395382464
2007-08-09,0.6784330914678341
2007-08-10,0.6779217963991513
2007-08-13,0.6771992962624489
2007-08-14,0.6787521709453912
2007-08-15,0.6806070620339543
2007-08-16,0.6799964962465075
2007-08-17,0.6800937564801333
2007-08-20,0.6799299571382734
2007-08-21,0.6815837207059963
2007-08-22,0.6827683262762935
2007-08-23,0.6846695232578118
2007-08-24,0.6840775807490517
2007-08-27,0.6830398454823795
2007-08-28,0.6824022423553443
2007-08-29,0.6814711445588039
2007-08-30,0.6807584845061354
2007-08-31,0.6819948073834475
2007-09-04,0.6817030697476434
2007-09-05,0.6816099277845082
2007-09-06,0.6821931934716713
2007-09-07,0.682915164441849
2007-09-10,0.6809390291612086
2007-09-11,0.6808576970704355
2007-09-12,0.6811371654767446
2007-09-13,0.6824107532224316
2007-09-14,0.6813952547014612
2007-09-17,0.6813379331362241
2007-09-18,0.6811882413470096
2007-09-19,0.6819020505081298
2007-09-20,0.680684244054885
2007-09-21,0.6820762781708631
2007-09-24,0.6818549773753132
2007-09-25,0.6793092950818148
2007-09-26,0.6792102012797417
2007-09-27,0.6796130688725175
2007-09-28,0.679274087097125
2007-10-01,0.6797126262473607
2007-10-02,0.6820177855434517
2007-10-03,0.6849386835153932
2007-10-04,0.6860064719373473
2007-10-05,0.6837378631562939
2007-10-08,0.6831333572346763
2007-10-09,0.6840155029648123
2007-10-10,0.6849230391900208
2007-10-11,0.6848181107301611
2007-10-12,0.684772399589214
2007-10-15,0.6831009248965305
2007-10-16,0.6840463123169808
2007-10-17,0.6849706810776738
2007-10-18,0.6851980836940018
2007-10-19,0.6848605088485057
2007-10-22,0.6848257274256594
2007-10-23,0.684398038315087
2007-10-24,0.6836169654512414
2007-10-25,0.6841788004859736
2007-10-26,0.6843205880313259
2007-10-29,0.6838707798902894
2007-10-30,0.6845893667995397
2007-10-31,0.6845652066227775
2007-11-01,0.6847024718702676
2007-11-02,0.6848018779724729
2007-11-05,0.684483092866718
2007-11-06,0.6844196084946863
2007-11-07,0.6838907815579176
2007-11-08,0.6842267167221552
2007-11-09,0.6859016901711201
2007-11-12,0.6893484676931361
2007-11-13,0.6890808016602104
2007-11-14,0.6894241339978676
2007-11-15,0.6891769513638274
2007-11-16,0.6892981170268537
2007-11-19,0.6837395638270366
2007-11-20,0.6837741657180212
2007-11-21,0.6892478409956286
2007-11-23,0.6893254883072579
2007-11-26,0.683888933552355
2007-11-27,0.6835776531997731
2007-11-28,0.6834740020502976
2007-11-29,0.6831411342863863
2007-11-30,0.683291559822996
2007-12-03,0.6840491972921235
2007-12-04,0.6838179401649399
2007-12-05,0.6838616126809052
2007-12-06,0.6847614127988134
2007-12-07,0.68452552656058
2007-12-10,0.6848274295633424
2007-12-11,0.6849270290855338
2007-12-12,0.682724956815732
2007-12-13,0.6848046226807267
2007-12-14,0.6839420487419965
2007-12-17,0.6847374550104907
2007-12-18,0.6836593912495027
2007-12-19,0.6835556309205
2007-12-20,0.6826323224387939
2007-12-21,0.6866643889357104
2007-12-24,0.6866206174045635
2007-12-26,0.6874712385507045
2007-12-27,0.6870373909055741
2007-12-28,0.6879954078791662
2007-12-31,0.6883764193585314
2008-01-02,0.6850191464066492
2008-01-03,0.6849144694586309
2008-01-04,0.6845659456029621
2008-01-07,0.6789276423676402
2008-01-08,0.6847401307988028
2008-01-09,0.6849144694586309
2008-01-10,0.6849842479406165
2008-01-11,0.6849842479406165
2008-01-14,0.6847696837063133
2008-01-15,0.6826787322698811
2008-01-16,0.6830316425758891
2008-01-17,0.6831390907132884
2008-01-18,0.6830347590680718
2008-01-22,0.6829293393960434
2008-01-23,0.6819364358763874
2008-01-24,0.6821115108502557
2008-01-25,0.6819480874646002
2008-01-28,0.6816798457367016
2008-01-29,0.6813766598666766
2008-01-30,0.6808991081952394
2008-01-31,0.6806551556822226
2008-02-01,0.6807476556627217
2008-02-04,0.6810267060562742
2008-02-05,0.6810386458797726
2008-02-06,0.6813055018151126
2008-02-07,0.680453941462498
2008-02-08,0.6811298055549374
2008-02-11,0.6811655916948883
2008-02-12,0.6810386458797726
2008-02-13,0.6811330926005219
2008-02-14,0.680485442009919
2008-02-15,0.6811829103348035
2008-02-19,0.6768591841307058
2008-02-20,0.6755565831792603
2008-02-21,0.6754584681881068
2008-02-22,0.6760416059363152
2008-02-25,0.6761576363010557
2008-02-26,0.6757195699431057
2008-02-27,0.6808619588589144
2008-02-28,0.6808619588589144
2008-02-29,0.6808619588589144
2008-03-03,0.6754768510183342
2008-03-04,0.6755115065748989
2008-03-05,0.673636925796049
2008-03-06,0.6731775447662774
2008-03-07,0.6733486660646189
2008-03-10,0.6727296671449408
2008-03-11,0.6740190804622972
2008-03-12,0.6739643312064932
2008-03-13,0.674136437694923
2008-03-14,0.6741517970322649
2008-03-17,0.6742946944731266
2008-03-18,0.6657520130824436
2008-03-19,0.6657176042601616
2008-03-20,0.6655800312267404
2008-03-24,0.6655800312267404
2008-03-25,0.6655456535233469
2008-03-26,0.6631164200324545
2008-03-27,0.6657108155388393
2008-03-28,0.6728039955815398
2008-03-31,0.6734084175902914
2008-04-01,0.6732549650382625
2008-04-02,0.665624032106621
2008-04-03,0.6648594029425111
2008-04-04,0.6648940920851573
2008-04-07,0.6651716130518478
2008-04-08,0.6644782404679092
2008-04-09,0.6644090204400388
2008-04-10,0.6645825087269898
2008-04-11,0.663169742460602
2008-04-14,0.6629117638306337
2008-04-15,0.6644270854789582
2008-04-16,0.6640474599478716
2008-04-17,0.6669198524443206
2008-04-18,0.6640474599478716
2008-04-21,0.6642199227272082
2008-04-22,0.6759550133162567
2008-04-23,0.6794325084140147
2008-04-24,0.6794325084140147
2008-04-25,0.6795653197970276
2008-04-28,0.6796317592956461
2008-04-29,0.6789895266618151
2008-04-30,0.679088932563436
2008-05-01,0.678890171274848
2008-05-02,0.6787246911072249
2008-05-05,0.6785593509561489
2008-05-06,0.679148571322519
2008-05-07,0.6786557573897049
2008-05-08,0.6785479512071317
2008-05-09,0.6783590938816577
2008-05-12,0.6789767565168889
2008-05-13,0.6795289807155035
2008-05-14,0.6799670963144587
2008-05-15,0.6788882061752456
2008-05-16,0.6781915548083908
2008-05-19,0.6794980404308845
2008-05-20,0.6791051771474585
2008-05-21,0.6762791018781665
2008-05-22,0.6764690710989647
2008-05-23,0.6766583783624153
2008-05-27,0.6763368301386677
2008-05-28,0.6758147034507467
2008-05-29,0.6751155784036371
2008-05-30,0.6766123759360955
2008-06-02,0.676313387354472
2008-06-03,0.67540433641683
2008-06-04,0.6754711519039325
2008-06-05,0.6750234406244652
2008-06-06,0.676353340659165
2008-06-09,0.676353340659165
2008-06-10,0.6708125346763898
2008-06-11,0.6634486972340878
2008-06-12,0.6634486972340878
2008-06-13,0.6633809761623424
2008-06-16,0.6659036439388123
2008-06-17,0.6664703989728689
2008-06-18,0.6659898865603592
2008-06-19,0.6660586173170802
2008-06-20,0.6660586173170802
2008-06-23,0.6604650634054385
2008-06-24,0.6580489511853008
2008-06-25,0.658912862445502
2008-06-26,0.661825126480662
2008-06-27,0.6620001786438008
2008-06-30,0.6662983662205643
2008-07-01,0.6667459750784601
2008-07-02,0.6667459750784601
2008-07-03,0.6667102137928788
2008-07-07,0.6658679094850782
2008-07-08,0.6585997882445017
2008-07-09,0.6583929590188339
2008-07-10,0.658196437681959
2008-07-11,0.6577829721869757
2008-07-14,0.6576693250562813
2008-07-15,0.6587221817316122
2008-07-16,0.6572069620312591
2008-07-17,0.6569663394411606
2008-07-18,0.6564175080499861
2008-07-21,0.6564718838504164
2008-07-22,0.6564436383535694
2008-07-23,0.6539444069354075
2008-07-24,0.6555636942020466
2008-07-25,0.6554612513360631
2008-07-28,0.6554816630701401
2008-07-29,0.6623702965712459
2008-07-30,0.6630275363205823
2008-07-31,0.6626647339989091
2008-08-01,0.66403341792744
2008-08-04,0.6639990798892994
2008-08-05,0.6641717963507976
2008-08-06,0.6638987946064742
2008-08-07,0.6618780530113998
2008-08-08,0.6637245995233179
2008-08-11,0.6632440851995876
2008-08-12,0.6637238044363653
2008-08-13,0.663758116680818
2008-08-14,0.6631826915069297
2008-08-15,0.6628790896513209
2008-08-18,0.6550791465771967
2008-08-19,0.6547457282025397
2008-08-20,0.6544738715896826
2008-08-21,0.6544133932599837
2008-08-22,0.6540352259070116
2008-08-25,0.6538532335444036
2008-08-26,0.654375339077655
2008-08-27,0.6517521438741619
2008-08-28,0.6454638207980052
2008-08-29,0.6457840088269076
2008-09-02,0.6460564400911789
2008-09-03,0.6461975837362595
2008-09-04,0.6459863923869662
2008-09-05,0.6460099083763802
2008-09-08,0.6350126926777624
2008-09-09,0.6249013862978
2008-09-10,0.6206580353257692
2008-09-11,0.6208719328437896
2008-09-12,0.6210145579226015
2008-09-15,0.6207660500419105
2008-09-16,0.6205883152488343
2008-09-17,0.6201958999113106
2008-09-18,0.6200161753257515
2008-09-19,0.6202278075916107
2008-09-22,0.6207269177026221
2008-09-23,0.6209412665589014
2008-09-24,0.6209412665589014
2008-09-25,0.6201922123057735
2008-09-26,0.6200499049224217
2008-09-29,0.6197301441390902
2008-09-30,0.6195519334099712
2008-10-01,0.6195866050028642
2008-10-02,0.6195494595455912
2008-10-03,0.6196916162095897
2008-10-06,0.619262626531918
2008-10-07,0.6236641741300462
2008-10-08,0.6297307399756382
2008-10-09,0.629034811781869
2008-10-10,0.6284053451553975
2008-10-13,0.629124653554284
2008-10-14,0.6289696174184569
2008-10-15,0.630070639400141
2008-10-16,0.6298141301175406
2008-10-17,0.6308184678377197
2008-10-20,0.6307428531179703
2008-10-21,0.630461843912813
2008-10-22,0.6305687551787804
2008-10-23,0.6306169278896965
2008-10-24,0.6357944654017547
2008-10-27,0.6358653978873683
2008-10-28,0.6356006864348602
2008-10-29,0.6353728610488875
2008-10-30,0.6365412910615486
2008-10-31,0.6405498112343162
2008-11-03,0.6413412322979597
2008-11-04,0.6399238349579489
2008-11-05,0.6413054627944551
2008-11-06,0.6417623317510036
2008-11-07,0.6416025458919395
2008-11-10,0.6417800702434588
2008-11-11,0.6416647104174701
2008-11-12,0.6416198750685408
2008-11-13,0.6417889510498086
2008-11-14,0.6419943406250875
2008-11-17,0.6418336916000574
2008-11-18,0.6435699408363692
2008-11-19,0.6435601668309637
2008-11-20,0.6436324621823543
2008-11-21,0.6438495215253253
2008-11-24,0.6437508177987376
2008-11-25,0.6440043493041021
2008-11-26,0.6442219446242589
2008-11-28,0.6444398013348777
2008-12-01,0.644205810830728
2008-12-02,0.642506047908092
2008-12-03,0.6413604528670395
2008-12-04,0.642813740538369
2008-12-05,0.6424837093369745
2008-12-08,0.6379727984367571
2008-12-09,0.6379356019315733
2008-12-10,0.6335145515194126
2008-12-11,0.6335522047434049
2008-12-12,0.6310491982815243
2008-12-15,0.6317939178202073
2008-12-16,0.6321069666627658
2008-12-17,0.6306319350461934
2008-12-18,0.6292485426337147
2008-12-19,0.6266879988408794
2008-12-22,0.6275644178533237
2008-12-23,0.6303669593376225
2008-12-24,0.6307623884222736
2008-12-26,0.6319477760195688
2008-12-29,0.6297900715570058
2008-12-30,0.6304810283280314
2008-12-31,0.6311437787887327
2009-01-02,0.6305860150579009
2009-01-05,0.6304248102921522
2009-01-06,0.6310153075009046
2009-01-07,0.6307029773154902
2009-01-08,0.6306118557232097
2009-01-09,0.6310282431862615
2009-01-12,0.6308433906189705
2009-01-13,0.6302975224869701
2009-01-14,0.630336222562958
2009-01-15,0.6305866635768367
2009-01-16,0.6302866178945288
2009-01-20,0.6283650962454719
2009-01-21,0.6274902982126782
2009-01-22,0.6261911343296945
2009-01-23,0.6245729404307433
2009-01-26,0.6225030654044968
2009-01-27,0.6230937105081351
2009-01-28,0.6248044390724068
2009-01-29,0.6303799987250293
2009-01-30,0.6301500658045276
2009-02-02,0.6298115969865837
2009-02-03,0.631153018362283
2009-02-04,0.6315831094420005
2009-02-05,0.63042667708641
2009-02-06,0.6303937485635888
2009-02-09,0.6305010567060279
2009-02-10,0.628106022860958
2009-02-11,0.6278427887723287
2009-02-12,0.6285879499187348
2009-02-13,0.628591358252998
2009-02-17,0.6282712605546994
2009-02-18,0.6278795644118009
2009-02-19,0.6286421477963723
2009-02-20,0.6279813629514716
2009-02-23,0.627401404709036
2009-02-24,0.6278486505329617
2009-02-25,0.6277836229418531
2009-02-26,0.6276352164956175
2009-02-27,0.6273331278140601
2009-03-02,0.6267130538035205
2009-03-03,0.626430023686853
2009-03-04,0.6255697701818803
2009-03-05,0.6252634553959264
2009-03-06,0.6242089492765317
2009-03-09,0.6244424055970385
2009-03-10,0.6248194305154736
2009-03-11,0.6241949992611251
2009-03-12,0.6241295188882816
2009-03-13,0.6221219306014781
2009-03-16,0.6198651338001737
2009-03-17,0.6191762634376657
2009-03-18,0.6230094759682812
2009-03-19,0.6244258122024251
2009-03-20,0.623767184131856
2009-03-23,0.6230618560119533
2009-03-24,0.6220132317219537
2009-03-25,0.6214105374726466
2009-03-26,0.6220178982266
2009-03-27,0.6215247478042807
2009-03-30,0.6220961954632814
2009-03-31,0.6219066915371536
2009-04-01,0.6207596925693747
2009-04-02,0.6202562820063013
2009-04-03,0.6192846097354515
2009-04-06,0.6176860497257155
2009-04-07,0.6158765449378076
2009-04-08,0.6157689086910544
2009-04-09,0.615829282066581
2009-04-13,0.6217571626214591
2009-04-14,0.6222584164296731
2009-04-15,0.6221060794341415
2009-04-16,0.6221850825637953
2009-04-17,0.6217992923349993
2009-04-20,0.6217222004795138
2009-04-21,0.620985740387324
2009-04-22,0.6199325576883444
2009-04-23,0.6196527177011906
2009-04-24,0.6224866158494388
2009-04-27,0.6204099613917194
2009-04-28,0.6216454561631716
2009-04-29,0.6212571964061976
2009-04-30,0.6214128648296722
2009-05-01,0.6202066258878174
2009-05-04,0.6202826117223817
2009-05-05,0.6208664402091478
2009-05-06,0.618757046777909
2009-05-07,0.6175345774378509
2009-05-08,0.6201118892152838
2009-05-11,0.6187573970800972
2009-05-12,0.6160779056936094
2009-05-13,0.6132506771716729
2009-05-14,0.6115941978956702
2009-05-15,0.6130708000852682
2009-05-18,0.6130966172696383
2009-05-19,0.612515943487364
2009-05-20,0.6130924091515605
2009-05-21,0.612690237233694
2009-05-22,0.6124028003441012
2009-05-26,0.6111057394861847
2009-05-27,0.611238445367035
2009-05-28,0.6114722899323999
2009-05-29,0.6122032245341813
2009-06-01,0.611242863998071
2009-06-02,0.6115478877217709
2009-06-03,0.611965697144509
2009-06-04,0.6118143267641003
2009-06-05,0.60997987875457
2009-06-08,0.6094787553589566
2009-06-09,0.6092844762262731
2009-06-10,0.6103353458755203
2009-06-11,0.6119317471592399
2009-06-12,0.6123568414667502
2009-06-15,0.6123320474690455
2009-06-16,0.6126413455836546
2009-06-17,0.6085919026554938
2009-06-18,0.608060374902474
2009-06-19,0.6057965620694881
2009-06-22,0.604070714571813
2009-06-23,0.6021263446779697
2009-06-24,0.6004016264513714
2009-06-25,0.5978482093442712
2009-06-26,0.595268366814391
2009-06-29,0.59318334647369
2009-06-30,0.5919482623223907
2009-07-01,0.593253419267075
2009-07-02,0.5936262544501992
2009-07-06,0.5936940520224592
2009-07-07,0.5928656304161246
2009-07-08,0.5928124237807538
2009-07-09,0.5928124237807538
2009-07-10,0.5932304278329519
2009-07-13,0.592683269351187
2009-07-14,0.592386897917875
2009-07-15,0.5971797261875915
2009-07-16,0.5969667684294658
2009-07-17,0.5963903135237897
2009-07-20,0.5956233635459249
2009-07-21,0.5942512596768766
2009-07-22,0.5937108668719149
2009-07-23,0.5933087743834745
2009-07-24,0.5925367324371322
2009-07-27,0.5927987198249051
2009-07-28,0.59318334647369
2009-07-29,0.5925328720055907
2009-07-30,0.5933976896441464
2009-07-31,0.5940079177576538
2009-08-03,0.5938933238516044
2009-08-04,0.5935964812934195
2009-08-05,0.5934752895651044
2009-08-06,0.5923627101315401
2009-08-07,0.591416684320857
2009-08-10,0.5906578897151632
2009-08-11,0.5921881974595886
2009-08-12,0.5923100719849982
2009-08-13,0.5923327270133691
2009-08-14,0.592054696933547
2009-08-17,0.5960330489206238
2009-08-18,0.5958787043492465
2009-08-19,0.5955138687059977
2009-08-20,0.5953788115359132
2009-08-21,0.5946443216385905
2009-08-24,0.5943284246621455
2009-08-25,0.5943946303622333
2009-08-26,0.5925289436640084
2009-08-27,0.5921456650859395
2009-08-28,0.5924511553705557
2009-08-31,0.5926806549465614
2009-09-01,0.591624483739867
2009-09-02,0.5905846097246353
2009-09-03,0.5889396235701867
2009-09-04,0.5869953185808621
2009-09-08,0.5858534295900198
2009-09-09,0.5857165957832097
2009-09-10,0.5862131043040752
2009-09-11,0.5856541624269544
2009-09-14,0.5862488824881389
2009-09-15,0.5866549782912739
2009-09-16,0.5865389061129992
2009-09-17,0.5865389061129992
2009-09-18,0.5863648138197415
2009-09-21,0.5863258253630473
2009-09-22,0.5867717847719021
2009-09-23,0.5873940601870483
2009-09-24,0.5877828860963035
2009-09-25,0.5875866291859244
2009-09-28,0.5880731220821911
2009-09-29,0.587488773365659
2009-09-30,0.5875854027643709
2009-10-01,0.5850520730004078
2009-10-02,0.586461067994524
2009-10-05,0.5862475868415066
2009-10-06,0.5855285970239081
2009-10-07,0.585663586741283
2009-10-08,0.5861492951461716
2009-10-09,0.5855072095740449
2009-10-12,0.5841850438074113
2009-10-13,0.5829102303094745
2009-10-14,0.5820871059232778
2009-10-15,0.5817374931206071
2009-10-16,0.5798886394112165
2009-10-19,0.5805603495309574
2009-10-20,0.5807276325725277
2009-10-21,0.5805453772505902
2009-10-22,0.5787270744039092
2009-10-23,0.5784478479180667
2009-10-26,0.580997589340733
2009-10-27,0.5810353986218298
2009-10-28,0.5813003201932401
2009-10-29,0.5813382028325317
2009-10-30,0.5806954443271034
2009-11-02,0.5807331804780154
2009-11-03,0.5811022725688699
2009-11-04,0.5812043118867609
2009-11-05,0.5799978217104229
2009-11-06,0.5801473037974987
2009-11-09,0.5799068217542848
2009-11-10,0.5801236106642783
2009-11-11,0.5833665465139023
2009-11-12,0.5814645760027951
2009-11-13,0.5843701585527133
2009-11-16,0.583204996325776
2009-11-17,0.5828455726178084
2009-11-18,0.5818834032624974
2009-11-19,0.5832417861768133
2009-11-20,0.5832417861768133
2009-11-23,0.5837377819974838
2009-11-24,0.58129118238147
2009-11-25,0.5801294560587384
2009-11-27,0.5833565470379592
2009-11-30,0.5832824078914811
2009-12-01,0.5838595451331858
2009-12-02,0.5808688509428289
2009-12-03,0.5808758820203953
2009-12-04,0.5845276306892836
2009-12-07,0.5836632373557671
2009-12-08,0.5844303056223743
2009-12-09,0.584637447090908
2009-12-10,0.5848623040067146
2009-12-11,0.5845625660287619
2009-12-14,0.5809474133267806
2009-12-15,0.5802876030694613
2009-12-16,0.5802876030694613
2009-12-17,0.5838359946661303
2009-12-18,0.5837784576147792
2009-12-21,0.5835068267122187
2009-12-22,0.583815957662052
2009-12-23,0.5842464285404481
2009-12-24,0.5844723720175478
2009-12-28,0.5850566277622676
2009-12-29,0.5852063983400946
2009-12-30,0.5855665134785444
2009-12-31,0.5855849170080637
2010-01-04,0.5856414448440357
2010-01-05,0.5899392362151475
2010-01-06,0.5897544203135455
2010-01-07,0.5899054510723043
2010-01-08,0.5894356476095024
2010-01-11,0.589343097547363
2010-01-12,0.5851358941271705
2010-01-13,0.5885145165529757
2010-01-14,0.5896729553500852
2010-01-15,0.588966244163477
2010-01-19,0.5883496474752419
2010-01-20,0.5897162107693737
2010-01-21,0.5899544360852604
2010-01-22,0.5904369215113325
2010-01-25,0.5886760802431611
2010-01-26,0.5885122144137177
2010-01-27,0.5884388793739886
2010-01-28,0.6047282307649547
2010-01-29,0.6127927814750634
2010-02-01,0.6117394974797011
2010-02-02,0.6141439014237036
2010-02-03,0.6141030868340351
2010-02-04,0.6142149190069376
2010-02-05,0.6140285730817654
2010-02-08,0.6139949457624954
2010-02-09,0.612332591509634
2010-02-10,0.6121763284870845
2010-02-11,0.6118450737475016
2010-02-12,0.6124344221189324
2010-02-16,0.6122544812066101
2010-02-17,0.6124019090323981
2010-02-18,0.6126602183626102
2010-02-19,0.6126602183626102
2010-02-22,0.6107149593537642
2010-02-23,0.6093593109408887
2010-02-24,0.610827617356071
2010-02-25,0.6109074703143356
2010-02-26,0.6112163669631393
2010-03-01,0.6152299685534409
2010-03-02,0.6155614127772157
2010-03-03,0.6155871149270304
2010-03-04,0.6158749286959327
2010-03-05,0.6145158668461931
2010-03-08,0.6150369518489746
2010-03-09,0.6146466043692694
2010-03-10,0.6155275746098594
2010-03-11,0.6158987344732993
2010-03-12,0.6168301941071198
2010-03-15,0.6167554894611692
2010-03-16,0.6164569981895863
2010-03-17,0.6162707066201814
2010-03-18,0.6156416190320282
2010-03-19,0.6164412909688435
2010-03-22,0.609446581962756
2010-03-23,0.6094095546390534
2010-03-24,0.6094347597849773
2010-03-25,0.6095713899994366
2010-03-26,0.6089968831889917
2010-03-29,0.6088116584249705
2010-03-30,0.6085578926998646
2010-03-31,0.6095498412823382
2010-04-01,0.6097249330027253
2010-04-05,0.6148393607197813
2010-04-06,0.6193381886117333
2010-04-07,0.6205898248818981
2010-04-08,0.6202136135405516
2010-04-09,0.6196110578527335
2010-04-12,0.6171931951067886
2010-04-13,0.6208904864116706
2010-04-14,0.6207784862397936
2010-04-15,0.6208894178678267
2010-04-16,0.6200713809652815
2010-04-19,0.6210363589877205
2010-04-20,0.6209610732824596
2010-04-21,0.6205480986170294
2010-04-22,0.6314117402895151
2010-04-23,0.6379572925876301
2010-04-26,0.6597560689136739
2010-04-27,0.6596097859311464
2010-04-28,0.6596368597459464
2010-04-29,0.6597679172427278
2010-04-30,0.6591442791766667
2010-05-03,0.658583424810409
2010-05-04,0.6583578144536267
2010-05-05,0.6576907056033188
2010-05-06,0.6578857513230038
2010-05-07,0.6626446317312487
2010-05-10,0.6631768666482167
2010-05-11,0.6629504832741151
2010-05-12,0.6695873943566022
2010-05-13,0.6800661697643676
2010-05-14,0.6798048860178459
2010-05-17,0.6798464276430924
2010-05-18,0.685022272264293
2010-05-19,0.685281550767393
2010-05-20,0.6910732618327438
2010-05-21,0.6911994925859076
2010-05-24,0.6926973607984013
2010-05-25,0.6931237034885429
2010-05-26,0.6977913229334128
2010-05-27,0.697716939308026
2010-05-28,0.6993600336337725
2010-06-01,0.6988378247890804
2010-06-02,0.6987449828128368
2010-06-03,0.6992609011360862
2010-06-04,0.6994852579197576
2010-06-07,0.6989266872887241
2010-06-08,0.6988240658387544
2010-06-09,0.6984633308363598
2010-06-10,0.7014465994754544
2010-06-11,0.7054012736690463
2010-06-14,0.7119342251382915
2010-06-15,0.7126194090251196
2010-06-16,0.7118849623977621
2010-06-17,0.7113497181127831
2010-06-18,0.7132220731169622
2010-06-21,0.7166599536779579
2010-06-22,0.7165907924886126
2010-06-23,0.72204715821698
2010-06-24,0.7220503984585395
2010-06-25,0.7223883302977097
2010-06-28,0.7213811891405616
2010-06-29,0.7210442708992416
2010-06-30,0.722443209190706
2010-07-01,0.7263362205246825
2010-07-02,0.726241565904408
2010-07-06,0.7273437872815824
2010-07-07,0.7351759902785785
2010-07-08,0.7351531310169035
2010-07-09,0.7353060939898539
2010-07-12,0.7371498608211198
2010-07-13,0.7363501202009446
2010-07-14,0.7341893871895915
2010-07-15,0.7307348574389407
2010-07-16,0.7323449424417655
2010-07-19,0.7319453017020818
2010-07-20,0.7327836103743913
2010-07-21,0.7327257463378419
2010-07-22,0.7448083852715351
2010-07-23,0.7495304816968748
2010-07-26,0.7523295155925213
2010-07-27,0.7551244674114825
2010-07-28,0.7568567196894332
2010-07-29,0.7573364210810272
2010-07-30,0.7572887066968477
2010-08-02,0.7567376910033219
2010-08-03,0.7558390317755248
2010-08-04,0.7607370356406835
2010-08-05,0.7602489485718248
2010-08-06,0.7679348653975334
2010-08-09,0.771062499108398
2010-08-10,0.7796375056094665
2010-08-11,0.7823427477326915
2010-08-12,0.7868226920355897
2010-08-13,0.7905562864472665
2010-08-16,0.7949976598521709
2010-08-17,0.7968878371839034
2010-08-18,0.7969015587069301
2010-08-19,0.799951349676639
2010-08-20,0.7996229766350893
2010-08-23,0.7983940671073222
2010-08-24,0.7982992627576124
2010-08-25,0.7964653488686446
2010-08-26,0.7949202609834736
2010-08-27,0.7928191878499017
2010-08-30,0.7951311261702317
2010-08-31,0.7954350954570425
2010-09-01,0.8025177001710185
2010-09-02,0.8076473419091973
2010-09-03,0.8109714014206708
2010-09-07,0.8111933198942378
2010-09-08,0.8138938669482911
2010-09-09,0.8135999489807219
2010-09-10,0.8124469638464151
2010-09-13,0.8126514674537852
2010-09-14,0.8142235737583695
2010-09-15,0.8141913917236201
2010-09-16,0.8181563035013676
2010-09-17,0.8180599665572241
2010-09-20,0.8183179051625594
2010-09-21,0.8177865205783088
2010-09-22,0.824959924692084
2010-09-23,0.8328741815806151
2010-09-24,0.8410536700256663
2010-09-27,0.8409087491876095
2010-09-28,0.839410245805571
2010-09-29,0.8422784448179833
2010-09-30,0.8405888029746442
2010-10-01,0.8431673979103658
2010-10-04,0.8443323122249308
2010-10-05,0.8416662173489862
2010-10-06,0.8446380300714899
2010-10-07,0.8423794443513622
2010-10-08,0.8402576917771698
2010-10-11,0.8382037533850588
2010-10-12,0.8402582186723436
2010-10-13,0.8393796265892135
2010-10-14,0.8395244307147494
2010-10-15,0.8383043041682509
2010-10-18,0.8385742218074491
2010-10-19,0.8419751914719923
2010-10-20,0.8432109171716855
2010-10-21,0.8604146142759564
2010-10-22,0.8644135985129002
2010-10-25,0.8637812979514223
2010-10-26,0.8730629564266911
2010-10-27,0.875880869176823
2010-10-28,0.8751084190903102
2010-10-29,0.8724307624311057
2010-11-01,0.878395223567682
2010-11-02,0.8788922634131036
2010-11-03,0.879129770366813
2010-11-04,0.878556754873634
2010-11-05,0.8779506761708291
2010-11-08,0.8780983606790966
2010-11-09,0.8763916463058838
2010-11-10,0.8762679195498124
2010-11-11,0.8780812838893837
2010-11-12,0.8768798558177492
2010-11-15,0.8754948505857547
2010-11-16,0.8780687453888365
2010-11-17,0.8748904821610887
2010-11-18,0.87207348101459
2010-11-19,0.8692394792348561
2010-11-22,0.8765931651025377
2010-11-23,0.8828640475155292
2010-11-24,0.888301187269624
2010-11-26,0.8880478262201356
2010-11-29,0.8906005642992825
2010-11-30,0.8961446043096172
2010-12-01,0.8948626999612532
2010-12-02,0.894138435519717
2010-12-03,0.902713172914337
2010-12-06,0.9001653271465779
2010-12-07,0.8994021880419343
2010-12-08,0.8986744258278949
2010-12-09,0.8985024145928828
2010-12-10,0.8979743255141456
2010-12-13,0.9020432640428304
2010-12-14,0.9068620391575232
2010-12-15,0.910303671045266
2010-12-16,0.9068939339638088
2010-12-17,0.9068285515445308
2010-12-20,0.9066994035183832
2010-12-21,0.9087565831923392
2010-12-22,0.9056158828570882
2010-12-23,0.9079278018071376
2010-12-27,0.9068480836142478
2010-12-28,0.905957927559141
2010-12-29,0.9060778801663442
2010-12-30,0.90796884195634
2010-12-31,0.907539193235494
2011-01-03,0.9080953807863812
2011-01-04,0.9081249619606656
2011-01-05,0.907723915670086
2011-01-06,0.9077184782788524
2011-01-07,0.9072137127340224
2011-01-10,0.9065147036388636
2011-01-11,0.9040845705686518
2011-01-12,0.9054313163690402
2011-01-13,0.905533368595828
2011-01-14,0.9045200205640248
2011-01-18,0.903198910326701
2011-01-19,0.9003644415798069
2011-01-20,0.9000118844230516
2011-01-21,0.8978289552509067
2011-01-24,0.896421913653412
2011-01-25,0.8950192892740426
2011-01-26,0.8927448455543986
2011-01-27,0.9168568822447708
2011-01-28,0.9360778246511086
2011-01-31,0.9425424262002118
2011-02-01,0.9424851404120752
2011-02-02,0.9424598164610444
2011-02-03,0.9408783141371634
2011-02-04,0.9442212034386114
2011-02-07,0.9433749584291448
2011-02-08,0.945801730138172
2011-02-09,0.9451866300031092
2011-02-10,0.9447991035999328
2011-02-11,0.9472041181423166
2011-02-14,0.9658951751877218
2011-02-15,0.9679779655328276
2011-02-16,0.967028571489361
2011-02-17,0.9647309745631965
2011-02-18,0.9623581594214152
2011-02-22,0.9688542275276714
2011-02-23,0.9857324821087484
2011-02-24,0.9890745571815625
2011-02-25,0.994482029978026
2011-02-28,0.994224156430114
2011-03-01,0.9965438883899628
2011-03-02,0.9957507890040812
2011-03-03,0.9996544283849944
2011-03-04,0.9993698561143166
2011-03-07,0.9992466267933888
2011-03-08,1.0017361804414766
2011-03-09,1.00431126120854
2011-03-10,1.0053816385722794
2011-03-11,1.0043291011131144
2011-03-14,1.0054077445995222
2011-03-15,1.013452568798874
2011-03-16,1.0125083132616517
2011-03-17,1.0168632460948162
2011-03-18,1.0153500976458698
2011-03-21,1.0117138581369864
2011-03-22,1.0073787635352744
2011-03-23,1.0112701735748475
2011-03-24,1.0117020004580348
2011-03-25,1.0087754389091108
2011-03-28,1.008550900199377
2011-03-29,1.0102562407905131
2011-03-30,1.0100991736845772
2011-03-31,1.0092810022508756
2011-04-01,1.006054395522534
2011-04-04,1.0049550184924156
2011-04-05,1.0024334239905563
2011-04-06,0.9994698259473628
2011-04-07,1.005622396592547
2011-04-08,1.0040407997004417
2011-04-11,1.0077438582343052
2011-04-12,1.005865133125056
2011-04-13,1.0086136622609658
2011-04-14,1.012063535081161
2011-04-15,1.0113875015186498
2011-04-18,1.01051001826207
2011-04-19,1.0086430946677198
2011-04-20,1.012496671144479
2011-04-21,1.0155869180786776
2011-04-25,1.019076693020209
2011-04-26,1.026072974255382
2011-04-27,1.023972218364105
2011-04-28,1.0249967378326903
2011-04-29,1.023476576750237
2011-05-02,1.0201636855208984
2011-05-03,1.0179184035490825
2011-05-04,1.01484363473342
2011-05-05,1.012661878626454
2011-05-06,1.016299178806454
2011-05-09,1.0194388736870024
2011-05-10,1.0198776180978573
2011-05-11,1.0205322078880088
2011-05-12,1.0226571358438734
2011-05-13,1.02199912006567
2011-05-16,1.0188789747749425
2011-05-17,1.0193315727002814
2011-05-18,1.015584932174459
2011-05-19,1.0118459737435048
2011-05-20,1.0083671387566495
2011-05-23,1.0097603188945026
2011-05-24,1.0085017833503191
2011-05-25,1.0107803101423556
2011-05-26,1.0174484290597072
2011-05-27,1.0160817226850922
2011-05-31,1.0170888714652806
2011-06-01,1.0140461787470532
2011-06-02,1.010653407698787
2011-06-03,1.0097081521645446
2011-06-06,1.0165555840544278
2011-06-07,1.0164694504376326
2011-06-08,1.0162979178111096
2011-06-09,1.0191090953122148
2011-06-10,1.0178950023029183
2011-06-13,1.0150023104693655
2011-06-14,1.0117803859365817
2011-06-15,1.0094290939736466
2011-06-16,1.0084020230674693
2011-06-17,1.005089475948047
2011-06-20,1.0040319566634588
2011-06-21,1.0002918705543682
2011-06-22,0.9971911982341324
2011-06-23,0.9937670402707496
2011-06-24,0.9936554532230512
2011-06-27,0.9897711354261142
2011-06-28,0.9858208738367852
2011-06-29,0.9845216318019372
2011-06-30,0.9807941831101192
2011-07-01,0.9769902689138904
2011-07-05,0.9859299179814004
2011-07-06,0.988444580152822
2011-07-07,0.9889519267645276
2011-07-08,0.9926119397725656
2011-07-11,0.9922498308439732
2011-07-12,0.9912743831989078
2011-07-13,0.9881530434686074
2011-07-14,0.9892351388793812
2011-07-15,0.9900617096524944
2011-07-18,0.9935122540064796
2011-07-19,0.9917678415764478
2011-07-20,0.9896689222313204
2011-07-21,0.990910141161934
2011-07-22,0.9887635977477316
2011-07-25,0.9907183114800504
2011-07-26,0.996136330476231
2011-07-27,0.9963068983135924
2011-07-28,0.9968836116716984
2011-07-29,1.0013641412415968
2011-08-01,1.001234074510899
2011-08-02,1.0013380407975208
2011-08-03,1.0012286339291296
2011-08-04,1.0071612299556996
2011-08-05,1.0107140455343238
2011-08-08,1.0206664699965635
2011-08-09,1.0178271858778185
2011-08-10,1.0146853532279672
2011-08-11,1.015444890896225
2011-08-12,1.011896701992815
2011-08-15,1.0141740252981304
2011-08-16,1.014356510433748
2011-08-17,1.0170445325019897
2011-08-18,1.0297272729472258
2011-08-19,1.0413910832500783
2011-08-22,1.042750856042871
2011-08-23,1.0433841344135244
2011-08-24,1.0414815730761664
2011-08-25,1.0396457173277385
2011-08-26,1.040408854878205
2011-08-29,1.0368514778795583
2011-08-30,1.0353312545423918
2011-08-31,1.03248983903893
2011-09-01,1.0293771793900062
2011-09-02,1.0359737236975983
2011-09-06,1.033119616077532
2011-09-07,1.0332974146628542
2011-09-08,1.0387644582681603
2011-09-09,1.0413997773979828
2011-09-12,1.041561527906243
2011-09-13,1.0414938225199992
2011-09-14,1.041380928987807
2011-09-15,1.070745840791678
2011-09-16,1.1058702587251497
2011-09-19,1.1315546929256697
2011-09-20,1.1552504236409251
2011-09-21,1.1615053325103204
2011-09-22,1.1580896980727344
2011-09-23,1.1556384113983864
2011-09-26,1.155664029057439
2011-09-27,1.1539479446283878
2011-09-28,1.1539445610597918
2011-09-29,1.1553883534931455
2011-09-30,1.1551984157218655
2011-10-03,1.151051592711998
2011-10-04,1.149427994748232
2011-10-05,1.1461952107359508
2011-10-06,1.1431208253345917
2011-10-07,1.139988392174886
2011-10-10,1.1399125293034675
2011-10-11,1.1367978951332185
2011-10-12,1.134850290928528
2011-10-13,1.1336723024455768
2011-10-14,1.1317582970327609
2011-10-17,1.1292256451446725
2011-10-18,1.1264175740641635
2011-10-19,1.126673735000009
2011-10-20,1.126016910592852
2011-10-21,1.1240841763192666
2011-10-24,1.1215384619832534
2011-10-25,1.138287238658926
2011-10-26,1.1508804838149815
2011-10-27,1.1496607558315717
2011-10-28,1.1477454285143625
2011-10-31,1.1445278469931297
2011-11-01,1.141906086440151
2011-11-02,1.1407243736854518
2011-11-03,1.1418820008064028
2011-11-04,1.141508870362795
2011-11-07,1.14032766956316
2011-11-08,1.1384395663543578
2011-11-09,1.1363938104692122
2011-11-10,1.1400497484624226
2011-11-11,1.140608509390152
2011-11-14,1.1399804334106374
2011-11-15,1.1395392234197603
2011-11-16,1.1359705782351786
2011-11-17,1.13565663293815
2011-11-18,1.1320797229808008
2011-11-21,1.1293835159831134
2011-11-22,1.1285492704987783
2011-11-23,1.126525154957048
2011-11-25,1.1286775457130265
2011-11-28,1.1282518891801765
2011-11-29,1.1271494939600704
2011-11-30,1.1209554346526585
2011-12-01,1.1196191815109136
2011-12-02,1.117720732498048
2011-12-05,1.1128019495477528
2011-12-06,1.110474620848089
2011-12-07,1.1101587073978216
2011-12-08,1.1076384492276623
2011-12-09,1.1128730154380362
2011-12-12,1.1076615746324647
2011-12-13,1.1066026303794685
2011-12-14,1.1041524324285643
2011-12-15,1.0995223394172466
2011-12-16,1.098047045207623
2011-12-19,1.0952891537372929
2011-12-20,1.0922710560927849
2011-12-21,1.0900182139631156
2011-12-22,1.0844114905026965
2011-12-23,1.0833981494111011
2011-12-27,1.080830049679577
2011-12-28,1.0784189897603809
2011-12-29,1.0818833854095744
2011-12-30,1.0823431514682458
2012-01-03,1.0805803479344214
2012-01-04,1.0820092026657615
2012-01-05,1.0800637802904594
2012-01-06,1.079694833105353
2012-01-09,1.0829206029266414
2012-01-10,1.0851059398648246
2012-01-11,1.0858467242960494
2012-01-12,1.0852901371267312
2012-01-13,1.084637443536675
2012-01-17,1.0832382772612006
2012-01-18,1.0791772024817443
2012-01-19,1.0770884665721026
2012-01-20,1.075390211538186
2012-01-23,1.074068237070196
2012-01-24,1.0743877416449708
2012-01-25,1.0719587464760938
2012-01-26,1.0735590268055597
2012-01-27,1.0768451473725866
2012-01-30,1.0786611023039694
2012-01-31,1.0753438517928726
2012-02-01,1.0717523496269843
2012-02-02,1.067868683996566
2012-02-03,1.0620689778651329
2012-02-06,1.058885610310074
2012-02-07,1.0589678208515874
2012-02-08,1.058536262131643
2012-02-09,1.062920877103498
2012-02-10,1.063592937886727
2012-02-13,1.0624268102753784
2012-02-14,1.0621664664492123
2012-02-15,1.06266492108767
2012-02-16,1.064564919267827
2012-02-17,1.065722875089722
2012-02-21,1.058172377050149
2012-02-22,1.0558716584996026
2012-02-23,1.0581509060484704
2012-02-24,1.057253494142235
2012-02-27,1.058379803154461
2012-02-28,1.057424992368981
2012-02-29,1.0581520793793426
2012-03-01,1.058135572601105
2012-03-02,1.0553910495529528
2012-03-05,1.0550789789178077
2012-03-06,1.0568843414495177
2012-03-07,1.0554228831108472
2012-03-08,1.052289234025275
2012-03-09,1.0494622536662053
2012-03-12,1.0512964764436874
2012-03-13,1.0525425050648112
2012-03-14,1.0487596349351225
2012-03-15,1.045407667793391
2012-03-16,1.0438988641653602
2012-03-19,1.0411818547722107
2012-03-20,1.0448195994430398
2012-03-21,1.0442930896800051
2012-03-22,1.04467403108229
2012-03-23,1.0432834829396522
2012-03-26,1.042059498832508
2012-03-27,1.041707455571507
2012-03-28,1.0396612935871326
2012-03-29,1.0359534587389223
2012-03-30,1.033809778384372
2012-04-02,1.031767563757412
2012-04-03,1.0288007964274972
2012-04-04,1.0255466912893072
2012-04-05,1.020992789372288
2012-04-09,1.018974100936548
2012-04-10,1.0187530546384138
2012-04-11,1.0170685467885123
2012-04-12,1.0150183567731332
2012-04-13,1.0150873515826797
2012-04-16,1.0169634232119842
2012-04-17,1.0154427840534068
2012-04-18,1.0158478438195748
2012-04-19,1.0148548772204091
2012-04-20,1.01409657699275
2012-04-23,1.0107205524987517
2012-04-24,1.0163341466069138
2012-04-25,1.0153426794505145
2012-04-26,1.0193329644277809
2012-04-27,1.0184015133768105
2012-04-30,1.019158322313856
2012-05-01,1.018568988889295
2012-05-02,1.018311998810933
2012-05-03,1.0181157389184547
2012-05-04,1.0209044203706388
2012-05-07,1.0201249193213933
2012-05-08,1.0221589346669848
2012-05-09,1.022964721751848
2012-05-10,1.0226125992565285
2012-05-11,1.0189104317326956
2012-05-14,1.02082182182633
2012-05-15,1.0209189277398718
2012-05-16,1.019817583919068
2012-05-17,1.0203359022220813
2012-05-18,1.0196817742782005
2012-05-21,1.0207515511633205
2012-05-22,1.0202052293851698
2012-05-23,1.0189393962426867
2012-05-24,1.017193395208709
2012-05-25,1.0162896929390377
2012-05-29,1.0174267441459208
2012-05-30,1.0117962394794235
2012-05-31,1.0092156546368318
2012-06-01,1.008639858964379
2012-06-04,1.0123585901147338
2012-06-05,1.012992443561258
2012-06-06,1.0106210448390132
2012-06-07,1.0084249624135282
2012-06-08,1.014073030664992
2012-06-11,1.0103671823171716
2012-06-12,1.0100470921403968
2012-06-13,1.0103389292234426
2012-06-14,1.0109441789392073
2012-06-15,1.0070822652372222
2012-06-18,1.0062487775062434
2012-06-19,1.0069126022337664
2012-06-20,1.005971020203419
2012-06-21,1.0043621112490095
2012-06-22,1.000663293745307
2012-06-25,0.9984517229216264
2012-06-26,0.9979761483070316
2012-06-27,0.9982500422541716
2012-06-28,0.9978427740371376
2012-06-29,0.9926276385804534
2012-07-02,0.9899567470433116
2012-07-03,0.9843004526366408
2012-07-05,0.9875575764980832
2012-07-06,0.98691102879743
2012-07-09,0.9886428751922524
2012-07-10,0.9873290581020508
2012-07-11,0.9850817911182104
2012-07-12,0.979361606278162
2012-07-13,0.9774584780681836
2012-07-16,0.9768229094300208
2012-07-17,0.975115032122279
2012-07-18,0.9719906066982744
2012-07-19,0.9678869175535176
2012-07-20,0.9678138981674284
2012-07-23,0.9640812069993636
2012-07-24,0.96476808331646
2012-07-25,0.9649467851427082
2012-07-26,0.9670391341817928
2012-07-27,0.9691431378167086
2012-07-30,0.9681250960727692
2012-07-31,0.967125893733745
2012-08-01,0.9675518998293208
2012-08-02,0.966044083425196
2012-08-03,0.9640598024884214
2012-08-06,0.9636161223452197
2012-08-07,0.9645119402882064
2012-08-08,0.9646829575918724
2012-08-09,0.9671958457090748
2012-08-10,0.965715688073628
2012-08-13,0.965510316163044
2012-08-14,0.964354396374336
2012-08-15,0.9665764549590756
2012-08-16,0.9661312646068476
2012-08-17,0.9659731248007146
2012-08-20,0.965980611558444
2012-08-21,0.9628194803563496
2012-08-22,0.9655021797979692
2012-08-23,0.9636890712662892
2012-08-24,0.9610235383459766
2012-08-27,0.9586477151841144
2012-08-28,0.9580100118179784
2012-08-29,0.9549053531095024
2012-08-30,0.9475701785306888
2012-08-31,0.945203640640197
2012-09-04,0.9444515606924688
2012-09-05,0.9427396438367484
2012-09-06,0.9389732324172084
2012-09-07,0.935725855677496
2012-09-10,0.9380529940498104
2012-09-11,0.937151463073738
2012-09-12,0.9375074944471944
2012-09-13,0.9371156080214053
2012-09-14,0.9373096480386912
2012-09-17,0.936354459704066
2012-09-18,0.935165214199071
2012-09-19,0.9365053309990962
2012-09-20,0.9357748075043858
2012-09-21,0.9320369238554927
2012-09-24,0.9272821104908712
2012-09-25,0.9237437438213948
2012-09-26,0.9221968668164408
2012-09-27,0.9231364662633238
2012-09-28,0.924051715749921
2012-10-01,0.920441372495956
2012-10-02,0.9193355498838692
2012-10-03,0.9139781119217948
2012-10-04,0.9121164377666232
2012-10-05,0.9122323120085004
2012-10-08,0.909277970709574
2012-10-09,0.9072675688265556
2012-10-10,0.9050451091485832
2012-10-11,0.90386443381685
2012-10-12,0.9001966455016348
2012-10-15,0.8976176261089518
2012-10-16,0.8962657987363106
2012-10-17,0.8926194844960128
2012-10-18,0.8900477365569381
2012-10-19,0.8871405523084744
2012-10-22,0.885768535381644
2012-10-23,0.8845467210276785
2012-10-24,0.8775302935786994
2012-10-25,0.879468811940596
2012-10-26,0.8773984286928954
2012-10-31,0.8772345085684472
2012-11-01,0.8751415597006038
2012-11-02,0.8741790438528861
2012-11-05,0.8719263770416126
2012-11-06,0.8685537223432418
2012-11-07,0.8709137036852783
2012-11-08,0.8701453127730716
2012-11-09,0.8685129058990182
2012-11-12,0.8684124404511517
2012-11-13,0.8662276223917759
2012-11-14,0.8674249404088983
2012-11-15,0.865153139089591
2012-11-16,0.8658857339441071
2012-11-19,0.8666942868128428
2012-11-20,0.8680719996590855
2012-11-21,0.8691631104920553
2012-11-23,0.8706078958331318
2012-11-26,0.8721670807871317
2012-11-27,0.874365170308081
2012-11-28,0.8748553595153374
2012-11-29,0.8764267854650116
2012-11-30,0.8791904914624367
2012-12-03,0.8760086906595657
2012-12-04,0.8765273099291923
2012-12-05,0.8768927663040225
2012-12-06,0.8760166087641338
2012-12-07,0.8748193319230463
2012-12-10,0.8724045228333179
2012-12-11,0.8750993654847383
2012-12-12,0.8722028372055691
2012-12-13,0.8715092514803574
2012-12-14,0.8733964906066021
2012-12-17,0.8732399275161274
2012-12-18,0.8742629773330584
2012-12-19,0.8746741015913488
2012-12-20,0.8764798325608314
2012-12-21,0.8746227228194355
2012-12-24,0.8739360018660695
2012-12-26,0.8738225778477373
2012-12-27,0.8734024826003288
2012-12-28,0.8745316063278372
2012-12-31,0.8709846652569233
2013-01-02,0.870520817289662
2013-01-03,0.8659195388331579
2013-01-04,0.8653668443030447
2013-01-07,0.8683325435611047
2013-01-08,0.8687682955949968
2013-01-09,0.8683960096184634
2013-01-10,0.8665257978523822
2013-01-11,0.8656309126473243
2013-01-14,0.8655447117271363
2013-01-15,0.8656434681531744
2013-01-16,0.8657442500039495
2013-01-17,0.8647247869731151
2013-01-18,0.8650283057071861
2013-01-22,0.8630378854960075
2013-01-23,0.8599676161975446
2013-01-24,0.8730170932180825
2013-01-25,0.8952065059053057
2013-01-28,0.9027286223635672
2013-01-29,0.908976608356206
2013-01-30,0.9079337543133512
2013-01-31,0.9101645125137892
2013-02-01,0.9100148682208428
2013-02-04,0.9089012464414544
2013-02-05,0.9082291345746768
2013-02-06,0.9076707925942216
2013-02-07,0.905418000691826
2013-02-08,0.9036646443082812
2013-02-11,0.9014812307054756
2013-02-12,0.8988365628071298
2013-02-13,0.895580107689568
2013-02-14,0.8937990377251205
2013-02-15,0.8914854853410737
2013-02-19,0.8924306588161656
2013-02-20,0.8916279105508887
2013-02-21,0.8905381191029496
2013-02-22,0.8891970156422209
2013-02-25,0.8871280985537049
2013-02-26,0.888877010165236
2013-02-27,0.8889219816217473
2013-02-28,0.8855941607307518
2013-03-01,0.884363806022788
2013-03-04,0.8837547245855876
2013-03-05,0.8835487573777797
2013-03-06,0.8821501461798427
2013-03-07,0.8831144242837164
2013-03-08,0.882606913816299
2013-03-11,0.8824291393522627
2013-03-12,0.8822896003966115
2013-03-13,0.8803685131448911
2013-03-14,0.8773244565136351
2013-03-15,0.8740505761569473
2013-03-18,0.8716758383527462
2013-03-19,0.872670925802842
2013-03-20,0.8728641410884419
2013-03-21,0.8727084729377641
2013-03-22,0.8733044102727484
2013-03-25,0.8738177305036217
2013-03-26,0.8690364041640981
2013-03-27,0.8669493622904523
2013-03-28,0.8653591493202553
2013-04-01,0.8640677638938896
2013-04-02,0.8627387529834856
2013-04-03,0.8626550740293762
2013-04-04,0.8638200429679703
2013-04-05,0.8645366614770348
2013-04-08,0.8641237146500582
2013-04-09,0.8634054681536459
2013-04-10,0.8617211507073873
2013-04-11,0.8587818182648993
2013-04-12,0.8567664145243292
2013-04-15,0.8570502906532255
2013-04-16,0.8551605767764914
2013-04-17,0.8527937234969637
2013-04-18,0.8500404990250426
2013-04-19,0.8476130349425799
2013-04-22,0.8493035437053662
2013-04-23,0.8597636263992402
2013-04-24,0.866142895000869
2013-04-25,0.8674446961152578
2013-04-26,0.8674014464110864
2013-04-29,0.8653326701142365
2013-04-30,0.8623514889838402
2013-05-01,0.8599328434406482
2013-05-02,0.8612579636027364
2013-05-03,0.8612794813901057
2013-05-06,0.8575490814037279
2013-05-07,0.8577634016916672
2013-05-08,0.8572995696515898
2013-05-09,0.8547306352571357
2013-05-10,0.8523758119288726
2013-05-13,0.8522544420244574
2013-05-14,0.851678083359679
2013-05-15,0.8542237680503991
2013-05-16,0.8531902618155248
2013-05-17,0.855717016018293
2013-05-20,0.855982501636399
2013-05-21,0.8556054606989907
2013-05-22,0.8527610203002778
2013-05-23,0.8521714003103447
2013-05-24,0.8500843499924273
2013-05-28,0.8503894140138346
2013-05-29,0.8494343523841982
2013-05-30,0.8471418135695225
2013-05-31,0.8499792220698886
2013-06-03,0.8505809813812141
2013-06-04,0.8502993727720175
2013-06-05,0.8496989048173768
2013-06-06,0.8483871529977196
2013-06-07,0.8463233469765391
2013-06-10,0.845698665117467
2013-06-11,0.8465812624975114
2013-06-12,0.8467064024758018
2013-06-13,0.8468721428283067
2013-06-14,0.8481112914366346
2013-06-17,0.8449354695717334
2013-06-18,0.8452522594959829
2013-06-19,0.8455203170082805
2013-06-20,0.8437959966656955
2013-06-21,0.843194276704438
2013-06-24,0.8418256816706543
2013-06-25,0.8384333536416402
2013-06-26,0.8402286355263878
2013-06-27,0.8417564163765309
2013-06-28,0.8417731822999915
2013-07-01,0.8425813871901622
2013-07-02,0.8422322140939347
2013-07-03,0.8430860652781902
2013-07-05,0.8420957877336593
2013-07-08,0.8414159924813073
2013-07-09,0.8419928558584541
2013-07-10,0.8417115538277982
2013-07-11,0.8429376679618524
2013-07-12,0.8425073158078112
2013-07-15,0.8429154951307317
2013-07-16,0.8409604711515317
2013-07-17,0.8401502381552428
2013-07-18,0.8380838066092356
2013-07-19,0.8356631458060574
2013-07-22,0.835303873452389
2013-07-23,0.8343009887945093
2013-07-24,0.8328830895461871
2013-07-25,0.8311734091898246
2013-07-26,0.8319128736173199
2013-07-29,0.8302859680333057
2013-07-30,0.8290133303157267
2013-07-31,0.8320247678808192
2013-08-01,0.826774067846607
2013-08-02,0.8236704257609404
2013-08-05,0.8197577344417151
2013-08-06,0.8161990619335309
2013-08-07,0.8186710259112574
2013-08-08,0.8181426409993915
2013-08-09,0.8185019539115836
2013-08-12,0.8147583557076314
2013-08-13,0.81437013314083
2013-08-14,0.8123644335641353
2013-08-15,0.8117190366688821
2013-08-16,0.8099151644870732
2013-08-19,0.8079941756781206
2013-08-20,0.8025284425926782
2013-08-21,0.8010732689014507
2013-08-22,0.7991912920143952
2013-08-23,0.7978040443625384
2013-08-26,0.7967645425227795
2013-08-27,0.795036290206665
2013-08-28,0.7939012833670105
2013-08-29,0.7923040870860636
2013-08-30,0.7936510373524222
2013-09-03,0.7933368580275588
2013-09-04,0.7947081495973374
2013-09-05,0.7943410484986096
2013-09-06,0.7932808526861843
2013-09-09,0.7909900511498804
2013-09-10,0.786812318251013
2013-09-11,0.7851375684256872
2013-09-12,0.7846602157213419
2013-09-13,0.7874127103633582
2013-09-16,0.7851615706145236
2013-09-17,0.7855293947492713
2013-09-18,0.78387298726984
2013-09-19,0.7835661063844943
2013-09-20,0.7816207381990276
2013-09-23,0.7795926615026609
2013-09-24,0.7776029551145374
2013-09-25,0.7758781164393249
2013-09-26,0.7705188909500132
2013-09-27,0.7690356851033078
2013-09-30,0.7680264605038716
2013-10-01,0.766931763269156
2013-10-02,0.7652873953814464
2013-10-03,0.7628716896873957
2013-10-04,0.7635380010452756
2013-10-07,0.7625912232007362
2013-10-08,0.7627631456176714
2013-10-09,0.7641691719483137
2013-10-10,0.762997926469853
2013-10-11,0.7616106173970395
2013-10-14,0.7625232011976893
2013-10-15,0.7612038979726842
2013-10-16,0.7591742306559538
2013-10-17,0.7575801696359113
2013-10-18,0.7553015411561885
2013-10-21,0.7544171767349843
2013-10-22,0.7554403676549817
2013-10-23,0.7541005914084657
2013-10-24,0.7546066557183814
2013-10-25,0.7534912321542659
2013-10-28,0.7515039973435499
2013-10-29,0.7523356341096467
2013-10-30,0.7510133920023441
2013-10-31,0.7489597101199162
2013-11-01,0.7479031895397964
2013-11-04,0.7480455194682006
2013-11-05,0.7501633594706906
2013-11-06,0.7489886041656842
2013-11-07,0.7480103192100658
2013-11-08,0.7457378558281347
2013-11-11,0.7436740659101612
2013-11-12,0.7415528380447863
2013-11-13,0.7395189474813169
2013-11-14,0.7369605398020186
2013-11-15,0.7361297904181686
2013-11-18,0.7325081435227677
2013-11-19,0.7291526365474198
2013-11-20,0.7289878758111863
2013-11-21,0.7263199024243665
2013-11-22,0.723388137388399
2013-11-25,0.7214939810882719
2013-11-26,0.7191434990866239
2013-11-27,0.7174912770851944
2013-11-29,0.7161091675292149
2013-12-02,0.7151163286570044
2013-12-03,0.7130085110199564
2013-12-04,0.7128357732802556
2013-12-05,0.7142553307554201
2013-12-06,0.7134222495428058
2013-12-09,0.7136715804101018
2013-12-10,0.7131932987385595
2013-12-11,0.7129370834085554
2013-12-12,0.7132161721296102
2013-12-13,0.7145127247803227
2013-12-16,0.7145815381540682
2013-12-17,0.7140456840400469
2013-12-18,0.7139558133561668
2013-12-19,0.713144624942421
2013-12-20,0.7128429634832061
2013-12-23,0.711106114941667
2013-12-24,0.7080662333912302
2013-12-26,0.7050412793171023
2013-12-27,0.7046847944439072
2013-12-30,0.7048632907302605
2013-12-31,0.7038945933164626
2014-01-02,0.7021815158311896
2014-01-03,0.7018263360995507
2014-01-06,0.70012579328135
2014-01-07,0.6997847011861791
2014-01-08,0.6985812176984866
2014-01-09,0.6983561790165473
2014-01-10,0.6988119465670108
2014-01-13,0.6976262761248674
2014-01-14,0.6964384349705567
2014-01-15,0.6919171204493647
2014-01-16,0.6903989150236466
2014-01-17,0.6888950441550904
2014-01-21,0.6883684136947036
2014-01-22,0.6863788209195743
2014-01-23,0.6944025383580867
2014-01-24,0.6987458825915571
2014-01-27,0.697419389632369
2014-01-28,0.7011391592114202
2014-01-29,0.6999804868484423
2014-01-30,0.6988087385754675
2014-01-31,0.6968517561759164
2014-02-03,0.6940632561544743
2014-02-04,0.692239289698096
2014-02-05,0.6890886877328893
2014-02-06,0.6862238118506537
2014-02-07,0.686105738674961
2014-02-10,0.6854798609769961
2014-02-11,0.6854341068625354
2014-02-12,0.6843257000164247
2014-02-13,0.682251957734289
2014-02-14,0.6845460972026264
2014-02-18,0.6843088027038455
2014-02-19,0.6823707860157322
2014-02-20,0.6802874561081822
2014-02-21,0.6803990534540434
2014-02-24,0.6769194370557099
2014-02-25,0.6784929122738169
2014-02-26,0.6790734365465022
2014-02-27,0.6789839852342426
2014-02-28,0.6773116730026479
2014-03-03,0.6762129867528452
2014-03-04,0.6735380264090269
2014-03-05,0.6721534410341513
2014-03-06,0.6703457902350364
2014-03-07,0.6714539578261947
2014-03-10,0.6701387778820355
2014-03-11,0.6691896139363862
2014-03-12,0.6664774656517497
2014-03-13,0.6630592995619304
2014-03-14,0.6629844003678652
2014-03-17,0.662937186424651
2014-03-18,0.6624528253746689
2014-03-19,0.6615427047651933
2014-03-20,0.663842993443066
2014-03-21,0.6629600042758561
2014-03-24,0.6660474529729721
2014-03-25,0.6693299980650681
2014-03-26,0.6700093098923361
2014-03-27,0.6691819677760661
2014-03-28,0.6692544455596325
2014-03-31,0.6689216016593285
2014-04-01,0.6678363757601178
2014-04-02,0.6664594269408551
2014-04-03,0.6646677111456901
2014-04-04,0.663586373354386
2014-04-07,0.6632176625851055
2014-04-08,0.6608996644138785
2014-04-09,0.6593022204056735
2014-04-10,0.6576546572110273
2014-04-11,0.6588934081124751
2014-04-14,0.6579553028223654
2014-04-15,0.6562934746315116
2014-04-16,0.6535817350945926
2014-04-17,0.6532586253450247
2014-04-21,0.6547390135703091
2014-04-22,0.6553391218966549
2014-04-23,0.6553462209881967
2014-04-24,0.6541917061208149
2014-04-25,0.6530849466219092
2014-04-28,0.6538637471600979
2014-04-29,0.6553731991137955
2014-04-30,0.6540066451836546
2014-05-01,0.6520817197468467
2014-05-02,0.6520632752064087
2014-05-05,0.6513699356284011
2014-05-06,0.6513282553210664
2014-05-07,0.6493808859314485
2014-05-08,0.6464748515417241
2014-05-09,0.644633732841399
2014-05-12,0.6448881856271913
2014-05-13,0.643891972145282
2014-05-14,0.6431008718065238
2014-05-15,0.6416350252488968
2014-05-16,0.640226335249189
2014-05-19,0.6372272986808276
2014-05-20,0.6364621035796376
2014-05-21,0.6385011978973711
2014-05-22,0.6373564427306041
2014-05-23,0.6399412741067741
2014-05-27,0.639878234763028
2014-05-28,0.6400792939348469
2014-05-29,0.6404603208314337
2014-05-30,0.6389508374252478
2014-06-02,0.6383554212194693
2014-06-03,0.6386503367414019
2014-06-04,0.6386258285591133
2014-06-05,0.6370085239635941
2014-06-06,0.6364685623773354
2014-06-09,0.6361387665360793
2014-06-10,0.6360153382888704
2014-06-11,0.6359718496477043
2014-06-12,0.6366037342122485
2014-06-13,0.636226823894378
2014-06-16,0.6351321670991883
2014-06-17,0.6349590917161014
2014-06-18,0.6352251885983053
2014-06-19,0.6350726659657712
2014-06-20,0.6354994098887289
2014-06-23,0.6358227049898878
2014-06-24,0.6354532778532682
2014-06-25,0.63406799480038
2014-06-26,0.633061663420196
2014-06-27,0.6340469423839705
2014-06-30,0.6348983213835356
2014-07-01,0.6349686940931107
2014-07-02,0.635934942593934
2014-07-03,0.6359072412878165
2014-07-07,0.635744194567747
2014-07-08,0.6363271491912049
2014-07-09,0.6372073752068244
2014-07-10,0.6374439543115366
2014-07-11,0.6383981712059748
2014-07-14,0.6380603142932908
2014-07-15,0.6381422809753441
2014-07-16,0.6382315116671955
2014-07-17,0.6375046871447878
2014-07-18,0.6376613615236761
2014-07-21,0.6373411500242662
2014-07-22,0.6389892368764393
2014-07-23,0.6391335513383877
2014-07-24,0.6383622598456254
2014-07-25,0.6378052578553637
2014-07-28,0.6365796765510947
2014-07-29,0.6342492445233379
2014-07-30,0.6337755005645881
2014-07-31,0.6338255856552328
2014-08-01,0.6330817107368907
2014-08-04,0.6333002950302781
2014-08-05,0.6337125762625684
2014-08-06,0.6332154667633274
2014-08-07,0.6337589707997555
2014-08-08,0.6321350413065675
2014-08-11,0.6340215007588218
2014-08-12,0.634226121065382
2014-08-13,0.6333769505377482
2014-08-14,0.6335213421211552
2014-08-15,0.6322951033235353
2014-08-18,0.6316791911077037
2014-08-19,0.6330525940761673
2014-08-20,0.6325412955499959
2014-08-21,0.631990857322318
2014-08-22,0.6314307638892048
2014-08-25,0.6305554118598592
2014-08-26,0.6312354546223613
2014-08-27,0.6310610282030948
2014-08-28,0.6318272078999663
2014-08-29,0.6318407194270405
2014-09-02,0.6322960041109651
2014-09-03,0.6327895041644453
2014-09-04,0.630422521779132
2014-09-05,0.62907841845439
2014-09-08,0.6281271250136656
2014-09-09,0.6268559207405496
2014-09-10,0.6234515472262389
2014-09-11,0.6259296157970826
2014-09-12,0.6259197304979549
2014-09-15,0.6255833922293214
2014-09-16,0.6264372386815341
2014-09-17,0.6271609994876185
2014-09-18,0.6273500421160347
2014-09-19,0.6278947433559762
2014-09-22,0.6270000432966703
2014-09-23,0.627258823861571
2014-09-24,0.6274047625923078
2014-09-25,0.6271434813135844
2014-09-26,0.627352488295392
2014-09-29,0.627352488295392
2014-09-30,0.6281072367105446
2014-10-01,0.6268868244174464
2014-10-02,0.6269882001584746
2014-10-03,0.6269230161126725
2014-10-06,0.627261378373456
2014-10-07,0.6276031035367303
2014-10-08,0.6275378952093484
2014-10-09,0.6272376932134455
2014-10-10,0.6273446818736168
2014-10-13,0.6271070423206555
2014-10-14,0.6290898594864497
2014-10-15,0.6287644436938613
2014-10-16,0.6379004677484087
2014-10-17,0.6459648858719094
2014-10-20,0.6478693292326819
2014-10-21,0.6480969693297717
2014-10-22,0.6488901046009121
2014-10-23,0.6498074079291215
2014-10-24,0.6508514960692481
2014-10-27,0.6505822201342334
2014-10-28,0.6500608424348017
2014-10-29,0.6497430388740633
2014-10-30,0.6501709970663215
2014-10-31,0.6502005593083803
2014-11-03,0.6500505128331194
2014-11-04,0.6503168123317596
2014-11-05,0.6505931116034082
2014-11-06,0.6507472050169306
2014-11-07,0.6506593839343754
2014-11-10,0.6507338604248827
2014-11-11,0.6510513014815411
2014-11-12,0.6512903448628933
2014-11-13,0.6482336634093662
2014-11-14,0.6476663302011082
2014-11-17,0.6483530828715283
2014-11-18,0.6489225748189936
2014-11-19,0.6460516431435509
2014-11-20,0.6460290172165326
2014-11-21,0.6475091267507701
2014-11-24,0.6475515979412966
2014-11-25,0.6479603606650817
2014-11-26,0.6471133089838119
2014-11-28,0.6475224012308143
2014-12-01,0.648956697139299
2014-12-02,0.6489782741347354
2014-12-03,0.6483019282810001
2014-12-04,0.6474053872622653
2014-12-05,0.646789372000714
2014-12-08,0.6453155535414264
2014-12-09,0.6462982962534813
2014-12-10,0.6473199927084479
2014-12-11,0.6480089649275897
2014-12-12,0.6480207561953085
2014-12-15,0.6466880627575459
2014-12-16,0.6474407303221681
2014-12-17,0.6475062542238524
2014-12-18,0.6468065629145413
2014-12-19,0.646733546920083
2014-12-22,0.6478985075002889
2014-12-23,0.6482285717672968
2014-12-24,0.6471146659928056
2014-12-26,0.6481903487213442
2014-12-29,0.6466872266659137
2014-12-30,0.6452784072159361
2014-12-31,0.6455663643113225
2015-01-02,0.6461840679629639
2015-01-05,0.6462829307660407
2015-01-06,0.6468595779563875
2015-01-07,0.6479430543178156
2015-01-08,0.6480970897155325
2015-01-09,0.6475192500808697
2015-01-12,0.6455357765170412
2015-01-13,0.6462368207090422
2015-01-14,0.6468875720931467
2015-01-15,0.6478465052857677
2015-01-16,0.6451137041626231
2015-01-20,0.6456402230919623
2015-01-21,0.6542459411625605
2015-01-22,0.6627111308817684
2015-01-23,0.6675912068412669
2015-01-26,0.6694945749666603
2015-01-27,0.6715818110704862
2015-01-28,0.6716445896773977
2015-01-29,0.6708324854602807
2015-01-30,0.6678841458073547
2015-02-02,0.6682309147302644
2015-02-03,0.6678182158596341
2015-02-04,0.6691129744362224
2015-02-05,0.6690959997726995
2015-02-06,0.668029798397509
2015-02-09,0.666912448460937
2015-02-10,0.666540332043107
2015-02-11,0.6646580269402047
2015-02-12,0.6676216980619656
2015-02-13,0.6668591762527442
2015-02-17,0.6664272814249141
2015-02-18,0.667967868901897
2015-02-19,0.6679884904688114
2015-02-20,0.6680279202823725
2015-02-23,0.666560629993188
2015-02-24,0.6677744318219877
2015-02-25,0.6668128792015695
2015-02-26,0.6669523079151679
2015-02-27,0.6659219652035239
2015-03-02,0.665784225646964
2015-03-03,0.6628661826352734
2015-03-04,0.6649699485901004
2015-03-05,0.6645436084420842
2015-03-06,0.6650959089485357
2015-03-09,0.6657418792355122
2015-03-10,0.6667153504588506
2015-03-11,0.6664207812522182
2015-03-12,0.6663468685764466
2015-03-13,0.6666518348644769
2015-03-16,0.6669640429158981
2015-03-17,0.6676396263042162
2015-03-18,0.6678813817326124
2015-03-19,0.6669820074860254
2015-03-20,0.6688683468573533
2015-03-23,0.6687668491697135
2015-03-24,0.6666113839906839
2015-03-25,0.6656893588706673
2015-03-26,0.6656736285182583
2015-03-27,0.6656736285182583
2015-03-30,0.6665906123177375
2015-03-31,0.6667517092893657
2015-04-01,0.6663779224999627
2015-04-02,0.6676454352499824
2015-04-06,0.6671468244467529
2015-04-07,0.6689295086220222
2015-04-08,0.6688465266508941
2015-04-09,0.668958042576126
2015-04-10,0.668958042576126
2015-04-13,0.6705248120476249
2015-04-14,0.6715853599150732
2015-04-15,0.6728104971505104
2015-04-16,0.6867972767026441
2015-04-17,0.6939824340533044
2015-04-20,0.6965581225769348
2015-04-21,0.6966020750187515
2015-04-22,0.6966461091258329
2015-04-23,0.6964877835695289
2015-04-24,0.6960066272062444
2015-04-27,0.6954752820317583
2015-04-28,0.6955450165125855
2015-04-29,0.6968230667795635
2015-04-30,0.6956941481507977
2015-05-01,0.6960793755242111
2015-05-04,0.6960868705678006
2015-05-05,0.6955470890633346
2015-05-06,0.6967474363276072
2015-05-07,0.6966341464649147
2015-05-08,0.6953932678339323
2015-05-11,0.6968670297528236
2015-05-12,0.6965150910204665
2015-05-13,0.6986065854458021
2015-05-14,0.6987654561958555
2015-05-15,0.6981825607693842
2015-05-18,0.6985349089571988
2015-05-19,0.6988872838468381
2015-05-20,0.6986749963110823
2015-05-21,0.6986260197232929
2015-05-22,0.6980938234128333
2015-05-26,0.6973708862108927
2015-05-27,0.6969871190364157
2015-05-28,0.6962795993174888
2015-05-29,0.6968040736777378
2015-06-01,0.6982079155030685
2015-06-02,0.7000671477212811
2015-06-03,0.7011569621181883
2015-06-04,0.7001407404584681
2015-06-05,0.6996060166636966
2015-06-08,0.6995838676630622
2015-06-09,0.6994078585100921
2015-06-10,0.7019537644587751
2015-06-11,0.7032856468564759
2015-06-12,0.7026792922083371
2015-06-15,0.7030765728332382
2015-06-16,0.7030355692724353
2015-06-17,0.7032206334924146
2015-06-18,0.7027854684643581
2015-06-19,0.7019082901386935
2015-06-22,0.7017566531278958
2015-06-23,0.7020623483271952
2015-06-24,0.7020890421294395
2015-06-25,0.7016801747701537
2015-06-26,0.7017782394800254
2015-06-29,0.7021183938084342
2015-06-30,0.7039346435338186
2015-07-01,0.7032883739005633
2015-07-02,0.7020103310670915
2015-07-06,0.7024010751824148
2015-07-07,0.7017983572275451
2015-07-08,0.702188601824901
2015-07-09,0.7010711155017041
2015-07-10,0.7020476233496973
2015-07-13,0.7034171971008936
2015-07-14,0.7047199107459748
2015-07-15,0.7047495967130041
2015-07-16,0.72446304789355
2015-07-17,0.7326309673255348
2015-07-20,0.7337023477592939
2015-07-21,0.7339773498368328
2015-07-22,0.7339802632665547
2015-07-23,0.7341966646708667
2015-07-24,0.7346273554822288
2015-07-27,0.7350258809590825
2015-07-28,0.7369639098171326
2015-07-29,0.736905461343085
2015-07-30,0.7382354940567816
2015-07-31,0.7407189028417799
2015-08-03,0.7412332634959771
2015-08-04,0.7455519692202087
2015-08-05,0.751342945740574
2015-08-06,0.7538195302039421
2015-08-07,0.7559149223451074
2015-08-10,0.7559300418030095
2015-08-11,0.7560683392886388
2015-08-12,0.7561693488724825
2015-08-13,0.7560308221592145
2015-08-14,0.7570325834811737
2015-08-17,0.7563460651352133
2015-08-18,0.7567391823606038
2015-08-19,0.7573273522085983
2015-08-20,0.7631253158794706
2015-08-21,0.7794432331560318
2015-08-24,0.8029958266089915
2015-08-25,0.8083644649691981
2015-08-26,0.8109491189975012
2015-08-27,0.8206984187394558
2015-08-28,0.8243895585000413
2015-08-31,0.8253164621962895
2015-09-01,0.8290793764697489
2015-09-02,0.8366121284155162
2015-09-03,0.8409773504453655
2015-09-04,0.844656518667294
2015-09-08,0.847889610958912
2015-09-09,0.8480195607650544
2015-09-10,0.848055563332579
2015-09-11,0.849114908593016
2015-09-14,0.8483520154115836
2015-09-15,0.8484756209533055
2015-09-16,0.8523309273749744
2015-09-17,0.8530256835861051
2015-09-18,0.8531582928775281
2015-09-21,0.853250083318625
2015-09-22,0.8535395641417381
2015-09-23,0.8564118656210619
2015-09-24,0.8572248153701658
2015-09-25,0.8581667657955828
2015-09-28,0.8581606684260432
2015-09-29,0.8583437059939146
2015-09-30,0.8582257330335358
2015-10-01,0.8589129009476354
2015-10-02,0.8606851719844024
2015-10-05,0.8632221787207179
2015-10-06,0.8636784031454354
2015-10-07,0.8639715093063021
2015-10-08,0.8653434347068428
2015-10-09,0.8662597598394883
2015-10-12,0.8662893247595127
2015-10-13,0.8660528944803432
2015-10-14,0.8653677889292181
2015-10-15,0.8702385883334616
2015-10-16,0.8757000756493176
2015-10-19,0.8775246837659207
2015-10-20,0.8787768665814911
2015-10-21,0.8796289341536947
2015-10-22,0.879562364056139
2015-10-23,0.8791944291141702
2015-10-26,0.8806048477177743
2015-10-27,0.8813743986304668
2015-10-28,0.882385130591295
2015-10-29,0.8823033390549058
2015-10-30,0.8832281828572983
2015-11-02,0.8832756951460057
2015-11-03,0.8832634586150226
2015-11-04,0.8839756766071921
2015-11-05,0.8886181189712327
2015-11-06,0.8891565110787658
2015-11-09,0.8881032289115296
2015-11-10,0.8842372349469817
2015-11-11,0.8820582612305622
2015-11-12,0.8784936473882031
2015-11-13,0.8810528509622219
2015-11-16,0.8811661995375338
2015-11-17,0.8857726769709676
2015-11-18,0.892492581501552
2015-11-19,0.8988852990890128
2015-11-20,0.9002349214682603
2015-11-23,0.9008319357461948
2015-11-24,0.9006102345158999
2015-11-25,0.901025543277739
2015-11-27,0.9007192689378966
2015-11-30,0.9002530493791693
2015-12-01,0.9007085676852833
2015-12-02,0.9019858001075884
2015-12-03,0.9021657842143016
2015-12-04,0.902466027507523
2015-12-07,0.9020812590017347
2015-12-08,0.9010006370192922
2015-12-09,0.9029701167786504
2015-12-10,0.9047263533073746
2015-12-11,0.9063602036130994
2015-12-14,0.907504588954444
2015-12-15,0.908279104155656
2015-12-16,0.9101457906147192
2015-12-17,0.9101457906147192
2015-12-18,0.9083355527447612
2015-12-21,0.9083355527447612
2015-12-22,0.9093665422043083
2015-12-23,0.908679513289994
2015-12-24,0.9077335244448598
2015-12-28,0.9137221259146012
2015-12-29,0.908962967464086
2015-12-30,0.9092421970571558
2015-12-31,0.9092101656974688
2016-01-04,0.9104883941289508
2016-01-05,0.9136548642802088
2016-01-06,0.9139648335845056
2016-01-07,0.9125414377312704
2016-01-08,0.9104575320496268
2016-01-11,0.9121527060462798
2016-01-12,0.913133208630768
2016-01-13,0.9156534815535295
2016-01-14,0.9169232144568148
2016-01-15,0.9212093777859628
2016-01-19,0.9213472889372318
2016-01-20,0.9220522599520616
2016-01-21,0.9223181092510896
2016-01-22,0.922539105789644
2016-01-25,0.9239299655674218
2016-01-26,0.9236100215275864
2016-01-27,0.9247304330441236
2016-01-28,0.9259214608383284
2016-01-29,0.9248123040042692
2016-02-01,0.9249056072390108
2016-02-02,0.9234715358822164
2016-02-03,0.9216316708420468
2016-02-04,0.923671942830493
2016-02-05,0.9285145742595756
2016-02-08,0.9283032033113108
2016-02-09,0.9271599716673606
2016-02-10,0.9249727128437808
2016-02-11,0.9237277306204552
2016-02-12,0.9241644903039834
2016-02-16,0.9224394704447898
2016-02-17,0.924470935756223
2016-02-18,0.9227796199770938
2016-02-19,0.9224048888965608
2016-02-22,0.9208320393162476
2016-02-23,0.9192345993406744
2016-02-24,0.9166367933166696
2016-02-25,0.9167935770582184
2016-02-26,0.919730362277286
2016-02-29,0.9199334215683466
2016-03-01,0.9206519064628405
2016-03-02,0.92111882814345
2016-03-03,0.9210533633269432
2016-03-04,0.9231840526439468
2016-03-07,0.9230306692805006
2016-03-08,0.9209545286905224
2016-03-09,0.9175481588160712
2016-03-10,0.9193886285957168
2016-03-11,0.918218348193256
2016-03-14,0.918722153000564
2016-03-15,0.9188483797236884
2016-03-16,0.9171765295848928
2016-03-17,0.9160902125819324
2016-03-18,0.917462203567988
2016-03-21,0.9175946313497751
2016-03-22,0.917225835895818
2016-03-23,0.9166386687030758
2016-03-24,0.9149013336000206
2016-03-28,0.9136197701152624
2016-03-29,0.9131013298698304
2016-03-30,0.9150828134743768
2016-03-31,0.9143220172119046
2016-04-01,0.9134545526031176
2016-04-04,0.9125565098120691
2016-04-05,0.9102392266268372
2016-04-06,0.9121016042349366
2016-04-07,0.9119666074142496
2016-04-08,0.9111527942037728
2016-04-11,0.906213559301571
2016-04-12,0.9023581153851128
2016-04-13,0.9065815890518726
2016-04-14,0.9087348526818664
2016-04-15,0.909043419730558
2016-04-18,0.908837178907436
2016-04-19,0.9192427167542094
2016-04-20,0.9216368204235452
2016-04-21,0.9231102821449304
2016-04-22,0.922289411643465
2016-04-25,0.9218857212278224
2016-04-26,0.9225230710724612
2016-04-27,0.9232312939848016
2016-04-28,0.9244015857055784
2016-04-29,0.9242183382101746
2016-05-02,0.9240919393072484
2016-05-03,0.92150238839019
2016-05-04,0.9179309841789154
2016-05-05,0.9136141368774456
2016-05-06,0.9149718881548532
2016-05-09,0.9143269204727328
2016-05-10,0.9118503155967728
2016-05-11,0.910959949383916
2016-05-12,0.912094707764853
2016-05-13,0.9134369018133994
2016-05-16,0.9127877586370002
2016-05-17,0.9115180538601112
2016-05-18,0.9059655501859716
2016-05-19,0.9048760903904436
2016-05-20,0.9071438459517318
2016-05-23,0.9057180336577124
2016-05-24,0.9064493987560956
2016-05-25,0.9063496990694256
2016-05-26,0.9077376224207376
2016-05-27,0.9061324591045394
2016-05-31,0.90723250523585
2016-06-01,0.9085572543626952
2016-06-02,0.9083467244324231
2016-06-03,0.9077512489023908
2016-06-06,0.9075036260668649
2016-06-07,0.904845318316052
2016-06-08,0.9062051372983164
2016-06-09,0.9055600556909356
2016-06-10,0.9055242865385732
2016-06-13,0.9027433866060997
2016-06-14,0.9049449872288162
2016-06-15,0.9067937772554134
2016-06-16,0.9063298009623252
2016-06-17,0.9062585541274816
2016-06-20,0.905645314351068
2016-06-21,0.9039796988704202
2016-06-22,0.9039089315102484
2016-06-23,0.9028943547951724
2016-06-24,0.9060593518726489
2016-06-27,0.9071057003189698
2016-06-28,0.9069935882871724
2016-06-29,0.9069876441181504
2016-06-30,0.9065845718713816
2016-07-01,0.9062985837328984
2016-07-05,0.9092943086768378
2016-07-06,0.9082355179122136
2016-07-07,0.906292125110734
2016-07-08,0.9030895302104602
2016-07-11,0.9026083656818978
2016-07-12,0.9024405437840852
2016-07-13,0.902168506493114
2016-07-14,0.9005680528618193
2016-07-15,0.900832726234144
2016-07-18,0.8994983592746559
2016-07-19,0.9021943033804086
2016-07-20,0.9003851908266238
2016-07-21,0.9007575014676976
2016-07-22,0.902176003880592
2016-07-25,0.9019087083720774
2016-07-26,0.902857756188164
2016-07-27,0.9024062753343712
2016-07-28,0.8988907367641099
2016-07-29,0.8954227850685393
2016-08-01,0.8916381462146297
2016-08-02,0.8899545677588592
2016-08-03,0.8868765724414875
2016-08-04,0.8836253158369722
2016-08-05,0.8756291778210693
2016-08-08,0.8756128696819987
2016-08-09,0.8744017778932427
2016-08-10,0.8739278602154941
2016-08-11,0.8724364872109107
2016-08-12,0.870878606576911
2016-08-15,0.8678274294650609
2016-08-16,0.8640753660482645
2016-08-17,0.8583948662925615
2016-08-18,0.8543276755026689
2016-08-19,0.8522610294255799
2016-08-22,0.8473229958988255
2016-08-23,0.8443451957345403
2016-08-24,0.84422020384286
2016-08-25,0.8445729475955722
2016-08-26,0.8443298881285678
2016-08-29,0.8443483448313873
2016-08-30,0.8443801726865997
2016-08-31,0.8447219669020863
2016-09-01,0.8456389024188635
2016-09-02,0.8469865280511255
2016-09-06,0.8401056901556555
2016-09-07,0.8377788354898633
2016-09-08,0.8354566928178956
2016-09-09,0.8314574180806948
2016-09-12,0.8284471275659093
2016-09-13,0.8267965088953444
2016-09-14,0.8237294707926315
2016-09-15,0.8275998796974356
2016-09-16,0.8265669861731323
2016-09-19,0.8257289522327399
2016-09-20,0.826027103540362
2016-09-21,0.8225661304014132
2016-09-22,0.8221179430691226
2016-09-23,0.8197334577945279
2016-09-26,0.8183343927462156
2016-09-27,0.8165122854326042
2016-09-28,0.814878922635729
2016-09-29,0.8126063596672795
2016-09-30,0.8085440903013716
2016-10-03,0.8072207054870069
2016-10-04,0.8041520992851783
2016-10-05,0.8045509634311436
2016-10-06,0.802692868693835
2016-10-07,0.8007882973135412
2016-10-10,0.798152424952319
2016-10-11,0.7954846175650754
2016-10-12,0.7927460711812074
2016-10-13,0.7898512685864996
2016-10-14,0.7866198494089138
2016-10-17,0.7833048851865073
2016-10-18,0.7875603955887038
2016-10-19,0.7933476453776658
2016-10-20,0.7962289232086328
2016-10-21,0.7973735557790588
2016-10-24,0.7962813722290657
2016-10-25,0.7970917707247742
2016-10-26,0.7966206790599218
2016-10-27,0.7958763620444462
2016-10-28,0.7952575788895554
2016-10-31,0.7896290059993145
2016-11-01,0.7863491098894734
2016-11-02,0.7831917304177182
2016-11-03,0.78054140484105
2016-11-04,0.7794221881577162
2016-11-07,0.7776388287149115
2016-11-08,0.7761165824073268
2016-11-09,0.7726979216907256
2016-11-10,0.7722847811153021
2016-11-11,0.7714719391840321
2016-11-14,0.7695819456800701
2016-11-15,0.7684977808255695
2016-11-16,0.7661268069195193
2016-11-17,0.7641081705032698
2016-11-18,0.7612313838085075
2016-11-21,0.7572817396317003
2016-11-22,0.7546325551672785
2016-11-23,0.7562482799339983
2016-11-25,0.7565066285408196
2016-11-28,0.7561695385382976
2016-11-29,0.756969436112214
2016-11-30,0.757761077043212
2016-12-01,0.759349658560253
2016-12-02,0.7546383325220467
2016-12-05,0.7528611210852068
2016-12-06,0.7512465935829274
2016-12-07,0.7500655294619305
2016-12-08,0.7485840569735409
2016-12-09,0.7464395086417468
2016-12-12,0.7438233995784889
2016-12-13,0.7413922288809677
2016-12-14,0.7391530507715192
2016-12-15,0.7375258176716034
2016-12-16,0.7372790657172327
2016-12-19,0.7359157750180235
2016-12-20,0.7372863093737272
2016-12-21,0.7364491771162308
2016-12-22,0.7365068377531547
2016-12-23,0.7365783004482802
2016-12-27,0.7325016366413554
2016-12-28,0.7310859836343194
2016-12-29,0.7286406813196937
2016-12-30,0.7265538824643138
2017-01-03,0.7242453670263885
2017-01-04,0.723718239100507
2017-01-05,0.7224898360409553
2017-01-06,0.720592198454493
2017-01-09,0.718675897831852
2017-01-10,0.7165309057494468
2017-01-11,0.7142443260081832
2017-01-12,0.7110124556116786
2017-01-13,0.7082883928098296
2017-01-17,0.7059065573404244
2017-01-18,0.7048208781701519
2017-01-19,0.7030627798676118
2017-01-20,0.7027662100677292
2017-01-23,0.701384865200126
2017-01-24,0.7022092309514232
2017-01-25,0.7029457458040825
2017-01-26,0.7026508842422197
2017-01-27,0.7004233273727457
2017-01-30,0.6988241185871438
2017-01-31,0.6978612097563587
2017-02-01,0.698944255914505
2017-02-02,0.6963070977322197
2017-02-03,0.6954928981687187
2017-02-06,0.6946302790924073
2017-02-07,0.6929837106960409
2017-02-08,0.6921836744808604
2017-02-09,0.6905987853226773
2017-02-10,0.6892552613468472
2017-02-13,0.6868200731615332
2017-02-14,0.6854530930660183
2017-02-15,0.6836492201927631
2017-02-16,0.6818318168000539
2017-02-17,0.6801519295893249
2017-02-21,0.6793641891369017
2017-02-22,0.6775496866353166
2017-02-23,0.6777736443673099
2017-02-24,0.6771308916966243
2017-02-27,0.6770824730116609
2017-02-28,0.6747244695294706
2017-03-01,0.6737837790756832
2017-03-02,0.6725362862620561
2017-03-03,0.673119303735615
2017-03-06,0.6723913895668976
2017-03-07,0.6711745249052662
2017-03-08,0.6708367702262302
2017-03-09,0.6702043349537489
2017-03-10,0.6702011409055867
2017-03-13,0.6662805123508176
2017-03-14,0.6664943078514318
2017-03-15,0.6673683082182448
2017-03-16,0.6674559037918943
2017-03-17,0.6670470119227269
2017-03-20,0.6650371184519408
2017-03-21,0.6628790280083742
2017-03-22,0.6627154424031505
2017-03-23,0.6615542655596461
2017-03-24,0.6635502110278318
2017-03-27,0.6621346402550581
2017-03-28,0.662856121878271
2017-03-29,0.6626014235989792
2017-03-30,0.6623043655659212
2017-03-31,0.6616209716959529
2017-04-03,0.6601784859919769
2017-04-04,0.6601015384672798
2017-04-05,0.659922640743852
2017-04-06,0.6601988058533225
2017-04-07,0.6599716143667298
2017-04-10,0.660877762299676
2017-04-11,0.6602115157409207
2017-04-12,0.6627266782384638
2017-04-13,0.6630523507844791
2017-04-17,0.661933676445341
2017-04-18,0.6616552007498828
2017-04-19,0.6630759619708627
2017-04-20,0.6620777427875243
2017-04-21,0.6626031806292606
2017-04-24,0.6620638237632244
2017-04-25,0.6628005182277864
2017-04-26,0.6612327424028668
2017-04-27,0.6601816725554974
2017-04-28,0.6595334008581605
2017-05-01,0.6589449129015348
2017-05-02,0.6604546228451307
2017-05-03,0.6599047756202134
2017-05-04,0.6586950838658723
2017-05-05,0.6578737102337464
2017-05-08,0.6582961270681212
2017-05-09,0.6564194959210607
2017-05-10,0.6544659276455161
2017-05-11,0.652027796669433
2017-05-12,0.6502929157958379
2017-05-15,0.6513542249450266
2017-05-16,0.6501986916090412
2017-05-17,0.6487989198849754
2017-05-18,0.6490411003454373
2017-05-19,0.6494891946153712
2017-05-22,0.6498059195790982
2017-05-23,0.6486237797542453
2017-05-24,0.6482574694825396
2017-05-25,0.6477227432019689
2017-05-26,0.6479860117615902
2017-05-30,0.6468877406494284
2017-05-31,0.6477430057668461
2017-06-01,0.6470240590210193
2017-06-02,0.645811472718188
2017-06-05,0.6443946787683006
2017-06-06,0.6445937639411087
2017-06-07,0.6446854619802059
2017-06-08,0.6448691030521604
2017-06-09,0.644613920083416
2017-06-12,0.6479231649194499
2017-06-13,0.6499354643832476
2017-06-14,0.6493237113087734
2017-06-15,0.6480352187766036
2017-06-16,0.6480545560837901
2017-06-19,0.6470355368302753
2017-06-20,0.6449640334358453
2017-06-21,0.6427780575305445
2017-06-22,0.6412886231101576
2017-06-23,0.6402689322268289
2017-06-26,0.6403894468128781
2017-06-27,0.6411796359497652
2017-06-28,0.6409443494443013
2017-06-29,0.6407251925011823
2017-06-30,0.6423184731510359
2017-07-03,0.6431712438686151
2017-07-05,0.643778860164121
2017-07-06,0.6437124150499215
2017-07-07,0.6431589435418991
2017-07-10,0.6420166515327032
2017-07-11,0.6413551396880122
2017-07-12,0.6430911639554657
2017-07-13,0.6430929963037613
2017-07-14,0.6431461017828067
2017-07-17,0.6436448944171325
2017-07-18,0.6525049371649235
2017-07-19,0.6575941454664082
2017-07-20,0.6601062216527024
2017-07-21,0.6611323134939179
2017-07-24,0.6595324902163232
2017-07-25,0.6587727119925656
2017-07-26,0.6585789051979528
2017-07-27,0.6570105776159373
2017-07-28,0.6559289141923665
2017-07-31,0.6564595976139681
2017-08-01,0.6578923282017115
2017-08-02,0.6581606867012347
2017-08-03,0.6570349909405367
2017-08-04,0.6579832271500845
2017-08-07,0.6574821730726345
2017-08-08,0.6568081788555358
2017-08-09,0.6580615975380637
2017-08-10,0.6597972670897273
2017-08-11,0.6601856992358751
2017-08-14,0.6598245607136172
2017-08-15,0.6602132533383536
2017-08-16,0.660007526549068
2017-08-17,0.6595642434063541
2017-08-18,0.6608409231661023
2017-08-21,0.6607432611838806
2017-08-22,0.6600506529623962
2017-08-23,0.6592666570739817
2017-08-24,0.658921977485996
2017-08-25,0.6589800752514642
2017-08-28,0.6589317528593842
2017-08-29,0.6585875323079137
2017-08-30,0.6584988673833622
2017-08-31,0.6593487439856413
2017-09-01,0.65896271157421
2017-09-05,0.6590444453706157
2017-09-06,0.65827016478733
2017-09-07,0.6572367239650545
2017-09-08,0.6553454428156624
2017-09-11,0.6573283098946852
2017-09-12,0.6576851869252563
2017-09-13,0.657587074350288
2017-09-14,0.6575691433103459
2017-09-15,0.6574793363668122
2017-09-18,0.655899287541052
2017-09-19,0.6541544505812075
2017-09-20,0.6543623755518722
2017-09-21,0.6537402427529782
2017-09-22,0.6542495125531289
2017-09-25,0.6550450222551418
2017-09-26,0.6545161824222241
2017-09-27,0.6526670520116888
2017-09-28,0.6515744902848959
2017-09-29,0.6506962922845063
2017-10-02,0.6505024992564573
2017-10-03,0.6499718522976086
2017-10-04,0.6507218911497149
2017-10-05,0.6525348953796594
2017-10-06,0.6541711531618406
2017-10-09,0.6566348225096255
2017-10-10,0.6569149220224576
2017-10-11,0.656138697450245
2017-10-12,0.6557477988941572
2017-10-13,0.6543058063649796
2017-10-16,0.6549534537316971
2017-10-17,0.6554941345525529
2017-10-18,0.6560689388367497
2017-10-19,0.6556099557291005
2017-10-20,0.6565025932017646
2017-10-23,0.6566415242383565
2017-10-24,0.6560137168142715
2017-10-25,0.6546228660483479
2017-10-26,0.6520605809273345
2017-10-27,0.6535683366888038
2017-10-30,0.6534430886788443
2017-10-31,0.6533097825355662
2017-11-01,0.6522532405230566
2017-11-02,0.6520647799076971
2017-11-03,0.6506241362384785
2017-11-06,0.6505300133565157
2017-11-07,0.649034044691704
2017-11-08,0.6496172307828174
2017-11-09,0.6503394345048904
2017-11-10,0.6501345297337269
2017-11-13,0.6492280735417566
2017-11-14,0.6493702325764562
2017-11-15,0.6468396041202574
2017-11-16,0.6456690175199233
2017-11-17,0.6470716309659512
2017-11-20,0.6464756838215727
2017-11-21,0.6456306121050444
2017-11-22,0.6454727012787581
2017-11-24,0.6461577264312511
2017-11-27,0.6471101595230102
2017-11-28,0.6459056648945265
2017-11-29,0.64726473174013
2017-11-30,0.6468219784916128
2017-12-01,0.6484605400032971
2017-12-04,0.6488015371769579
2017-12-05,0.6486147839278654
2017-12-06,0.6487674120016557
2017-12-07,0.6483050353579386
2017-12-08,0.6475080640140568
2017-12-11,0.6477924629145522
2017-12-12,0.6478580170447198
2017-12-13,0.6467268319823793
2017-12-14,0.6463826575578541
2017-12-15,0.6467061717269679
2017-12-18,0.6468596021695329
2017-12-19,0.6463894867464391
2017-12-20,0.6454807868693845
2017-12-21,0.645463150369813
2017-12-22,0.645229246723437
2017-12-26,0.6439593681810725
2017-12-27,0.6429915034412237
2017-12-28,0.6435991802106559
2017-12-29,0.6428327285285731
2018-01-02,0.6440054702601027
2018-01-03,0.6447237475093079
2018-01-04,0.643392409649456
2018-01-05,0.6444687672172597
2018-01-08,0.6452925176999513
2018-01-09,0.6451215089193075
2018-01-10,0.6452661294374953
2018-01-11,0.6450011081802581
2018-01-12,0.6441093377808281
2018-01-16,0.6444105856754718
2018-01-17,0.6440253538069671
2018-01-18,0.6439281863882472
2018-01-19,0.6444434046949417
2018-01-22,0.642807245885696
2018-01-23,0.6551820003931245
2018-01-24,0.67039983983461
2018-01-25,0.6835083181868862
2018-01-26,0.6863429493534647
2018-01-29,0.6917490546885049
2018-01-30,0.6912458981039165
2018-01-31,0.6913302337912159
2018-02-01,0.6927545079378007
2018-02-02,0.6947969017078177
2018-02-05,0.6967680363803572
2018-02-06,0.6957142333554103
2018-02-07,0.696145050250221
2018-02-08,0.6956306148660288
2018-02-09,0.6957398205743419
2018-02-12,0.6941852516239034
2018-02-13,0.6928678951920678
2018-02-14,0.6911692427909966
2018-02-15,0.692182549255955
2018-02-16,0.6966354650157524
2018-02-20,0.6976561546956367
2018-02-21,0.6973000587403589
2018-02-22,0.6965447522357945
2018-02-23,0.6963925282439624
2018-02-26,0.6971366644769172
2018-02-27,0.6985543293241002
2018-02-28,0.698225949493031
2018-03-01,0.697883702886158
2018-03-02,0.6991710451233384
2018-03-05,0.7046959935603122
2018-03-06,0.7074796061639097
2018-03-07,0.7086610100835596
2018-03-08,0.7066133643045155
2018-03-09,0.7083492262059173
2018-03-12,0.7071436652482302
2018-03-13,0.7057920711591618
2018-03-14,0.7079619492974644
2018-03-15,0.7078440480434476
2018-03-16,0.7076592145025028
2018-03-19,0.707148984835201
2018-03-20,0.7073904816528697
2018-03-21,0.7076289653160033
2018-03-22,0.7056646501878266
2018-03-23,0.7068475092539256
2018-03-26,0.7062724001111009
2018-03-27,0.7046956933887901
2018-03-28,0.7062654984215204
2018-03-29,0.7097997291872367
2018-04-02,0.7144524511071249
2018-04-03,0.7148799416219049
2018-04-04,0.7149275445907866
2018-04-05,0.7137463094300974
2018-04-06,0.7119794962677495
2018-04-09,0.710559593735459
2018-04-10,0.7101840878301532
2018-04-11,0.7098079894415623
2018-04-12,0.7106422051121938
2018-04-13,0.7139538983197419
2018-04-16,0.7137578014463645
2018-04-17,0.7217940976934413
2018-04-18,0.7246826829520191
2018-04-19,0.7247193166287181
2018-04-20,0.7238691116328938
2018-04-23,0.7258943662450472
2018-04-24,0.7320595892164958
2018-04-25,0.7322033584884996
2018-04-26,0.7292235827540807
2018-04-27,0.7310998979760845
2018-04-30,0.7298733047524915
2018-05-01,0.7293784874427321
2018-05-02,0.7290290656691507
2018-05-03,0.7281163923054581
2018-05-04,0.7266342500826881
2018-05-07,0.727087270091888
2018-05-08,0.7275842529877181
2018-05-09,0.7279053678782161
2018-05-10,0.72955034815818
2018-05-11,0.7299388905204299
2018-05-14,0.7299388905204299
2018-05-15,0.7288101397638839
2018-05-16,0.7280003461190214
2018-05-17,0.7273032164147004
2018-05-18,0.7271300097231662
2018-05-21,0.7264810907504664
2018-05-22,0.7261348298983541
2018-05-23,0.728015091292511
2018-05-24,0.7307293908449052
2018-05-25,0.7316157345802082
2018-05-29,0.7321752356153904
2018-05-30,0.732100141271554
2018-05-31,0.7327815260482199
2018-06-01,0.7331616348537404
2018-06-04,0.73281838283576
2018-06-05,0.7329057358518615
2018-06-06,0.7327087054717424
2018-06-07,0.7329120817486412
2018-06-08,0.7343408488188844
2018-06-11,0.7354197842404111
2018-06-12,0.7352652553679663
2018-06-13,0.7382738214227755
2018-06-14,0.7453015238694252
2018-06-15,0.7459254017497858
2018-06-18,0.7472793034008374
2018-06-19,0.7496083930278079
2018-06-20,0.7550841543608621
2018-06-21,0.7584914323405927
2018-06-22,0.758698027941204
2018-06-25,0.7684132849580189
2018-06-26,0.7695139462567969
2018-06-27,0.7708927121886324
2018-06-28,0.7710863192044042
2018-06-29,0.7717556279517511
2018-07-02,0.7704815084886286
2018-07-03,0.7706438066443961
2018-07-05,0.7705034428969516
2018-07-06,0.7716995507438258
2018-07-09,0.7757516317822847
2018-07-10,0.7761529122569282
2018-07-11,0.776702783616499
2018-07-12,0.7768554815332889
2018-07-13,0.7820247588284511
2018-07-16,0.7822383024771379
2018-07-17,0.7909832957232751
2018-07-18,0.796600546895647
2018-07-19,0.8004503266178813
2018-07-20,0.8056984592266886
2018-07-23,0.8061126345421371
2018-07-24,0.8057033671320037
2018-07-25,0.8052474009545679
2018-07-26,0.8044126217556788
2018-07-27,0.8015863439150068
2018-07-30,0.8054042566576334
2018-07-31,0.8042395549261258
2018-08-01,0.8037592403489392
2018-08-02,0.8018023894466048
2018-08-03,0.800039953502402
2018-08-06,0.8025058555013849
2018-08-07,0.802572497666802
2018-08-08,0.8025491705037519
2018-08-09,0.8020406994278614
2018-08-10,0.7972665758820217
2018-08-13,0.796912448602995
2018-08-14,0.7968667211927946
2018-08-15,0.7965366708072247
2018-08-16,0.7970696284953595
2018-08-17,0.7965093162261846
2018-08-20,0.8004044580858847
2018-08-21,0.801321816004577
2018-08-22,0.8035789272945429
2018-08-23,0.8044209324619623
2018-08-24,0.8081299290439052
2018-08-27,0.8115761405924065
2018-08-28,0.8141881309485833
2018-08-29,0.8148759649694961
2018-08-30,0.8149648139492978
2018-08-31,0.8143915659807994
2018-09-04,0.8127356006133319
2018-09-05,0.821375227355774
2018-09-06,0.8218414704568529
2018-09-07,0.8224006655825117
2018-09-10,0.8241214365812295
2018-09-11,0.8253402784052906
2018-09-12,0.8278784601643207
2018-09-13,0.8302471906424823
2018-09-14,0.8303834465354246
2018-09-17,0.8310036412308133
2018-09-18,0.8314924417022312
2018-09-19,0.8315586612987369
2018-09-20,0.8297977744039556
2018-09-21,0.8275364223527322
2018-09-24,0.8259612045050498
2018-09-25,0.8256726271833431
2018-09-26,0.8273848738989793
2018-09-27,0.8273267611810319
2018-09-28,0.827644640894636
2018-10-01,0.8276181433598189
2018-10-02,0.8264567388885312
2018-10-03,0.8232225133538601
2018-10-04,0.8231820342473016
2018-10-05,0.8285381414978719
2018-10-08,0.8301015676404494
2018-10-09,0.829939006763079
2018-10-10,0.8337050110516052
2018-10-11,0.8377893071303509
2018-10-12,0.8365177453634906
2018-10-15,0.8340937851520208
2018-10-16,0.8320296191714561
2018-10-17,0.8360716332260058
2018-10-18,0.8340633855983763
2018-10-19,0.8317045574055166
2018-10-22,0.8301125366523947
2018-10-23,0.8292608635928452
2018-10-24,0.834477159683078
2018-10-25,0.8328024003058083
2018-10-26,0.8313601890661929
2018-10-29,0.835100255336912
2018-10-30,0.83468883501554
2018-10-31,0.8326652765505425
2018-11-01,0.8393946991772491
2018-11-02,0.8399933466571763
2018-11-05,0.8398540073373942
2018-11-06,0.8395515919258432
2018-11-07,0.8387845984192726
2018-11-08,0.8411002747234491
2018-11-09,0.8415463339669061
2018-11-12,0.8445874931925925
2018-11-13,0.8460653169075841
2018-11-14,0.8463758724328272
2018-11-15,0.8444090747002854
2018-11-16,0.8418249572684255
2018-11-19,0.8457011865975164
2018-11-20,0.8465083701571887
2018-11-21,0.8481362877885528
2018-11-23,0.8489614142853538
2018-11-26,0.8481515907187803
2018-11-27,0.8490370494040756
2018-11-28,0.8478546289901147
2018-11-29,0.8506436158814361
2018-11-30,0.8521202368686145
2018-12-03,0.8530900162758639
2018-12-04,0.852207588690099
2018-12-06,0.855724746100575
2018-12-07,0.8585114440943881
2018-12-10,0.8586224570477342
2018-12-11,0.8582143915363971
2018-12-12,0.8576407947362498
2018-12-13,0.8586671818410723
2018-12-14,0.8584412889438774
2018-12-17,0.8585315153055237
2018-12-18,0.8577730562572599
2018-12-19,0.8563121192009007
2018-12-20,0.8529354660409999
2018-12-21,0.8556945137563043
2018-12-24,0.8592125863747294
2018-12-26,0.8567498392870089
2018-12-27,0.8552453281902139
2018-12-28,0.8537727243322373
2018-12-31,0.8535751750757696
2019-01-02,0.8511089650256034
2019-01-03,0.8495644890489443
2019-01-04,0.8509609090222359
2019-01-07,0.8572447185404485
2019-01-08,0.8615525710686206
2019-01-09,0.8615337820078666
2019-01-10,0.8597207909731643
2019-01-11,0.8635285589706558
2019-01-14,0.8637097624301333
2019-01-15,0.8678112810981877
2019-01-16,0.8673524830616237
2019-01-17,0.8679318723519238
2019-01-18,0.8683164761776047
2019-01-22,0.8708912858160156
2019-01-23,0.8754098591302242
2019-01-24,0.8751550049436352
2019-01-25,0.8757946743230798
2019-01-28,0.8727062341708836
2019-01-29,0.8693819216315165
2019-01-30,0.8718738757464298
2019-01-31,0.8717117859508197
2019-02-01,0.8724601801614726
2019-02-04,0.8725340171917312
2019-02-05,0.8731167467254927
2019-02-06,0.8732276256389842
2019-02-07,0.8739502280439045
2019-02-08,0.8743841566941607
2019-02-11,0.8739277203622439
2019-02-12,0.8730419940963232
2019-02-13,0.870878041729061
2019-02-14,0.8682749037067026
2019-02-15,0.8652375334967412
2019-02-19,0.8615697508793211
2019-02-20,0.8583843817604286
2019-02-21,0.8543641459907927
2019-02-22,0.8505586788914034
2019-02-25,0.8483489537663276
2019-02-26,0.8507344010918012
2019-02-27,0.8508297232218317
2019-02-28,0.850161462017191
2019-03-01,0.8496043190743072
2019-03-04,0.8479569356319216
2019-03-05,0.8487073016383226
2019-03-06,0.8482786321470717
2019-03-07,0.8477094578822647
2019-03-08,0.8460998781902068
2019-03-11,0.8459318115488053
2019-03-12,0.8469506918790334
2019-03-13,0.8476390780514472
2019-03-14,0.8474299718173691
2019-03-15,0.8464333147051559
2019-03-18,0.8452250338098661
2019-03-19,0.8446271425024602
2019-03-20,0.845910577495985
2019-03-21,0.8454916153262546
2019-03-22,0.8435955335299503
2019-03-25,0.842149316770857
2019-03-26,0.8432887993040946
2019-03-27,0.8432281893146981
2019-03-28,0.8418980871421565
2019-03-29,0.8398143760566739
2019-04-01,0.8386803581060365
2019-04-02,0.8375647998077382
2019-04-03,0.8368416022855161
2019-04-04,0.8342252965070236
2019-04-05,0.8344682081056226
2019-04-08,0.8328276116414626
2019-04-09,0.8331879515019952
2019-04-10,0.8315835787987309
2019-04-11,0.8285596688392423
2019-04-12,0.8255923343330887
2019-04-15,0.8238838348369184
2019-04-16,0.8211333211143211
2019-04-17,0.8183226484401587
2019-04-18,0.8151281723997297
2019-04-22,0.8148822276542749
2019-04-23,0.8155907910322614
2019-04-24,0.815055413098057
2019-04-25,0.8144550135632832
2019-04-26,0.8153723162053595
2019-04-29,0.8151416240393657
2019-04-30,0.8153900168825784
2019-05-01,0.8140463699650562
2019-05-02,0.8136097853388721
2019-05-03,0.8134854296594596
2019-05-06,0.8155488985627349
2019-05-07,0.8159691403083321
2019-05-08,0.8160705377104727
2019-05-09,0.8150294968247607
2019-05-10,0.8137547934315839
2019-05-13,0.8121352593826738
2019-05-14,0.8132393678461497
2019-05-15,0.8144266586896672
2019-05-16,0.8141459989424426
2019-05-17,0.8145585416558926
2019-05-20,0.8143641163194417
2019-05-21,0.8138005749372617
2019-05-22,0.8120909910612367
2019-05-23,0.8111409886336787
2019-05-24,0.8092168254606933
2019-05-28,0.8075103429417697
2019-05-29,0.8053528408740404
2019-05-30,0.8039071466143265
2019-05-31,0.8044545755112484
2019-06-03,0.806280729680109
2019-06-04,0.8056975521467873
2019-06-05,0.8054029929232969
2019-06-06,0.8069073168851215
2019-06-07,0.8072127008203203
2019-06-10,0.8067452751453237
2019-06-11,0.8069272211827516
2019-06-12,0.8069801126546197
2019-06-13,0.8072103685431354
2019-06-14,0.8072950749003528
2019-06-17,0.805675570058513
2019-06-18,0.8038830763832648
2019-06-19,0.8009467576997918
2019-06-20,0.799959098714481
2019-06-21,0.7990922215031386
2019-06-24,0.798546589876408
2019-06-25,0.7970791194975395
2019-06-26,0.7959192194162843
2019-06-27,0.7925819648570331
2019-06-28,0.7919523823161541
2019-07-01,0.7919566287820418
2019-07-02,0.7908650246205231
2019-07-03,0.7895391670879375
2019-07-05,0.7877367398698657
2019-07-08,0.7903243696663094
2019-07-09,0.7905212727998979
2019-07-10,0.7910905578902168
2019-07-11,0.7929609015543564
2019-07-12,0.7889822145841275
2019-07-15,0.7874998599304521
2019-07-16,0.7855195888473732
2019-07-17,0.7848786100049298
2019-07-18,0.7917633284790518
2019-07-19,0.7967967393924495
2019-07-22,0.7990792004950963
2019-07-23,0.7983825783304433
2019-07-24,0.7969610392758658
2019-07-25,0.7971066418152634
2019-07-26,0.7981057303265369
2019-07-29,0.7970278827760128
2019-07-30,0.7984225824961404
2019-07-31,0.7997552047016298
2019-08-01,0.7989300035278812
2019-08-02,0.7989311507955258
2019-08-05,0.7994382201456812
2019-08-06,0.79802808208306
2019-08-07,0.7983489363445093
2019-08-08,0.7949696870711642
2019-08-09,0.7936523171177187
2019-08-12,0.7935110834200685
2019-08-13,0.7936510373524222
2019-08-14,0.7900463090298078
2019-08-15,0.7913349482270863
2019-08-16,0.7918105770926244
2019-08-19,0.7910105675230272
2019-08-20,0.7910157976570612
2019-08-21,0.790101083385148
2019-08-22,0.7871740699327426
2019-08-23,0.7840346859416217
2019-08-26,0.7817290792215408
2019-08-27,0.7810660300851922
2019-08-28,0.7813412442258002
2019-08-29,0.7798210450195983
2019-08-30,0.7806728122794279
2019-09-03,0.7794987002092154
2019-09-04,0.7800776723191923
2019-09-05,0.7813442222841456
2019-09-06,0.7806728465059548
2019-09-09,0.7777359149574266
2019-09-10,0.7759813385362153
2019-09-11,0.776730971908018
2019-09-12,0.7773494842407889
2019-09-13,0.7759330374730898
2019-09-16,0.7770059358010205
2019-09-17,0.7775891139712885
2019-09-18,0.7765278413956801
2019-09-19,0.7778444543630777
2019-09-20,0.7793764609337435
2019-09-23,0.7792259841715501
2019-09-24,0.7805148190072495
2019-09-25,0.7805524503581072
2019-09-26,0.780755779330687
2019-09-27,0.7805367902186418
2019-09-30,0.7777565524945705
2019-10-01,0.7775344291307078
2019-10-02,0.7783702088620632
2019-10-03,0.7792603253799057
2019-10-04,0.7770529746673802
2019-10-07,0.7775560027819297
2019-10-08,0.7751655874296212
2019-10-09,0.7767754659594793
2019-10-10,0.7776009393954877
2019-10-11,0.7776761254810898
2019-10-14,0.7776474038757292
2019-10-15,0.7767955912127208
2019-10-16,0.7763485873050363
2019-10-17,0.7752948027117715
2019-10-18,0.7751821760358192
2019-10-21,0.7750458316089833
2019-10-22,0.7751446457704655
2019-10-23,0.7751446457704655
2019-10-24,0.7753699170773434
2019-10-25,0.7750083145443166
2019-10-28,0.7746471024876037
2019-10-29,0.7749095042037657
2019-10-30,0.7746607396941465
2019-10-31,0.7741374231104818
2019-11-01,0.775088206758695
2019-11-04,0.7745029641546097
2019-11-05,0.775137559403073
2019-11-06,0.7752275187070427
2019-11-07,0.775910523043939
2019-11-08,0.7773563910667652
2019-11-11,0.7750670362120381
2019-11-12,0.7740365627878768
2019-11-13,0.7741729858270437
2019-11-14,0.7740125797674987
2019-11-15,0.7746849809068783
2019-11-18,0.7749341260312239
2019-11-19,0.7753559243780761
2019-11-20,0.7751612100570621
2019-11-21,0.7755561242581962
2019-11-22,0.7761357980253178
2019-11-25,0.7760602851851566
2019-11-26,0.776074348629624
2019-11-27,0.7786624253352168
2019-11-29,0.7796612527190393
2019-12-02,0.7772843532964531
2019-12-03,0.778681783436553
2019-12-04,0.778711396871236
2019-12-05,0.7800352120934467
2019-12-06,0.7797668825236845
2019-12-09,0.7798051967713431
2019-12-10,0.778978596106274
2019-12-11,0.7787685503175444
2019-12-12,0.7782812716767179
2019-12-13,0.7786344046993223
2019-12-16,0.777875484191109
2019-12-17,0.7772810336198603
2019-12-18,0.780242316949303
2019-12-19,0.7822401708926399
2019-12-20,0.7827413908154758
2019-12-23,0.781788772611782
2019-12-24,0.7827122229425318
2019-12-26,0.7836154736955648
2019-12-27,0.7825604034423548
2019-12-30,0.7823154956129759
2019-12-31,0.7831576941691887
2020-01-02,0.7829577447546596
2020-01-03,0.7814585766380138
2020-01-06,0.7839008267501052
2020-01-07,0.7843391313806256
2020-01-08,0.7844725425937784
2020-01-09,0.78449507389805
2020-01-10,0.784651117992122
2020-01-13,0.7845505622901994
2020-01-14,0.7841931494513856
2020-01-15,0.7835123547360571
2020-01-16,0.7833628793120809
2020-01-17,0.7842591280939841
2020-01-21,0.7828752200500187
2020-01-22,0.7807886171079675
2020-01-23,0.7809053441907717
2020-01-24,0.7836620600329169
2020-01-27,0.7828963862997506
2020-01-28,0.7839076809049534
2020-01-29,0.7837443364909747
2020-01-30,0.7835580840346209
2020-01-31,0.7841615217687391
2020-02-03,0.7803624741831708
2020-02-04,0.7813697553341917
2020-02-05,0.781618301566651
2020-02-06,0.7816813557945337
2020-02-07,0.7827816550072635
2020-02-10,0.7828989335308044
2020-02-11,0.7838356052514939
2020-02-12,0.7835286176460451
2020-02-13,0.7838447373834367
2020-02-14,0.7835514713943067
2020-02-18,0.7824782389654803
2020-02-19,0.7802577755920054
2020-02-20,0.7795303788717428
2020-02-21,0.7795206321524346
2020-02-24,0.7813264002997481
2020-02-25,0.7846835233348634
2020-02-26,0.7847794757348013
2020-02-27,0.7836740557980431
2020-02-28,0.783703657614222
2020-03-02,0.780696102970287
2020-03-03,0.7822530236264419
2020-03-04,0.7814412124432882
2020-03-05,0.7844053693019652
2020-03-06,0.784547675559781
2020-03-09,0.7883079916641687
2020-03-10,0.788466855492087
2020-03-11,0.7886655824989451
2020-03-12,0.796974878941069
2020-03-13,0.7971341270235385
2020-03-16,0.8029545384370727
2020-03-17,0.8032326151816388
2020-03-18,0.8032745442566096
2020-03-19,0.8040546499959159
2020-03-20,0.8041339639868108
2020-03-23,0.8083777845453519
2020-03-24,0.8095278463498456
2020-03-25,0.8097797158939556
2020-03-26,0.810463857718073
2020-03-27,0.812045957220253
2020-03-30,0.8129980152043826
2020-03-31,0.8130212121154501
2020-04-01,0.8133252572565044
2020-04-02,0.8118112097835046
2020-04-03,0.8114162507898647
2020-04-06,0.8110118672576508
2020-04-07,0.8138776359577614
2020-04-08,0.814006800084552
2020-04-09,0.8146682326722451
2020-04-13,0.8092072100465251
2020-04-14,0.8148883669834545
2020-04-15,0.819991495455014
2020-04-16,0.8230772346185979
2020-04-17,0.8226848748193655
2020-04-20,0.821736319979798
2020-04-21,0.8232609289590779
2020-04-22,0.8238490837183243
2020-04-23,0.8233054967904045
2020-04-24,0.825112949371852
2020-04-27,0.825574454847297
2020-04-28,0.8269009073743018
2020-04-29,0.8269843108535302
2020-04-30,0.8255804101866779
2020-05-01,0.8233385166599078
2020-05-04,0.8183180957995561
2020-05-05,0.8145308053604843
2020-05-06,0.815281429812301
2020-05-07,0.8119221801954474
2020-05-08,0.8122370512850304
2020-05-11,0.8097397391849576
2020-05-12,0.8078364295630448
2020-05-13,0.8057408779146996
2020-05-14,0.8064076161988479
2020-05-15,0.80765326148712
2020-05-18,0.8083985291715481
2020-05-19,0.8078095575940272
2020-05-20,0.8067346426548547
2020-05-21,0.8104411006214387
2020-05-22,0.8096641445687356
2020-05-26,0.8129087917993715
2020-05-27,0.8091313706056358
2020-05-28,0.8060021986740853
2020-05-29,0.8043717146847177
2020-06-01,0.8065464360992238
2020-06-02,0.8072124429712653
2020-06-03,0.807613244929848
2020-06-04,0.8074157524387411
2020-06-05,0.8073861658874062
2020-06-08,0.8079848910436105
2020-06-09,0.8073300422787911
2020-06-10,0.8073489406528866
2020-06-11,0.8060920962370367
2020-06-12,0.8062597633447698
2020-06-15,0.8064466625165333
2020-06-16,0.8063849314828248
2020-06-17,0.8083801303006305
2020-06-18,0.807906173916928
2020-06-19,0.8076345265240956
2020-06-22,0.8083609761753866
2020-06-23,0.8083183085734224
2020-06-24,0.8054915006350496
2020-06-25,0.8066759393468945
2020-06-26,0.806432820379733
2020-06-29,0.8050156505714636
2020-06-30,0.8043231237324163
2020-07-01,0.8066682169305006
2020-07-02,0.8093766987853952
2020-07-06,0.8105447632107855
2020-07-07,0.8104236783950121
2020-07-08,0.8092112522272551
2020-07-09,0.8081671535571807
2020-07-10,0.8135247007347303
2020-07-13,0.8159431446973473
2020-07-14,0.8168660172872789
2020-07-15,0.8175688841412447
2020-07-16,0.8177254977426672
2020-07-17,0.8191097451428868
2020-07-20,0.8191192292411827
2020-07-21,0.820891425116265
2020-07-22,0.8208502049531436
2020-07-23,0.8206583928340674
2020-07-24,0.8232060308722713
2020-07-27,0.8232907071977432
2020-07-28,0.822943844003074
2020-07-29,0.8240934278680825
2020-07-30,0.8237636045594318
2020-07-31,0.8268991555737631
2020-08-03,0.8233434571196234
2020-08-04,0.8236759104552356
2020-08-05,0.82228193106433
2020-08-06,0.8199570551979996
2020-08-07,0.8186515260373053
2020-08-10,0.8163480492320481
2020-08-11,0.8202301120596042
2020-08-12,0.8202707597620343
2020-08-13,0.8201016053556015
2020-08-14,0.8204848964267334
2020-08-17,0.8209877425780784
2020-08-18,0.822477013143729
2020-08-19,0.8226715675707312
2020-08-20,0.8235438060957203
2020-08-21,0.8251513596439086
2020-08-24,0.8253915103867618
2020-08-25,0.8250779172385653
2020-08-26,0.8293349289629597
2020-08-27,0.8272932996375336
2020-08-28,0.8285476238613081
2020-08-31,0.828768581987488
2020-09-01,0.8272367812400034
2020-09-02,0.8256991101619456
2020-09-03,0.8237975620607352
2020-09-04,0.8224928294737651
2020-09-08,0.8280432045462875
2020-09-09,0.8296740798441711
2020-09-10,0.83089448326554
2020-09-11,0.8321659624931835
2020-09-14,0.8321814821441753
2020-09-15,0.8338194867333828
2020-09-16,0.833677471343031
2020-09-17,0.833059129853331
2020-09-18,0.8326297390096465
2020-09-21,0.8339246142677557
2020-09-22,0.8313313954508575
2020-09-23,0.8284072024991814
2020-09-24,0.8247438287962551
2020-09-25,0.8262274418236493
2020-09-28,0.8242271076764384
2020-09-29,0.8229397200349001
2020-09-30,0.8206223477625941
2020-10-01,0.8231535496068388
2020-10-02,0.8209420366533587
2020-10-05,0.8181672835139636
2020-10-06,0.8140219441238953
2020-10-07,0.8113251722250879
2020-10-08,0.8070120489911893
2020-10-09,0.8028261802458567
2020-10-12,0.7999816973455368
2020-10-13,0.798257775504192
2020-10-14,0.7964058050627388
2020-10-15,0.7957647581230191
2020-10-16,0.7909251069371334
2020-10-19,0.7869420854751413
2020-10-20,0.7829112562555817
2020-10-21,0.7832226635609436
2020-10-22,0.7825737632914375
2020-10-23,0.781164386458425
2020-10-26,0.7803671386523167
2020-10-27,0.7777663432658093
2020-10-28,0.7754757309718753
2020-10-29,0.7759973105784093
2020-10-30,0.7766534794867056
2020-11-02,0.7776395900735746
2020-11-03,0.7770041953666071
2020-11-04,0.7748881179505802
2020-11-05,0.7750902776058305
2020-11-06,0.771453895452316
2020-11-09,0.7698273868986145
2020-11-10,0.7732373361038458
2020-11-11,0.772230355208063
2020-11-12,0.7702787525076216
2020-11-13,0.7702655485460481
2020-11-16,0.7678376397988431
2020-11-17,0.7664790842134985
2020-11-18,0.7623149663790038
2020-11-19,0.7611950854972473
2020-11-20,0.762360260850278
2020-11-23,0.7608564486349626
2020-11-24,0.7620868562642761
2020-11-25,0.7613326878366328
2020-11-27,0.7581559804995001
2020-11-30,0.7570000015840443
2020-12-01,0.7592781507106175
2020-12-02,0.7589363694988028
2020-12-03,0.7589941319728059
2020-12-04,0.7578710451212011
2020-12-07,0.7532839598230195
2020-12-08,0.7569059845218181
2020-12-09,0.7568190719310361
2020-12-10,0.7567756280634163
2020-12-11,0.7565040872344259
2020-12-14,0.754920040711142
2020-12-15,0.7555614092502112
2020-12-16,0.7542110030773465
2020-12-17,0.7506996836370098
2020-12-18,0.7480292688084276
2020-12-21,0.7484643819503248
2020-12-22,0.7486622361924237
2020-12-23,0.7486114716246707
2020-12-24,0.7478616449883457
2020-12-28,0.7472384987892156
2020-12-29,0.7462083841741309
2020-12-30,0.7445926767012645
2020-12-31,0.7430107925398829
2021-01-04,0.7455248648177915
2021-01-05,0.7458770585708437
2021-01-06,0.7455330268741827
2021-01-07,0.745414838800435
2021-01-08,0.7454192725088269
2021-01-11,0.7441507971599476
2021-01-12,0.7402763838488045
2021-01-13,0.7398271678728461
2021-01-14,0.7377784879891468
2021-01-15,0.7357169752006181
2021-01-19,0.732102114137163
2021-01-20,0.7420537369732623
2021-01-21,0.746134337750032
2021-01-22,0.7442938418654051
2021-01-25,0.7419231235867361
2021-01-26,0.7435771943833113
2021-01-27,0.7460390908298158
2021-01-28,0.747092533044704
2021-01-29,0.7469759122077596
2021-02-01,0.7468348333503084
2021-02-02,0.7464965570210172
2021-02-03,0.744511933527938
2021-02-04,0.7426864749044018
2021-02-05,0.7400184780297802
2021-02-08,0.7370448139688638
2021-02-09,0.7322350909165265
2021-02-10,0.7295022955376579
2021-02-11,0.7258250501630866
2021-02-12,0.7232164670640503
2021-02-16,0.7204970395592739
2021-02-17,0.7150939129058822
2021-02-18,0.713343012170698
2021-02-19,0.7122268463741944
2021-02-22,0.709924059653718
2021-02-23,0.710628138133644
2021-02-24,0.7121690417601384
2021-02-25,0.7121113131056344
2021-02-26,0.7119165429534076
2021-03-01,0.7111647046700647
2021-03-02,0.7105736125922214
2021-03-03,0.7075540566740495
2021-03-04,0.7072874559342168
2021-03-05,0.7074891556476379
2021-03-08,0.7092231956682958
2021-03-09,0.7085837766839074
2021-03-10,0.7070270566269524
2021-03-11,0.7071586046301777
2021-03-12,0.706870400083464
2021-03-15,0.7064103620487132
2021-03-16,0.7059281654372666
2021-03-17,0.7031446682734153
2021-03-18,0.7006080350098262
2021-03-19,0.7023285130635057
2021-03-22,0.7007066097426137
2021-03-23,0.6994512182217929
2021-03-24,0.6960126399972533
2021-03-25,0.6975009815439084
2021-03-26,0.6969434849047834
2021-03-29,0.694465574685952
2021-03-30,0.693962961323617
2021-03-31,0.6926793854529385
2021-04-01,0.691947066174278
2021-04-05,0.6912526268091231
2021-04-06,0.6901749675293668
2021-04-07,0.6912104376809298
2021-04-08,0.6894726159095036
2021-04-09,0.6876919795082737
2021-04-12,0.6847660062783448
2021-04-13,0.6813412807224754
2021-04-14,0.6746915782581784
2021-04-15,0.6710606178866008
2021-04-16,0.6677387908453114
2021-04-19,0.6643199851430289
2021-04-20,0.6631474926817674
2021-04-21,0.6623657377915408
2021-04-22,0.6641116620641863
2021-04-23,0.6631576197289881
2021-04-26,0.6629049050194827
2021-04-27,0.6617949276961684
2021-04-28,0.6590936079234464
2021-04-29,0.6589132688694114
2021-04-30,0.656760338274523
2021-05-03,0.6544935146832017
2021-05-04,0.6511101235671394
2021-05-05,0.6502504939104572
2021-05-06,0.6472404702288442
2021-05-07,0.6451622947940305
2021-05-10,0.6414458146409805
2021-05-11,0.6426932198405271
2021-05-12,0.6413918968898962
2021-05-13,0.6412062003438923
2021-05-14,0.6402201137403676
2021-05-17,0.6383831501921843
2021-05-18,0.637292732072495
2021-05-19,0.6366962494312396
2021-05-20,0.6344755835064341
2021-05-21,0.6327137777442869
2021-05-24,0.6312350686317596
2021-05-25,0.6299813170477692
2021-05-26,0.6309964476968386
2021-05-27,0.6302681388941179
2021-05-28,0.6315991027239184
2021-06-01,0.6291852948169163
2021-06-02,0.627708160438587
2021-06-03,0.6239359845520452
2021-06-04,0.6227220976107776
2021-06-07,0.622330752357716
2021-06-08,0.6224483395186519
2021-06-09,0.6215730387862526
2021-06-10,0.6197461960000421
2021-06-11,0.6193431106968087
2021-06-14,0.6164043019574413
2021-06-15,0.6181772587282894
2021-06-16,0.6186573379438326
2021-06-17,0.6179880094249965
2021-06-18,0.6176745279868882
2021-06-21,0.6187447096031737
2021-06-22,0.616605263152511
2021-06-23,0.6146438520252454
2021-06-24,0.6140137846828456
2021-06-25,0.6110348438469664
2021-06-28,0.6086052834172769
2021-06-29,0.6076439756129022
2021-06-30,0.6056677841396569
2021-07-01,0.6030629893457311
2021-07-02,0.60547655409287
2021-07-06,0.6001331728419387
2021-07-07,0.5984334203551949
2021-07-08,0.5993059828771822
2021-07-09,0.5991136368143157
2021-07-12,0.5987439664789043
2021-07-13,0.5965156112554733
2021-07-14,0.5924211435412549
2021-07-15,0.588509294423893
2021-07-16,0.5885735546675152
2021-07-19,0.5882756149671354
2021-07-20,0.587699990488822
2021-07-21,0.5865222026073034
2021-07-22,0.5844754004506428
2021-07-23,0.5836801165615902
2021-07-26,0.5812848158735755
2021-07-27,0.5788397776120277
2021-07-28,0.5767962597501965
2021-07-29,0.5732263015703386
2021-07-30,0.5749536757781915
2021-08-02,0.5748347452536985
2021-08-03,0.5741301697154414
2021-08-04,0.5736604374863092
2021-08-05,0.5731695989878015
2021-08-06,0.5724089629020092
2021-08-09,0.5702564683768242
2021-08-10,0.5694607511537224
2021-08-11,0.5681330311841951
2021-08-12,0.5665315578930179
2021-08-13,0.5668197853209275
2021-08-16,0.5648909228594955
2021-08-17,0.5665946360861702
2021-08-18,0.5658017715582819
2021-08-19,0.5663179025476746
2021-08-20,0.5668020748258672
2021-08-23,0.5675819716528409
2021-08-24,0.5673891984771432
2021-08-25,0.5668130333910051
2021-08-26,0.5655993969116068
2021-08-27,0.563773737601219
2021-08-30,0.5635361940220945
2021-08-31,0.5639983926164439
2021-09-01,0.5640224580947905
2021-09-02,0.5637814703728445
2021-09-03,0.5643840270412525
2021-09-07,0.565022871763232
2021-09-08,0.565022871763232
2021-09-09,0.5654325254008652
2021-09-10,0.5644913049811768
2021-09-13,0.5639903582197198
2021-09-14,0.563110243617868
2021-09-15,0.5623781185882387
2021-09-16,0.563471813444889
2021-09-17,0.5635082117935264
2021-09-20,0.5625769920132481
2021-09-21,0.561588620479113
2021-09-22,0.5604498823800993
2021-09-23,0.5608243772471867
2021-09-24,0.5608974299534726
2021-09-27,0.5591992046289347
2021-09-28,0.5589851205670732
2021-09-29,0.5589894382467665
2021-09-30,0.5600146397399008
2021-10-01,0.5597223829918547
2021-10-04,0.5595393473697623
2021-10-05,0.5593930780634798
2021-10-06,0.5592084122674763
2021-10-07,0.5598008360817962
2021-10-08,0.5587739185314005
2021-10-11,0.5577415909315351
2021-10-12,0.5561825991176026
2021-10-13,0.5552094259218092
2021-10-14,0.5535924644248208
2021-10-15,0.5531708328454351
2021-10-18,0.5512156204784842
2021-10-19,0.5500639613693659
2021-10-20,0.5498146400256252
2021-10-21,0.5499980109356146
2021-10-22,0.5502469658043152
2021-10-25,0.5481822922704801
2021-10-26,0.5483509991249805
2021-10-27,0.5474423521695604
2021-10-28,0.5469429174427801
2021-10-29,0.5469834628551983
2021-11-01,0.5460164299497557
2021-11-02,0.5453111969628455
2021-11-03,0.5441014897803864
2021-11-04,0.541726414456946
2021-11-05,0.5423659772160646
2021-11-08,0.5413758001796661
2021-11-09,0.5386633297238491
2021-11-10,0.5385761844626541
2021-11-11,0.5359050582844055
2021-11-12,0.5378865643334547
2021-11-15,0.5390399450674839
2021-11-16,0.5391709678831819
2021-11-17,0.5385978268923756
2021-11-18,0.5370957169901072
2021-11-19,0.5376879718504547
2021-11-22,0.5381227434953351
2021-11-23,0.5392032202634977
2021-11-24,0.5398126667013475
2021-11-26,0.5396010098782863
2021-11-29,0.5398218223213145
2021-11-30,0.5382385681646157
2021-12-01,0.5397583580891253
2021-12-02,0.5382785300783771
2021-12-03,0.5380763352990426
2021-12-06,0.5372515004912564
2021-12-07,0.5361103863123307
2021-12-08,0.5365445707224412
2021-12-09,0.5362252823257504
2021-12-10,0.5354545216869238
2021-12-13,0.5348048785628653
2021-12-14,0.5351124405178154
2021-12-15,0.5339366278168568
2021-12-16,0.5330975885725653
2021-12-17,0.533149261902893
2021-12-20,0.5327982436875812
2021-12-21,0.5322993278009353
2021-12-22,0.53139751469629
2021-12-23,0.5295147610370714
2021-12-27,0.5268013338942111
2021-12-28,0.5247889817757554
2021-12-29,0.5258159624790536
2021-12-30,0.5266907926597436
2021-12-31,0.5253607504801648
2022-01-03,0.5261725186050057
2022-01-04,0.5263646167184809
2022-01-05,0.5262717928353771
2022-01-06,0.5280152250674329
2022-01-07,0.5283115280706078
2022-01-10,0.5278814614921344
2022-01-11,0.5266092377440171
2022-01-12,0.525273441855997
2022-01-13,0.5236946269769667
2022-01-14,0.5230556829643392
2022-01-18,0.5222347361242267
2022-01-19,0.5217630742379964
2022-01-20,0.5230126197732063
2022-01-21,0.5396875734329973
2022-01-24,0.5445326064949829
2022-01-25,0.5477361331090608
2022-01-26,0.5483868906664372
2022-01-27,0.5482847081178633
2022-01-28,0.5466027273088275
2022-01-31,0.5471432488909985
2022-02-01,0.545744703717237
2022-02-02,0.5442376370371979
2022-02-03,0.5435019178377365
2022-02-04,0.5434859070966913
2022-02-07,0.5415078433720437
2022-02-08,0.5401144526793324
2022-02-09,0.5398823608886678
2022-02-10,0.5391798194261255
2022-02-11,0.5362309105735992
2022-02-14,0.5346737112752348
2022-02-15,0.534277659222933
2022-02-16,0.5337278847936736
2022-02-17,0.5334263252059817
2022-02-18,0.5325071474688468
2022-02-22,0.533591910409131
2022-02-23,0.5331918538258985
2022-02-24,0.532788531466634
2022-02-25,0.5320296693619163
2022-02-28,0.5310911289669249
2022-03-01,0.5301935081030157
2022-03-02,0.5300348599176816
2022-03-03,0.5287675611911623
2022-03-04,0.529139306615917
2022-03-07,0.529139306615917
2022-03-08,0.5281978205662743
2022-03-09,0.5277847743423896
2022-03-10,0.5268828933886226
2022-03-11,0.5256897720380344
2022-03-14,0.5271479491039958
2022-03-15,0.5262617087700621
2022-03-16,0.5262596629369795
2022-03-17,0.5262161067166325
2022-03-18,0.5262161067166325
2022-03-21,0.5256463028210946
2022-03-22,0.5255565680736649
2022-03-23,0.5253575255816929
2022-03-24,0.5239912903097685
2022-03-25,0.5239902992423352
2022-03-28,0.5247019502355715
2022-03-29,0.5242661519598417
2022-03-30,0.5250974330506316
2022-03-31,0.5249747608869471
2022-04-01,0.5251210293595027
2022-04-04,0.5240295698941577
2022-04-05,0.5246961695031869
2022-04-06,0.5249417630809382
2022-04-07,0.5243645143794652
2022-04-08,0.5236117652446106
2022-04-11,0.5239068167714647
2022-04-12,0.5238005594212745
2022-04-13,0.5242126240863313
2022-04-14,0.5238752508013537
2022-04-18,0.5241222559909429
2022-04-19,0.5243029068410866
2022-04-20,0.5368576203003039
2022-04-21,0.5423292301581549
2022-04-22,0.5447245093379595
2022-04-25,0.5452237262388004
2022-04-26,0.5452555811844216
2022-04-27,0.5452154536718354
2022-04-28,0.5458784509016931
2022-04-29,0.5460387471063644
2022-05-02,0.5456703243797089
2022-05-03,0.5458226807849568
2022-05-04,0.5448523828629519
2022-05-05,0.5426817842462038
2022-05-06,0.5431012514221012
2022-05-09,0.5428894780098997
2022-05-10,0.541869248400211
2022-05-11,0.5430155526535503
2022-05-12,0.5425237460663479
2022-05-13,0.5423948251125368
2022-05-16,0.5421799290817538
2022-05-17,0.5419230093768568
2022-05-18,0.541239811139813
2022-05-19,0.5413676792371805
2022-05-20,0.5405769197491072
2022-05-23,0.5407500261167147
2022-05-24,0.5404230028262164
2022-05-25,0.5391358209944922
2022-05-26,0.5387824165710767
2022-05-27,0.5392377428721103
2022-05-31,0.5396621667866536
2022-06-01,0.5398448436447851
2022-06-02,0.5393255978416351
2022-06-03,0.539920209413182
2022-06-06,0.5413365845870336
2022-06-07,0.5422186881550701
2022-06-08,0.542005737158082
2022-06-09,0.54080114372619
2022-06-10,0.5408531824037061
2022-06-13,0.5405171155830556
2022-06-14,0.5413093681583172
2022-06-15,0.540611727820169
2022-06-16,0.5407379767065559
2022-06-17,0.5402189586481217
2022-06-21,0.5385057829161979
2022-06-22,0.5376628985445929
2022-06-23,0.5371123797919648
2022-06-24,0.5368869472091332
2022-06-27,0.5369221284920765
2022-06-28,0.5358183249908179
2022-06-29,0.5350878968919887
2022-06-30,0.5347603930785296
2022-07-01,0.534103723603719
2022-07-05,0.5329278201177438
2022-07-06,0.5341659330025748
2022-07-07,0.533300027803946
2022-07-08,0.5341025098497757
2022-07-11,0.5332329428441528
2022-07-12,0.5330222223780537
2022-07-13,0.5319733253217749
2022-07-14,0.5326048458572331
2022-07-15,0.5325319534304387
2022-07-18,0.5319559190380739
2022-07-19,0.5318019315041136
2022-07-20,0.5317215290038865
2022-07-21,0.5314169967399546
2022-07-22,0.531373092147973
2022-07-25,0.5309671082725791
2022-07-26,0.5302435244186575
2022-07-27,0.5297896431716994
2022-07-28,0.5299221470244956
2022-07-29,0.5300043598219428
2022-08-01,0.5312068214582825
2022-08-02,0.5309209974712478
2022-08-03,0.5324774708686023
2022-08-04,0.5330265787967076
2022-08-05,0.5341006494588739
2022-08-08,0.534643092263762
2022-08-09,0.5357095719653409
2022-08-10,0.5350529818160088
2022-08-11,0.5348151103445219
2022-08-12,0.5345138502266035
2022-08-15,0.5355946146889904
2022-08-16,0.5360982673247808
2022-08-17,0.5354952599701279
2022-08-18,0.5360465224812508
2022-08-19,0.5356969299152203
2022-08-22,0.5344657988580293
2022-08-23,0.5349094827444603
2022-08-24,0.5349268312886071
2022-08-25,0.5358479135356152
2022-08-26,0.5352590933570711
2022-08-29,0.5344189737566409
2022-08-30,0.5331999476385852
2022-08-31,0.5328327128002489
2022-09-01,0.5333412682565032
2022-09-02,0.5332164561811544
2022-09-06,0.5336455795022572
2022-09-07,0.5332672558581177
2022-09-08,0.5333615245116536
2022-09-09,0.5337092689498909
2022-09-12,0.5330954219632652
2022-09-13,0.5320444652294621
2022-09-14,0.5323538974844418
2022-09-15,0.5320241092885719
2022-09-16,0.5316209901183621
2022-09-19,0.5321148102866408
2022-09-20,0.5316909754481378
2022-09-21,0.5317673027162476
2022-09-22,0.5312592700195363
2022-09-23,0.5304620328689048
2022-09-26,0.5314645375402131
2022-09-27,0.5314918526207438
2022-09-28,0.5307269584531609
2022-09-29,0.5298595906397223
2022-09-30,0.5299723605220639
2022-10-03,0.5300163820259235
2022-10-04,0.5304550379378395
2022-10-05,0.5325124431778495
2022-10-06,0.5333425701677867
2022-10-07,0.5325248890562034
2022-10-10,0.5314468895324239
2022-10-11,0.5316597454101407
2022-10-12,0.5319583614225638
2022-10-13,0.5314332684633744
2022-10-14,0.5318751007997172
2022-10-17,0.5317605916970387
2022-10-18,0.5313301696688952
2022-10-19,0.5317432220762573
2022-10-20,0.5318541010552963
2022-10-21,0.5316397402958288
2022-10-24,0.5315973066848823
2022-10-25,0.532442638540528
2022-10-26,0.5326381427541154
2022-10-27,0.5321744643971973
2022-10-28,0.5315094865550373
2022-10-31,0.5317324223723735
2022-11-01,0.5308536415892036
2022-11-02,0.530646055327587
2022-11-03,0.5308322927308526
2022-11-04,0.5311254522303572
2022-11-07,0.5312366796072809
2022-11-08,0.5315524280678395
2022-11-09,0.5298290078213258
2022-11-10,0.5283470896836756
2022-11-11,0.5286030323849343
2022-11-14,0.528408999730979
2022-11-15,0.5288509447950169
2022-11-16,0.5291111462832054
2022-11-17,0.5293531045981984
2022-11-18,0.5294901399310256
2022-11-21,0.5293893760850152
2022-11-22,0.528627885978432
2022-11-23,0.5293417466696432
2022-11-25,0.5303697617147719
2022-11-28,0.5305831630745967
2022-11-29,0.5303939744203295
2022-11-30,0.5303109246935142
2022-12-01,0.530159948369117
2022-12-02,0.5303664699063501
2022-12-05,0.5304550379378395
2022-12-06,0.5312381248437782
2022-12-07,0.5315092792328996
2022-12-08,0.5313330621325015
2022-12-09,0.5312245078973094
2022-12-12,0.5316259094404848
2022-12-13,0.5313457346993488
2022-12-14,0.5323175104627925
2022-12-15,0.531728801716723
2022-12-16,0.5310895059144756
2022-12-19,0.5312149495292946
2022-12-20,0.5310581629775775
2022-12-21,0.531219711110834
2022-12-22,0.5314758932331306
2022-12-23,0.5320851944616717
2022-12-27,0.5310134945489767
2022-12-28,0.5316762245138774
2022-12-29,0.5319103328663616
2022-12-30,0.5317633249834626
2023-01-03,0.5324032847672767
2023-01-04,0.532379842410896
2023-01-05,0.5321117453973603
2023-01-06,0.5311432533788503
2023-01-09,0.5312727571163759
2023-01-10,0.5309291714194918
2023-01-11,0.5314918526207438
2023-01-12,0.531304035010978
2023-01-13,0.5315721122053935
2023-01-17,0.5311387996425746
2023-01-18,0.5308044449009182
2023-01-19,0.5299345342257573
2023-01-20,0.5305348799571716
2023-01-23,0.5310371737792122
2023-01-24,0.5308956838627443
2023-01-25,0.5308159672005919
2023-01-26,0.5319681694804492
2023-01-27,0.5317952623279999
2023-01-30,0.5319681694804492
2023-01-31,0.5319714201579105
2023-02-01,0.53225440391189
2023-02-02,0.5319714201579105
2023-02-03,0.5324269368150224
2023-02-06,0.5329755339442765
2023-02-07,0.5329755339442765
2023-02-08,0.5339008917892734
2023-02-09,0.5333094136277277
2023-02-10,0.5325016536612637
2023-02-13,0.5328878073144203
2023-02-14,0.532918845726952
2023-02-15,0.5337933482956421
2023-02-16,0.5330481706302588
2023-02-17,0.5325635190529958
2023-02-21,0.532375358072066
2023-02-22,0.5323189522365472
2023-02-23,0.5319769206287336
2023-02-24,0.5329827365599006
2023-02-27,0.5327967899258692
2023-02-28,0.5327284154420455
2023-03-01,0.5308826217184116
2023-03-02,0.5310148065221044
2023-03-03,0.5304473000016491
2023-03-06,0.5303291466032306
2023-03-07,0.529706494001963
2023-03-08,0.5297808032243834
2023-03-09,0.5284918749769374
2023-03-10,0.5288166951827188
2023-03-13,0.5290689365882353
2023-03-14,0.5288549398507397
2023-03-15,0.5283198501227359
2023-03-16,0.5282588335882149
2023-03-17,0.5276209158565882
2023-03-20,0.5273886598178043
2023-03-21,0.5287633299894531
2023-03-22,0.5277399341620261
2023-03-23,0.5261153157393283
2023-03-24,0.5274081119070418
2023-03-27,0.5279630715403795
2023-03-28,0.5275505789389343
2023-03-29,0.52721623185264
2023-03-30,0.5262530743212177
2023-03-31,0.5272566232490469
2023-04-03,0.5280189916276766
2023-04-04,0.5278356315961021
2023-04-05,0.5284866975809567
2023-04-06,0.5269826406341087
2023-04-10,0.5275419864899947
2023-04-11,0.5263197695125889
2023-04-12,0.5263903949483764
2023-04-13,0.5254704814155394
2023-04-14,0.5250793155663404
2023-04-17,0.524421284403331
2023-04-18,0.5239970220531167
2023-04-19,0.5226828349375242
2023-04-20,0.5223699322266936
2023-04-21,0.522582003474268
2023-04-24,0.5230698550409555
2023-04-25,0.5233901289774997
2023-04-26,0.5242452367111108
2023-04-27,0.5236554192771985
2023-04-28,0.5249015953378662
2023-05-01,0.5248761814504631
2023-05-02,0.5251402616668097
2023-05-03,0.5252919036516824
2023-05-04,0.5257691459850687
2023-05-05,0.5254740998894859
2023-05-08,0.5247499452303054
2023-05-09,0.5261674163628447
2023-05-10,0.5273385545038941
2023-05-11,0.5270538704185498
2023-05-12,0.5266467406939804
2023-05-15,0.527532410931144
2023-05-16,0.5282442622165678
2023-05-17,0.5285867204461276
2023-05-18,0.5283062051152798
2023-05-19,0.5295114069044317
2023-05-22,0.529565995744368
2023-05-23,0.5287591401655753
2023-05-24,0.5280734751055963
2023-05-25,0.5282859981460877
2023-05-26,0.5273685393087041
2023-05-30,0.5272569342258234
2023-05-31,0.5267694431399431
2023-06-01,0.5262892851175501
2023-06-02,0.5269817646223727
2023-06-05,0.5270124508774552
2023-06-06,0.5269615367280984
2023-06-07,0.5287549199342217
2023-06-08,0.5293235849154068
2023-06-09,0.5292620268238828
2023-06-12,0.529897519377473
2023-06-13,0.529774447842954
2023-06-14,0.529977535415059
2023-06-15,0.5297558764564383
2023-06-16,0.529397110562688
2023-06-20,0.5285574947637744
2023-06-21,0.5286924486165933
2023-06-22,0.5290670369830613
2023-06-23,0.5283640292455517
2023-06-26,0.5277295382337367
2023-06-27,0.5280887155094348
2023-06-28,0.5279653061811502
2023-06-29,0.5282011374588084
2023-06-30,0.5279019022671456
2023-07-03,0.5282295428741856
2023-07-05,0.5283108411938652
2023-07-06,0.5276063648350089
2023-07-07,0.5276158861894751
2023-07-10,0.5289744131445847
2023-07-11,0.5294399223767885
2023-07-12,0.5304708676637001
2023-07-13,0.5288740913381612
2023-07-14,0.5286934400004931
2023-07-17,0.5281041834480126
2023-07-18,0.5268190927899218
2023-07-19,0.527391080576015
2023-07-20,0.5267472753869269
2023-07-21,0.5280249822526207
2023-07-24,0.5290127791886049
2023-07-25,0.5291052939678459
2023-07-26,0.5291052939678459
2023-07-27,0.5279634282934713
2023-07-28,0.5275246134393107
2023-07-31,0.5278745033824205
2023-08-01,0.527730901397779
2023-08-02,0.5277215067174335
2023-08-03,0.5280510204904764
2023-08-04,0.5285411249081983
2023-08-07,0.5274833033480643
2023-08-08,0.5277496098042972
2023-08-09,0.5275544275677164
2023-08-10,0.5280448217582856
2023-08-11,0.5276560770802402
2023-08-14,0.5266031198285884
2023-08-15,0.5273608973879405
2023-08-16,0.526522304915866
2023-08-17,0.5270025520519078
2023-08-18,0.5267778633607505
2023-08-21,0.5270942847340729
2023-08-22,0.526837838595708
2023-08-23,0.5263565313063812
2023-08-24,0.5262934201062044
2023-08-25,0.5259201382008024
2023-08-28,0.5265787450556115
2023-08-29,0.5248990531931035
2023-08-30,0.5231038653279394
2023-08-31,0.5232861071420722
2023-09-01,0.523754760870498
2023-09-05,0.5243378473589673
2023-09-06,0.524360414505551
2023-09-07,0.5253429675834907
2023-09-08,0.5257604062392925
2023-09-11,0.5263692700579573
2023-09-12,0.5252681769357092
2023-09-13,0.5249594270644427
2023-09-14,0.5249113240899446
2023-09-15,0.5254558464906949
2023-09-18,0.5255787929365943
2023-09-19,0.5246038536432631
2023-09-20,0.5242213088268487
2023-09-21,0.5241680094599157
2023-09-22,0.5241146510412246
2023-09-25,0.5244219257681656
2023-09-26,0.5245898608365949
2023-09-27,0.5256186897155288
2023-09-28,0.5262184763089813
2023-09-29,0.5263241314458027
2023-10-02,0.5273713510204253
2023-10-03,0.5270326095447958
2023-10-04,0.5284596185138233
2023-10-05,0.5280755911466095
2023-10-06,0.5274420665790766
2023-10-09,0.5275650000795947
2023-10-10,0.5279435264023572
2023-10-11,0.5266851733297623
2023-10-12,0.5266228246004824
2023-10-13,0.5260668693498416
2023-10-16,0.5262608226241615
2023-10-17,0.5258278904176159
2023-10-18,0.5250570444177536
2023-10-19,0.5259985517795343
2023-10-20,0.5263678515884437
2023-10-23,0.5247647410958175
2023-10-24,0.524118731186216
2023-10-25,0.5231056138862912
2023-10-26,0.5230030604069201
2023-10-27,0.5233623597180898
2023-10-30,0.5230768229369317
2023-10-31,0.5230985558213543
2023-11-01,0.5219764919649003
2023-11-02,0.5237011540778126
2023-11-03,0.52311135186073
2023-11-06,0.5227921746715521
2023-11-07,0.5237012015788886
2023-11-08,0.5233048033907274
2023-11-09,0.5241983664201358
2023-11-10,0.5236237255360155
2023-11-13,0.5222534191368319
2023-11-14,0.5224421509056137
2023-11-15,0.522055841089353
2023-11-16,0.5215528954061004
2023-11-17,0.5210722007698672
2023-11-20,0.5207817183545822
2023-11-21,0.5206388856793843
2023-11-22,0.5201421341205058
2023-11-24,0.5193099339638461
2023-11-27,0.5197664187013697
2023-11-28,0.5191914426300149
2023-11-29,0.5189235460369894
2023-11-30,0.5200030843914979
2023-12-01,0.5204087168516606
2023-12-04,0.5210892937902467
2023-12-05,0.5211932971042205
2023-12-06,0.5217128076883607
2023-12-07,0.5218868107879013
2023-12-08,0.5227384786060051
2023-12-11,0.5224132314845706
2023-12-12,0.5225548889084868
2023-12-13,0.5222247529865234
2023-12-14,0.5219041818773674
2023-12-15,0.5213786158473656
2023-12-18,0.5210447453937036
2023-12-19,0.5202908367014287
2023-12-20,0.5216446325483305
2023-12-21,0.5213154460044932
2023-12-22,0.519863530115782
2023-12-26,0.5210905418429682
2023-12-27,0.5209607154183429
2023-12-28,0.5213464629476201
2023-12-29,0.5219865315941247
2024-01-02,0.519863530115782
2024-01-03,0.5193094280673508
2024-01-04,0.5181418141614021
2024-01-05,0.5191270773907459
2024-01-08,0.5189785380733531
2024-01-09,0.5189436671889656
2024-01-10,0.5205486280086521
2024-01-11,0.5201411982279472
2024-01-12,0.5204399305942669
2024-01-16,0.5207748276229445
2024-01-17,0.5212652066593381
2024-01-18,0.5215883916034129
2024-01-19,0.5212770172667983
2024-01-22,0.5203833143311821
2024-01-23,0.5190894307242626
2024-01-24,0.5184085463041678
2024-01-25,0.5219068830566942
2024-01-26,0.5225348068025191
2024-01-29,0.5234040071423076
2024-01-30,0.5230447039080949
2024-01-31,0.5227446339831364
2024-02-01,0.5244810622604711
2024-02-02,0.5243339295742326
2024-02-05,0.5245595451460265
2024-02-06,0.5231840523671594
2024-02-07,0.5240589796222216
2024-02-08,0.5253944153450796
2024-02-09,0.5262224467858962
2024-02-12,0.5259347658657274
2024-02-13,0.5263180157987654
2024-02-14,0.5253134560497197
2024-02-15,0.5260386707583892
2024-02-16,0.5262797377453132
2024-02-20,0.5252533755635486
2024-02-21,0.5260786362451533
2024-02-22,0.5257509970989526
2024-02-23,0.5255856012015456
2024-02-26,0.5246427182682377
2024-02-27,0.524421284403331
2024-02-28,0.5239666120243592
2024-02-29,0.5244398737818725
2024-03-01,0.5235027566912649
2024-03-04,0.5237161517033148
2024-03-05,0.5233116713089478
2024-03-06,0.5233263752026476
2024-03-07,0.5232946666328777
2024-03-08,0.5223712904377354
2024-03-11,0.5240999306510397
2024-03-12,0.5214869906590603
2024-03-13,0.5228853399766554
2024-03-14,0.522993843617841
2024-03-15,0.5223142656901215
2024-03-18,0.5225211017936863
2024-03-19,0.522381899096687
2024-03-20,0.5230193674523816
2024-03-21,0.5225448488953907
2024-03-22,0.5222533023755009
2024-03-25,0.5233400832420085
2024-03-26,0.5232640498400329
2024-03-27,0.5227681979627705
2024-03-28,0.5226531815484453
2024-04-01,0.5228807169465681
2024-04-02,0.5237010132993823
2024-04-03,0.5223142656901215
2024-04-04,0.5226944211366039
2024-04-05,0.5225311337675169
2024-04-08,0.5225208225008525
2024-04-09,0.5225412585420657
2024-04-10,0.5223766826693034
2024-04-11,0.5224142562570052
2024-04-12,0.5227851202720643
2024-04-15,0.5225617916921522
2024-04-16,0.5226475115984734
2024-04-17,0.5228495877493872
2024-04-18,0.523786097739238
2024-04-19,0.524189124721562
2024-04-22,0.5265393066995716
2024-04-23,0.5271250874761839
2024-04-24,0.5271868965153492
2024-04-25,0.5272487338067428
2024-04-26,0.5274344154034616
2024-04-29,0.5285050024257121
2024-04-30,0.5282233542474126
2024-05-01,0.5277000290944359
2024-05-02,0.5278436211225537
2024-05-03,0.5278819642493059
2024-05-06,0.5267656137554039
2024-05-07,0.5276667166589719
2024-05-08,0.5269094343579533
2024-05-09,0.5276406368510904
2024-05-10,0.5283327609827335
2024-05-13,0.5286718719005147
2024-05-14,0.5288858951824457
2024-05-15,0.5275680042931766
2024-05-16,0.5283498284693006
2024-05-17,0.527667937535108
2024-05-20,0.5282885796272097
2024-05-21,0.5295767659079583
2024-05-22,0.529674818961537
2024-05-23,0.5297366089072657
2024-05-24,0.5302629573571777
2024-05-28,0.5309565921397673
2024-05-29,0.5302124864688631
2024-05-30,0.529613057028196
2024-05-31,0.5287700245250322
2024-06-03,0.5301397195804788
2024-06-04,0.5304492133414215
2024-06-05,0.5297856642038019
2024-06-06,0.528668412326261
2024-06-07,0.5287261304117616
2024-06-10,0.5297214778047314
2024-06-11,0.5291779454648641
2024-06-12,0.5296408691390603
2024-06-13,0.5298410677185258
2024-06-14,0.5291998421395347
2024-06-17,0.5280908764003074
2024-06-18,0.5287694802863532
2024-06-20,0.5286879448046631
2024-06-21,0.5286292693968724
2024-06-24,0.5274028095715627
2024-06-25,0.5284883747203417
2024-06-26,0.5285703592908912
2024-06-27,0.5288586821810587
2024-06-28,0.5289909720487456
2024-07-01,0.5293290178487586
2024-07-02,0.5302272918380099
2024-07-03,0.5310048531132648
2024-07-05,0.5306486966598097
2024-07-08,0.5304199665701816
2024-07-09,0.531317568959581
2024-07-10,0.5304437608732843
2024-07-11,0.5301330362433176
2024-07-12,0.529946940599065
2024-07-15,0.5303760029466281
2024-07-16,0.530812629147789
2024-07-17,0.5308257860033347
2024-07-18,0.5305059907702452
2024-07-19,0.5300028602388751
2024-07-22,0.5297482117514419
2024-07-23,0.5299656655432571
2024-07-24,0.5297856642038019
2024-07-25,0.531361347220114
2024-07-26,0.531454922502444
2024-07-29,0.531410161126266
2024-07-30,0.5303560535796301
2024-07-31,0.532031795230166
2024-08-01,0.532522414210239
2024-08-02,0.5317882363980054
2024-08-05,0.5313695993006989
2024-08-06,0.5316148011258868
2024-08-07,0.5313748793107352
2024-08-08,0.5307962968021371
2024-08-09,0.5310988193305951
2024-08-12,0.530684946602906
2024-08-13,0.5309255066903548
2024-08-14,0.5310366359039624
2024-08-15,0.5306900464422695
2024-08-16,0.5309123538167259
2024-08-19,0.5319370341368157
2024-08-20,0.5328820009057358
2024-08-21,0.5329755339442765
2024-08-22,0.5333978266053544
2024-08-23,0.5332103837647669
2024-08-26,0.5332238089026176
2024-08-27,0.5326115173066506
2024-08-28,0.5322033708792159
2024-08-29,0.5322033708792159
2024-08-30,0.5327385997194385
2024-09-03,0.5322713702440558
2024-09-04,0.5320177206377101
2024-09-05,0.531268471780958
2024-09-06,0.5297041260832194
2024-09-09,0.5311118062518259
2024-09-10,0.5310803663529314
2024-09-11,0.5296096518538116
2024-09-12,0.529728741939328
2024-09-13,0.5291806700559888
2024-09-16,0.5294484802498455
2024-09-17,0.5294363933021309
2024-09-18,0.5292189888076109
2024-09-19,0.5280220678256009
2024-09-20,0.5262570110140148
2024-09-23,0.5243911666131141
2024-09-24,0.5246513846541896
2024-09-25,0.5259980487165958
2024-09-26,0.5254665490768844
2024-09-27,0.525633712710447
2024-09-30,0.527705265864738
2024-10-01,0.527135448285221
2024-10-02,0.5270219976138362
2024-10-03,0.5268158011573477
2024-10-04,0.5255082523232454
2024-10-07,0.5249957950584336
2024-10-08,0.5245564818945888
2024-10-09,0.5245954905020697
2024-10-10,0.5243890423671311
2024-10-11,0.5248941111316258
2024-10-14,0.5248104709854267
2024-10-15,0.5249642393265794
2024-10-16,0.5245898608365949
2024-10-17,0.5262744906799308
2024-10-18,0.5276063648350089
2024-10-21,0.5281679412156995
2024-10-22,0.5285040256487319
2024-10-23,0.5293692423442383
2024-10-24,0.529493295218366
2024-10-25,0.5295553640652646
2024-10-28,0.5285379712870873
2024-10-29,0.5285235262528761
2024-10-30,0.5283808717689825
2024-10-31,0.528280040987153
2024-11-01,0.5282381585124764
2024-11-04,0.5283108411938652
2024-11-05,0.5272372450064081
2024-11-06,0.5275210183417881
2024-11-07,0.5287477354296645
2024-11-08,0.5286559321685769
2024-11-11,0.5288089720804704
2024-11-12,0.5291985408592454
2024-11-13,0.5296404192714663
2024-11-14,0.5295247949716814
2024-11-15,0.529114108182183
2024-11-18,0.5290878966528182
2024-11-19,0.5306254668728084
2024-11-20,0.5324025909906324
2024-11-21,0.5343987560676186
2024-11-22,0.5343678891232843
2024-11-25,0.5337807749524106
2024-11-26,0.5340897452201057
2024-11-27,0.5344611196551087
2024-11-29,0.5341672594264185
2024-12-02,0.5343680627576742
2024-12-03,0.5339356087017184
2024-12-04,0.5336723961629436
2024-12-05,0.5346150181168307
2024-12-06,0.5344599050980146
2024-12-09,0.5352806453346942
2024-12-10,0.5351739897045605
2024-12-11,0.5345070292970614
2024-12-12,0.5347870850781464
2024-12-13,0.5346318403528834
2024-12-16,0.5334852235368661
2024-12-17,0.5320278449998348
2024-12-18,0.5318874701538076
2024-12-19,0.5316836656521794
2024-12-20,0.532817335582712
2024-12-23,0.5338875789145033
2024-12-24,0.5337198025515704
2024-12-26,0.5330856737966405
2024-12-27,0.5336858597899122
2024-12-30,0.5347415460892412
2024-12-31,0.5347401434167058
2025-01-02,0.5342289751844023
2025-01-03,0.5341979501233901
2025-01-06,0.5331867160466007
2025-01-07,0.5319981963577352
2025-01-08,0.5323444201263684
2025-01-10,0.533732687758624
2025-01-13,0.533654891044233
2025-01-14,0.5338880827315539
2025-01-15,0.5332177113696581
2025-01-16,0.532479938742465
2025-01-17,0.5319501569895273
2025-01-21,0.5333094136277277
2025-01-22,0.5370145629806711
2025-01-23,0.5424762131526302
2025-01-24,0.5444733669725883
2025-01-27,0.5455341741726254
2025-01-28,0.5453973785159917
2025-01-29,0.5450320747118296
2025-01-30,0.5457845827149048
2025-01-31,0.5473573247258032
2025-02-03,0.5482700889538457
2025-02-04,0.5479096977646242
2025-02-05,0.5479648873839252
2025-02-06,0.5479040438985184
2025-02-07,0.5486549430355139
2025-02-10,0.5486855597703015
2025-02-11,0.5483984205526325
2025-02-12,0.5483865682095109
2025-02-13,0.5488137588084744
2025-02-14,0.5486970307001678
2025-02-18,0.5486069655035997
2025-02-19,0.5494521539849367
2025-02-20,0.5481295402948893
2025-02-21,0.54951540247122
2025-02-24,0.5500109312477841
2025-02-25,0.5512042901955159
2025-02-26,0.5514724446462038
2025-02-27,0.5520872071359757
2025-02-28,0.5522030442871059
2025-03-03,0.5529749605094141
2025-03-04,0.5536872585288498
2025-03-05,0.552354162366459
2025-03-06,0.5532392865189454
2025-03-07,0.5547561484341279
2025-03-10,0.558290579143557
2025-03-11,0.5584407078054736
2025-03-12,0.5592500926977481
2025-03-13,0.5585325662315292
2025-03-14,0.5598331109245991
2025-03-17,0.5613287548930822
2025-03-18,0.5567282309366067
2025-03-19,0.5546470445760067
2025-03-20,0.55467760940607
2025-03-21,0.5553209540214463
2025-03-24,0.5552408642568765
2025-03-25,0.5543655626005932
2025-03-26,0.5543327557467975
2025-03-27,0.5544529024358836
2025-03-28,0.5543662579325654
2025-03-31,0.5557502751558094
2025-04-01,0.554872986441785
2025-04-02,0.554305666715134
2025-04-03,0.5546716276336181
2025-04-04,0.5593200913988116
2025-04-07,0.5600730492646594
2025-04-08,0.5598624901929627
2025-04-09,0.561139420708511
2025-04-10,0.5613231714188214
2025-04-11,0.5617182720792295
2025-04-14,0.5624555041329172
2025-04-15,0.562884928962551
2025-04-16,0.5640521905159257
2025-04-17,0.564313627346773
2025-04-21,0.5642218567501985
2025-04-22,0.5660930702315139
2025-04-23,0.5672180138430306
2025-04-24,0.5691328104261204
2025-04-25,0.5725290332749913
2025-04-28,0.5735646568458939
2025-04-29,0.5736297649490022
2025-04-30,0.5736252705493559
2025-05-01,0.5736555863945059
2025-05-02,0.5734132274215065
2025-05-05,0.5745251305599829
2025-05-06,0.5747296828358341
2025-05-07,0.5735949607004543
2025-05-08,0.5730175772124714
2025-05-09,0.5729072071954976
2025-05-12,0.5725698387192383
2025-05-13,0.572457156249825
2025-05-14,0.5722406791214393
2025-05-15,0.5730806088500737
2025-05-16,0.5740869040852328
2025-05-19,0.5742113083795043
2025-05-20,0.5742414860169218
2025-05-21,0.5736387117406576
2025-05-22,0.5742077417496222
2025-05-23,0.5756471452738794
2025-05-27,0.5747004735076869
2025-05-28,0.5747608381507348
2025-05-29,0.5744348927708448
2025-05-30,0.5744226765358285
2025-06-02,0.5740440959775377
2025-06-03,0.573910505137317
2025-06-04,0.5734361029604748
2025-06-05,0.572853007649461
2025-06-06,0.5738720837737282
2025-06-09,0.5739718440069426
2025-06-10,0.5745071438033301
2025-06-11,0.5750072102610231
2025-06-12,0.5749224469271557
2025-06-13,0.5762140496806287
2025-06-16,0.575632028792121
2025-06-17,0.5744270708175174
2025-06-18,0.5741086785404484
2025-06-20,0.573642160066076
2025-06-23,0.5725977515199111
2025-06-24,0.5733328789702233
2025-06-25,0.5724332921229197
2025-06-26,0.5723037600078813
2025-06-27,0.5725531526259232
2025-06-30,0.5743601838795416
2025-07-01,0.5753953049574092
2025-07-02,0.5754049361244594
2025-07-03,0.576090400519472
2025-07-07,0.5767171012905817
2025-07-08,0.5767171012905817
2025-07-09,0.5766144848819938
2025-07-10,0.5766451040670961
2025-07-11,0.5758651310583242
2025-07-14,0.5746262824528422
2025-07-15,0.573693968047047
2025-07-16,0.5756519630696864
2025-07-17,0.5738777797854008
2025-07-18,0.5732635493277989
2025-07-21,0.5731754865003511
2025-07-22,0.5733428193454297
2025-07-23,0.5746955788319437
2025-07-24,0.573455746863663
2025-07-25,0.5718112048379291
2025-07-28,0.5708295663689786
2025-07-29,0.5707953643386947
2025-07-30,0.5710481921780475
2025-07-31,0.5708653247770157
2025-08-01,0.5699936329095318
2025-08-04,0.5692531504823566
2025-08-05,0.5682622847604331
2025-08-06,0.5676767061125806
2025-08-07,0.5683129456797266
2025-08-08,0.568677787762563
2025-08-11,0.5684702767355884
2025-08-12,0.568812719667537
2025-08-13,0.5690037894016778
2025-08-14,0.5682922271638834
2025-08-15,0.5683584966692402
2025-08-18,0.5697934929001697
2025-08-19,0.5695954555481638
2025-08-20,0.5700498082391833
2025-08-21,0.5700810332772761
2025-08-22,0.5701122647373459
2025-08-25,0.5697893001056389
2025-08-26,0.5697225235578586
2025-08-27,0.5685801531128271
2025-08-28,0.5692757281317533
2025-08-29,0.568322883012555
2025-09-02,0.5679257055206293
2025-09-03,0.5676720649948582
2025-09-04,0.5676240372427162
2025-09-05,0.5673655082173259
2025-09-08,0.5671253804806914
2025-09-09,0.5672091901524283
2025-09-10,0.5668787601744487
2025-09-11,0.566643611909319
2025-09-12,0.5675099312172227
2025-09-15,0.5686030268827008
2025-09-16,0.5685776594835932
2025-09-17,0.5678831199572102
2025-09-18,0.5675022016710537
2025-09-19,0.566952112246476
2025-09-22,0.5665147241100649
2025-09-23,0.5657325515028192
2025-09-24,0.5654348852889299
2025-09-25,0.5648135960678308
2025-09-26,0.5650003663553753
2025-09-29,0.5658604482505901
2025-09-30,0.5654325678854023
2025-10-01,0.5645648865688389
2025-10-02,0.5648056286932056
2025-10-03,0.5649440970763057
2025-10-06,0.5654194635834872
2025-10-07,0.5648774089654276
2025-10-08,0.56659343000029
2025-10-09,0.5661273248059461
2025-10-10,0.5666573870428441
2025-10-13,0.5667845417530631
2025-10-14,0.5678160469886451
2025-10-15,0.5667897583172173
2025-10-16,0.5662763254995973
2025-10-17,0.566167581375692
2025-10-20,0.5666291222996216
2025-10-21,0.5662171353952505
2025-10-22,0.5716178480487965
2025-10-23,0.5738882296553541
2025-10-24,0.5766596908540349
2025-10-27,0.5781216405133027
2025-10-28,0.578196603074436
2025-10-29,0.5778611197307014
2025-10-30,0.5767116840454896
2025-10-31,0.57695140177312
2025-11-03,0.5755782518383611
2025-11-04,0.5753353729799477
2025-11-05,0.5761854134232002
2025-11-06,0.576354037391026
2025-11-07,0.5754115771760585
2025-11-10,0.57481750637206
2025-11-11,0.5754034891208766
2025-11-12,0.57589430988718
2025-11-13,0.5764071714699295
2025-11-14,0.5763337144236271
2025-11-17,0.5771509897724201
2025-11-18,0.5767010575265735
2025-11-19,0.5777321425154829
2025-11-20,0.5811486419210788
2025-11-21,0.5840167466593494
2025-11-24,0.5845615154562377
2025-11-25,0.5852091497353987
2025-11-26,0.584720161501559
2025-11-28,0.5849454879358746
2025-12-01,0.5855496079345914
2025-12-02,0.5857093688957169
2025-12-03,0.5853903378441999
2025-12-04,0.5878956513097917
2025-12-05,0.5886812440240914
2025-12-08,0.591312569225661
2025-12-09,0.5905360991414172
2025-12-10,0.5915156231296745
2025-12-11,0.5919724626542533
2025-12-12,0.5914948811613571
2025-12-15,0.5921414809488468
2025-12-16,0.591975395050333
2025-12-17,0.5926131544009814
2025-12-18,0.5919591723489187
2025-12-19,0.5920309548543092
2025-12-22,0.5911615617815367
2025-12-23,0.591488708207726
2025-12-24,0.5921795714094501
2025-12-26,0.59174153686555
2025-12-29,0.5925521330700976
2025-12-30,0.5931007158627923
2025-12-31,0.5954961953158321
2026-01-02,0.5931059830153073
2026-01-05,0.593232570455729
2026-01-06,0.5934860443699395
2026-01-07,0.5932959015315105
2026-01-08,0.594153316994279
2026-01-09,0.5938034487505167
2026-01-12,0.5942578735318135
2026-01-13,0.5937962995019226
2026-01-14,0.5934984762061978
2026-01-15,0.5936253111342513
2026-01-16,0.5924029931418062
2026-01-20,0.5944160233574508
2026-01-21,0.5942336793109944
2026-01-22,0.5940234621861136
2026-01-23,0.5942654772994957
2026-01-26,0.594038215443177
2026-01-27,0.5956896616686036
2026-01-28,0.595376457873345
2026-01-29,0.5945524315777758
2026-01-30,0.5937872028421057
2026-02-02,0.5929921332683984
2026-02-03,0.592531698876884
2026-02-04,0.592954307238342
2026-02-05,0.5935535862248279
2026-02-06,0.5934903990758224
2026-02-09,0.5941625951502164
2026-02-10,0.5940161074742789
2026-02-11,0.5931121168047524
2026-02-12,0.5941614803122367
2026-02-13,0.5939164714721017
2026-02-17,0.593602945553838
2026-02-18,0.5939381704818465
2026-02-19,0.5942744187321856
2026-02-20,0.5934520410021922
2026-02-23,0.5930802859285946
2026-02-24,0.5924115274779641
2026-02-25,0.5916309661894349
2026-02-26,0.5909868892488429
2026-02-27,0.599397955740338
2026-03-02,0.6057670491961025
2026-03-03,0.6089647132562607
2026-03-04,0.6102108457217527
2026-03-05,0.6103031529729681
2026-03-06,0.6096503075486588
2026-03-09,0.6091543904310717
2026-03-10,0.6078283954767401
2026-03-11,0.6081980225978131
2026-03-12,0.6093896202416106
2026-03-13,0.6096050374597518
2026-03-16,0.6096424952211433
2026-03-17,0.6103947622100407
2026-03-18,0.6113014125950291
2026-03-19,0.6111151432569765
2026-03-20,0.6110537450001934
2026-03-23,0.6048135957734193
2026-03-24,0.6006465530120362
2026-03-25,0.5982408876549307
2026-03-26,0.5974635708961651
2026-03-27,0.598405550149543
2026-03-30,0.5983926766818791
2026-03-31,0.5972650469112066
2026-04-01,0.5956644303302666
2026-04-02,0.5956692738304271
2026-04-06,0.5961728738148315
2026-04-07,0.5963298135863764
2026-04-08,0.5961397532534727
2026-04-09,0.5957632604658218
2026-04-10,0.5973063466089358
2026-04-13,0.5973168926560617
2026-04-14,0.5976107243156874
2026-04-15,0.5971496607952749
2026-04-16,0.5977155608168486
2026-04-17,0.6007635026467432
2026-04-20,0.6051208939954789
2026-04-21,0.6081590355608897
2026-04-22,0.610012301551227
2026-04-23,0.6100435064519554
2026-04-24,0.6102702202281696
2026-04-27,0.6105836896188543
2026-04-28,0.610292285168569
2026-04-29,0.6110278613721452
2026-04-30,0.6097317186083729
2026-05-01,0.6086905139443759
2026-05-04,0.6087890151907135
2026-05-05,0.6100019861613531
2026-05-06,0.6100641027220627
2026-05-07,0.6112841900601664
2026-05-08,0.6110212584416783
2026-05-11,0.6111363834705846
2026-05-12,0.6107981249958887
2026-05-13,0.6110795253069793
2026-05-14,0.6115631553212398
2026-05-15,0.6126130047941064
2026-05-18,0.6109026209152633
2026-05-19,0.6111024188988383
2026-05-20,0.6107705479431794
2026-05-21,0.6100811266243922
2026-05-22,0.6088718721278731
2026-05-26,0.6098708355143779
2026-05-27,0.6101449963086208
2026-05-28,0.6094742253825957
2026-05-29,0.6095794203493771
2026-06-01,0.6107676178564374
2026-06-02,0.6106016973445608
2026-06-03,0.6112276149874581
2026-06-04,0.6113844254652816
2026-06-05,0.6117888188549667
2026-06-08,0.6111894247608233
2026-06-09,0.6105836896188543
2026-06-10,0.6103863583418796
2026-06-11,0.6097025814498329
2026-06-12,0.6084408117521198
2026-06-15,0.6086169344445015
2026-06-16,0.6092255051431359
2026-06-17,0.6096811128962198
2026-06-18,0.6035076498038136
2026-06-22,0.5991047647706521
2026-06-23,0.5987799734988752
2026-06-24,0.5984155626425858
2026-06-25,0.598842942181283
2026-06-26,0.5984155626425858
2026-06-29,0.5988076483989059
2026-06-30,0.598365412514703
2026-07-01,0.5982745868531998
2026-07-02,0.5999315339446895
2026-07-06,0.5999634163994434
2026-07-07,0.6003372377095458
2026-07-08,0.6003876864915189
2026-07-09,0.6005658388880889
2026-07-10,0.5990632725436952
2026-07-13,0.5993808342908383
2026-07-14,0.5995685661895753
2026-07-15,0.5993836724461011
2026-07-16,0.6005978001234709
2026-07-17,0.5994011715635447
2026-07-20,0.6039867085589187
2026-07-21,0.6036051855577059
2026-07-22,0.6027965165643265
2026-07-23,0.6019178415616415
2026-07-24,0.6013579262373104
2026-07-27,0.6019846192025141
2026-07-28,0.6024946157597209
2026-07-29,0.6023246006107654
2026-07-30,0.6028585203636138
2026-07-31,0.602728150926346
2026-08-03,0.6023614432005562
2026-08-04,0.6001624049369386
2026-08-05,0.5989878835286986
2026-08-06,0.5999048988751867
2026-08-07,0.6016586934221151
2026-08-10,0.6012558437712748
2026-08-11,0.6006488263359836
2026-08-12,0.6008020976055772
2026-08-13,0.5989709944261267
2026-08-14,0.5990202040119157
2026-08-17,0.5976486600558906
2026-08-18,0.5977253029798086
2026-08-19,0.5970456521488424
2026-08-20,0.5970770971392856
2026-08-21,0.597044190895064
2026-08-24,0.5971522112619181
2026-08-25,0.5961473654099253
2026-08-26,0.5956766100253132
2026-08-27,0.5955651893297276
2026-08-28,0.5952911875640347
2026-08-31,0.5950490134136062
2026-09-01,0.5957550681419614
2026-09-02,0.5938728235912398
2026-09-03,0.5938875059196795
2026-09-04,0.5944223143071631
2026-09-08,0.5943701074531257
2026-09-09,0.5936832594254603
2026-09-10,0.5955444722481743
2026-09-11,0.5958363272593334
2026-09-14,0.5971193194130592
2026-09-15,0.5972386658294986
2026-09-16,0.5966936400598292
2026-09-17,0.5967812181925847
2026-09-18,0.5976728556538327
2026-09-21,0.5984222073286988
2026-09-22,0.5988496749652247
2026-09-23,0.5983597328926966
2026-09-24,0.5980237920290566
2026-09-25,0.597226830750456
2026-09-28,0.5970190457918313
2026-09-29,0.5967984104763752
2026-09-30,0.5964990435431752
