date,value
1996-02-20,0.4265627526997418
1996-02-21,0.4260691508226539
1996-02-22,0.4285853773367495
1996-02-23,0.4297590723371772
1996-02-26,0.4303409156885518
1996-02-27,0.4303826064585556
1996-02-28,0.4295828750224922
1996-02-29,0.4296249125477702
1996-03-01,0.4297482874741275
1996-03-04,0.4293676459318923
1996-03-05,0.4293676459318923
1996-03-06,0.4290920534181202
1996-03-07,0.4286965300283625
1996-03-08,0.4314550556699532
1996-03-11,0.4316919217410377
1996-03-12,0.4320926327415387
1996-03-13,0.43245356347152
1996-03-14,0.4326520379948242
1996-03-15,0.4334154612545481
1996-03-18,0.4325834987885361
1996-03-19,0.4335396768207987
1996-03-20,0.4333795630321588
1996-03-21,0.4327414374649282
1996-03-22,0.4320231067443563
1996-03-25,0.4318604870552036
1996-03-26,0.4317138353662402
1996-03-27,0.4327777580843964
1996-03-28,0.4330554419838895
1996-03-29,0.4347285509247833
1996-04-01,0.435325646128176
1996-04-02,0.4358419312688859
1996-04-03,0.4360347131712901
1996-04-04,0.4374077426948694
1996-04-08,0.4368996915970608
1996-04-09,0.4367902519666087
1996-04-10,0.4382105132351638
1996-04-11,0.439711441599559
1996-04-12,0.4396424752338363
1996-04-15,0.4409850460967484
1996-04-16,0.4409175422207369
1996-04-17,0.4413440823958979
1996-04-18,0.4414389843659664
1996-04-19,0.4418263516749275
1996-04-22,0.4416402409332483
1996-04-23,0.4407574665428737
1996-04-24,0.4408780999545431
1996-04-25,0.4408111177152143
1996-04-26,0.4413620468002681
1996-04-29,0.4422463667697749
1996-04-30,0.4411459549307943
1996-05-01,0.4400765284624149
1996-05-02,0.4410252498261163
1996-05-03,0.4411197901947877
1996-05-06,0.4405021310011615
1996-05-07,0.4403838609178327
1996-05-08,0.4408378731585999
1996-05-09,0.4408917274115801
1996-05-10,0.4409320558622548
1996-05-13,0.440032116471028
1996-05-14,0.4411339345442784
1996-05-15,0.4404067452029586
1996-05-16,0.4398948165994666
1996-05-17,0.4398258189235127
1996-05-20,0.439584243923234
1996-05-21,0.4395038448520194
1996-05-22,0.4402421037508248
1996-05-23,0.4404322479091793
1996-05-24,0.4399011297495955
1996-05-28,0.4409338558761315
1996-05-29,0.4409338558761315
1996-05-30,0.4413281752289096
1996-05-31,0.4410830599201843
1996-06-03,0.4409468061565747
1996-06-04,0.4415177327655107
1996-06-05,0.4399417235329024
1996-06-06,0.4412200473740898
1996-06-07,0.4406751596759851
1996-06-10,0.440797907666386
1996-06-11,0.4407160594591991
1996-06-12,0.4403204297916506
1996-06-13,0.4400470597368977
1996-06-14,0.4430051952003795
1996-06-17,0.4455763070436853
1996-06-18,0.4448702189848005
1996-06-19,0.4443753911158577
1996-06-20,0.4453079973655277
1996-06-21,0.4457253336330208
1996-06-24,0.445952050618301
1996-06-25,0.446220198234487
1996-06-26,0.4457074612224752
1996-06-27,0.4464386318429085
1996-06-28,0.4449145037175123
1996-07-01,0.4445824135427458
1996-07-02,0.4446436951498634
1996-07-03,0.4442099860256761
1996-07-05,0.4440870603399484
1996-07-08,0.4447588674389718
1996-07-09,0.4449849889345685
1996-07-10,0.4446773278852602
1996-07-11,0.4450856620570934
1996-07-12,0.4460333840910158
1996-07-15,0.4493911428221425
1996-07-16,0.4504727361835873
1996-07-17,0.4502592483792313
1996-07-18,0.4505552367292214
1996-07-19,0.4505063038117946
1996-07-22,0.4515692694264359
1996-07-23,0.4517111700421908
1996-07-24,0.4528832508679805
1996-07-25,0.4534675574284993
1996-07-26,0.4531810281006945
1996-07-29,0.4542948873954966
1996-07-30,0.45495475754569
1996-07-31,0.4551608664525643
1996-08-01,0.4565624657829071
1996-08-02,0.4549553458703823
1996-08-05,0.4551196133134186
1996-08-06,0.4542934070601547
1996-08-07,0.4534675574284993
1996-08-08,0.4534675574284993
1996-08-09,0.4535467393241972
1996-08-12,0.4536316309986582
1996-08-13,0.4533414767050137
1996-08-14,0.4536674715399432
1996-08-15,0.4539150289532226
1996-08-16,0.4538737299439094
1996-08-19,0.4536674715399432
1996-08-20,0.4537112311390935
1996-08-21,0.4534675574284993
1996-08-22,0.4530956764406846
1996-08-23,0.4531294593469595
1996-08-26,0.4542078604464706
1996-08-27,0.4541253535232912
1996-08-28,0.4551196133134186
1996-08-29,0.455780365083776
1996-08-30,0.4573418255397232
1996-09-03,0.4557389500970855
1996-09-04,0.4561538116580507
1996-09-05,0.4553656024424764
1996-09-06,0.4552427573929477
1996-09-09,0.4561858010682761
1996-09-10,0.4558991068409972
1996-09-11,0.4549135827522099
1996-09-12,0.4536422439851339
1996-09-13,0.4539667492622501
1996-09-16,0.4544616901227249
1996-09-17,0.4543770777941106
1996-09-18,0.4539626094809755
1996-09-19,0.4547883740206037
1996-09-20,0.4554512690729137
1996-09-23,0.4554518675666429
1996-09-24,0.4550364088147409
1996-09-25,0.4545353580552666
1996-09-26,0.4554948254136931
1996-09-27,0.4559521631651383
1996-09-30,0.4552445398887785
1996-10-01,0.4563708419232498
1996-10-02,0.4557875562736725
1996-10-03,0.4559955432282483
1996-10-04,0.4564942676157673
1996-10-07,0.4565361962260156
1996-10-08,0.4566620789520814
1996-10-09,0.4569950761776071
1996-10-10,0.4569916860735972
1996-10-11,0.4577120698745119
1996-10-14,0.457966253432487
1996-10-15,0.4571358762479444
1996-10-16,0.4562998047868417
1996-10-17,0.4560881142818508
1996-10-18,0.4553298065817706
1996-10-21,0.4554982548609058
1996-10-22,0.4555834252965258
1996-10-23,0.4557537393518553
1996-10-24,0.4547823056859367
1996-10-25,0.455499644257533
1996-10-28,0.4551617732912288
1996-10-29,0.45418772355795
1996-10-30,0.4534670251284024
1996-10-31,0.4528338939137287
1996-11-01,0.4527083186137992
1996-11-04,0.4528840099050552
1996-11-05,0.4531384202370628
1996-11-06,0.4541089809630552
1996-11-07,0.4539414564579318
1996-11-08,0.4536462223595736
1996-11-11,0.4528840099050552
1996-11-12,0.454189435542942
1996-11-13,0.4563845964013053
1996-11-14,0.4571395629775582
1996-11-15,0.4564645240687954
1996-11-18,0.456963059193492
1996-11-19,0.4558754533480514
1996-11-20,0.4573864109557827
1996-11-21,0.4571285430153988
1996-11-22,0.4571707922459417
1996-11-25,0.4579508040135109
1996-11-26,0.4577448516876946
1996-11-27,0.4571633576232279
1996-11-29,0.4573699925733717
1996-12-02,0.45624303437682
1996-12-03,0.4562051427541851
1996-12-04,0.4570053205615106
1996-12-05,0.457339952828438
1996-12-06,0.4600088855433445
1996-12-09,0.4607963986324461
1996-12-10,0.4612619283139197
1996-12-11,0.4614305147219446
1996-12-12,0.4612401470839632
1996-12-13,0.4613351255866166
1996-12-16,0.4612089886952306
1996-12-17,0.4604322471115965
1996-12-18,0.4604836540337714
1996-12-19,0.4594656894573699
1996-12-20,0.4593903863317127
1996-12-23,0.4597725594762103
1996-12-24,0.4604836540337714
1996-12-26,0.4609358575500056
1996-12-27,0.4617935709928787
1996-12-30,0.4620630506111477
1996-12-31,0.4625018668268933
1997-01-02,0.4641509083201341
1997-01-03,0.4651198269273076
1997-01-06,0.4651616955152102
1997-01-07,0.4636969506152495
1997-01-08,0.4632113069884511
1997-01-09,0.4635157514315748
1997-01-10,0.4634742187875035
1997-01-13,0.4624345120797223
1997-01-14,0.4632268871467966
1997-01-15,0.4635326765751927
1997-01-16,0.4636582266160327
1997-01-17,0.4633944241360731
1997-01-20,0.4634363477710523
1997-01-21,0.4630874417260465
1997-01-22,0.4658992086665594
1997-01-23,0.4663404027405998
1997-01-24,0.4671902457770387
1997-01-27,0.4671477563628854
1997-01-28,0.4686735526173338
1997-01-29,0.4689780149196262
1997-01-30,0.4697964980602891
1997-01-31,0.4699251139525872
1997-02-03,0.4694435872918709
1997-02-04,0.4696601636946019
1997-02-05,0.470814107282701
1997-02-06,0.4717959410599904
1997-02-07,0.472733925214777
1997-02-10,0.4728871407129144
1997-02-11,0.4746682740960898
1997-02-12,0.4748497457441086
1997-02-13,0.4750739640324951
1997-02-14,0.4735101110504659
1997-02-18,0.4748773346102057
1997-02-19,0.4750576748061393
1997-02-20,0.4788575595865486
1997-02-21,0.4793413951819841
1997-02-24,0.4793413951819841
1997-02-25,0.4796946241701149
1997-02-26,0.480639368025453
1997-02-27,0.48003342545366
1997-02-28,0.479124122787425
1997-03-03,0.4791618793955042
1997-03-04,0.4785601341905361
1997-03-05,0.4788176465276305
1997-03-06,0.4785995696659283
1997-03-07,0.4788575595865486
1997-03-10,0.4783887735570351
1997-03-11,0.4793552468814811
1997-03-12,0.4792676934326107
1997-03-13,0.4812771102625051
1997-03-14,0.481109542581245
1997-03-17,0.4811936951237629
1997-03-18,0.4816615444921363
1997-03-19,0.4822992697563307
1997-03-20,0.4817017322290144
1997-03-21,0.4830876408911638
1997-03-24,0.4833322296235352
1997-03-25,0.4829119279118462
1997-03-26,0.4849208832903866
1997-03-27,0.4855128545994245
1997-03-31,0.4889249266296819
1997-04-01,0.4882804404546209
1997-04-02,0.4888091324058097
1997-04-03,0.4889753231325452
1997-04-04,0.4893980463794914
1997-04-07,0.4876992788465353
1997-04-08,0.487386171658086
1997-04-09,0.4870179988258082
1997-04-10,0.485928360727462
1997-04-11,0.487973016940612
1997-04-14,0.490047598669969
1997-04-15,0.4899360938134015
1997-04-16,0.490026118117829
1997-04-17,0.4897754428948938
1997-04-18,0.4901461944272098
1997-04-21,0.4907834782068974
1997-04-22,0.4923193280879978
1997-04-23,0.4925320102138705
1997-04-24,0.4928977163885997
1997-04-25,0.4927146242268545
1997-04-28,0.4933481154112524
1997-04-29,0.4956995579445155
1997-04-30,0.4967638162450785
1997-05-01,0.49835404751372
1997-05-02,0.4979970542639001
1997-05-05,0.5000675937291524
1997-05-06,0.5019526086566765
1997-05-07,0.5015976544492743
1997-05-08,0.5041180135244339
1997-05-09,0.5039264985310687
1997-05-12,0.5058508073091703
1997-05-13,0.5061140710952652
1997-05-14,0.5057976355592602
1997-05-15,0.5082668306580297
1997-05-16,0.5120235064583484
1997-05-19,0.5119871771784266
1997-05-20,0.5117855088716903
1997-05-21,0.5109227532788579
1997-05-22,0.5112483966009905
1997-05-23,0.5114503258403311
1997-05-27,0.5115337439357859
1997-05-28,0.5115665891755364
1997-05-29,0.5109439008067274
1997-05-30,0.5122966732791236
1997-06-02,0.5107884860300613
1997-06-03,0.5101268764202228
1997-06-04,0.5087493595975601
1997-06-05,0.5079840879765841
1997-06-06,0.5079984402750876
1997-06-09,0.50772489238569
1997-06-10,0.5075101995512394
1997-06-11,0.5089685636221514
1997-06-12,0.5082204309906213
1997-06-13,0.5078586871880495
1997-06-16,0.5071816184140339
1997-06-17,0.5069507006454648
1997-06-18,0.5070462670123187
1997-06-19,0.5056019612931804
1997-06-20,0.5070435723127348
1997-06-23,0.5111657596614935
1997-06-24,0.5106860535942975
1997-06-25,0.5112823195534573
1997-06-26,0.5110434827020665
1997-06-27,0.511441789687717
1997-06-30,0.5122037828158095
1997-07-01,0.5138174942495307
1997-07-02,0.5140601893217701
1997-07-03,0.51426161141616
1997-07-07,0.5140194490011014
1997-07-08,0.5155034145334199
1997-07-09,0.5166618191632566
1997-07-10,0.5161891403931089
1997-07-11,0.5171180834170969
1997-07-14,0.5175222964776413
1997-07-15,0.5174814751679954
1997-07-16,0.5189924271741887
1997-07-17,0.5185383902905999
1997-07-18,0.5201122473148123
1997-07-21,0.5207785994089292
1997-07-22,0.5208851612502781
1997-07-23,0.5200459321944146
1997-07-24,0.5211065315261918
1997-07-25,0.5202065661184944
1997-07-28,0.5200376573235113
1997-07-29,0.5202132071845733
1997-07-30,0.521530976745269
1997-07-31,0.5205658003064475
1997-08-01,0.5208248561058836
1997-08-04,0.5216612677095743
1997-08-05,0.5201042757428164
1997-08-06,0.5216288446699722
1997-08-07,0.5218883833809245
1997-08-08,0.5234420926753919
1997-08-11,0.5250277583746952
1997-08-12,0.5253551483667194
1997-08-13,0.5253670773950925
1997-08-14,0.5263209143177009
1997-08-15,0.5312753926182002
1997-08-18,0.5329685102554731
1997-08-19,0.5330937719558666
1997-08-20,0.5353416273222512
1997-08-21,0.5351832064083841
1997-08-22,0.5353265166392558
1997-08-25,0.5340034354854374
1997-08-26,0.5334203633246277
1997-08-27,0.5332601313457342
1997-08-28,0.5331000857275814
1997-08-29,0.5368761820329924
1997-09-02,0.5379103175736241
1997-09-03,0.5387301893125979
1997-09-04,0.538840621106464
1997-09-05,0.5392508589546506
1997-09-08,0.5392903796179492
1997-09-09,0.538690894877797
1997-09-10,0.5387538121886133
1997-09-11,0.5399236846020129
1997-09-12,0.54042289326516
1997-09-15,0.5409290570563926
1997-09-16,0.5407708319511361
1997-09-17,0.5402790186035782
1997-09-18,0.5395824172654117
1997-09-19,0.539329911447121
1997-09-22,0.5395880317454618
1997-09-23,0.5401021270504687
1997-09-24,0.5408569029256449
1997-09-25,0.5426641324560786
1997-09-26,0.542268318883862
1997-09-29,0.5421353989128216
1997-09-30,0.5412682500792508
1997-10-01,0.5393752725740416
1997-10-02,0.539714347833734
1997-10-03,0.5381718199325377
1997-10-06,0.5382259051856989
1997-10-07,0.5384917982804364
1997-10-08,0.5377405832479646
1997-10-09,0.5374681593268203
1997-10-10,0.537217852822522
1997-10-13,0.5367367686500004
1997-10-14,0.5361427026737331
1997-10-15,0.5362983661321985
1997-10-16,0.5349174186321815
1997-10-17,0.5363805824539658
1997-10-20,0.5373378179125806
1997-10-21,0.5400566466297336
1997-10-22,0.5424023495117688
1997-10-23,0.5431361650358436
1997-10-24,0.5428240132302572
1997-10-27,0.5648053339689962
1997-10-28,0.5649549964768278
1997-10-29,0.5657757247628921
1997-10-30,0.5677976373060616
1997-10-31,0.5705284556577978
1997-11-03,0.5724016695071825
1997-11-04,0.5729774123067775
1997-11-05,0.5732307748188806
1997-11-06,0.5731883507236601
1997-11-07,0.5727757939658129
1997-11-10,0.5711820131473766
1997-11-11,0.5711356814752216
1997-11-12,0.5715546897793473
1997-11-13,0.570661634116562
1997-11-14,0.5708117525683201
1997-11-17,0.5708139850444927
1997-11-18,0.5703838886900063
1997-11-19,0.5706537406400773
1997-11-20,0.5718717844139347
1997-11-21,0.5707817790832039
1997-11-24,0.5707879516148481
1997-11-25,0.5698603307656466
1997-11-26,0.5681262698632745
1997-11-28,0.5675264712422026
1997-12-01,0.5690053611236693
1997-12-02,0.5689618539334178
1997-12-03,0.5687495986288136
1997-12-04,0.5679831947065536
1997-12-05,0.5668733525595847
1997-12-08,0.5672516785401004
1997-12-09,0.5671540734637172
1997-12-10,0.5662106416152004
1997-12-11,0.5654841075438471
1997-12-12,0.5658078261611941
1997-12-15,0.5657295232421602
1997-12-16,0.5673758511097564
1997-12-17,0.5684228633680943
1997-12-18,0.5683701553646239
1997-12-19,0.5694587584192675
1997-12-22,0.5689037347877589
1997-12-23,0.5678496480814189
1997-12-24,0.5667117783427482
1997-12-26,0.5657873874529333
1997-12-29,0.564202739760626
1997-12-30,0.5632812967592251
1997-12-31,0.5639202960768528
1998-01-02,0.5633066304704862
1998-01-05,0.5633139143347036
1998-01-06,0.5630757817072496
1998-01-07,0.5643784788690972
1998-01-08,0.5636298219581068
1998-01-09,0.5672851803469975
1998-01-12,0.5674401431472222
1998-01-13,0.566274980779222
1998-01-14,0.566578224703
1998-01-15,0.5650144554170815
1998-01-16,0.5642539301949596
1998-01-20,0.5633585616754453
1998-01-21,0.5613822896385832
1998-01-22,0.5601931391178623
1998-01-23,0.5590261693340097
1998-01-26,0.5598329189500139
1998-01-27,0.5595464397198787
1998-01-28,0.5607704608600841
1998-01-29,0.5608843066847
1998-01-30,0.5611899244196029
1998-02-02,0.5619960958089799
1998-02-03,0.5617734219054221
1998-02-04,0.5605719434935997
1998-02-05,0.5592893689106248
1998-02-06,0.5585914173787553
1998-02-09,0.5599271764265121
1998-02-10,0.5598563313106629
1998-02-11,0.5588183924183576
1998-02-12,0.5582970854977418
1998-02-13,0.5574756989079074
1998-02-17,0.556726260463769
1998-02-18,0.5562469677925227
1998-02-19,0.5557595301865037
1998-02-20,0.5554893143712852
1998-02-23,0.554917565558718
1998-02-24,0.5539146925645808
1998-02-25,0.55431326701929
1998-02-26,0.554159167723901
1998-02-27,0.5532707930865134
1998-03-02,0.5527725900717265
1998-03-03,0.551462429032965
1998-03-04,0.5511387709889896
1998-03-05,0.5513841519664681
1998-03-06,0.5503710872413732
1998-03-09,0.5495389060855365
1998-03-10,0.5505738116198744
1998-03-11,0.5502091350088856
1998-03-12,0.5502543461019476
1998-03-13,0.5527512867226997
1998-03-16,0.5523907014287964
1998-03-17,0.5510681970258882
1998-03-18,0.5519255071121492
1998-03-19,0.5518832919304449
1998-03-20,0.5519722106298579
1998-03-23,0.5524697661813672
1998-03-24,0.5525074110775376
1998-03-25,0.5526244618028938
1998-03-26,0.5530354678345575
1998-03-27,0.5540243027510691
1998-03-30,0.5531830432897852
1998-03-31,0.552024871778855
1998-04-01,0.5520445948963324
1998-04-02,0.5540532840336387
1998-04-03,0.5535764644999663
1998-04-06,0.5538852068285213
1998-04-07,0.5536810596607684
1998-04-08,0.55345160575896
1998-04-09,0.5533681097073248
1998-04-13,0.5533609966217496
1998-04-14,0.55337165826647
1998-04-15,0.553378739477126
1998-04-16,0.5540259204713751
1998-04-17,0.5533922286048224
1998-04-20,0.5534164992838612
1998-04-21,0.5527049102136474
1998-04-22,0.5531322894619697
1998-04-23,0.5529782181287454
1998-04-24,0.5524915792784618
1998-04-27,0.5531633605597028
1998-04-28,0.5541171058348422
1998-04-29,0.5539919707091411
1998-04-30,0.5525602875283753
1998-05-01,0.5527453943043908
1998-05-04,0.5531483479622763
1998-05-05,0.5541256755533777
1998-05-06,0.5540447631852654
1998-05-07,0.5542571375130896
1998-05-08,0.5551870642251004
1998-05-11,0.5551848376491354
1998-05-12,0.5549573532363555
1998-05-13,0.5550376966012358
1998-05-14,0.5547574229665191
1998-05-15,0.5547523190169562
1998-05-18,0.5551134141672879
1998-05-19,0.5552327564914373
1998-05-20,0.5554771797146062
1998-05-21,0.5554771797146062
1998-05-22,0.5557891445627126
1998-05-26,0.5553931216400699
1998-05-27,0.5550330255503152
1998-05-28,0.5550259922867481
1998-05-29,0.5544597265965786
1998-06-01,0.5535758409075207
1998-06-02,0.55347978995912
1998-06-03,0.5539056462193176
1998-06-04,0.5537493134578729
1998-06-05,0.5560059948646493
1998-06-08,0.5557302697484431
1998-06-09,0.5559698483214407
1998-06-10,0.5564390486419918
1998-06-11,0.5551691561454998
1998-06-12,0.5559254922407556
1998-06-15,0.5548891662837828
1998-06-16,0.5561513096308245
1998-06-17,0.5573290902412269
1998-06-18,0.5566259003519736
1998-06-19,0.5567804805573887
1998-06-22,0.5574470554908402
1998-06-23,0.5582673149734294
1998-06-24,0.5586197054459353
1998-06-25,0.5579929534733785
1998-06-26,0.5581106265512472
1998-06-29,0.5573646992588919
1998-06-30,0.5581106265512472
1998-07-01,0.5572446480759097
1998-07-02,0.5573601590519438
1998-07-06,0.5582689878530527
1998-07-07,0.5587044543694257
1998-07-08,0.5580319295072876
1998-07-09,0.5584258360782485
1998-07-10,0.5570445054373216
1998-07-13,0.5566865171325824
1998-07-14,0.5557284493029382
1998-07-15,0.5549161208293798
1998-07-16,0.5544994764731349
1998-07-17,0.5538470017520516
1998-07-20,0.5532233585673996
1998-07-21,0.5531284356860393
1998-07-22,0.5521340128736386
1998-07-23,0.55435158566539
1998-07-24,0.5537372519945639
1998-07-27,0.5530090193215409
1998-07-28,0.5511252088649212
1998-07-29,0.5510070342795984
1998-07-30,0.5514980625818913
1998-07-31,0.5521831385260156
1998-08-03,0.5514825236849216
1998-08-04,0.5550998436568554
1998-08-05,0.5567823914368387
1998-08-06,0.5572231143245424
1998-08-07,0.5571017205122407
1998-08-10,0.5574631214434738
1998-08-11,0.5596824282960721
1998-08-12,0.559843243270337
1998-08-13,0.5601303694046427
1998-08-14,0.5618894272112479
1998-08-17,0.5622971557834936
1998-08-18,0.5637452654230654
1998-08-19,0.5629959178405856
1998-08-20,0.5613711278137086
1998-08-21,0.5607335337040495
1998-08-24,0.5598920767741692
1998-08-25,0.5621308145836569
1998-08-26,0.5655319092101482
1998-08-27,0.5651968178003681
1998-08-28,0.5643043409630925
1998-08-31,0.5740403444869695
1998-09-01,0.5734206644023963
1998-09-02,0.572904349539932
1998-09-03,0.5729332257297173
1998-09-04,0.5740209050925295
1998-09-08,0.5757399413265174
1998-09-09,0.5761393407174225
1998-09-10,0.5787924804271175
1998-09-11,0.5793527229335419
1998-09-14,0.5790654824825346
1998-09-15,0.57912778431076
1998-09-16,0.5803542109647184
1998-09-17,0.5835671105112594
1998-09-18,0.5827368216804134
1998-09-21,0.5816805302433697
1998-09-22,0.5814097113803672
1998-09-23,0.5830304004874035
1998-09-24,0.5817213499133391
1998-09-25,0.5807392693676998
1998-09-28,0.5797219734652309
1998-09-29,0.5813136937403421
1998-09-30,0.5821404956115124
1998-10-01,0.5841999482354656
1998-10-02,0.5842531659761587
1998-10-05,0.5841078518444042
1998-10-06,0.5849181682787037
1998-10-07,0.5846152130608764
1998-10-08,0.5850097257006018
1998-10-09,0.5858801133214155
1998-10-12,0.5867129745107802
1998-10-13,0.5861134378227029
1998-10-14,0.5870392141474863
1998-10-15,0.5874050138563754
1998-10-16,0.5889620136914407
1998-10-19,0.5883724133168518
1998-10-20,0.5863258253630473
1998-10-21,0.5851418957263506
1998-10-22,0.5851567420599918
1998-10-23,0.5852713762765658
1998-10-26,0.5853848683667817
1998-10-27,0.5837363778169552
1998-10-28,0.583308615878055
1998-10-29,0.5846210211048093
1998-10-30,0.5848934375524841
1998-11-02,0.5847035440319606
1998-11-03,0.5844086771438656
1998-11-04,0.5838207344766772
1998-11-05,0.5844004457375511
1998-11-06,0.5853192703396302
1998-11-09,0.5855504215861963
1998-11-10,0.5851518402420334
1998-11-11,0.584260204498229
1998-11-12,0.5841604092016218
1998-11-13,0.5829405156454821
1998-11-16,0.5841996519523529
1998-11-17,0.5846550755934791
1998-11-18,0.583485448893052
1998-11-19,0.5833526138108865
1998-11-20,0.583485448893052
1998-11-23,0.584437747030623
1998-11-24,0.5842884914846045
1998-11-25,0.5841228070185037
1998-11-27,0.5825066288434634
1998-11-30,0.5825582484804719
1998-12-01,0.5821561535980421
1998-12-02,0.5808991534752247
1998-12-03,0.5820881972445396
1998-12-04,0.5809681774206289
1998-12-07,0.5808505987637789
1998-12-08,0.580732332374371
1998-12-09,0.5806211482851658
1998-12-10,0.5813339066604168
1998-12-11,0.5811026489061133
1998-12-14,0.5815244903111546
1998-12-15,0.5815813719957934
1998-12-16,0.5815112423629597
1998-12-17,0.5807102412372506
1998-12-18,0.5798748117572621
1998-12-21,0.5813063050393695
1998-12-22,0.5801242126380177
1998-12-23,0.580164349467883
1998-12-24,0.5789446477112854
1998-12-28,0.5779529599436487
1998-12-29,0.5760891422144231
1998-12-30,0.5755283382205977
1998-12-31,0.5754213337701313
1999-01-04,0.5772891797024909
1999-01-05,0.577224239966913
1999-01-06,0.5794607603377252
1999-01-07,0.5798827381200419
1999-01-08,0.5813177501858852
1999-01-11,0.5818689375232083
1999-01-12,0.5816582484548747
1999-01-13,0.5813995256191882
1999-01-14,0.5819137035910901
1999-01-15,0.5824100147375458
1999-01-19,0.5843344231558091
1999-01-20,0.5840454298105777
1999-01-21,0.5832993600623326
1999-01-22,0.5846882530219695
1999-01-25,0.5852783606107819
1999-01-26,0.5860613495460144
1999-01-27,0.5853210806467002
1999-01-28,0.5851963142001821
1999-01-29,0.5851944672885679
1999-02-01,0.5852713762765658
1999-02-02,0.5840851919631225
1999-02-03,0.5861581353691971
1999-02-04,0.5862622767261602
1999-02-05,0.585739073891633
1999-02-08,0.5854472099131862
1999-02-09,0.586638590109316
1999-02-10,0.5856973460048176
1999-02-11,0.5879811793998722
1999-02-12,0.5875643199397806
1999-02-16,0.5878633260235048
1999-02-17,0.5864283881558972
1999-02-18,0.5854129333420575
1999-02-19,0.5835413870679449
1999-02-22,0.5837174110990418
1999-02-23,0.58253041362227
1999-02-24,0.5823401915061359
1999-02-25,0.5811835139131418
1999-02-26,0.5786657966328059
1999-03-01,0.5797758137693296
1999-03-02,0.5790226416690691
1999-03-03,0.5782549383308156
1999-03-04,0.5785929870828138
1999-03-05,0.5792562951625744
1999-03-08,0.5799084409441552
1999-03-09,0.5785314639978544
1999-03-10,0.5783194800443394
1999-03-11,0.5773228376533757
1999-03-12,0.5744461726070438
1999-03-15,0.5731728316571458
1999-03-16,0.5726680816091373
1999-03-17,0.5713255059158417
1999-03-18,0.5709811152836327
1999-03-19,0.5705719593436984
1999-03-22,0.5710824761273512
1999-03-23,0.5729032449362793
1999-03-24,0.5743225022815881
1999-03-25,0.5748125635130394
1999-03-26,0.5735400616530141
1999-03-29,0.5752790533501088
1999-03-30,0.5732911878169452
1999-03-31,0.5729104316054839
1999-04-01,0.5729795554149153
1999-04-05,0.5749784634711664
1999-04-06,0.573696917429221
1999-04-07,0.573469919701383
1999-04-08,0.5720207858771038
1999-04-09,0.5724058695540403
1999-04-12,0.5716256778688346
1999-04-13,0.5710454198200183
1999-04-14,0.5694716625218902
1999-04-15,0.5697132391125704
1999-04-16,0.5695936420863972
1999-04-19,0.567750397899358
1999-04-20,0.5667200080413749
1999-04-21,0.5661824991588831
1999-04-22,0.5662252583229137
1999-04-23,0.565541599334294
1999-04-26,0.565479711874892
1999-04-27,0.5651221516656811
1999-04-28,0.5654724170451291
1999-04-29,0.5652427732383404
1999-04-30,0.5635632189409933
1999-05-03,0.5625908100327455
1999-05-04,0.5620166606892227
1999-05-05,0.5617395345428403
1999-05-06,0.5600396436372072
1999-05-07,0.5584110170541186
1999-05-10,0.559230390829352
1999-05-11,0.5587150220158366
1999-05-12,0.558153715495208
1999-05-13,0.5563533198114714
1999-05-14,0.5560024406049346
1999-05-17,0.5550403219402115
1999-05-18,0.5532479503031795
1999-05-19,0.5519157895902447
1999-05-20,0.5510652287667934
1999-05-21,0.5516270910782882
1999-05-24,0.5505151880901109
1999-05-25,0.5506801050270133
1999-05-26,0.5495620222803631
1999-05-27,0.549104213062613
1999-05-28,0.5468466665368675
1999-06-01,0.5464360666513454
1999-06-02,0.5450909739931951
1999-06-03,0.5452711668788427
1999-06-04,0.5450776242004103
1999-06-07,0.546722468864801
1999-06-08,0.5452505389191412
1999-06-09,0.5448722106728136
1999-06-10,0.5456997961154416
1999-06-11,0.543616805653721
1999-06-14,0.5409586353511365
1999-06-15,0.540161494123656
1999-06-16,0.5391455739977216
1999-06-17,0.5383084532748069
1999-06-18,0.5389958914532512
1999-06-21,0.5390476431075837
1999-06-22,0.5379209709056805
1999-06-23,0.5365594528030208
1999-06-24,0.5362127796314663
1999-06-25,0.5364850656416467
1999-06-28,0.5351913607267482
1999-06-29,0.5334399789845287
1999-06-30,0.5331807469322039
1999-07-01,0.5334116434699144
1999-07-02,0.5335807820154213
1999-07-06,0.5339657719197102
1999-07-07,0.5339018667098239
1999-07-08,0.533517430336285
1999-07-09,0.5335807820154213
1999-07-12,0.5335366914615542
1999-07-13,0.532936424069508
1999-07-14,0.5332355391245427
1999-07-15,0.5339869402861421
1999-07-16,0.533194820907385
1999-07-19,0.53285379774835
1999-07-20,0.533838115717748
1999-07-21,0.5337089925052838
1999-07-22,0.5338146672736278
1999-07-23,0.5321814246335941
1999-07-26,0.5325889132628526
1999-07-27,0.5336186222230314
1999-07-28,0.5358139608535032
1999-07-29,0.5356668659334837
1999-07-30,0.5362510121327575
1999-08-02,0.5345259763648511
1999-08-03,0.5343097837764156
1999-08-04,0.5333272717442842
1999-08-05,0.5345934257349357
1999-08-06,0.5335225866047859
1999-08-09,0.5338713839435342
1999-08-10,0.532800141446183
1999-08-11,0.5320728209861529
1999-08-12,0.5310562896151297
1999-08-13,0.5294960264148904
1999-08-16,0.5295640419236153
1999-08-17,0.52949383787889
1999-08-18,0.5298782900558584
1999-08-19,0.5308923927131701
1999-08-20,0.5291849434266138
1999-08-23,0.5293869526885301
1999-08-24,0.5302213666954358
1999-08-25,0.5310674035504493
1999-08-26,0.5298691378887534
1999-08-27,0.5292045420655277
1999-08-30,0.5280069588406503
1999-08-31,0.5290507860304813
1999-09-01,0.5287296012982688
1999-09-02,0.5285082642856207
1999-09-03,0.5292827577156438
1999-09-07,0.529432943339884
1999-09-08,0.5297077874203362
1999-09-09,0.5283635419675813
1999-09-10,0.529484854215213
1999-09-13,0.5291183484866622
1999-09-14,0.5290354380243367
1999-09-15,0.5288737342833737
1999-09-16,0.5260026181145496
1999-09-17,0.523475812102776
1999-09-20,0.5242376097753252
1999-09-21,0.5232197114594412
1999-09-22,0.5218464718669917
1999-09-23,0.5224731761382961
1999-09-24,0.5213772809580278
1999-09-27,0.5201947740857756
1999-09-28,0.5210894314133627
1999-09-29,0.520556249207459
1999-09-30,0.5200019801771436
1999-10-01,0.5202309699870177
1999-10-04,0.5185626089436447
1999-10-05,0.5177043970095518
1999-10-06,0.5163496413243623
1999-10-07,0.516976865276246
1999-10-08,0.5156165302385091
1999-10-11,0.5164912957210928
1999-10-12,0.5140749643198479
1999-10-13,0.5134994878441587
1999-10-14,0.5121625147831579
1999-10-15,0.5130547781239353
1999-10-18,0.5131867713987115
1999-10-19,0.5117108413752562
1999-10-20,0.5110349950342655
1999-10-21,0.5111169239489237
1999-10-22,0.5100820418822339
1999-10-25,0.5106914377712772
1999-10-26,0.5098320140806036
1999-10-27,0.5080090674199206
1999-10-28,0.5071742241073486
1999-10-29,0.5078618013045465
1999-11-01,0.5074767146184834
1999-11-02,0.5066358536593997
1999-11-03,0.5049168206520789
1999-11-04,0.5042402714465524
1999-11-05,0.5050954685284957
1999-11-08,0.5046168960585081
1999-11-09,0.5041691016782238
1999-11-10,0.5031255770055807
1999-11-11,0.5034565525160286
1999-11-12,0.503103660635892
1999-11-15,0.5019743134340953
1999-11-16,0.5005991077897188
1999-11-17,0.4992471175272036
1999-11-18,0.4986574530794244
1999-11-19,0.4974724006115305
1999-11-22,0.495858785507519
1999-11-23,0.4943486111972684
1999-11-24,0.4932538253172233
1999-11-26,0.4952354825109366
1999-11-29,0.495058655520121
1999-11-30,0.4946374603079631
1999-12-01,0.4948984520324018
1999-12-02,0.494850224370816
1999-12-03,0.4949870802315533
1999-12-06,0.4949594529552216
1999-12-07,0.4950450639529278
1999-12-08,0.4938061578414955
1999-12-09,0.4940674041479581
1999-12-10,0.4944507640852794
1999-12-13,0.4947402232290175
1999-12-14,0.4956683612823697
1999-12-15,0.4949653167748894
1999-12-16,0.4962111113704096
1999-12-17,0.496324516465324
1999-12-20,0.4964154159835305
1999-12-21,0.4964613323985473
1999-12-22,0.495139268982793
1999-12-23,0.4954811954449812
1999-12-27,0.4949996048838695
1999-12-28,0.4951116274520433
1999-12-29,0.4956375631874671
1999-12-30,0.4963247065619357
1999-12-31,0.4949579012828088
2000-01-03,0.4945912270377824
2000-01-04,0.4978078081544625
2000-01-05,0.4975610165571856
2000-01-06,0.4966853282996882
2000-01-07,0.4958502580876288
2000-01-10,0.4948302112503118
2000-01-11,0.4950276507666009
2000-01-12,0.4942433797632768
2000-01-13,0.4926251798912768
2000-01-14,0.4921847576767802
2000-01-18,0.4912308437744565
2000-01-19,0.4917877342025423
2000-01-20,0.491980892145625
2000-01-21,0.4913363363809993
2000-01-24,0.4907520102804384
2000-01-25,0.4906016504629618
2000-01-26,0.4906611412205571
2000-01-27,0.4896828281409096
2000-01-28,0.4920214522902287
2000-01-31,0.491381400970457
2000-02-01,0.4903914426775714
2000-02-02,0.4907355591780313
2000-02-03,0.4913694037314046
2000-02-04,0.4925869499002126
2000-02-07,0.4931425353319542
2000-02-08,0.4913951419263264
2000-02-09,0.491771478057793
2000-02-10,0.4912177977675513
2000-02-11,0.4919643816114284
2000-02-14,0.4912166319939193
2000-02-15,0.4921281557801909
2000-02-16,0.4914107887223223
2000-02-17,0.4898805962295321
2000-02-18,0.4893883589177193
2000-02-22,0.487740154277897
2000-02-23,0.4879396604213851
2000-02-24,0.4869505846669031
2000-02-25,0.4883767941098142
2000-02-28,0.4882540425545606
2000-02-29,0.4881757130703051
2000-03-01,0.4869414819501551
2000-03-02,0.4856909940508596
2000-03-03,0.4875909235462745
2000-03-06,0.4880895003653002
2000-03-07,0.4898152486814896
2000-03-08,0.4886381459770505
2000-03-09,0.4890200964822767
2000-03-10,0.4883654367568995
2000-03-13,0.4883984621546965
2000-03-14,0.4893415390780981
2000-03-15,0.490209495492691
2000-03-16,0.4935517261814691
2000-03-17,0.4930606040929539
2000-03-20,0.4922203354746785
2000-03-21,0.4927225283347918
2000-03-22,0.492679252790138
2000-03-23,0.4924199207733271
2000-03-24,0.4923662413845837
2000-03-27,0.4918831745018628
2000-03-28,0.490412095899114
2000-03-29,0.489959387836347
2000-03-30,0.4897683296742617
2000-03-31,0.4896561682500556
2000-04-03,0.4900630781587047
2000-04-04,0.4887532620092596
2000-04-05,0.4896199901110722
2000-04-06,0.4894585561585708
2000-04-07,0.4890045455897904
2000-04-10,0.4885707885054642
2000-04-11,0.4896129130432758
2000-04-12,0.4897045940610544
2000-04-13,0.4895389089755759
2000-04-14,0.4953846108487892
2000-04-17,0.4955121824981037
2000-04-18,0.4968133569058465
2000-04-19,0.4966644051677565
2000-04-20,0.497029019887644
2000-04-24,0.4962375904194298
2000-04-25,0.4965775588537588
2000-04-26,0.4967050388681419
2000-04-27,0.4971106408528413
2000-04-28,0.4938398090238511
2000-05-01,0.492598493771064
2000-05-02,0.4930185218613561
2000-05-03,0.4947023068149415
2000-05-04,0.4946452096932561
2000-05-05,0.4946219427982105
2000-05-08,0.4931699417183021
2000-05-09,0.4928579419076844
2000-05-10,0.4926309141942711
2000-05-11,0.4935772186621234
2000-05-12,0.492771692280456
2000-05-15,0.4916067328803798
2000-05-16,0.4917184394045297
2000-05-17,0.4915794120817021
2000-05-18,0.4917639729731264
2000-05-19,0.4919067694930964
2000-05-22,0.4907630093552352
2000-05-23,0.4905803140206456
2000-05-24,0.4903563244626816
2000-05-25,0.4911435636657641
2000-05-26,0.4919721486854481
2000-05-30,0.49177588477535
2000-05-31,0.4918759125135709
2000-06-01,0.4919183286372277
2000-06-02,0.4919029028855353
2000-06-05,0.491706395399972
2000-06-06,0.4918217324308618
2000-06-07,0.4907491738443731
2000-06-08,0.4894886990107769
2000-06-09,0.4874793581152494
2000-06-12,0.4872784440530783
2000-06-13,0.4857402236571255
2000-06-14,0.4842705696045453
2000-06-15,0.4833703874920277
2000-06-16,0.4837456804897969
2000-06-19,0.4835902573680501
2000-06-20,0.4841360489170228
2000-06-21,0.4833077465541947
2000-06-22,0.4838166190253264
2000-06-23,0.4833181787226294
2000-06-26,0.4838250606706889
2000-06-27,0.4839565450271079
2000-06-28,0.4830389210680339
2000-06-29,0.4820316805806117
2000-06-30,0.4807719953115265
2000-07-03,0.4809826567013098
2000-07-05,0.4797139984269874
2000-07-06,0.4796261351575693
2000-07-07,0.4791554316785857
2000-07-10,0.4785980357125989
2000-07-11,0.4786368936766939
2000-07-12,0.4770611247143032
2000-07-13,0.4750134260885112
2000-07-14,0.4753048845728047
2000-07-17,0.4753131345771608
2000-07-18,0.4758287537643583
2000-07-19,0.4756466490757384
2000-07-20,0.4747551343883618
2000-07-21,0.474695280871342
2000-07-24,0.4738545069955561
2000-07-25,0.4723259793261518
2000-07-26,0.4712407448222916
2000-07-27,0.4699558156818046
2000-07-28,0.467908041368888
2000-07-31,0.4656760273652135
2000-08-01,0.4638810939421619
2000-08-02,0.4622760573172823
2000-08-03,0.4607187785614789
2000-08-04,0.4609198146590692
2000-08-07,0.4604871394889986
2000-08-08,0.4603667459414441
2000-08-09,0.4605860942404278
2000-08-10,0.4603533546672977
2000-08-11,0.4598548597830763
2000-08-14,0.4593463336211592
2000-08-15,0.460235961834644
2000-08-16,0.4609999254786423
2000-08-17,0.4603261706374157
2000-08-18,0.4605298738848655
2000-08-21,0.4604391555002248
2000-08-22,0.4602765706395604
2000-08-23,0.4603893982239897
2000-08-24,0.4599842481650691
2000-08-25,0.4603308751126616
2000-08-28,0.4605550653373854
2000-08-29,0.4613847662410842
2000-08-30,0.4620287638656951
2000-08-31,0.4603130567381345
2000-09-01,0.4599272937216657
2000-09-05,0.4592115366448701
2000-09-06,0.4583041516326464
2000-09-07,0.4595653300242758
2000-09-08,0.4605054775844605
2000-09-11,0.4606076644884611
2000-09-12,0.4595101765410207
2000-09-13,0.459357514117679
2000-09-14,0.4595577430072243
2000-09-15,0.4596780554602215
2000-09-18,0.4596379366956548
2000-09-19,0.4605954517379584
2000-09-20,0.4603130567381345
2000-09-21,0.458595658328659
2000-09-22,0.4584064365548426
2000-09-25,0.4583371303295785
2000-09-26,0.4578236181597186
2000-09-27,0.4583133583614776
2000-09-28,0.4589840481763255
2000-09-29,0.4583594982436859
2000-10-02,0.4581672809489477
2000-10-03,0.4557237757814265
2000-10-04,0.4545959798001834
2000-10-05,0.4547561918641271
2000-10-06,0.4541077961324876
2000-10-09,0.454592288204208
2000-10-10,0.4542705466763732
2000-10-11,0.4536604569101277
2000-10-12,0.4542749980563863
2000-10-13,0.4536655784125004
2000-10-16,0.4555631123221353
2000-10-17,0.4558867986668182
2000-10-18,0.4547976419058263
2000-10-19,0.4554829775372302
2000-10-20,0.4561319756453471
2000-10-23,0.4563719400572853
2000-10-24,0.4553209790934638
2000-10-25,0.4540730399419992
2000-10-26,0.4538329545059748
2000-10-27,0.4540693661871913
2000-10-30,0.4554823412222539
2000-10-31,0.4560473751176843
2000-11-01,0.4562521014808566
2000-11-02,0.4553630010489138
2000-11-03,0.4540638069393798
2000-11-06,0.4530436621334829
2000-11-07,0.4520131123010364
2000-11-08,0.4521743975780994
2000-11-09,0.4506040859517228
2000-11-10,0.4489136210607609
2000-11-13,0.4482522112385713
2000-11-14,0.4476960149194308
2000-11-15,0.4475494454676048
2000-11-16,0.4470822642863723
2000-11-17,0.4470278017278137
2000-11-20,0.4476023036932091
2000-11-21,0.4466382480057089
2000-11-22,0.4460076991871982
2000-11-24,0.4454382466604925
2000-11-27,0.4446072203783399
2000-11-28,0.4444284164386615
2000-11-29,0.4444080599620689
2000-11-30,0.4437112357280314
2000-12-01,0.4471188749307262
2000-12-04,0.4470897937402262
2000-12-05,0.4476023036932091
2000-12-06,0.4476153206009921
2000-12-07,0.4471043607171825
2000-12-08,0.4470348268510661
2000-12-11,0.4466665132465417
2000-12-12,0.4452872138698056
2000-12-13,0.4444284164386615
2000-12-14,0.4432894444227349
2000-12-15,0.4435126369220051
2000-12-18,0.4438305767762298
2000-12-19,0.4432496252149581
2000-12-20,0.4436694909219373
2000-12-21,0.4437684654626161
2000-12-22,0.4439080518834171
2000-12-26,0.4435662020597813
2000-12-27,0.4429842175115387
2000-12-28,0.4410209922202101
2000-12-29,0.4413121053575444
2001-01-02,0.4401007366999792
2001-01-03,0.4413879462942476
2001-01-04,0.4407054720785592
2001-01-05,0.4402974428674883
2001-01-08,0.4387884762053882
2001-01-09,0.4381465288256492
2001-01-10,0.4383118934746292
2001-01-11,0.4375794152775673
2001-01-12,0.437304845344292
2001-01-16,0.4364599317770446
2001-01-17,0.4353802787903745
2001-01-18,0.4360024788691108
2001-01-19,0.4364296080920449
2001-01-22,0.4362768786289858
2001-01-23,0.4361237550538288
2001-01-24,0.4360844886544506
2001-01-25,0.4357709028879841
2001-01-26,0.4355754027300857
2001-01-29,0.4347603061574078
2001-01-30,0.4344498373397937
2001-01-31,0.4339443658376816
2001-02-01,0.4341002239449494
2001-02-02,0.4337503809354378
2001-02-05,0.4339443658376816
2001-02-06,0.4340609362164623
2001-02-07,0.4343333784060287
2001-02-08,0.4349550350225107
2001-02-09,0.434488713573262
2001-02-12,0.4332412676097031
2001-02-13,0.4330422568021332
2001-02-14,0.4331979356589514
2001-02-15,0.4314308509997119
2001-02-16,0.4315469370446005
2001-02-20,0.4318622299190433
2001-02-21,0.4315912889855845
2001-02-22,0.430960934122203
2001-02-23,0.430329234783201
2001-02-26,0.4309539880175522
2001-02-27,0.4315856623739156
2001-02-28,0.4315024173642097
2001-03-01,0.4308308874234053
2001-03-02,0.4296383785866006
2001-03-05,0.4296672557588493
2001-03-06,0.4307387106314496
2001-03-07,0.4313350768511643
2001-03-08,0.4314101789563486
2001-03-09,0.4313596368673196
2001-03-12,0.4327735491492595
2001-03-13,0.432770397861419
2001-03-14,0.4332368930701405
2001-03-15,0.4337447168436275
2001-03-16,0.4338622715386221
2001-03-19,0.432725118868419
2001-03-20,0.4318131590196647
2001-03-21,0.430467375214537
2001-03-22,0.4301967771614974
2001-03-23,0.4303818045482853
2001-03-26,0.4306068932444448
2001-03-27,0.4311087146722224
2001-03-28,0.4313800647853668
2001-03-29,0.4312962025054678
2001-03-30,0.4308308874234053
2001-04-02,0.4317353830403926
2001-04-03,0.4325802110413766
2001-04-04,0.433206967917469
2001-04-05,0.4322840823866989
2001-04-06,0.431968811566957
2001-04-09,0.4325066715931607
2001-04-10,0.4318872644583644
2001-04-11,0.4316519101805364
2001-04-12,0.4319592131251951
2001-04-16,0.4311098484932422
2001-04-17,0.4298380638582488
2001-04-18,0.431968811566957
2001-04-19,0.4313195576263491
2001-04-20,0.4320071345178025
2001-04-23,0.4312245929690224
2001-04-24,0.4305000973681708
2001-04-25,0.4295536644179746
2001-04-26,0.4296199598851989
2001-04-27,0.4301712609253569
2001-04-30,0.4296675818895156
2001-05-01,0.4299720021939678
2001-05-02,0.4304844543798801
2001-05-03,0.4302177846890174
2001-05-04,0.429467851087667
2001-05-07,0.4290181504899276
2001-05-08,0.4305069908693248
2001-05-09,0.4307828469605553
2001-05-10,0.43082119604249
2001-05-11,0.4308979384847694
2001-05-14,0.4319495351252032
2001-05-15,0.4323101621551999
2001-05-16,0.4323101621551999
2001-05-17,0.4321903110544577
2001-05-18,0.432928488168511
2001-05-21,0.4321473225783876
2001-05-22,0.4319495351252032
2001-05-23,0.4319109130946074
2001-05-24,0.4310834001247068
2001-05-25,0.4309223689249621
2001-05-29,0.4315526429928212
2001-05-30,0.4313596368673196
2001-05-31,0.431205500005052
2001-06-01,0.4314753958033934
2001-06-04,0.4320608596449527
2001-06-05,0.4316740708913231
2001-06-06,0.4315526429928212
2001-06-07,0.4320950503260021
2001-06-08,0.4327672334878081
2001-06-11,0.4320654906976507
2001-06-12,0.4324955508436855
2001-06-13,0.4326472899959651
2001-06-14,0.4323365768873808
2001-06-15,0.4325343176385535
2001-06-18,0.4328449923639245
2001-06-19,0.4333148531961445
2001-06-20,0.4339421859710856
2001-06-21,0.4335911168750027
2001-06-22,0.4335911168750027
2001-06-25,0.4336690265664356
2001-06-26,0.4334354781306573
2001-06-27,0.4329672602984305
2001-06-28,0.4327348517221934
2001-06-29,0.4334760598550241
2001-07-02,0.4339055389762296
2001-07-03,0.435265379530613
2001-07-05,0.4356563613835235
2001-07-06,0.4356171952700324
2001-07-09,0.4358524190973837
2001-07-10,0.4353456204943498
2001-07-11,0.4359343360031534
2001-07-12,0.436324508108631
2001-07-13,0.4357800837591779
2001-07-16,0.435783169475598
2001-07-17,0.4348438078104391
2001-07-18,0.435551870989573
2001-07-19,0.435196648307836
2001-07-20,0.4345687715261951
2001-07-23,0.4342551954464657
2001-07-24,0.4357042695835202
2001-07-25,0.4360993838109209
2001-07-26,0.4362975188690599
2001-07-27,0.435868672758419
2001-07-30,0.4373677326492011
2001-07-31,0.4367398829443639
2001-08-01,0.4362262606291885
2001-08-02,0.4367347797909103
2001-08-03,0.4364210163478804
2001-08-06,0.4365006393595583
2001-08-07,0.4363457368141626
2001-08-08,0.436620190848557
2001-08-09,0.4365451762906599
2001-08-10,0.4366250616918833
2001-08-13,0.4362702009619725
2001-08-14,0.4361544603585947
2001-08-15,0.4354030713927121
2001-08-16,0.4359948287947424
2001-08-17,0.4350850899760577
2001-08-20,0.4349277993222823
2001-08-21,0.4348098305239286
2001-08-22,0.4350485727468508
2001-08-23,0.4350884179412393
2001-08-24,0.4350867504638362
2001-08-27,0.4347303748520512
2001-08-28,0.4346119749680153
2001-08-29,0.4352479557303473
2001-08-30,0.4343341139884922
2001-08-31,0.4330606711818349
2001-09-04,0.4330184294112889
2001-09-05,0.4336981140243524
2001-09-06,0.4339362380477469
2001-09-07,0.4341351053251706
2001-09-10,0.4347276446731595
2001-09-17,0.4344903270183562
2001-09-18,0.4343337836568155
2001-09-19,0.43551488222721
2001-09-20,0.4367643138163852
2001-09-21,0.4367781881810151
2001-09-24,0.4362376332647925
2001-09-25,0.4357347390109481
2001-09-26,0.4348023583746048
2001-09-27,0.4348426673997744
2001-09-28,0.4370707257921262
2001-10-01,0.4361313359423872
2001-10-02,0.4331566312118706
2001-10-03,0.4348034125308075
2001-10-04,0.4334301099584003
2001-10-05,0.4342944819032518
2001-10-08,0.433310765734767
2001-10-09,0.4329617436848883
2001-10-10,0.4326472899959651
2001-10-11,0.4326438577589753
2001-10-12,0.432124868767948
2001-10-15,0.4302268898141259
2001-10-16,0.4291661198432791
2001-10-17,0.4286823478400106
2001-10-18,0.4303430532520182
2001-10-19,0.4299381497876509
2001-10-22,0.4295801110162443
2001-10-23,0.4298125561903822
2001-10-24,0.4299769092965116
2001-10-25,0.4279399497914102
2001-10-26,0.429763588209648
2001-10-29,0.4289244586067371
2001-10-30,0.4290783400494023
2001-10-31,0.4294742114836148
2001-11-01,0.4294640922099416
2001-11-02,0.4298125561903822
2001-11-05,0.4305757875917064
2001-11-06,0.4299381497876509
2001-11-07,0.4294926675861311
2001-11-08,0.4285695419611333
2001-11-09,0.4294437256565243
2001-11-12,0.4295314199432452
2001-11-13,0.4295990845131933
2001-11-14,0.4299495333024271
2001-11-15,0.4293945961457253
2001-11-16,0.4295112869598707
2001-11-19,0.428171059557255
2001-11-20,0.4288403588532415
2001-11-21,0.4286736598748831
2001-11-23,0.4283001376281077
2001-11-26,0.4285331067161895
2001-11-27,0.4291570530490748
2001-11-28,0.4286767980419029
2001-11-29,0.4283398656655953
2001-11-30,0.4280926048457879
2001-12-03,0.4281189788604407
2001-12-04,0.4276252092139002
2001-12-05,0.427299961381494
2001-12-06,0.4275720411289659
2001-12-07,0.4280793331721171
2001-12-10,0.4279620340311014
2001-12-11,0.4279093121484331
2001-12-12,0.4275041447524123
2001-12-13,0.4273089985230235
2001-12-14,0.4280011182581008
2001-12-17,0.4284837987358676
2001-12-18,0.4283143503221841
2001-12-19,0.4279755481914585
2001-12-20,0.4283915227570936
2001-12-21,0.4254597613330572
2001-12-24,0.4259296492167911
2001-12-26,0.4251066227329126
2001-12-27,0.4242440270391986
2001-12-28,0.4247937899939199
2001-12-31,0.4248143776785259
2002-01-02,0.4263582079306152
2002-01-03,0.4257539454922325
2002-01-04,0.4256958975790028
2002-01-07,0.4260511733765736
2002-01-08,0.4266859712585129
2002-01-09,0.4269970381874844
2002-01-10,0.4264249726606609
2002-01-11,0.4277979436913343
2002-01-14,0.4276929929806783
2002-01-15,0.4270445867636319
2002-01-16,0.4268634132114703
2002-01-17,0.4263582079306152
2002-01-18,0.4264197754276014
2002-01-22,0.4258117643537369
2002-01-23,0.4255574561919779
2002-01-24,0.42492972762886
2002-01-25,0.4260083180120638
2002-01-28,0.425400548381304
2002-01-29,0.4252047670643405
2002-01-30,0.4254204606516185
2002-01-31,0.4251066227329126
2002-02-01,0.4251066227329126
2002-02-04,0.425165122189287
2002-02-05,0.4248887535732235
2002-02-06,0.4245318264895295
2002-02-07,0.4245139010221038
2002-02-08,0.4248100884906953
2002-02-11,0.4248887535732235
2002-02-12,0.4259326048744227
2002-02-13,0.4256565019430927
2002-02-14,0.4247131495004647
2002-02-15,0.4248307836805361
2002-02-19,0.4245956570267069
2002-02-20,0.4243176609487429
2002-02-21,0.4263457895184512
2002-02-22,0.4250462741952062
2002-02-25,0.4256770972267624
2002-02-26,0.426487155455764
2002-02-27,0.4265268864242557
2002-02-28,0.4255791091192752
2002-03-01,0.4245498380737054
2002-03-04,0.4254807702385279
2002-03-05,0.4255010666537206
2002-03-06,0.4257604717186078
2002-03-07,0.4265326155561513
2002-03-08,0.4249454753655008
2002-03-11,0.4263156585969586
2002-03-12,0.4275803566896646
2002-03-13,0.4278353162168737
2002-03-14,0.4277952360874881
2002-03-15,0.4271804135616188
2002-03-18,0.4265496618770739
2002-03-19,0.4259752766255669
2002-03-20,0.426333202205939
2002-03-21,0.4252036854923761
2002-03-22,0.4243702254246044
2002-03-25,0.4243920315663272
2002-03-26,0.4247870278455825
2002-03-27,0.4244888038662225
2002-03-28,0.4241111030682579
2002-04-01,0.424330731329017
2002-04-02,0.4238744599475078
2002-04-03,0.4238187609357027
2002-04-04,0.4236383913407531
2002-04-05,0.4239366690535469
2002-04-08,0.4231679685102709
2002-04-09,0.4221154420143956
2002-04-10,0.4207110440439198
2002-04-11,0.4190536302547013
2002-04-12,0.4194785561025903
2002-04-15,0.4200852090670373
2002-04-16,0.421040102165802
2002-04-17,0.4212742584464302
2002-04-18,0.422309404676168
2002-04-19,0.4220346321606014
2002-04-22,0.4230694724735652
2002-04-23,0.4229655760489521
2002-04-24,0.4223221995112519
2002-04-25,0.4229799769947921
2002-04-26,0.4235834646689032
2002-04-29,0.4237655471072628
2002-04-30,0.4238844926875636
2002-05-01,0.4242023938824613
2002-05-02,0.424902329256282
2002-05-03,0.4237349712959417
2002-05-06,0.4239577193400164
2002-05-07,0.4259664144427988
2002-05-08,0.426964347256936
2002-05-09,0.4264059042119581
2002-05-10,0.4266651984513431
2002-05-13,0.4267122025467995
2002-05-14,0.4265733828316441
2002-05-15,0.4260101568233502
2002-05-16,0.4265386788478363
2002-05-17,0.4254647325678147
2002-05-20,0.4246351748564963
2002-05-21,0.4254044128028049
2002-05-22,0.4253438466314683
2002-05-23,0.4256281469013728
2002-05-24,0.4253643177452765
2002-05-28,0.4259540760571222
2002-05-29,0.4257717602440332
2002-05-30,0.4256706564693107
2002-05-31,0.4253848899670835
2002-06-03,0.4257717602440332
2002-06-04,0.4252830325374457
2002-06-05,0.4251606544532875
2002-06-06,0.425405564047945
2002-06-07,0.4241766874467849
2002-06-10,0.423786834423258
2002-06-11,0.4236242567506093
2002-06-12,0.4239325295055865
2002-06-13,0.4237055115878627
2002-06-14,0.4251807980239741
2002-06-17,0.425262577076427
2002-06-18,0.425426340746375
2002-06-19,0.4245440762854393
2002-06-20,0.4247487812444038
2002-06-21,0.424792116801579
2002-06-24,0.425262577076427
2002-06-25,0.4242582097322226
2002-06-26,0.4242989964850061
2002-06-27,0.4243398003268685
2002-06-28,0.4239260817145321
2002-07-01,0.4245816389356834
2002-07-02,0.4233311301717625
2002-07-03,0.4234939993116033
2002-07-05,0.4230318475093921
2002-07-08,0.4236648756753202
2002-07-09,0.4239496844636246
2002-07-10,0.4248114021837224
2002-07-11,0.4245628107621469
2002-07-12,0.4244173354751201
2002-07-15,0.4233060749487736
2002-07-16,0.4235347593229304
2002-07-17,0.422736955954332
2002-07-18,0.421941855648564
2002-07-19,0.422224351774222
2002-07-22,0.4211689873401048
2002-07-23,0.4240146130954423
2002-07-24,0.4263301445983469
2002-07-25,0.4262717400665372
2002-07-26,0.4266781778878185
2002-07-29,0.427378700835322
2002-07-30,0.4271185721837906
2002-07-31,0.42687454888461
2002-08-01,0.4271185721837906
2002-08-02,0.4268986405152755
2002-08-05,0.4259849480630437
2002-08-06,0.4262671289757712
2002-08-07,0.4267122025467995
2002-08-08,0.4272878883647375
2002-08-09,0.4271664357412201
2002-08-12,0.427191106821709
2002-08-13,0.4262625606954576
2002-08-14,0.4267863124343187
2002-08-15,0.4269885013465963
2002-08-16,0.4276679170332157
2002-08-19,0.4261642030913833
2002-08-20,0.4264462456867747
2002-08-21,0.4266716578405009
2002-08-22,0.4265906186020926
2002-08-23,0.4263301445983469
2002-08-26,0.42653280124568
2002-08-27,0.4254647325678147
2002-08-28,0.4254243255921103
2002-08-29,0.4254449064019419
2002-08-30,0.4240316927632567
2002-09-03,0.4246783834599093
2002-09-04,0.4243530845106846
2002-09-05,0.424675540200206
2002-09-06,0.4234949695892647
2002-09-09,0.4235916963223542
2002-09-10,0.4225878032276871
2002-09-11,0.4222790988213112
2002-09-12,0.4215106966361585
2002-09-13,0.4212505313436501
2002-09-16,0.4215734922102808
2002-09-17,0.4219663707008003
2002-09-18,0.4222778290055711
2002-09-19,0.4217522909228839
2002-09-20,0.4218733153265195
2002-09-23,0.4219663707008003
2002-09-24,0.4210693405724277
2002-09-25,0.4209590493992156
2002-09-26,0.4220379380265443
2002-09-27,0.4222661365898159
2002-09-30,0.4219055364918713
2002-10-01,0.4224803337937824
2002-10-02,0.4225339247305972
2002-10-03,0.422238863540359
2002-10-04,0.422507286236046
2002-10-07,0.4228960077519759
2002-10-08,0.4248543648330247
2002-10-09,0.4243530845106846
2002-10-10,0.4244335984622612
2002-10-11,0.4246351748564963
2002-10-14,0.424675540200206
2002-10-15,0.4242324382353898
2002-10-16,0.423807897170223
2002-10-17,0.423985513325925
2002-10-18,0.4245729895912168
2002-10-21,0.4245360894655664
2002-10-22,0.4240086548901441
2002-10-23,0.4246538763426051
2002-10-24,0.4247777154108615
2002-10-25,0.4236484511463676
2002-10-28,0.4238106799698269
2002-10-29,0.4233248040518658
2002-10-30,0.4251812811506935
2002-10-31,0.4254863724113685
2002-11-01,0.4261624910245054
2002-11-04,0.4261809053875448
2002-11-05,0.4267153588509293
2002-11-06,0.4267085852030101
2002-11-07,0.4269961984335618
2002-11-08,0.4272021527234493
2002-11-11,0.4272181841082837
2002-11-12,0.4274653589365621
2002-11-13,0.4279345564945835
2002-11-14,0.4289561994473451
2002-11-15,0.4285826608372757
2002-11-18,0.4284452489109194
2002-11-19,0.4292591255343865
2002-11-20,0.4300721266885093
2002-11-21,0.4298635377846469
2002-11-22,0.4302393134507493
2002-11-25,0.4301974904084469
2002-11-26,0.4298218724894594
2002-11-27,0.4287359303566341
2002-11-29,0.4298333044821592
2002-12-02,0.4306841503772772
2002-12-03,0.430127403301536
2002-12-04,0.4300110049771049
2002-12-05,0.4293729013624533
2002-12-06,0.4298535056536204
2002-12-09,0.4291460059580153
2002-12-10,0.4296448934506693
2002-12-11,0.4288315298775039
2002-12-12,0.4295091197545937
2002-12-13,0.4286527913127899
2002-12-16,0.4278372877910223
2002-12-17,0.4278641162229566
2002-12-18,0.426639387762216
2002-12-19,0.4264147185103148
2002-12-20,0.4264381760651008
2002-12-23,0.426479684046245
2002-12-24,0.426954277698313
2002-12-26,0.4267879436491446
2002-12-27,0.425900164696978
2002-12-30,0.4251183359966827
2002-12-31,0.4244173354751201
2003-01-02,0.4247050485211314
2003-01-03,0.4244769871713234
2003-01-06,0.4239195720596391
2003-01-07,0.4244956824058935
2003-01-08,0.4245593526548826
2003-01-09,0.424454418448766
2003-01-10,0.4237239071495907
2003-01-13,0.4258228100338624
2003-01-14,0.4256762450158817
2003-01-15,0.4264437359247363
2003-01-16,0.4267117186210899
2003-01-17,0.426954277698313
2003-01-21,0.4275433126117032
2003-01-22,0.4280577028497953
2003-01-23,0.4287106113066881
2003-01-24,0.4300012543893134
2003-01-27,0.4300948995305882
2003-01-28,0.4302629012482407
2003-01-29,0.4315022382308504
2003-01-30,0.4317260003724417
2003-01-31,0.4314598822063522
2003-02-03,0.4314598822063522
2003-02-04,0.4311990827962608
2003-02-05,0.4312414261660047
2003-02-06,0.430380182098426
2003-02-07,0.4294035674908893
2003-02-10,0.4297075281022459
2003-02-11,0.4290572930799115
2003-02-12,0.4294873391914625
2003-02-13,0.4296970783376126
2003-02-14,0.4282944667716185
2003-02-18,0.4286850605283947
2003-02-19,0.4291476647541035
2003-02-20,0.4293586555757178
2003-02-21,0.429538699069253
2003-02-24,0.4289669879980063
2003-02-25,0.4290091727025206
2003-02-26,0.4291898270095233
2003-02-27,0.4295809285312033
2003-02-28,0.4294542940168713
2003-03-03,0.4291898270095233
2003-03-04,0.429633864350685
2003-03-05,0.4303622459336933
2003-03-06,0.431574609300035
2003-03-07,0.4308954447625404
2003-03-10,0.4306336044292858
2003-03-11,0.431926788245589
2003-03-12,0.4317625260809173
2003-03-13,0.4317024682715942
2003-03-14,0.4320442266063871
2003-03-17,0.4315320259534447
2003-03-18,0.4323058815238196
2003-03-19,0.4320066908812117
2003-03-20,0.431574609300035
2003-03-21,0.4317260003724417
2003-03-24,0.4318105655126386
2003-03-25,0.4314175441275227
2003-03-26,0.4320596095333101
2003-03-27,0.4318049126173841
2003-03-28,0.4312906374401366
2003-03-31,0.4306502480451396
2003-04-01,0.4302537124262799
2003-04-02,0.4304558262100959
2003-04-03,0.4310998924026749
2003-04-04,0.43084528323978
2003-04-07,0.4307263734392985
2003-04-08,0.4312061224814301
2003-04-09,0.4319375473829251
2003-04-10,0.4305660794604354
2003-04-11,0.4309530061089445
2003-04-14,0.4315992865737766
2003-04-15,0.4310446914842508
2003-04-16,0.4307925653783923
2003-04-17,0.4307846179558186
2003-04-21,0.4302629012482407
2003-04-22,0.4305660794604354
2003-04-23,0.4299271811628197
2003-04-24,0.4306502480451396
2003-04-25,0.4309185487609609
2003-04-28,0.4315570843010913
2003-04-29,0.4313818536038243
2003-04-30,0.4310446914842508
2003-05-01,0.4309530061089445
2003-05-02,0.4319375473829251
2003-05-05,0.4315931593319601
2003-05-06,0.4319746385354144
2003-05-07,0.4331384613357338
2003-05-08,0.4324130992715433
2003-05-09,0.4330533560419361
2003-05-12,0.4343372600586292
2003-05-13,0.4344228707857803
2003-05-14,0.4339948631233186
2003-05-15,0.4347221092961024
2003-05-16,0.434892311621522
2003-05-19,0.4342089799457755
2003-05-20,0.4339948631233186
2003-05-21,0.4351945980988539
2003-05-22,0.435022528598713
2003-05-23,0.4345514231072139
2003-05-27,0.4345080693135418
2003-05-28,0.4349351493416695
2003-05-29,0.4349351493416695
2003-05-30,0.4363881855473415
2003-06-02,0.4366475519661431
2003-06-03,0.4365661737917538
2003-06-04,0.4377197869719692
2003-06-05,0.4372920518581443
2003-06-06,0.43758923501867
2003-06-09,0.4378069143884739
2003-06-10,0.4374225154685116
2003-06-11,0.4375967267760883
2003-06-12,0.4378149096619873
2003-06-13,0.4376762511109935
2003-06-16,0.4371682755187935
2003-06-17,0.4376403260874209
2003-06-18,0.4372620736937422
2003-06-19,0.4377791662071254
2003-06-20,0.4370005538968961
2003-06-23,0.435415196111892
2003-06-24,0.4361069247383879
2003-06-25,0.4355424575124513
2003-06-26,0.4353694053802077
2003-06-27,0.4354558945121197
2003-06-30,0.4355828266196979
2003-07-01,0.4354100969531415
2003-07-02,0.4347240571948146
2003-07-03,0.4341227723062453
2003-07-07,0.4336491422784048
2003-07-08,0.4331331889602752
2003-07-09,0.4322297681098553
2003-07-10,0.4325748828523612
2003-07-11,0.4335634083963108
2003-07-14,0.4336491422784048
2003-07-15,0.4343374549892073
2003-07-16,0.4345095304637501
2003-07-17,0.4336934079591726
2003-07-18,0.4347230810322648
2003-07-21,0.4347649717400015
2003-07-22,0.4352785054489768
2003-07-23,0.4356599707078748
2003-07-24,0.4350176028255658
2003-07-25,0.434974922832553
2003-07-28,0.4355283811404781
2003-07-29,0.4359965237850807
2003-07-30,0.4364217269919053
2003-07-31,0.4370131302284142
2003-08-01,0.436674643520494
2003-08-04,0.4367980952807033
2003-08-05,0.437681343752306
2003-08-06,0.439577219664201
2003-08-07,0.4385268738925588
2003-08-08,0.4376383045158148
2003-08-11,0.4389494671196189
2003-08-12,0.4410607572289448
2003-08-13,0.4406245231830438
2003-08-14,0.4404643385332693
2003-08-15,0.4392530023446077
2003-08-18,0.4406529789902199
2003-08-19,0.4403473004195114
2003-08-20,0.4396640029076819
2003-08-21,0.4397820056100578
2003-08-22,0.4406103905846914
2003-08-25,0.4411611725591846
2003-08-26,0.4412483474994559
2003-08-27,0.4406245231830438
2003-08-28,0.4405079060698766
2003-08-29,0.440857110106336
2003-09-02,0.441586679840296
2003-09-03,0.4409157117170065
2003-09-04,0.4401557937970735
2003-09-05,0.4411351672590007
2003-09-08,0.4408280598473126
2003-09-09,0.4408718764846195
2003-09-10,0.4428551747501957
2003-09-11,0.4426344530085578
2003-09-12,0.4426344530085578
2003-09-15,0.4427037993283665
2003-09-16,0.4429489099802818
2003-09-17,0.4429241929933048
2003-09-18,0.4412202246086227
2003-09-19,0.4411765454848018
2003-09-22,0.4422644092555273
2003-09-23,0.4426224614426153
2003-09-24,0.4418972598503805
2003-09-25,0.4422289252665388
2003-09-26,0.4413911731474456
2003-09-29,0.4421591753426854
2003-09-30,0.4416087931580864
2003-10-01,0.4414505980269002
2003-10-02,0.4419312789961112
2003-10-03,0.4418705422474933
2003-10-06,0.4431100810688659
2003-10-07,0.4433531868340208
2003-10-08,0.4439696429455857
2003-10-09,0.444605625589522
2003-10-10,0.4442987878081972
2003-10-13,0.4455891241024363
2003-10-14,0.4454763875493882
2003-10-15,0.4465253208744298
2003-10-16,0.4470605003408572
2003-10-17,0.4466035049671086
2003-10-20,0.4461206074527183
2003-10-21,0.4458835232137667
2003-10-22,0.4467962291502624
2003-10-23,0.4467082857350495
2003-10-24,0.4466204156432321
2003-10-27,0.4470324980187715
2003-10-28,0.4481355676686139
2003-10-29,0.4473717444562097
2003-10-30,0.4471521820900357
2003-10-31,0.4476066590846211
2003-11-03,0.4481935042533727
2003-11-04,0.4486171270411827
2003-11-05,0.4485859276090118
2003-11-06,0.4506387206372436
2003-11-07,0.4507004456840364
2003-11-10,0.4494046502623825
2003-11-11,0.4499959261238012
2003-11-12,0.4518492863627535
2003-11-13,0.450962335656575
2003-11-14,0.4508746756005515
2003-11-17,0.4511017695687025
2003-11-18,0.4503066317274796
2003-11-19,0.450708129107695
2003-11-20,0.4511894423488021
2003-11-21,0.4516424098397158
2003-11-24,0.4516424098397158
2003-11-25,0.4521318346550557
2003-11-26,0.4528466808336072
2003-11-28,0.45285107380631
2003-12-01,0.4544083137780021
2003-12-02,0.4546753630881935
2003-12-03,0.4551640526759505
2003-12-04,0.4557398243387016
2003-12-05,0.4557829838031183
2003-12-08,0.4552078287761141
2003-12-09,0.4550314695595997
2003-12-10,0.4556029045577834
2003-12-11,0.4545918230916298
2003-12-12,0.4548993881744293
2003-12-15,0.4546357075116099
2003-12-16,0.4550756167463447
2003-12-17,0.4545052811373948
2003-12-18,0.4542867189142798
2003-12-19,0.4548131818740886
2003-12-22,0.4548574036195303
2003-12-23,0.4544217930959072
2003-12-24,0.4547714628321542
2003-12-26,0.4557729404816322
2003-12-29,0.45646905516992
2003-12-30,0.4563377297149105
2003-12-31,0.4543363646852082
2004-01-02,0.454248038701593
2004-01-05,0.4538557206555896
2004-01-06,0.4533302632804677
2004-01-07,0.454988925783701
2004-01-08,0.4549894186481573
2004-01-09,0.4539900658485724
2004-01-12,0.455250211048605
2004-01-13,0.4550324707907143
2004-01-14,0.4548579005708242
2004-01-15,0.4543769211815833
2004-01-16,0.4535902753685851
2004-01-20,0.45455229229013
2004-01-21,0.4543769211815833
2004-01-22,0.4558617535313379
2004-01-23,0.4568200322500508
2004-01-26,0.4570363332144504
2004-01-27,0.456904570465617
2004-01-28,0.4570363332144504
2004-01-29,0.4571242635176092
2004-01-30,0.4569484737033147
2004-02-02,0.4557741792343365
2004-02-03,0.4559462611484713
2004-02-04,0.4551629644891325
2004-02-05,0.4556399917467291
2004-02-06,0.4556834694167118
2004-02-09,0.455943147493155
2004-02-10,0.4558126999459823
2004-02-11,0.4550329629246519
2004-02-12,0.4549460551534662
2004-02-13,0.4542080949308724
2004-02-17,0.4555539065551522
2004-02-18,0.4576342447309158
2004-02-19,0.4578047611396679
2004-02-20,0.458533358439587
2004-02-23,0.458351858340303
2004-02-24,0.4579642151109304
2004-02-25,0.4573671750445116
2004-02-26,0.4577171037155342
2004-02-27,0.4585269607745687
2004-03-01,0.4579205571054603
2004-03-02,0.4588639494822323
2004-03-03,0.4579856846504301
2004-03-04,0.4575557357298715
2004-03-05,0.4572004395261916
2004-03-08,0.4572482257871554
2004-03-09,0.4566823658014075
2004-03-10,0.4568573982927857
2004-03-11,0.45788727856188
2004-03-12,0.4578820878174971
2004-03-15,0.4563767337271162
2004-03-16,0.4561609084180291
2004-03-17,0.4575072405409071
2004-03-18,0.4579856846504301
2004-03-19,0.457941692885246
2004-03-22,0.4566415215571477
2004-03-23,0.4563354314925764
2004-03-24,0.4561609084180291
2004-03-25,0.4565512756262858
2004-03-26,0.4574766945208611
2004-03-29,0.4565128655340892
2004-03-30,0.4558603484810182
2004-03-31,0.4559915923996467
2004-04-01,0.4560773613531099
2004-04-02,0.4573003368737334
2004-04-05,0.4564252624197235
2004-04-06,0.4553373636380303
2004-04-07,0.4558179575624909
2004-04-08,0.4556419601707661
2004-04-12,0.4540271044756638
2004-04-13,0.4539857852863674
2004-04-14,0.4539424130031721
2004-04-15,0.4543348810039936
2004-04-16,0.4536392938632078
2004-04-19,0.4531140646306646
2004-04-20,0.4530747499190062
2004-04-21,0.4534233003268406
2004-04-22,0.4538173317698453
2004-04-23,0.4541160067110051
2004-04-26,0.4534168643293503
2004-04-27,0.4536364881220042
2004-04-28,0.4545087750692057
2004-04-29,0.4545533659911461
2004-04-30,0.4531931903051253
2004-05-03,0.4523613906453515
2004-05-04,0.4519863855831768
2004-05-05,0.4513287042364928
2004-05-06,0.4489448918435296
2004-05-07,0.4492453078375708
2004-05-10,0.4501561668368112
2004-05-11,0.447795063240587
2004-05-12,0.4477521706932865
2004-05-13,0.4484579337772613
2004-05-14,0.4491768750275343
2004-05-17,0.4495033990798239
2004-05-18,0.4501324554505151
2004-05-19,0.4500454738801697
2004-05-20,0.4491680791068118
2004-05-21,0.4497519628737262
2004-05-24,0.4485775610323403
2004-05-25,0.4491593879948726
2004-05-26,0.4505344098225912
2004-05-27,0.4512063369939707
2004-05-28,0.452621058773475
2004-06-01,0.4533669064809583
2004-06-02,0.4546393792581305
2004-06-03,0.4547280225782357
2004-06-04,0.4541197979201595
2004-06-07,0.4553369523765417
2004-06-08,0.4552494741541713
2004-06-09,0.45472876149169
2004-06-10,0.4542063725724806
2004-06-14,0.4541648802318487
2004-06-15,0.4477670427518746
2004-06-16,0.4466566931966896
2004-06-17,0.4479251391109656
2004-06-18,0.4484405458361697
2004-06-21,0.4484965356437868
2004-06-22,0.4477235568545505
2004-06-23,0.4462615480663983
2004-06-24,0.446560932350807
2004-06-25,0.4470643968352071
2004-06-28,0.4480234895585356
2004-06-29,0.4479805899479923
2004-06-30,0.4478091651872899
2004-07-01,0.4464066160203702
2004-07-02,0.4456102947499564
2004-07-06,0.4453117992268692
2004-07-07,0.4459275009209565
2004-07-08,0.4453307644152598
2004-07-09,0.4455009147369305
2004-07-12,0.4447820813635996
2004-07-13,0.4451841321106029
2004-07-14,0.4448868454783216
2004-07-15,0.445245792633721
2004-07-16,0.4451841321106029
2004-07-19,0.4463639433962676
2004-07-20,0.4466103830399165
2004-07-21,0.4469247584185407
2004-07-22,0.4469830669515732
2004-07-23,0.4468979558216501
2004-07-26,0.4463295618468462
2004-07-27,0.4474244723725539
2004-07-28,0.4469247584185407
2004-07-29,0.4477377633825121
2004-07-30,0.4490422903516359
2004-08-02,0.4498561268691495
2004-08-03,0.4505606112959271
2004-08-04,0.4498334788914612
2004-08-05,0.4508776473903308
2004-08-06,0.4507573711230107
2004-08-09,0.4510141685815374
2004-08-10,0.4513145470035619
2004-08-11,0.4509205352694272
2004-08-12,0.4512286385236587
2004-08-13,0.451622426032523
2004-08-16,0.451701990286088
2004-08-17,0.4512137991891307
2004-08-18,0.4516588717798906
2004-08-19,0.4514435391169901
2004-08-20,0.4518009209748809
2004-08-23,0.4518072058690316
2004-08-24,0.4522427305139919
2004-08-25,0.4522857514297462
2004-08-26,0.4516719965792902
2004-08-27,0.4506292034238882
2004-08-30,0.4505950842875034
2004-08-31,0.450212363012907
2004-09-01,0.4500427043976739
2004-09-02,0.4510450981640424
2004-09-03,0.4517342165858146
2004-09-07,0.4514781611429783
2004-09-08,0.4513149578215689
2004-09-09,0.4523925177133909
2004-09-10,0.4523497820639101
2004-09-13,0.4516553274352841
2004-09-14,0.4507395334581691
2004-09-15,0.4514355446682634
2004-09-16,0.4512300341907099
2004-09-17,0.4512652481709082
2004-09-20,0.4523497820639101
2004-09-21,0.4519233583951487
2004-09-22,0.4523976373818426
2004-09-23,0.4534360274566276
2004-09-24,0.4535187259493824
2004-09-27,0.4532185064787012
2004-09-28,0.4540394109522275
2004-09-29,0.4540804612863471
2004-09-30,0.4531291475318961
2004-10-01,0.4529108393876073
2004-10-04,0.4536046566966593
2004-10-05,0.4539105086692921
2004-10-06,0.454086293269646
2004-10-07,0.455420597895894
2004-10-08,0.4549047341382444
2004-10-11,0.4555482447271706
2004-10-12,0.4553337173776973
2004-10-13,0.4551196133134186
2004-10-14,0.4551196133134186
2004-10-15,0.4547760108569093
2004-10-18,0.4554636639261837
2004-10-19,0.457133920699286
2004-10-20,0.456532630503832
2004-10-21,0.4559339456897668
2004-10-22,0.4564489407574753
2004-10-25,0.456705159109169
2004-10-26,0.4569245686383196
2004-10-27,0.4577797320589196
2004-10-28,0.4571810251104375
2004-10-29,0.4564972285865142
2004-11-01,0.4570980398481946
2004-11-02,0.4564489407574753
2004-11-03,0.4554200366265484
2004-11-04,0.4558923723452728
2004-11-05,0.4566216563019318
2004-11-08,0.4568812438970026
2004-11-09,0.4571810251104375
2004-11-10,0.4565784517408269
2004-11-11,0.4559785747741227
2004-11-12,0.4545618114725918
2004-11-15,0.4555490445045991
2004-11-16,0.4560613295154558
2004-11-17,0.4560595812693899
2004-11-18,0.4563986566413286
2004-11-19,0.4559294214723856
2004-11-22,0.4564819387421869
2004-11-23,0.4556730396068639
2004-11-24,0.4560970560987795
2004-11-26,0.4558852315633618
2004-11-29,0.4552895979215993
2004-11-30,0.4543143279122894
2004-12-01,0.4547804415886595
2004-12-02,0.4542282677040942
2004-12-03,0.4539749405827473
2004-12-06,0.4538906300366439
2004-12-07,0.4533056243118102
2004-12-08,0.4533893237348574
2004-12-09,0.453009324382748
2004-12-10,0.4533343740477076
2004-12-13,0.4536801412468295
2004-12-14,0.4530435122601245
2004-12-15,0.453514994833897
2004-12-16,0.454189435542942
2004-12-17,0.4540211681993671
2004-12-20,0.4549508282663407
2004-12-21,0.4553305772695969
2004-12-22,0.4549511371563456
2004-12-23,0.4556669648944234
2004-12-27,0.4551616962013582
2004-12-28,0.4549939218632602
2004-12-29,0.4548679180714948
2004-12-30,0.4542813702775951
2004-12-31,0.455622006075755
2005-01-03,0.4554536760786142
2005-01-04,0.4559118163820199
2005-01-05,0.4569077957293789
2005-01-06,0.4568239698515048
2005-01-07,0.4569849425012769
2005-01-10,0.4562764986656459
2005-01-11,0.4538347647473467
2005-01-12,0.4534174156497538
2005-01-13,0.4527194242155805
2005-01-14,0.4534645873818203
2005-01-18,0.4532561340067469
2005-01-19,0.4536674715399432
2005-01-20,0.4542889339960624
2005-01-21,0.4538759740494562
2005-01-24,0.4532150864458239
2005-01-25,0.452418776926251
2005-01-26,0.4530398365992558
2005-01-27,0.4530024728279284
2005-01-28,0.45283404677103
2005-01-31,0.4524646141476123
2005-02-01,0.4514871269144238
2005-02-02,0.451664022894916
2005-02-03,0.4509243625334347
2005-02-04,0.451645166756878
2005-02-07,0.451645166756878
2005-02-08,0.4517275826656544
2005-02-09,0.4518572650353716
2005-02-10,0.4521979880681662
2005-02-11,0.451610364310661
2005-02-14,0.4517870099031902
2005-02-15,0.4489746147989547
2005-02-16,0.4484073917423605
2005-02-17,0.4490483381494006
2005-02-18,0.4494430911591605
2005-02-22,0.4478571393480622
2005-02-23,0.446455856501931
2005-02-24,0.4473843998345346
2005-02-25,0.4479927875033569
2005-02-28,0.4480739248878966
2005-03-01,0.4485047031838817
2005-03-02,0.4468839118205633
2005-03-03,0.4461901742310425
2005-03-04,0.4458908917835973
2005-03-07,0.4463518939551802
2005-03-08,0.4458908917835973
2005-03-09,0.4464891655007222
2005-03-10,0.4472628210507858
2005-03-11,0.4478174066256906
2005-03-14,0.4484519864136765
2005-03-15,0.4492486881274838
2005-03-16,0.4503994101717318
2005-03-17,0.4499006890453957
2005-03-18,0.4504895808406354
2005-03-21,0.4503757693361662
2005-03-22,0.4513776009388044
2005-03-23,0.4506691506569433
2005-03-24,0.4499508269404494
2005-03-28,0.4495244259620126
2005-03-29,0.4488236691431919
2005-03-30,0.4491183725696653
2005-03-31,0.4491183725696653
2005-04-01,0.4491183725696653
2005-04-04,0.4478571393480622
2005-04-05,0.4480057470098538
2005-04-06,0.4483707120647627
2005-04-07,0.4488007722127581
2005-04-08,0.4496058229826397
2005-04-11,0.4490152469562102
2005-04-12,0.4492700066110405
2005-04-13,0.4493513606676635
2005-04-14,0.4488707038090832
2005-04-15,0.4487716868985725
2005-04-18,0.4493001079601766
2005-04-19,0.4491671082864099
2005-04-20,0.4490965579258056
2005-04-21,0.4494327770081643
2005-04-22,0.4493711753863882
2005-04-25,0.4497492940540222
2005-04-26,0.4506367431136922
2005-04-27,0.4506039367912299
2005-04-28,0.4507099011934153
2005-04-29,0.4506610927799995
2005-05-02,0.4500322472800319
2005-05-03,0.4507836079913023
2005-05-04,0.4503030939556232
2005-05-05,0.4500955160586634
2005-05-06,0.4501364255765745
2005-05-09,0.4497492940540222
2005-05-10,0.4505547081605439
2005-05-11,0.4505630001116633
2005-05-12,0.450620285579957
2005-05-13,0.4500506168416533
2005-05-16,0.4496971282596695
2005-05-17,0.4497378093020098
2005-05-18,0.4490263173646924
2005-05-19,0.4484519864136765
2005-05-20,0.448155124494984
2005-05-23,0.4483952095678126
2005-05-24,0.4486672142815652
2005-05-25,0.4496058229826397
2005-05-26,0.4496158127790533
2005-05-27,0.4490263173646924
2005-05-31,0.4487946432572763
2005-06-01,0.4457931273744019
2005-06-02,0.4456372338876561
2005-06-03,0.4454625492316271
2005-06-06,0.4453000219935548
2005-06-07,0.4448759149638185
2005-06-08,0.4445131725074661
2005-06-09,0.4444114599085962
2005-06-10,0.4448139465099576
2005-06-13,0.4463358036170173
2005-06-14,0.4473010164461622
2005-06-15,0.4484849449063051
2005-06-16,0.4507279157478024
2005-06-17,0.4514605738512778
2005-06-20,0.4505874687541714
2005-06-21,0.4514259800347619
2005-06-22,0.4513915254524266
2005-06-23,0.4516801094689431
2005-06-24,0.4521047354584553
2005-06-27,0.4521460360675513
2005-06-28,0.4532773040895218
2005-06-29,0.4528588417505836
2005-06-30,0.4510552784778897
2005-07-01,0.4513434908928624
2005-07-05,0.4506285673446382
2005-07-06,0.4515975775466105
2005-07-07,0.4514605738512778
2005-07-08,0.4516611998967922
2005-07-11,0.4518273492100128
2005-07-12,0.4524624854607713
2005-07-13,0.4511497758560883
2005-07-14,0.4512255831248723
2005-07-15,0.4513572860528231
2005-07-18,0.4517918896207766
2005-07-19,0.4524257683076323
2005-07-20,0.4515846972563696
2005-07-21,0.4514538748166045
2005-07-22,0.4518333761883052
2005-07-25,0.4517918896207766
2005-07-26,0.4515911491562808
2005-07-27,0.4515911491562808
2005-07-28,0.4514672484453682
2005-07-29,0.452809014346727
2005-08-01,0.4533603671322836
2005-08-02,0.4528547216661095
2005-08-03,0.4533122500737533
2005-08-04,0.4535597802572741
2005-08-05,0.4527588411721969
2005-08-08,0.4525458398341904
2005-08-09,0.4530511283111026
2005-08-10,0.453514994833897
2005-08-11,0.4536044192245945
2005-08-12,0.4541089809630552
2005-08-15,0.4548249516890885
2005-08-16,0.4549936926324628
2005-08-17,0.4552033360732134
2005-08-18,0.4549102084627888
2005-08-19,0.4556639772748108
2005-08-22,0.455788770051029
2005-08-23,0.4555373526927248
2005-08-24,0.4561613011737325
2005-08-25,0.4564942676157673
2005-08-26,0.4563685785380346
2005-08-29,0.4570336554459468
2005-08-30,0.4558268731489812
2005-08-31,0.4552440894444989
2005-09-01,0.4549535681625655
2005-09-02,0.4552024322451403
2005-09-06,0.4549535681625655
2005-09-07,0.4555767256210598
2005-09-08,0.4559506600312084
2005-09-09,0.45590895635175
2005-09-12,0.4556183768960624
2005-09-13,0.4559521631651383
2005-09-14,0.4572399076220326
2005-09-15,0.4565310857827501
2005-09-16,0.4567372876075933
2005-09-19,0.4564451589106573
2005-09-20,0.4549105888319779
2005-09-21,0.4543288896401731
2005-09-22,0.453491013354611
2005-09-23,0.4533635631433772
2005-09-26,0.452569218243438
2005-09-27,0.4544092823177897
2005-09-28,0.4537035852531454
2005-09-29,0.4534525996307085
2005-09-30,0.4538277854941885
2005-10-03,0.4543703629868724
2005-10-04,0.4542029082547103
2005-10-05,0.4542874321920784
2005-10-06,0.4537449694566083
2005-10-07,0.4537839515743105
2005-10-10,0.4549941502609733
2005-10-11,0.4545760002881392
2005-10-12,0.4547429754530666
2005-10-13,0.4545342967089095
2005-10-14,0.4549939218632602
2005-10-17,0.4539478831357688
2005-10-18,0.4543676429358728
2005-10-19,0.4541199552657063
2005-10-20,0.4544105696086385
2005-10-21,0.4543690054255958
2005-10-24,0.4543676429358728
2005-10-25,0.4557059646963149
2005-10-26,0.4555381123039693
2005-10-27,0.4550361069183258
2005-10-28,0.4555381123039693
2005-10-31,0.4555381123039693
2005-11-01,0.4545740176701249
2005-11-02,0.4550354965051082
2005-11-03,0.4553714340868012
2005-11-04,0.4534609172471946
2005-11-07,0.4534454481748022
2005-11-08,0.4531513512546105
2005-11-09,0.4534060557088964
2005-11-10,0.4524027378633819
2005-11-11,0.4506121260105316
2005-11-14,0.4505692786999178
2005-11-15,0.4506121260105316
2005-11-16,0.4496423287766314
2005-11-17,0.4492047773010248
2005-11-18,0.4491195622404388
2005-11-21,0.4503980612001491
2005-11-22,0.4513361175545098
2005-11-23,0.4509948049709751
2005-11-25,0.4514712890100071
2005-11-28,0.4529024949794885
2005-11-29,0.4529066750497379
2005-11-30,0.4532185064787012
2005-12-01,0.453222068858999
2005-12-02,0.4531291475318961
2005-12-05,0.4545565628470541
2005-12-06,0.4545156450460632
2005-12-07,0.4538270833963756
2005-12-08,0.4534880529803882
2005-12-09,0.4523228382059598
2005-12-12,0.4527147912404959
2005-12-13,0.452582731774055
2005-12-14,0.4527997608372362
2005-12-15,0.4524179252591086
2005-12-16,0.4519109129778249
2005-12-19,0.4506879686294509
2005-12-20,0.4507885022004186
2005-12-21,0.4503513018909808
2005-12-22,0.4508989254850863
2005-12-23,0.4508144927651265
2005-12-27,0.4519353107677177
2005-12-28,0.4512518237530734
2005-12-29,0.4512868851289944
2005-12-30,0.4496189271706187
2006-01-03,0.4503334340674169
2006-01-04,0.450764155469983
2006-01-05,0.450239986574325
2006-01-06,0.4513220918806063
2006-01-09,0.4514069263262539
2006-01-10,0.4526158789910433
2006-01-11,0.451505392711622
2006-01-12,0.4516324026598728
2006-01-13,0.4519894277453047
2006-01-17,0.4518566408320985
2006-01-18,0.4515676383857275
2006-01-19,0.450762714781967
2006-01-20,0.4506037819916193
2006-01-23,0.4501506891556164
2006-01-24,0.450528079883931
2006-01-25,0.4499833876123107
2006-01-26,0.4495038142269832
2006-01-27,0.4497329267562044
2006-01-30,0.4490757569556681
2006-01-31,0.4490757569556681
2006-02-01,0.4483444675116793
2006-02-02,0.4474741647231004
2006-02-03,0.4484025553984372
2006-02-06,0.4486653341173616
2006-02-07,0.4482902038735192
2006-02-08,0.4491898065612871
2006-02-09,0.4495247383075718
2006-02-10,0.4493678884455402
2006-02-13,0.4486062044407594
2006-02-14,0.4485524149954666
2006-02-15,0.4491062382318913
2006-02-16,0.4490757569556681
2006-02-17,0.4510485687630666
2006-02-21,0.4509302849146279
2006-02-22,0.4516227500404055
2006-02-23,0.4523908336231192
2006-02-24,0.4533310708046783
2006-02-27,0.4539728281048475
2006-02-28,0.4532989497909471
2006-03-01,0.4527038782238031
2006-03-02,0.4521440248084402
2006-03-03,0.4518448987581979
2006-03-06,0.4523538628243583
2006-03-07,0.4524848367859032
2006-03-08,0.4524059159688606
2006-03-09,0.451868926796835
2006-03-10,0.4511840222849704
2006-03-13,0.4514819855061869
2006-03-14,0.4517857877368196
2006-03-15,0.451957932263182
2006-03-16,0.4517089646108261
2006-03-17,0.4517979692085587
2006-03-20,0.451886717687934
2006-03-21,0.4526888286580656
2006-03-22,0.4519163974993237
2006-03-23,0.4515846972563696
2006-03-24,0.4500081360920269
2006-03-27,0.4506451959869649
2006-03-28,0.4499351763119656
2006-03-29,0.4504472381154991
2006-03-30,0.4499951058022514
2006-03-31,0.4498311682964933
2006-04-03,0.4493711753863882
2006-04-04,0.4499131055194294
2006-04-05,0.4503412088873107
2006-04-06,0.4505957177601407
2006-04-07,0.4502182917269777
2006-04-10,0.4499822223980544
2006-04-11,0.4493408647785357
2006-04-12,0.449768803989463
2006-04-13,0.4481804263979026
2006-04-17,0.4491292207372849
2006-04-18,0.4471590261992032
2006-04-19,0.4478035309304529
2006-04-20,0.4471188749307262
2006-04-21,0.4478167978111626
2006-04-24,0.4487946432572763
2006-04-25,0.4490965579258056
2006-04-26,0.4488007722127581
2006-04-27,0.4497182258153586
2006-04-28,0.4490965579258056
2006-05-01,0.4497999234027068
2006-05-02,0.4506039367912299
2006-05-03,0.4507348119531814
2006-05-04,0.4506610927799995
2006-05-05,0.4504487636877785
2006-05-08,0.451610364310661
2006-05-09,0.4501137298609299
2006-05-10,0.4501634799343696
2006-05-11,0.450693900981196
2006-05-12,0.451863183076731
2006-05-15,0.4518220670243536
2006-05-16,0.4519866258822291
2006-05-17,0.4515281902976543
2006-05-18,0.4516514749602305
2006-05-19,0.4511375457000766
2006-05-22,0.4523011316047805
2006-05-23,0.4510964041807499
2006-05-24,0.4509319961685654
2006-05-25,0.4523527777361779
2006-05-26,0.4516863667902303
2006-05-30,0.4523628209195482
2006-05-31,0.4524040686836112
2006-06-01,0.4521406149338311
2006-06-02,0.4525279070579967
2006-06-05,0.4525279070579967
2006-06-06,0.4521406149338311
2006-06-07,0.4521351739971032
2006-06-08,0.452763157570168
2006-06-09,0.4518393811398921
2006-06-12,0.4517504190983376
2006-06-13,0.451645166756878
2006-06-14,0.4519752111612163
2006-06-15,0.4528174191927254
2006-06-16,0.4529417347278158
2006-06-19,0.4526932471215801
2006-06-20,0.4525137076183645
2006-06-21,0.4528962349135755
2006-06-22,0.4527674582127078
2006-06-23,0.4524208325042029
2006-06-26,0.4528464362806487
2006-06-27,0.4525411126251663
2006-06-28,0.4521967589228134
2006-06-29,0.4497646797335579
2006-06-30,0.4497646797335579
2006-07-03,0.4501885292596748
2006-07-05,0.4498607276282476
2006-07-06,0.4489161599516398
2006-07-07,0.4495142557107203
2006-07-10,0.4498186709400343
2006-07-11,0.4491787139047717
2006-07-12,0.4484860523030676
2006-07-13,0.4486830228889125
2006-07-14,0.4478894548835291
2006-07-17,0.4481394137174791
2006-07-18,0.4470415895759415
2006-07-19,0.4482774332365442
2006-07-20,0.4489464637914215
2006-07-21,0.4481239045622536
2006-07-24,0.449053158270399
2006-07-25,0.4492935129495017
2006-07-26,0.4492515186098113
2006-07-27,0.4486830228889125
2006-07-28,0.4482228646251056
2006-07-31,0.4493355238821303
2006-08-01,0.4501555901346883
2006-08-02,0.4502822098497285
2006-08-03,0.4506713361149679
2006-08-04,0.4517171596640589
2006-08-07,0.4513220918806063
2006-08-08,0.4524453322880618
2006-08-09,0.4517107803764689
2006-08-10,0.4521845243190612
2006-08-11,0.4512023070660051
2006-08-14,0.4508225311035966
2006-08-15,0.4509068092760516
2006-08-16,0.4512023070660051
2006-08-17,0.4508989254850863
2006-08-18,0.4509834249426572
2006-08-21,0.4512023070660051
2006-08-22,0.4510906284598261
2006-08-23,0.449702738513927
2006-08-24,0.4494409064367213
2006-08-25,0.4467972682905454
2006-08-28,0.4450009302504615
2006-08-29,0.4441063783092444
2006-08-30,0.4434191827120737
2006-08-31,0.442876067250992
2006-09-01,0.4433968555425586
2006-09-05,0.4438147526440388
2006-09-06,0.444210233327967
2006-09-07,0.4434606721032582
2006-09-08,0.4447130859057374
2006-09-11,0.4443570459988205
2006-09-12,0.4418039561808758
2006-09-13,0.4386550150558562
2006-09-14,0.4364262527887891
2006-09-15,0.4364589077372878
2006-09-18,0.4359663495423437
2006-09-19,0.4345479699003282
2006-09-20,0.4337028353601207
2006-09-21,0.4339128834517423
2006-09-22,0.4344637822494848
2006-09-25,0.4340827808631293
2006-09-26,0.4300140490918534
2006-09-27,0.4282387282437205
2006-09-28,0.4283917979710587
2006-09-29,0.4276377328005123
2006-10-02,0.4271044177916821
2006-10-03,0.4269959052195106
2006-10-04,0.4258477141886137
2006-10-05,0.4260997331143527
2006-10-06,0.425828065212269
2006-10-09,0.426057684922888
2006-10-10,0.4258057739974831
2006-10-11,0.4264311764487447
2006-10-12,0.4273233645290057
2006-10-13,0.4273072219889279
2006-10-16,0.4267851471656476
2006-10-17,0.4263052686584823
2006-10-18,0.4255329938507612
2006-10-19,0.4255126947108827
2006-10-20,0.4259477979484788
2006-10-23,0.4260729455223914
2006-10-24,0.4260997331143527
2006-10-25,0.4268272026917526
2006-10-26,0.4264311764487447
2006-10-27,0.4268272026917526
2006-10-30,0.4272812985727993
2006-10-31,0.4274075503947321
2006-11-01,0.4269956049579507
2006-11-02,0.428140324055915
2006-11-03,0.4276758575132005
2006-11-06,0.4267677221976326
2006-11-07,0.42825338707144
2006-11-08,0.4282673769771978
2006-11-09,0.4275449115582512
2006-11-10,0.4276721108919563
2006-11-13,0.4273332769138485
2006-11-14,0.4249221811466864
2006-11-15,0.4248174485429425
2006-11-16,0.4226945812875812
2006-11-17,0.4239009242208437
2006-11-20,0.4217214596999145
2006-11-21,0.4214684955429917
2006-11-22,0.4213704640012103
2006-11-24,0.4209940105550327
2006-11-27,0.4211443378112737
2006-11-28,0.421401915549779
2006-11-29,0.4212730405776808
2006-11-30,0.4174618319629413
2006-12-01,0.4174177539029131
2006-12-04,0.418445397401642
2006-12-05,0.4192504580338496
2006-12-06,0.4178131617613698
2006-12-07,0.4172933635041078
2006-12-08,0.4195133854110387
2006-12-11,0.4196385882722926
2006-12-12,0.4195133854110387
2006-12-13,0.4198952879345776
2006-12-14,0.4201953304608603
2006-12-15,0.4206368736585876
2006-12-18,0.4216792522521411
2006-12-19,0.4208140607713953
2006-12-20,0.4222004727531601
2006-12-21,0.4233154840703608
2006-12-22,0.4230753146209223
2006-12-26,0.422957930998359
2006-12-27,0.422957930998359
2006-12-28,0.423342969903886
2006-12-29,0.4231252209039212
2007-01-03,0.4239182626265746
2007-01-04,0.4235575316705891
2007-01-05,0.4234675578169183
2007-01-08,0.4226322773183296
2007-01-09,0.4218441779379546
2007-01-10,0.4220085040590685
2007-01-11,0.4213121902285787
2007-01-12,0.4210913925188487
2007-01-16,0.422319887662099
2007-01-17,0.4239325295055865
2007-01-18,0.4227061305066805
2007-01-19,0.4229294595492442
2007-01-22,0.422763981201397
2007-01-23,0.4220049225315305
2007-01-24,0.4218707110538312
2007-01-25,0.4217496829032322
2007-01-26,0.4211475910461101
2007-01-29,0.420060738534079
2007-01-30,0.4203286650945754
2007-01-31,0.421035641500584
2007-02-01,0.4212487790759681
2007-02-02,0.4212723368162844
2007-02-05,0.4212723368162844
2007-02-06,0.4218342727601008
2007-02-07,0.4221226016282478
2007-02-08,0.4206870677175948
2007-02-09,0.4203827080336451
2007-02-12,0.4204087501422324
2007-02-13,0.4201946082845114
2007-02-14,0.4204724791678481
2007-02-15,0.419280064913946
2007-02-16,0.420122501356056
2007-02-20,0.4210918745850338
2007-02-21,0.4216988429669231
2007-02-22,0.4209009631100529
2007-02-23,0.420890235985057
2007-02-26,0.422169973903082
2007-02-27,0.4248567047881708
2007-02-28,0.424722460874842
2007-03-01,0.422824187870841
2007-03-02,0.4242710541107122
2007-03-05,0.4222610122746003
2007-03-06,0.421501424917965
2007-03-07,0.4221252596612579
2007-03-08,0.422245102139234
2007-03-09,0.4224090389572478
2007-03-12,0.4238169991019344
2007-03-13,0.4238431582517215
2007-03-14,0.4235218177832139
2007-03-15,0.4239254335475431
2007-03-16,0.423342969903886
2007-03-19,0.4227664679030101
2007-03-20,0.4209915749888743
2007-03-21,0.4203549155173804
2007-03-22,0.4203104398571237
2007-03-23,0.4196158515122198
2007-03-26,0.4182632486079481
2007-03-27,0.4189630315650169
2007-03-28,0.4183922920305409
2007-03-29,0.4184403925886102
2007-03-30,0.4180893695109936
2007-04-02,0.4185290881974826
2007-04-03,0.4180450933335563
2007-04-04,0.4185734669618671
2007-04-05,0.4192676033998246
2007-04-09,0.4193119591261051
2007-04-10,0.4209349808832462
2007-04-11,0.4204789293774011
2007-04-12,0.4204439287008934
2007-04-13,0.4206222029614658
2007-04-16,0.419704663783329
2007-04-17,0.4190961015018159
2007-04-18,0.4202749468301862
2007-04-19,0.4200523550957363
2007-04-20,0.4200968321378642
2007-04-23,0.4208349702172801
2007-04-24,0.419660247350609
2007-04-25,0.4203549155173804
2007-04-26,0.419704663783329
2007-04-27,0.4192676033998246
2007-04-30,0.4192111913802714
2007-05-01,0.4180806099517241
2007-05-02,0.417425200533272
2007-05-03,0.4172522369344705
2007-05-04,0.4165039053582626
2007-05-07,0.4170763197828699
2007-05-08,0.4161556510582053
2007-05-09,0.4150168064274183
2007-05-10,0.4142750774317856
2007-05-11,0.4146640736782881
2007-05-14,0.4146207722453804
2007-05-15,0.4130295766202917
2007-05-16,0.4131602908511231
2007-05-17,0.4119477284100958
2007-05-18,0.411049901341929
2007-05-21,0.412208570833715
2007-05-22,0.4124090208306666
2007-05-23,0.4126886871121433
2007-05-24,0.4118175808648123
2007-05-25,0.4129631562506285
2007-05-29,0.4129516140752559
2007-05-30,0.4136755060533629
2007-05-31,0.4132699900192244
2007-06-01,0.4137634854021054
2007-06-04,0.4132806190247406
2007-06-05,0.4131493596027074
2007-06-06,0.4139484353608852
2007-06-07,0.4130630756616643
2007-06-08,0.4126075980281878
2007-06-11,0.4128555750099369
2007-06-12,0.4133862312466826
2007-06-13,0.4137315739912141
2007-06-14,0.4139047241100999
2007-06-15,0.4120474199391418
2007-06-18,0.4121041461424807
2007-06-19,0.4122491119558679
2007-06-20,0.4122491119558679
2007-06-21,0.4122923001493674
2007-06-22,0.4123787366422626
2007-06-25,0.4124219849723434
2007-06-26,0.4123223071934095
2007-06-27,0.411774238788952
2007-06-28,0.4124394900009023
2007-06-29,0.4111265222326921
2007-07-02,0.4114282278535807
2007-07-03,0.4117458143519612
2007-07-05,0.41141241659446
2007-07-06,0.4131602908511231
2007-07-09,0.4128121252232567
2007-07-10,0.4117324104288091
2007-07-11,0.4118473128245787
2007-07-12,0.4129134574035013
2007-07-13,0.412288977269701
2007-07-16,0.4125892527246163
2007-07-17,0.4125462969721151
2007-07-18,0.411804576120791
2007-07-19,0.4110645243428657
2007-07-20,0.4109795449089096
2007-07-23,0.4106650913442289
2007-07-24,0.4114052227047515
2007-07-25,0.4112244045820444
2007-07-26,0.4108693091771814
2007-07-27,0.4100271800344439
2007-07-30,0.4107847506349749
2007-07-31,0.4129162194343597
2007-08-01,0.4124683012066234
2007-08-02,0.4131919956566935
2007-08-03,0.4172007380474355
2007-08-06,0.4168638954118293
2007-08-07,0.4169478807194013
2007-08-08,0.418925567650741
2007-08-09,0.4188792026588185
2007-08-10,0.4190866311053592
2007-08-13,0.4196146028221251
2007-08-14,0.4201562428640343
2007-08-15,0.4206215253444537
2007-08-16,0.4211623909830865
2007-08-17,0.4216898210694739
2007-08-20,0.4218975384281421
2007-08-21,0.4221342900475502
2007-08-22,0.4219807506941964
2007-08-23,0.4219807506941964
2007-08-24,0.4223019128919416
2007-08-27,0.422384646587409
2007-08-28,0.423296575402088
2007-08-29,0.4235426758720739
2007-08-30,0.4235426758720739
2007-08-31,0.4229172448528379
2007-09-04,0.4226166175481592
2007-09-05,0.4221949091644863
2007-09-06,0.4229024805843742
2007-09-07,0.4240720011875352
2007-09-10,0.4243216848168895
2007-09-11,0.4245662359773833
2007-09-12,0.4243806212696007
2007-09-13,0.4246668476858797
2007-09-14,0.4252420285197094
2007-09-17,0.4267835753453742
2007-09-18,0.4261542157878267
2007-09-19,0.4267189143571345
2007-09-20,0.4270863043879945
2007-09-21,0.4267256895066024
2007-09-24,0.427660540530661
2007-09-25,0.4284847060761051
2007-09-26,0.4284435212197888
2007-09-27,0.4284023535145946
2007-09-28,0.4285107164127238
2007-10-01,0.4286055192291148
2007-10-02,0.4289337377807373
2007-10-03,0.4276642543258014
2007-10-04,0.42722497790901
2007-10-05,0.4270454154183631
2007-10-08,0.4270045434395663
2007-10-09,0.4277752021290044
2007-10-10,0.4274602031281177
2007-10-11,0.4276234102727256
2007-10-12,0.4282649358655188
2007-10-15,0.428579982052892
2007-10-16,0.4295934552058275
2007-10-17,0.4299761979767265
2007-10-18,0.4290277551523204
2007-10-19,0.4305749109721452
2007-10-22,0.4322980643614617
2007-10-23,0.4315885218855505
2007-10-24,0.4319176514360884
2007-10-25,0.4320001032580307
2007-10-26,0.4332105735205782
2007-10-29,0.4325454583085195
2007-10-30,0.4323762293602093
2007-10-31,0.4326426530943543
2007-11-01,0.4327689455899166
2007-11-02,0.432639028526959
2007-11-05,0.4321382246858197
2007-11-06,0.4330665445017759
2007-11-07,0.4332294066318868
2007-11-08,0.4335150515060059
2007-11-09,0.4324621170174967
2007-11-12,0.4352984551447058
2007-11-13,0.4369161518407936
2007-11-14,0.4368007804176584
2007-11-15,0.4366850586567077
2007-11-16,0.4366447508162401
2007-11-19,0.4368464497979366
2007-11-20,0.4369272413818804
2007-11-21,0.4364434507639282
2007-11-23,0.4364883087060535
2007-11-26,0.4371221013259392
2007-11-27,0.4385303945062721
2007-11-28,0.4387124358847847
2007-11-29,0.43915289751513
2007-11-30,0.4394235086106144
2007-12-03,0.4393135351696124
2007-12-04,0.4400603359951517
2007-12-05,0.4400722711488026
2007-12-06,0.4398832113776161
2007-12-07,0.4393939482966901
2007-12-10,0.4385527359054699
2007-12-11,0.4395914457002245
2007-12-12,0.4399117462960749
2007-12-13,0.4399967130342415
2007-12-14,0.4397514713592335
2007-12-17,0.4401564057843873
2007-12-18,0.4403163464251546
2007-12-19,0.4404765355887821
2007-12-20,0.4408510132573451
2007-12-21,0.4413731598110401
2007-12-24,0.4417706885967618
2007-12-26,0.4414644392726962
2007-12-27,0.4420683307739478
2007-12-28,0.4424964888559846
2007-12-31,0.4423513550507907
2008-01-02,0.4417766119291931
2008-01-03,0.4419630670153558
2008-01-04,0.4421087155787029
2008-01-07,0.4416150423984617
2008-01-08,0.4428943476922874
2008-01-09,0.4425667662747008
2008-01-10,0.4447544411818664
2008-01-11,0.4452188527130331
2008-01-14,0.4461814899937946
2008-01-15,0.4456428628307129
2008-01-16,0.4462057134086382
2008-01-17,0.4459854990407494
2008-01-18,0.4473396649279464
2008-01-22,0.4490524493378471
2008-01-23,0.4494732022488354
2008-01-24,0.4509655142763759
2008-01-25,0.4514805248448803
2008-01-28,0.4519752111612163
2008-01-29,0.4519280871401019
2008-01-30,0.4524404679823353
2008-01-31,0.4526888286580656
2008-02-01,0.4559923797115929
2008-02-04,0.4562785792987888
2008-02-05,0.4563988859811459
2008-02-06,0.456936597774796
2008-02-07,0.456981588901233
2008-02-08,0.4575630157636863
2008-02-11,0.4580561551034335
2008-02-12,0.4579774788059418
2008-02-13,0.459730070014945
2008-02-14,0.4591719483685756
2008-02-15,0.4596786216144209
2008-02-19,0.4591020345769278
2008-02-20,0.4592214534329103
2008-02-21,0.459325455056863
2008-02-22,0.4599404874594187
2008-02-25,0.4602026310424463
2008-02-26,0.4599913432452688
2008-02-27,0.4596040122694899
2008-02-28,0.4599404874594187
2008-02-29,0.460808199726704
2008-03-03,0.461422005952922
2008-03-04,0.4611047536498106
2008-03-05,0.4609988607585343
2008-03-06,0.4605968616522702
2008-03-07,0.4612102310822345
2008-03-10,0.4653278462147313
2008-03-11,0.4666348993390421
2008-03-12,0.4670621203748071
2008-03-13,0.4671473329608776
2008-03-14,0.4683986148356957
2008-03-17,0.4689668023782631
2008-03-18,0.4705220828845668
2008-03-19,0.4699823459953053
2008-03-20,0.4700660288504771
2008-03-24,0.4698653328999578
2008-03-25,0.4697237955584605
2008-03-26,0.4695059414276332
2008-03-27,0.4700076575689059
2008-03-28,0.4692080843190295
2008-03-31,0.4718339837203861
2008-04-01,0.4726077158014184
2008-04-02,0.4731088625906827
2008-04-03,0.4732649616063734
2008-04-04,0.4731391048384966
2008-04-07,0.4728997857791221
2008-04-08,0.4732573829984823
2008-04-09,0.4725784787814728
2008-04-10,0.4713088828188742
2008-04-11,0.4721917576790945
2008-04-14,0.4706200393925683
2008-04-15,0.4706871599935507
2008-04-16,0.4699969206947144
2008-04-17,0.4696181169046974
2008-04-18,0.4697583578687545
2008-04-21,0.4699643189497684
2008-04-22,0.4701293565095245
2008-04-23,0.4702946335222125
2008-04-24,0.4705429992580392
2008-04-25,0.4700305513715153
2008-04-28,0.470750384628384
2008-04-29,0.4715839731943858
2008-04-30,0.4714317811157372
2008-05-01,0.471514817003891
2008-05-02,0.4717500684005938
2008-05-05,0.4719591939495126
2008-05-06,0.4718475642978229
2008-05-07,0.4717505862078283
2008-05-08,0.4713474425115547
2008-05-09,0.4707919069650456
2008-05-12,0.4712225098046794
2008-05-13,0.4713474425115547
2008-05-14,0.4713617664377117
2008-05-15,0.4715423578076031
2008-05-16,0.4719859543644666
2008-05-19,0.4719843429442615
2008-05-20,0.4718746037194117
2008-05-21,0.4719710426226417
2008-05-22,0.4718611042367773
2008-05-23,0.4717779463491018
2008-05-27,0.4712929828747262
2008-05-28,0.4715423578076031
2008-05-29,0.4715979131945961
2008-05-30,0.4712244547507043
2008-06-02,0.4716810697593746
2008-06-03,0.4716118115256908
2008-06-04,0.4715979131945961
2008-06-05,0.4713514935410455
2008-06-06,0.471899068279019
2008-06-09,0.4718036153834409
2008-06-10,0.4722278072097225
2008-06-11,0.4723196817395593
2008-06-12,0.4723196817395593
2008-06-13,0.4726718238661798
2008-06-16,0.4734220139679284
2008-06-17,0.4742891999493713
2008-06-18,0.4751467367174961
2008-06-19,0.4752797982079464
2008-06-20,0.4750636273895
2008-06-23,0.4745060749982565
2008-06-24,0.4738546972867486
2008-06-25,0.4757605440640775
2008-06-26,0.4758436525947641
2008-06-27,0.476952809729978
2008-06-30,0.4775333687183937
2008-07-01,0.4776222045255106
2008-07-02,0.4779626752622073
2008-07-03,0.4771870242724013
2008-07-07,0.4770019509172962
2008-07-08,0.4774392322020158
2008-07-09,0.4776498230053797
2008-07-10,0.4780679553279947
2008-07-11,0.4780595324885274
2008-07-14,0.4795663818094843
2008-07-15,0.4802181223144751
2008-07-16,0.4805152372041721
2008-07-17,0.4802181223144751
2008-07-18,0.4803437332336882
2008-07-21,0.4801714632464076
2008-07-22,0.480214097083206
2008-07-23,0.4825606632611
2008-07-24,0.4829476135735059
2008-07-25,0.4831232858556596
2008-07-28,0.4837226336807955
2008-07-29,0.4832219615121993
2008-07-30,0.4843291387837034
2008-07-31,0.4837528113312382
2008-08-01,0.4851749487662923
2008-08-04,0.485653773088371
2008-08-05,0.485682529088578
2008-08-06,0.4852776674936148
2008-08-07,0.4868255906867467
2008-08-08,0.4865871834704625
2008-08-11,0.4875216219473479
2008-08-12,0.4876590687080406
2008-08-13,0.4878952725266443
2008-08-14,0.4878626163771166
2008-08-15,0.4881306260605453
2008-08-18,0.4880556821384938
2008-08-19,0.4877772771979116
2008-08-20,0.4874458973079354
2008-08-21,0.4875406464642529
2008-08-22,0.4867495478547894
2008-08-25,0.4866733415413337
2008-08-26,0.4872483406850555
2008-08-27,0.4871391546843595
2008-08-28,0.48767633916268
2008-08-29,0.4871636716309585
2008-09-02,0.4861550931523297
2008-09-03,0.4860630939384015
2008-09-04,0.4870948560970809
2008-09-05,0.4872544241835343
2008-09-08,0.4893199956348548
2008-09-09,0.4897297434407291
2008-09-10,0.4893740813450426
2008-09-11,0.4915943844655783
2008-09-12,0.4935772186621234
2008-09-15,0.4954271200670611
2008-09-16,0.4948913204685894
2008-09-17,0.4960930594268249
2008-09-18,0.4953371595393691
2008-09-19,0.4992170462316029
2008-09-22,0.4982040440685744
2008-09-23,0.4993484392965983
2008-09-24,0.4994815364213771
2008-09-25,0.5003059522259021
2008-09-26,0.5018996488418882
2008-09-29,0.5099525149711701
2008-09-30,0.5100377103392638
2008-10-01,0.5112109521622886
2008-10-02,0.5109227532788579
2008-10-03,0.5113319046452879
2008-10-06,0.511614567937475
2008-10-07,0.51181007177156
2008-10-08,0.510667248309715
2008-10-09,0.5132631462047734
2008-10-10,0.5250599898015044
2008-10-13,0.5332048120192108
2008-10-14,0.5389413489216152
2008-10-15,0.542854758141174
2008-10-16,0.5425371821066675
2008-10-17,0.5430190273079385
2008-10-20,0.5443072833108048
2008-10-21,0.5441029269463837
2008-10-22,0.5447044454121172
2008-10-23,0.5447044454121172
2008-10-24,0.544676430866271
2008-10-27,0.5478245983231285
2008-10-28,0.5489607924247938
2008-10-29,0.5485070502301794
2008-10-30,0.5472030237760482
2008-10-31,0.5464683805997821
2008-11-03,0.5475024316571852
2008-11-04,0.5510558927878677
2008-11-05,0.5513424805625561
2008-11-06,0.5533411696186462
2008-11-07,0.5544193014885531
2008-11-10,0.5558576749268929
2008-11-11,0.555252376780886
2008-11-12,0.5591488729912948
2008-11-13,0.5600583666580594
2008-11-14,0.5598785189672786
2008-11-17,0.5588842087055004
2008-11-18,0.5601621239880623
2008-11-19,0.560018677027948
2008-11-20,0.5653613526597312
2008-11-21,0.5642114588151423
2008-11-24,0.5667213924927077
2008-11-25,0.5670865971979484
2008-11-26,0.5687274296978952
2008-11-28,0.569957042313457
2008-12-01,0.5723137686313099
2008-12-02,0.5719709795102951
2008-12-03,0.5725602243944301
2008-12-04,0.5736504152323167
2008-12-05,0.5732649372066153
2008-12-08,0.5760865522355149
2008-12-09,0.575472036989288
2008-12-10,0.57598490453911
2008-12-11,0.5762550980369172
2008-12-12,0.5763659016373287
2008-12-15,0.5764030399217426
2008-12-16,0.5778620118649861
2008-12-17,0.5779728549071251
2008-12-18,0.5778883760833269
2008-12-19,0.5776732295768948
2008-12-22,0.578866435636385
2008-12-23,0.5782178912713416
2008-12-24,0.5783533715553367
2008-12-26,0.57848880007895
2008-12-29,0.5770546925642887
2008-12-30,0.5772153407702659
2008-12-31,0.5770323984507806
2009-01-02,0.5765753680053368
2009-01-05,0.5767237580829203
2009-01-06,0.5768721505361346
2009-01-07,0.5762663689071714
2009-01-08,0.5759067673369133
2009-01-09,0.5753861905861164
2009-01-12,0.5750048599111677
2009-01-13,0.5749566110163816
2009-01-14,0.5743048726168092
2009-01-15,0.5742487618708059
2009-01-16,0.5738599820031821
2009-01-20,0.5747029192208707
2009-01-21,0.5755443559792105
2009-01-22,0.5756559162856478
2009-01-23,0.575842029855936
2009-01-26,0.5755307311183205
2009-01-27,0.5751911385418533
2009-01-28,0.5768134579098602
2009-01-29,0.5765763596660304
2009-01-30,0.5771135926192175
2009-02-02,0.5772523094225865
2009-02-03,0.577366918281017
2009-02-04,0.577117133604686
2009-02-05,0.575126525130737
2009-02-06,0.5750222799267412
2009-02-09,0.5754001987961344
2009-02-10,0.5767919970763387
2009-02-11,0.5765899243262951
2009-02-12,0.5763493694615445
2009-02-13,0.5759297362226872
2009-02-17,0.5752415821468863
2009-02-18,0.5753915757639912
2009-02-19,0.5747377769312817
2009-02-20,0.5732876275793016
2009-02-23,0.5713887227541199
2009-02-24,0.5691586741189965
2009-02-25,0.5692426078037075
2009-02-26,0.5691905612462412
2009-02-27,0.5688666558330671
2009-03-02,0.5677983436198052
2009-03-03,0.5668942253369289
2009-03-04,0.5675337388110596
2009-03-05,0.568547671712393
2009-03-06,0.5688209520534379
2009-03-09,0.5686845265352221
2009-03-10,0.5690415195160711
2009-03-11,0.5691635268020799
2009-03-12,0.5689046417612409
2009-03-13,0.5686375950957491
2009-03-16,0.5697609826992214
2009-03-17,0.569355825581117
2009-03-18,0.5692713481583898
2009-03-19,0.5687289378247973
2009-03-20,0.5670825009934468
2009-03-23,0.5672905247967546
2009-03-24,0.5672720985001796
2009-03-25,0.5669306026600023
2009-03-26,0.5661344133193724
2009-03-27,0.5658272658136931
2009-03-30,0.5669877133708416
2009-03-31,0.5672600962197955
2009-04-01,0.5668983124801258
2009-04-02,0.5670129278038314
2009-04-03,0.5666556076198884
2009-04-06,0.5660964192787649
2009-04-07,0.5663384325088827
2009-04-08,0.5661310119929119
2009-04-09,0.5643726091739987
2009-04-13,0.5657907694933665
2009-04-14,0.5674526376243753
2009-04-15,0.5672262049691423
2009-04-16,0.5672650493708513
2009-04-17,0.5686394414378085
2009-04-20,0.5693349851862358
2009-04-21,0.5691244642167848
2009-04-22,0.5685058038076232
2009-04-23,0.5687800490912809
2009-04-24,0.5694936742414345
2009-04-27,0.5694626605135888
2009-04-28,0.5692432161710588
2009-04-29,0.5678595383051241
2009-04-30,0.5679130673710096
2009-05-01,0.5675092422394653
2009-05-04,0.5679096627414753
2009-05-05,0.5675507604873244
2009-05-06,0.5670783205847473
2009-05-07,0.5656406084287336
2009-05-08,0.5657134387787952
2009-05-11,0.5652701317884077
2009-05-12,0.5650606010071295
2009-05-13,0.5658989773813129
2009-05-14,0.5662812540192621
2009-05-15,0.5662083993010208
2009-05-18,0.567078547901009
2009-05-19,0.5674757379260462
2009-05-20,0.5673633376770105
2009-05-21,0.5671315986128411
2009-05-22,0.5670190452758052
2009-05-26,0.5674757379260462
2009-05-27,0.5672576550003707
2009-05-28,0.5686571153374519
2009-05-29,0.5687052056109079
2009-06-01,0.5683915285598892
2009-06-02,0.5691078613026496
2009-06-03,0.5700832349971044
2009-06-04,0.5703170560732017
2009-06-05,0.5710901493847532
2009-06-08,0.5726916728423449
2009-06-09,0.5736059467935914
2009-06-10,0.5749328125835733
2009-06-11,0.5754138507739052
2009-06-12,0.5746314242231507
2009-06-15,0.5743967941705312
2009-06-16,0.5742708234374782
2009-06-17,0.5730791816706164
2009-06-18,0.5740938040977057
2009-06-19,0.57349564545409
2009-06-22,0.5736580898057342
2009-06-23,0.5734308078597183
2009-06-24,0.5740955933423569
2009-06-25,0.5739966167026715
2009-06-26,0.5745587098764728
2009-06-29,0.5749002515198801
2009-06-30,0.5745011343455343
2009-07-01,0.5735405430535946
2009-07-02,0.5742377510515744
2009-07-06,0.5750080354812197
2009-07-07,0.5744311596538393
2009-07-08,0.5741966509713072
2009-07-09,0.5751760693318347
2009-07-10,0.5745710415399233
2009-07-13,0.5738508396732988
2009-07-14,0.5739979311977903
2009-07-15,0.5731104277907407
2009-07-16,0.5725523648524387
2009-07-17,0.5723072493159493
2009-07-20,0.5716076084236048
2009-07-21,0.5718855911663082
2009-07-22,0.571279822213013
2009-07-23,0.5710947600925074
2009-07-24,0.5711455859713224
2009-07-27,0.5714228602596868
2009-07-28,0.5710849552514858
2009-07-29,0.5700920314500909
2009-07-30,0.5690855025491787
2009-07-31,0.5681580426549493
2009-08-03,0.5680844152840516
2009-08-04,0.567147121102574
2009-08-05,0.5665727923342305
2009-08-06,0.5668159593075885
2009-08-07,0.5669782890712756
2009-08-10,0.5652211286002106
2009-08-11,0.5642596526394317
2009-08-12,0.5657657868753827
2009-08-13,0.5661098364810375
2009-08-14,0.5654444783508612
2009-08-17,0.5662325349735534
2009-08-18,0.5661630730038207
2009-08-19,0.5658476320070503
2009-08-20,0.5655670919849148
2009-08-21,0.5653572291782065
2009-08-24,0.5658416926021922
2009-08-25,0.5654910058132568
2009-08-26,0.565707379543636
2009-08-27,0.5652482856564278
2009-08-28,0.5645997935554358
2009-08-31,0.5628559720620158
2009-09-01,0.562658651877851
2009-09-02,0.5627425239728893
2009-09-03,0.5624343397465702
2009-09-04,0.5629218185306298
2009-09-08,0.5633105478764717
2009-09-09,0.5641694123029725
2009-09-10,0.56431223646306
2009-09-11,0.5636004570513432
2009-09-14,0.5628852484939063
2009-09-15,0.5624513757767082
2009-09-16,0.5622544355439648
2009-09-17,0.5628487536410232
2009-09-18,0.5640166854614392
2009-09-21,0.5630158956028188
2009-09-22,0.5626208568531483
2009-09-23,0.5628563903296906
2009-09-24,0.5623788965033557
2009-09-25,0.5612754250462803
2009-09-28,0.5626935949630858
2009-09-29,0.5627333821679906
2009-09-30,0.5623885770474056
2009-10-01,0.5629071234961763
2009-10-02,0.5627908416540824
2009-10-05,0.563515900042623
2009-10-06,0.5644332917428591
2009-10-07,0.5640704194041548
2009-10-08,0.564589916476955
2009-10-09,0.5633270157922564
2009-10-12,0.563819145121632
2009-10-13,0.5626621192235706
2009-10-14,0.5628741147087452
2009-10-15,0.5631201827225386
2009-10-16,0.5632376139344805
2009-10-19,0.5623701285017109
2009-10-20,0.5625790515044752
2009-10-21,0.5632612734531656
2009-10-22,0.5642206814559011
2009-10-23,0.5654486962465958
2009-10-26,0.5657719483597463
2009-10-27,0.5646900612636409
2009-10-28,0.5647669744955399
2009-10-29,0.5647157693960843
2009-10-30,0.5644900376776751
2009-11-02,0.5641401600717587
2009-11-03,0.5630148320742007
2009-11-04,0.5612417984554291
2009-11-05,0.5607639383529612
2009-11-06,0.5604415800703624
2009-11-09,0.5605207508562818
2009-11-10,0.5611294692801692
2009-11-11,0.560122541996554
2009-11-12,0.5592365288009555
2009-11-13,0.5592400279473023
2009-11-16,0.5596478821274524
2009-11-17,0.5596490809603599
2009-11-18,0.5590834423362573
2009-11-19,0.5585158178380328
2009-11-20,0.5585161343353414
2009-11-23,0.5588017360277289
2009-11-24,0.5584364701023256
2009-11-25,0.5585180437512386
2009-11-27,0.5583549415980958
2009-11-30,0.5594562204374323
2009-12-01,0.5587231376899338
2009-12-02,0.5592980557343329
2009-12-03,0.559876130383488
2009-12-04,0.5599587628418774
2009-12-07,0.5590141177485498
2009-12-08,0.5586035318984773
2009-12-09,0.5592614882486856
2009-12-10,0.5590553173814641
2009-12-11,0.5592587612159768
2009-12-14,0.5587635487982654
2009-12-15,0.5579475917412354
2009-12-16,0.5582733306167394
2009-12-17,0.5582321616811352
2009-12-18,0.5584749641873262
2009-12-21,0.5578269922237018
2009-12-22,0.5583133991496774
2009-12-23,0.5588778478132495
2009-12-24,0.5597647709656726
2009-12-28,0.5604099770131733
2009-12-29,0.563350272300611
2009-12-30,0.5662729941049331
2009-12-31,0.5643838360810132
2010-01-04,0.5647873564607404
2010-01-05,0.5641624418374985
2010-01-06,0.563207472799912
2010-01-07,0.5621308145836569
2010-01-08,0.561895288581527
2010-01-11,0.5620993334023415
2010-01-12,0.5618487157722741
2010-01-13,0.5618894272112479
2010-01-14,0.5614499595167463
2010-01-15,0.5585932223338453
2010-01-19,0.5573035761553669
2010-01-20,0.5545084855812139
2010-01-21,0.5537968671086101
2010-01-22,0.5550929061691441
2010-01-25,0.5552904250120804
2010-01-26,0.5551215326557144
2010-01-27,0.5548759976771773
2010-01-28,0.5554012499570925
2010-01-29,0.5544977629843159
2010-02-01,0.5538978823985854
2010-02-02,0.5530252712060644
2010-02-03,0.5533506913256765
2010-02-04,0.5539152321396614
2010-02-05,0.5537820543831002
2010-02-08,0.551857919542267
2010-02-09,0.55049111097287
2010-02-10,0.5491386041175544
2010-02-11,0.548893747283462
2010-02-12,0.5480968206776161
2010-02-16,0.5475116880601124
2010-02-17,0.5481293860524542
2010-02-18,0.5480886635392418
2010-02-19,0.547620254667096
2010-02-22,0.5484117453897848
2010-02-23,0.5490010072039714
2010-02-24,0.5492251238909133
2010-02-25,0.5488136064300462
2010-02-26,0.5494472007544078
2010-03-01,0.5499894301746694
2010-03-02,0.5494065804343983
2010-03-03,0.5469900306646025
2010-03-04,0.5467029163262787
2010-03-05,0.5460409415993095
2010-03-08,0.5458095016606517
2010-03-09,0.545920789608958
2010-03-10,0.545557260784377
2010-03-11,0.5462735953825374
2010-03-12,0.5473090657584684
2010-03-15,0.5475140635794555
2010-03-16,0.5475629651364211
2010-03-17,0.5480239526247952
2010-03-18,0.5491558867283646
2010-03-19,0.549063364791124
2010-03-22,0.5494889072649529
2010-03-23,0.5490778741987873
2010-03-24,0.5498194219654103
2010-03-25,0.5497317300172699
2010-03-26,0.5489165478568064
2010-03-29,0.5495293492768856
2010-03-30,0.551409790609485
2010-03-31,0.5511532016543534
2010-04-01,0.5507780333445453
2010-04-05,0.5480484252952693
2010-04-06,0.5483141502717916
2010-04-07,0.5479839347329204
2010-04-08,0.5476455322046506
2010-04-09,0.5482993011676612
2010-04-12,0.5488272695747496
2010-04-13,0.5494599308154507
2010-04-14,0.5490935123169203
2010-04-15,0.5485910471713624
2010-04-16,0.548867963084509
2010-04-19,0.5492683671220334
2010-04-20,0.5493020740980945
2010-04-21,0.5495615218024665
2010-04-22,0.5500792206329648
2010-04-23,0.5475265161887329
2010-04-26,0.5472793993458794
2010-04-27,0.547655255892182
2010-04-28,0.5475972839389328
2010-04-29,0.5480723425846231
2010-04-30,0.5480064216926572
2010-05-03,0.5479569115320335
2010-05-04,0.5473282237234243
2010-05-05,0.5465911595240067
2010-05-06,0.5452059862928377
2010-05-07,0.5443655915628016
2010-05-10,0.5419794589181872
2010-05-11,0.5415717519008577
2010-05-12,0.5412027975229677
2010-05-13,0.540558409407134
2010-05-14,0.5410890510773305
2010-05-17,0.5392136251242181
2010-05-18,0.5397829689121066
2010-05-19,0.5395357429166611
2010-05-20,0.5388538847777687
2010-05-21,0.5376625280656582
2010-05-24,0.5379563340127657
2010-05-25,0.5379836335738644
2010-05-26,0.5374813452046429
2010-05-27,0.5375806479035833
2010-05-28,0.537692535448931
2010-06-01,0.5379734469122972
2010-06-02,0.5389291866114554
2010-06-03,0.5388218717479546
2010-06-04,0.5390117119368649
2010-06-07,0.5402706964059231
2010-06-08,0.5404372342121727
2010-06-09,0.5402971159851518
2010-06-10,0.5393130711123837
2010-06-11,0.5393253649002588
2010-06-14,0.5377926250606678
2010-06-15,0.5369145554272267
2010-06-16,0.5366499335861207
2010-06-17,0.5362587666877845
2010-06-18,0.534223759908271
2010-06-21,0.53478406639544
2010-06-22,0.5344521622607212
2010-06-23,0.5347434287155921
2010-06-24,0.5337464097180802
2010-06-25,0.5329590234894422
2010-06-28,0.5318673674416978
2010-06-29,0.5329152458559854
2010-06-30,0.5335568447220812
2010-07-01,0.5333275204986991
2010-07-02,0.533224672269095
2010-07-06,0.5331220961694192
2010-07-07,0.5326008935891989
2010-07-08,0.5326200368986631
2010-07-09,0.5323493543647264
2010-07-12,0.5325372464696269
2010-07-13,0.5325372464696269
2010-07-14,0.5323493543647264
2010-07-15,0.5328466410931606
2010-07-16,0.5332444615184121
2010-07-19,0.5338481543182887
2010-07-20,0.5333474415194179
2010-07-21,0.5326422622724438
2010-07-22,0.532702877257249
2010-07-23,0.5330784938275855
2010-07-26,0.532937153717341
2010-07-27,0.5326071000615986
2010-07-28,0.5319861251382316
2010-07-29,0.5324046895776082
2010-07-30,0.5324457642167898
2010-08-02,0.532689539181951
2010-08-03,0.5336423000569049
2010-08-04,0.533082900248307
2010-08-05,0.5347618075866869
2010-08-06,0.5359947521837746
2010-08-09,0.533956988319652
2010-08-10,0.5333412386239269
2010-08-11,0.5335658619745468
2010-08-12,0.533378929552799
2010-08-13,0.5335433795987969
2010-08-16,0.5329856064512745
2010-08-17,0.533830862706803
2010-08-18,0.53428576561548
2010-08-19,0.5342238379096699
2010-08-20,0.5334184727093524
2010-08-23,0.5337492186840108
2010-08-24,0.5333361426984524
2010-08-25,0.5355249572045829
2010-08-26,0.5354223606923766
2010-08-27,0.5356689328861106
2010-08-30,0.5359181657583413
2010-08-31,0.5363306195338967
2010-09-01,0.5359405517472815
2010-09-02,0.5367754957533742
2010-09-03,0.5362928571649104
2010-09-07,0.5356937737076357
2010-09-08,0.535529793426027
2010-09-09,0.5355077749332013
2010-09-10,0.5344099768369502
2010-09-13,0.5346359992771635
2010-09-14,0.5339153498547107
2010-09-15,0.5346352657627503
2010-09-16,0.535005069722242
2010-09-17,0.5345731829617588
2010-09-20,0.5345934257349357
2010-09-21,0.5352292292013838
2010-09-22,0.5347980586391374
2010-09-23,0.5346338069488302
2010-09-24,0.5335460037522156
2010-09-27,0.5332949961528228
2010-09-28,0.5313423661476347
2010-09-29,0.532086874802281
2010-09-30,0.5322367352594017
2010-10-01,0.5331263304472045
2010-10-04,0.5327775704371946
2010-10-05,0.5327144914510166
2010-10-06,0.5319677254857436
2010-10-07,0.5327556198677402
2010-10-08,0.5333954901268627
2010-10-11,0.5332285246512181
2010-10-12,0.5333525267377482
2010-10-13,0.5320003223599041
2010-10-14,0.5316660744411138
2010-10-15,0.5326865968777948
2010-10-18,0.5328545659617119
2010-10-19,0.5322329424202062
2010-10-20,0.5312845830421921
2010-10-21,0.5305401841902625
2010-10-22,0.5304576173473606
2010-10-25,0.5317159105890443
2010-10-26,0.533284161895041
2010-10-27,0.5339116070441537
2010-10-28,0.5335394061889418
2010-10-29,0.5334367836142943
2010-11-01,0.5325057615045753
2010-11-02,0.5324235106809644
2010-11-03,0.5301258785903004
2010-11-04,0.5289337725673391
2010-11-05,0.5281282015026292
2010-11-08,0.5269926225010478
2010-11-09,0.5277948390781979
2010-11-10,0.5279440971091834
2010-11-11,0.5291395314045051
2010-11-12,0.52895447532338
2010-11-15,0.5294388511577504
2010-11-16,0.5281949816747946
2010-11-17,0.52838737904713
2010-11-18,0.5275496272872374
2010-11-19,0.5279875767605908
2010-11-22,0.5282751895370962
2010-11-23,0.5286565893933174
2010-11-24,0.5285373361896891
2010-11-26,0.5289246765759711
2010-11-29,0.5278711800768344
2010-11-30,0.5268265279375497
2010-12-01,0.5277490001173418
2010-12-02,0.527294254775062
2010-12-03,0.5266165761039331
2010-12-06,0.5249729959153148
2010-12-07,0.5253875672923567
2010-12-08,0.5255169964598849
2010-12-09,0.5252272594664993
2010-12-10,0.52710089692833
2010-12-13,0.5275170635759371
2010-12-14,0.5278216237244735
2010-12-15,0.527711098035683
2010-12-16,0.5282391380875777
2010-12-17,0.528878299478556
2010-12-20,0.5296619826121501
2010-12-21,0.5289148370954851
2010-12-22,0.5288207001031868
2010-12-23,0.5302922670868578
2010-12-27,0.5321974542250686
2010-12-28,0.5326504005197948
2010-12-29,0.5348380038377926
2010-12-30,0.5349846365633378
2010-12-31,0.5340331381758557
2011-01-03,0.534709709603532
2011-01-04,0.5352798118822013
2011-01-05,0.5357808619525096
2011-01-06,0.5367010175458082
2011-01-07,0.5384421388136544
2011-01-10,0.5364660757725768
2011-01-11,0.5347697281541962
2011-01-12,0.5342444903314023
2011-01-13,0.5341812334585259
2011-01-14,0.5342234014845424
2011-01-18,0.5347511040259018
2011-01-19,0.5358428343474212
2011-01-20,0.535648558066302
2011-01-21,0.5357749933878224
2011-01-24,0.5347070365678114
2011-01-25,0.5365784389180054
2011-01-26,0.5368705858836338
2011-01-27,0.5358983839997529
2011-01-28,0.5360248073105391
2011-01-31,0.5356934568612973
2011-02-01,0.5350647359074897
2011-02-02,0.5352778229817619
2011-02-03,0.5354272110135052
2011-02-04,0.5351711365585682
2011-02-07,0.5348334548466099
2011-02-08,0.5332548911017579
2011-02-09,0.5333791672847314
2011-02-10,0.533548922722935
2011-02-11,0.5333808277587733
2011-02-14,0.5365022929411034
2011-02-15,0.5356090431331679
2011-02-16,0.5360282106071603
2011-02-17,0.5358820086790871
2011-02-18,0.5346419680378174
2011-02-22,0.5329860401890397
2011-02-23,0.5316364332337195
2011-02-24,0.5326821224198109
2011-02-25,0.5317519400107646
2011-02-28,0.5321292490294932
2011-03-01,0.5319570229418031
2011-03-02,0.5317609260883728
2011-03-03,0.5319293197398284
2011-03-04,0.5299977717318001
2011-03-07,0.52950870192492
2011-03-08,0.5280927362390252
2011-03-09,0.5266660297519965
2011-03-10,0.5271992679770985
2011-03-11,0.5266210449217492
2011-03-14,0.5273123898112159
2011-03-15,0.5277220084511615
2011-03-16,0.5291282928177663
2011-03-17,0.5291608143896942
2011-03-18,0.5296736046214308
2011-03-21,0.5286814577581677
2011-03-22,0.528515479520479
2011-03-23,0.5289428022248355
2011-03-24,0.5299221470244956
2011-03-25,0.5295526648314078
2011-03-28,0.5279947659214814
2011-03-29,0.5258770117797166
2011-03-30,0.526943385037129
2011-03-31,0.5271575416246533
2011-04-01,0.5276271377709363
2011-04-04,0.5287069782076884
2011-04-05,0.5299566032837918
2011-04-06,0.529466882178636
2011-04-07,0.5313838496037385
2011-04-08,0.5316918212954226
2011-04-11,0.5307120400171967
2011-04-12,0.5305577766302011
2011-04-13,0.5316243850465825
2011-04-14,0.5314082834511769
2011-04-15,0.5310632289696627
2011-04-18,0.529526524918395
2011-04-19,0.5304641975350484
2011-04-20,0.5314214617571046
2011-04-21,0.5314026354690825
2011-04-25,0.5311370711650338
2011-04-26,0.5309759258877027
2011-04-27,0.5311867560019778
2011-04-28,0.5334970462349335
2011-04-29,0.5340034354854374
2011-05-02,0.5343100437125566
2011-05-03,0.5324359560682147
2011-05-04,0.5336983357083118
2011-05-05,0.5338957440129746
2011-05-06,0.5331532538867616
2011-05-09,0.5336098889446874
2011-05-10,0.5335887117368239
2011-05-11,0.5330410168394659
2011-05-12,0.5331259581199927
2011-05-13,0.5340029533154794
2011-05-16,0.53330081452631
2011-05-17,0.5330180103262933
2011-05-18,0.5321402304027879
2011-05-19,0.5330130968006511
2011-05-20,0.5328147868525139
2011-05-23,0.5327476585682047
2011-05-24,0.5327242432920782
2011-05-25,0.5325185289804113
2011-05-26,0.5315133558493793
2011-05-27,0.5314006002269389
2011-05-31,0.5321232883743956
2011-06-01,0.5326505291113391
2011-06-02,0.5321587500207785
2011-06-03,0.5313317012557938
2011-06-06,0.5306404504710168
2011-06-07,0.5308347507961666
2011-06-08,0.5304572352095418
2011-06-09,0.5297559081149513
2011-06-10,0.5300184833425916
2011-06-13,0.529501268424516
2011-06-14,0.5296592166546535
2011-06-15,0.5288079575840519
2011-06-16,0.5293232016876326
2011-06-17,0.5281607561772221
2011-06-20,0.5273763423198542
2011-06-21,0.5239220702498826
2011-06-22,0.5224327222487063
2011-06-23,0.5207563734839924
2011-06-24,0.5169536416183866
2011-06-27,0.5181874224664937
2011-06-28,0.5186959930782807
2011-06-29,0.5179312072324376
2011-06-30,0.5183058870025807
2011-07-01,0.5170488481668606
2011-07-05,0.5162592457861194
2011-07-06,0.5159687246746997
2011-07-07,0.5153314432937036
2011-07-08,0.5140674436122911
2011-07-11,0.5143224590511726
2011-07-12,0.5125367017982131
2011-07-13,0.5127446127430735
2011-07-14,0.5130437149935622
2011-07-15,0.5134297287724533
2011-07-18,0.5128345449192853
2011-07-19,0.5117227040510585
2011-07-20,0.5116278582744256
2011-07-21,0.5121830543012532
2011-07-22,0.5119702286460193
2011-07-25,0.5117954461643064
2011-07-26,0.5117528829408357
2011-07-27,0.512014905194102
2011-07-28,0.5121850017495141
2011-07-29,0.5128699696370289
2011-08-01,0.5119366157572325
2011-08-02,0.5115086581704926
2011-08-03,0.5104785891907432
2011-08-04,0.5104708219889736
2011-08-05,0.5104206499842029
2011-08-08,0.5104481352078631
2011-08-09,0.5104061099078283
2011-08-10,0.5130091861461941
2011-08-11,0.5131349796818818
2011-08-12,0.5128792293135658
2011-08-15,0.512670677622295
2011-08-16,0.5117793929309754
2011-08-17,0.5109700727568723
2011-08-18,0.511566773040853
2011-08-19,0.513391218914454
2011-08-22,0.5140674436122911
2011-08-23,0.5132203392159244
2011-08-24,0.5150039274093546
2011-08-25,0.5154709563410691
2011-08-26,0.5151734135288171
2011-08-29,0.5155565041944603
2011-08-30,0.5152603975920752
2011-08-31,0.5148342807370581
2011-09-01,0.5150479334215265
2011-09-02,0.5133434546067119
2011-09-06,0.5144114875533599
2011-09-07,0.5163748078332364
2011-09-08,0.5163344672903171
2011-09-09,0.5164179191749803
2011-09-12,0.5167633207294875
2011-09-13,0.5170194284137721
2011-09-14,0.5171456144142509
2011-09-15,0.5167105351134608
2011-09-16,0.5161139319430416
2011-09-19,0.5159444722079515
2011-09-20,0.5164093921208551
2011-09-21,0.5166244237312821
2011-09-22,0.5180872525913133
2011-09-23,0.5179198942882486
2011-09-26,0.5183885577796951
2011-09-27,0.5182544538969273
2011-09-28,0.5174678708782485
2011-09-29,0.5177997463893055
2011-09-30,0.5175930048353825
2011-10-03,0.5184747715379525
2011-10-04,0.5192352024667855
2011-10-05,0.5185662864082955
2011-10-06,0.5182260112488548
2011-10-07,0.5175376529023384
2011-10-10,0.5167804225177853
2011-10-11,0.5168298706434807
2011-10-12,0.5178650944311618
2011-10-13,0.5193338934738844
2011-10-14,0.5182114593563933
2011-10-17,0.5176538028472583
2011-10-18,0.5167804225177853
2011-10-19,0.5164009225890411
2011-10-20,0.5164807913210661
2011-10-21,0.5169450977264256
2011-10-24,0.5170735964040826
2011-10-25,0.5179966967046135
2011-10-26,0.5183355092506923
2011-10-27,0.518916079700274
2011-10-28,0.5203134517456924
2011-10-31,0.5209163367864015
2011-11-01,0.5216176161145134
2011-11-02,0.5223540780482632
2011-11-03,0.5227259047875549
2011-11-04,0.5219382748464018
2011-11-07,0.5217301849405479
2011-11-08,0.5216608249238011
2011-11-09,0.5231635433119896
2011-11-10,0.5237618744046766
2011-11-11,0.5241317873075035
2011-11-14,0.5238164902281645
2011-11-15,0.5236966034810987
2011-11-16,0.5242999912369714
2011-11-17,0.5242999912369714
2011-11-18,0.5238720471396728
2011-11-21,0.523674665479997
2011-11-22,0.5229166984493914
2011-11-23,0.5217129759585443
2011-11-25,0.5240477207673452
2011-11-28,0.5243557044490161
2011-11-29,0.5237296240197139
2011-11-30,0.5237404428628004
2011-12-01,0.5234991014542509
2011-12-02,0.5236086355338473
2011-12-05,0.5234982918387058
2011-12-06,0.5241260781020136
2011-12-07,0.5241471371167918
2011-12-08,0.5239159439679304
2011-12-09,0.5231590318263919
2011-12-12,0.5233010363368782
2011-12-13,0.5230687997563801
2011-12-14,0.5216694683682016
2011-12-15,0.5209635585165766
2011-12-16,0.5219578226841195
2011-12-19,0.5214870896562277
2011-12-20,0.5218603851416038
2011-12-21,0.5214606027296336
2011-12-22,0.521042491058421
2011-12-23,0.5209043951451974
2011-12-27,0.520514859392673
2011-12-28,0.5203132641232269
2011-12-29,0.5204504017973821
2011-12-30,0.5217477071985309
2012-01-03,0.5210778894066522
2012-01-04,0.5211212983726595
2012-01-05,0.5208177328713021
2012-01-06,0.5208532773695207
2012-01-09,0.5223200339325305
2012-01-10,0.5231074173494124
2012-01-11,0.5249942249288587
2012-01-12,0.5242396403874346
2012-01-13,0.5233388378113754
2012-01-17,0.5236856458770044
2012-01-18,0.5222362715672618
2012-01-19,0.5227048897694633
2012-01-20,0.5217546454831286
2012-01-23,0.5216269002292444
2012-01-24,0.5214484973881136
2012-01-25,0.5218389748871297
2012-01-26,0.5210590924685603
2012-01-27,0.5208900395255234
2012-01-30,0.5215001773109331
2012-01-31,0.5219311865788755
2012-02-01,0.5212306857814581
2012-02-02,0.52040500682171
2012-02-03,0.521366818688089
2012-02-06,0.5212068783769994
2012-02-07,0.5214682597275028
2012-02-08,0.5218619731811219
2012-02-09,0.5227387380713349
2012-02-10,0.5227008880502931
2012-02-13,0.5228071183827824
2012-02-14,0.5227559637201422
2012-02-15,0.5225295237106367
2012-02-16,0.5216033352934754
2012-02-17,0.5207262773973814
2012-02-21,0.5221240831648494
2012-02-22,0.5236336739573694
2012-02-23,0.5259794581112115
2012-02-24,0.527687304445138
2012-02-27,0.5297028293832509
2012-02-28,0.530299943655059
2012-02-29,0.5296708629245455
2012-03-01,0.5311073231682358
2012-03-02,0.530862599978216
2012-03-05,0.531357566828296
2012-03-06,0.5306504178329452
2012-03-07,0.5302868592768671
2012-03-08,0.5302622928282942
2012-03-09,0.5301209600811652
2012-03-12,0.5294181319871196
2012-03-13,0.5290175753748092
2012-03-14,0.5297812222833138
2012-03-15,0.5293835782891493
2012-03-16,0.5298311211701431
2012-03-19,0.5310958117444792
2012-03-20,0.5317159105890443
2012-03-21,0.5332859847422238
2012-03-22,0.531511722692329
2012-03-23,0.5300528756360325
2012-03-26,0.5292284183891223
2012-03-27,0.5285423484566835
2012-03-28,0.5286236048078553
2012-03-29,0.5301180987778976
2012-03-30,0.5307389046766885
2012-04-02,0.5309736506137177
2012-04-03,0.531038058278384
2012-04-04,0.5303948178923292
2012-04-05,0.5301501284954303
2012-04-09,0.530874582131568
2012-04-10,0.5304331946735891
2012-04-11,0.5303853238205387
2012-04-12,0.5305313353544985
2012-04-13,0.5306534999517463
2012-04-16,0.5305720447472083
2012-04-17,0.5302707498478878
2012-04-18,0.5298734365257811
2012-04-19,0.5299546303621695
2012-04-20,0.5288676269124997
2012-04-23,0.5295650000188621
2012-04-24,0.5309920511568479
2012-04-25,0.530335310868689
2012-04-26,0.5309808890008103
2012-04-27,0.5314383665154998
2012-04-30,0.531311301720806
2012-05-01,0.529559659923118
2012-05-02,0.529568374509927
2012-05-03,0.5294323978657525
2012-05-04,0.5293431774214533
2012-05-07,0.5285724862700257
2012-05-08,0.5270616221325135
2012-05-09,0.5256019243726348
2012-05-10,0.5249699739594341
2012-05-11,0.5246658823482574
2012-05-14,0.5242047790475802
2012-05-15,0.5254994778594363
2012-05-16,0.5259018419151819
2012-05-17,0.525234117874353
2012-05-18,0.5247929964636505
2012-05-21,0.5249821683843864
2012-05-22,0.5253466875493219
2012-05-23,0.5250153871249664
2012-05-24,0.5248081180045374
2012-05-25,0.5233143146237473
2012-05-29,0.5233533536519044
2012-05-30,0.5231582723210223
2012-05-31,0.5230206062689804
2012-06-01,0.5230024118564224
2012-06-04,0.5230322497982326
2012-06-05,0.5231398293492524
2012-06-06,0.5233734782145871
2012-06-07,0.5229933418422303
2012-06-08,0.5233143146237473
2012-06-11,0.5236758889955249
2012-06-12,0.5239593906561211
2012-06-13,0.5237736589523245
2012-06-14,0.5234801113371494
2012-06-15,0.5231562362215234
2012-06-18,0.5239997522483394
2012-06-19,0.5235975210149338
2012-06-20,0.5239694507822851
2012-06-21,0.5244692613125598
2012-06-22,0.52512768349825
2012-06-25,0.5252066076737051
2012-06-26,0.5256457305178073
2012-06-27,0.5267044696884754
2012-06-28,0.5257680996586271
2012-06-29,0.5255711862576954
2012-07-02,0.5252907991267121
2012-07-03,0.5244299716332081
2012-07-05,0.5249305754619004
2012-07-06,0.5257247313646773
2012-07-09,0.526427217900438
2012-07-10,0.5267056391420649
2012-07-11,0.526760048499883
2012-07-12,0.526760048499883
2012-07-13,0.5266420083719243
2012-07-16,0.5260624334160555
2012-07-17,0.5261383014953254
2012-07-18,0.5263772797406799
2012-07-19,0.5256031674442685
2012-07-20,0.5259958736143245
2012-07-23,0.5261017490445506
2012-07-24,0.5254349380679719
2012-07-25,0.5256074460185655
2012-07-26,0.5252454089520883
2012-07-27,0.5255086622025502
2012-07-30,0.5255872063889747
2012-07-31,0.5258231141298123
2012-08-01,0.5262714501539401
2012-08-02,0.5256074460185655
2012-08-03,0.5254349380679719
2012-08-06,0.5255639597113352
2012-08-07,0.5254855784758452
2012-08-08,0.5264206360661098
2012-08-09,0.5280153265770349
2012-08-10,0.5294174045137664
2012-08-13,0.5311036920376634
2012-08-14,0.5323132067100929
2012-08-15,0.5311039455995701
2012-08-16,0.5302507373165783
2012-08-17,0.5298361393949184
2012-08-20,0.529859648070435
2012-08-21,0.5306005559886859
2012-08-22,0.5320741220797635
2012-08-23,0.531900159876854
2012-08-24,0.5317049676837801
2012-08-27,0.5323731220337277
2012-08-28,0.5333408712762723
2012-08-29,0.5338323417042158
2012-08-30,0.5341074610159675
2012-08-31,0.5343421033686593
2012-09-04,0.5339901155689988
2012-09-05,0.5328609001074652
2012-09-06,0.532646362883076
2012-09-07,0.5328972928416761
2012-09-10,0.5333659550168632
2012-09-11,0.5334048822939924
2012-09-12,0.5327419457840699
2012-09-13,0.5336008296284261
2012-09-14,0.5331733871688613
2012-09-17,0.5313143312775107
2012-09-18,0.5318435868051903
2012-09-19,0.5321572517183143
2012-09-20,0.5334279811217797
2012-09-21,0.53405067629544
2012-09-24,0.5341285786446405
2012-09-25,0.5334735801482782
2012-09-26,0.5327247452257908
2012-09-27,0.5327194000314959
2012-09-28,0.5328371144423171
2012-10-01,0.5314913532066856
2012-10-02,0.531154098892206
2012-10-03,0.5309701479378393
2012-10-04,0.5312620758111075
2012-10-05,0.5305609246776377
2012-10-08,0.5309278556075034
2012-10-09,0.5306644550156254
2012-10-10,0.5312724279133982
2012-10-11,0.530633131596392
2012-10-12,0.5297722801776718
2012-10-15,0.5296225779674972
2012-10-16,0.5292777532731203
2012-10-17,0.5292719956110369
2012-10-18,0.5287182619561857
2012-10-19,0.5295021956763181
2012-10-22,0.5299446214666357
2012-10-23,0.5289277439670376
2012-10-24,0.5284751633673697
2012-10-25,0.5288719174261959
2012-10-26,0.5278112023210932
2012-10-31,0.52818002956615
2012-11-01,0.5271394668097742
2012-11-02,0.5274114871364868
2012-11-05,0.5270279884496508
2012-11-06,0.5265957462667218
2012-11-07,0.5265957462667218
2012-11-08,0.5238062889376827
2012-11-09,0.5236949222562305
2012-11-12,0.5208692198538528
2012-11-13,0.5204163193364133
2012-11-14,0.520335921147309
2012-11-15,0.51968150983325
2012-11-16,0.5191115577927984
2012-11-19,0.5182413617818994
2012-11-20,0.5155001656098782
2012-11-21,0.5146438668382726
2012-11-23,0.5140854308633404
2012-11-26,0.5138609568959207
2012-11-27,0.5124023988866
2012-11-28,0.5125897503937477
2012-11-29,0.5128514551434661
2012-11-30,0.513227704404528
2012-12-03,0.5120727302339184
2012-12-04,0.5089040296979862
2012-12-05,0.5031004925220972
2012-12-06,0.5009164259294576
2012-12-07,0.4954756250444733
2012-12-10,0.4962821846662876
2012-12-11,0.4963798363006232
2012-12-12,0.4948642045477833
2012-12-13,0.4949425443368728
2012-12-14,0.4952538853847834
2012-12-17,0.4949359903709192
2012-12-18,0.4943153168188037
2012-12-19,0.4951576473614463
2012-12-20,0.49500407552359
2012-12-21,0.4946725764732937
2012-12-24,0.4944404150794545
2012-12-26,0.4950608922508676
2012-12-27,0.4957453615696847
2012-12-28,0.4933648471895522
2012-12-31,0.4937012171820689
2013-01-02,0.4926780133517405
2013-01-03,0.4926780133517405
2013-01-04,0.4916913904782645
2013-01-07,0.4913454306429293
2013-01-08,0.4880952160530013
2013-01-09,0.4863500780680942
2013-01-10,0.4864255831223278
2013-01-11,0.4864593684841506
2013-01-14,0.4855113868608211
2013-01-15,0.4865088081383755
2013-01-16,0.480391539818463
2013-01-17,0.4800128613174825
2013-01-18,0.4795037574245669
2013-01-22,0.4791288528978336
2013-01-23,0.4789112838239093
2013-01-24,0.478283884508108
2013-01-25,0.4757917027857369
2013-01-28,0.4769861117201799
2013-01-29,0.4767361456676343
2013-01-30,0.4753144857700681
2013-01-31,0.4761980097281237
2013-02-01,0.4747917030791904
2013-02-04,0.4750059008924779
2013-02-05,0.4743774615366061
2013-02-06,0.475435489500247
2013-02-07,0.4748864750524214
2013-02-08,0.4748437146734439
2013-02-11,0.4739179210145705
2013-02-12,0.4744203167791568
2013-02-13,0.4757019378762782
2013-02-14,0.4772905830761003
2013-02-15,0.4777390985787292
2013-02-19,0.4773124143298642
2013-02-20,0.4777006675938157
2013-02-21,0.4776192443707903
2013-02-22,0.4776192443707903
2013-02-25,0.4789348315007797
2013-02-26,0.4788483218278078
2013-02-27,0.4788885356041351
2013-02-28,0.4778827859835863
2013-03-01,0.4778782200048603
2013-03-04,0.4783583590115309
2013-03-05,0.4776909471610493
2013-03-06,0.4779512812830449
2013-03-07,0.4813371608289544
2013-03-08,0.4822097200558522
2013-03-11,0.4824737490588077
2013-03-12,0.4827272807443992
2013-03-13,0.4826834045655018
2013-03-14,0.4822516372916921
2013-03-15,0.4815103551489129
2013-03-18,0.4815980444845916
2013-03-19,0.4811168869959095
2013-03-20,0.4820797114295163
2013-03-21,0.4815522137415736
2013-03-22,0.4811610408975688
2013-03-25,0.4814227308688609
2013-03-26,0.4798937192357104
2013-03-27,0.4786254742653849
2013-03-28,0.478628905715221
2013-04-01,0.480200679625559
2013-04-02,0.4793343756561832
2013-04-03,0.4802876622635257
2013-04-04,0.4803285980782475
2013-04-05,0.4794923239117988
2013-04-08,0.4800653027393928
2013-04-09,0.4792305573670964
2013-04-10,0.4785751697416874
2013-04-11,0.4777918309347037
2013-04-12,0.4776574644715322
2013-04-15,0.479238119283532
2013-04-16,0.479110742928103
2013-04-17,0.477469237656885
2013-04-18,0.4775992855456533
2013-04-19,0.4776426670797848
2013-04-22,0.4779032954673602
2013-04-23,0.4776426670797848
2013-04-24,0.4779858617877303
2013-04-25,0.4787795196216758
2013-04-26,0.4781209310382235
2013-04-29,0.4776860647491489
2013-04-30,0.477955758765165
2013-05-01,0.4764568189702831
2013-05-02,0.477068332007081
2013-05-03,0.4771549842854254
2013-05-06,0.4768519829844631
2013-05-07,0.4768952206367726
2013-05-08,0.4771663554943485
2013-05-09,0.4766059411913222
2013-05-10,0.4762553833683807
2013-05-13,0.47539970710516
2013-05-14,0.4754091873800382
2013-05-15,0.4748160192034393
2013-05-16,0.4760470144951503
2013-05-17,0.4754867852060494
2013-05-20,0.4751944408035304
2013-05-21,0.4746872622069598
2013-05-22,0.4745295482485682
2013-05-23,0.4735417194300594
2013-05-24,0.4730275685811473
2013-05-28,0.4720639721538734
2013-05-29,0.4716961715394904
2013-05-30,0.4717102351338088
2013-05-31,0.4709484280456506
2013-06-03,0.4707644000342095
2013-06-04,0.4711297454723873
2013-06-05,0.471132167421585
2013-06-06,0.471258785715938
2013-06-07,0.471625406069785
2013-06-10,0.4710899924762407
2013-06-11,0.4716112853325054
2013-06-12,0.4714278285287543
2013-06-13,0.4708487932770617
2013-06-14,0.4708334444101512
2013-06-17,0.4710026651792723
2013-06-18,0.4723974554104108
2013-06-19,0.4723129884573276
2013-06-20,0.4726464590181151
2013-06-21,0.4727729546132947
2013-06-24,0.4722838306396162
2013-06-25,0.4724525183703276
2013-06-26,0.4723974554104108
2013-06-27,0.4726088951832833
2013-06-28,0.4730754373724415
2013-07-01,0.4730209710860324
2013-07-02,0.4722022365161198
2013-07-03,0.4720753760090315
2013-07-05,0.4724692013772572
2013-07-08,0.473704865675612
2013-07-09,0.4742567792279152
2013-07-10,0.474149831504813
2013-07-11,0.473632439565604
2013-07-12,0.4729237075992679
2013-07-15,0.4731040384679114
2013-07-16,0.4723903483177108
2013-07-17,0.4717505862078283
2013-07-18,0.471041358576797
2013-07-19,0.4716116818270677
2013-07-22,0.4728997857791221
2013-07-23,0.4748770076517314
2013-07-24,0.4739795960368324
2013-07-25,0.474695280871342
2013-07-26,0.4757301778566654
2013-07-29,0.4767556825381193
2013-07-30,0.4766780262157927
2013-07-31,0.475946586598296
2013-08-01,0.4754219266034565
2013-08-02,0.4753719612595059
2013-08-05,0.4754138089394265
2013-08-06,0.4754975496706047
2013-08-07,0.4753383672450099
2013-08-08,0.4758062401005728
2013-08-09,0.4749126322111236
2013-08-12,0.4750047314643361
2013-08-13,0.474930286871532
2013-08-14,0.4753547714272635
2013-08-15,0.4756127130166742
2013-08-16,0.4756543946892225
2013-08-19,0.4761557464675227
2013-08-20,0.4755135192210235
2013-08-21,0.4751382470226084
2013-08-22,0.4751382470226084
2013-08-23,0.4750134260885112
2013-08-26,0.4748798655973026
2013-08-27,0.4757795296795246
2013-08-28,0.4755970783723411
2013-08-29,0.4763097718648466
2013-08-30,0.4751297322268044
2013-09-03,0.4749214725792614
2013-09-04,0.4757795296795246
2013-09-05,0.4762463943697022
2013-09-06,0.4752299057567092
2013-09-09,0.4756884059451551
2013-09-10,0.4752047215698445
2013-09-11,0.4755892263123436
2013-09-12,0.4755892263123436
2013-09-13,0.4756310889980608
2013-09-16,0.4749037656512275
2013-09-17,0.474769556080591
2013-09-18,0.4751714291654956
2013-09-19,0.4761557464675227
2013-09-20,0.4760997015022489
2013-09-23,0.4764293632491265
2013-09-24,0.4769481465695348
2013-09-25,0.4770383520010652
2013-09-26,0.4771283553395041
2013-09-27,0.4762745855694451
2013-09-30,0.4757643775651482
2013-10-01,0.4758900105183267
2013-10-02,0.476190664195225
2013-10-03,0.4758062401005728
2013-10-04,0.4753048845728047
2013-10-07,0.4755055462688885
2013-10-08,0.4761350020846495
2013-10-09,0.4768634856048301
2013-10-10,0.4762183792648514
2013-10-11,0.4774913880368679
2013-10-14,0.4774863614234044
2013-10-15,0.4779583481826835
2013-10-16,0.4771394966403336
2013-10-17,0.4776401877004068
2013-10-18,0.4774661057612991
2013-10-21,0.4794851640546906
2013-10-22,0.4799997541413809
2013-10-23,0.4798749702086164
2013-10-24,0.4791079783128498
2013-10-25,0.4778276572079559
2013-10-28,0.4790656814012596
2013-10-29,0.4784751227106428
2013-10-30,0.4792773187240828
2013-10-31,0.4791053343086788
2013-11-01,0.478207121322468
2013-11-04,0.4774762635664827
2013-11-05,0.4777388393463675
2013-11-06,0.4765588836035574
2013-11-07,0.4763085739855408
2013-11-08,0.4748887396584905
2013-11-11,0.4752047215698445
2013-11-12,0.4760648957265923
2013-11-13,0.4764977014964519
2013-11-14,0.4767976498582773
2013-11-15,0.4771560856633949
2013-11-18,0.477501396961596
2013-11-19,0.4785627421326699
2013-11-20,0.4784438806963385
2013-11-21,0.4789923696008261
2013-11-22,0.4788634180266158
2013-11-25,0.4784857668161396
2013-11-26,0.4800128613174825
2013-11-27,0.4807303974797691
2013-11-29,0.4799330982113324
2013-12-02,0.4793866285152032
2013-12-03,0.4800992388373645
2013-12-04,0.4815696112880813
2013-12-05,0.4813587631654953
2013-12-06,0.4812754632177379
2013-12-09,0.481693589838306
2013-12-10,0.4816947429173432
2013-12-11,0.4821160651919743
2013-12-12,0.4826583487676401
2013-12-13,0.4824496932362074
2013-12-16,0.4817392466426011
2013-12-17,0.4820333286182806
2013-12-18,0.4821160651919743
2013-12-19,0.4825788130565518
2013-12-20,0.4828724913292346
2013-12-23,0.4817392466426011
2013-12-24,0.4811924075332806
2013-12-26,0.4811915553585948
2013-12-27,0.4806472415999346
2013-12-30,0.4809821677754296
2013-12-31,0.480062195681884
2014-01-02,0.4806472415999346
2014-01-03,0.4812335018304488
2014-01-06,0.4811077071266433
2014-01-07,0.4812743731228271
2014-01-08,0.4814418812737011
2014-01-09,0.481483795470415
2014-01-10,0.4816494266042234
2014-01-13,0.4812301359472545
2014-01-14,0.4811894463751504
2014-01-15,0.4821038081831159
2014-01-16,0.4808567601953001
2014-01-17,0.4813150232213917
2014-01-21,0.4813970970335194
2014-01-22,0.4813126346167429
2014-01-23,0.4807323265743941
2014-01-24,0.4823027880948284
2014-01-27,0.4826356827320662
2014-01-28,0.4820570377208504
2014-01-29,0.481394955029241
2014-01-30,0.4820603645963665
2014-01-31,0.4824341008811693
2014-02-03,0.4824668755967811
2014-02-04,0.4825940197153756
2014-02-05,0.4828052119041315
2014-02-06,0.4822690752722561
2014-02-07,0.482480429813166
2014-02-10,0.4831529491185798
2014-02-11,0.4829844614816983
2014-02-12,0.483613597142533
2014-02-13,0.4838673985265685
2014-02-14,0.4822769991329619
2014-02-18,0.4814434580942706
2014-02-19,0.4801422623934092
2014-02-20,0.4794240752755427
2014-02-21,0.4781968290856042
2014-02-24,0.4788274695400203
2014-02-25,0.4787050653160561
2014-02-26,0.4795057931967492
2014-02-27,0.478447468580116
2014-02-28,0.4776736637680219
2014-03-03,0.4773759096676247
2014-03-04,0.4760028497166576
2014-03-05,0.4761557464675227
2014-03-06,0.4768756835638431
2014-03-07,0.4764977014964519
2014-03-10,0.4766172281595078
2014-03-11,0.4770019509172962
2014-03-12,0.4766717932842491
2014-03-13,0.4758212713631868
2014-03-14,0.4762950387601914
2014-03-17,0.476336840118896
2014-03-18,0.4766717932842491
2014-03-19,0.4769656706349059
2014-03-20,0.4764492045490074
2014-03-21,0.4762326173035392
2014-03-24,0.475953888243364
2014-03-25,0.4757037541158165
2014-03-26,0.4755036594456935
2014-03-27,0.4755036594456935
2014-03-28,0.4754957203485214
2014-03-31,0.4750220950953575
2014-04-01,0.4751221982376896
2014-04-02,0.4744929419722536
2014-04-03,0.4746903724680407
2014-04-04,0.475179883931361
2014-04-07,0.474340333186854
2014-04-08,0.4747551343883618
2014-04-09,0.474298934876902
2014-04-10,0.4744871714403705
2014-04-11,0.4744551199120845
2014-04-14,0.4743944190918889
2014-04-15,0.4741666230854001
2014-04-16,0.474695280871342
2014-04-17,0.4742082896737439
2014-04-21,0.4739795960368324
2014-04-22,0.4728347957630627
2014-04-23,0.4737188914936239
2014-04-24,0.4735522577622025
2014-04-25,0.4735631594146034
2014-04-28,0.4733746910670083
2014-04-29,0.4735303569458663
2014-04-30,0.4727745219957499
2014-05-01,0.4722778013006491
2014-05-02,0.4717368444782475
2014-05-05,0.4738225787553676
2014-05-06,0.472319554420223
2014-05-07,0.4722388671651502
2014-05-08,0.4712897138497718
2014-05-09,0.4710236350470652
2014-05-12,0.471304211350858
2014-05-13,0.4727553829321914
2014-05-14,0.47300796247007
2014-05-15,0.4715001056281839
2014-05-16,0.4723389309355791
2014-05-19,0.4726637272844908
2014-05-20,0.4717234557732238
2014-05-21,0.471288056096725
2014-05-22,0.4709635609672295
2014-05-23,0.4716956349320642
2014-05-27,0.4707000787453785
2014-05-28,0.4707154991768712
2014-05-29,0.4711493345532359
2014-05-30,0.4702819415849027
2014-06-02,0.4711222034318352
2014-06-03,0.4711640580278291
2014-06-04,0.4706628122301553
2014-06-05,0.4703396497105868
2014-06-06,0.470115115205248
2014-06-09,0.4701475929903335
2014-06-10,0.4694260931143086
2014-06-11,0.4683025310815578
2014-06-12,0.467563805272074
2014-06-13,0.4681430900533506
2014-06-16,0.4685586879648192
2014-06-17,0.4688454482748177
2014-06-18,0.4691726896766917
2014-06-19,0.4709399121438985
2014-06-20,0.4709848546450225
2014-06-23,0.4711808958893981
2014-06-24,0.4709464507862774
2014-06-25,0.4706259081793982
2014-06-26,0.4705844461868852
2014-06-27,0.4700630157244334
2014-06-30,0.4696107080534587
2014-07-01,0.4687574956416616
2014-07-02,0.4683886794792669
2014-07-03,0.4675217503047028
2014-07-07,0.4664523091106399
2014-07-08,0.4665969817580304
2014-07-09,0.4673780705708702
2014-07-10,0.4671107273611953
2014-07-11,0.4671315126394376
2014-07-14,0.4673984442135564
2014-07-15,0.46562478152646
2014-07-16,0.4669453659010533
2014-07-17,0.4674400581409087
2014-07-18,0.467563805272074
2014-07-21,0.4642774568464173
2014-07-22,0.4634805602100471
2014-07-23,0.4636816290116043
2014-07-24,0.4638701865463073
2014-07-25,0.4638295410950192
2014-07-28,0.4636962002841173
2014-07-29,0.4641958839141556
2014-07-30,0.4641143704888751
2014-07-31,0.4633974377275421
2014-08-01,0.4631275397048665
2014-08-04,0.4635334295909873
2014-08-05,0.4638036473018124
2014-08-06,0.4648170690952568
2014-08-07,0.4643277566613338
2014-08-08,0.464522533396032
2014-08-11,0.4642014316607707
2014-08-12,0.4645136327889455
2014-08-13,0.4649321911047251
2014-08-14,0.465572891830563
2014-08-15,0.4644976141148622
2014-08-18,0.4655316906260965
2014-08-19,0.4657197312392008
2014-08-20,0.4661997039007198
2014-08-21,0.467563805272074
2014-08-22,0.4684039655366314
2014-08-25,0.4689128841104386
2014-08-26,0.4682581173598409
2014-08-27,0.4688304387191934
2014-08-28,0.4682960000227805
2014-08-29,0.4688254991000158
2014-09-02,0.4683148563084215
2014-09-03,0.4669703626616602
2014-09-04,0.4682488052205367
2014-09-05,0.4673157969191808
2014-09-08,0.4677820732210873
2014-09-09,0.467214417512061
2014-09-10,0.4674780396839027
2014-09-11,0.4671942676861404
2014-09-12,0.4670933798793122
2014-09-15,0.4681049992637976
2014-09-16,0.4684489731480244
2014-09-17,0.4684674380144027
2014-09-18,0.4683018227338521
2014-09-19,0.4679787634412694
2014-09-22,0.4682396678843941
2014-09-23,0.4680783631063424
2014-09-24,0.4680783631063424
2014-09-25,0.4681805674188853
2014-09-26,0.4676185666440759
2014-09-29,0.4689968102552612
2014-09-30,0.4682676093669064
2014-10-01,0.469049654620284
2014-10-02,0.4693686930724398
2014-10-03,0.4690846241990087
2014-10-06,0.469125161990468
2014-10-07,0.4698412060353065
2014-10-08,0.4700673128087758
2014-10-09,0.4697120204857404
2014-10-10,0.470019537946591
2014-10-13,0.4696880810849089
2014-10-14,0.4705934749693198
2014-10-15,0.4706085723128003
2014-10-16,0.4721664707116728
2014-10-17,0.4724105149434217
2014-10-20,0.4723165760767944
2014-10-21,0.4718692466070254
2014-10-22,0.4716394839257515
2014-10-23,0.4708408022354288
2014-10-24,0.4709477185663823
2014-10-27,0.4710982205116726
2014-10-28,0.4705427458063331
2014-10-29,0.4704215337342143
2014-10-30,0.4707045625202427
2014-10-31,0.4710982205116726
2014-11-03,0.4706490902853709
2014-11-04,0.4703753915772049
2014-11-05,0.4700600955288817
2014-11-06,0.4703288411061641
2014-11-07,0.4707409469413924
2014-11-10,0.4706490902853709
2014-11-11,0.4711387265097179
2014-11-12,0.4709104899000564
2014-11-13,0.4717874273181986
2014-11-14,0.4711551784992439
2014-11-17,0.470713027435694
2014-11-18,0.4699857201411998
2014-11-19,0.46907947265266
2014-11-20,0.4697533314193469
2014-11-21,0.4713970748814343
2014-11-24,0.4725934293947207
2014-11-25,0.4740786200544454
2014-11-26,0.4749374792504549
2014-11-28,0.4752873260190709
2014-12-01,0.4736042433074758
2014-12-02,0.4741081050820979
2014-12-03,0.4751815472550357
2014-12-04,0.4741081050820979
2014-12-05,0.4716528246612987
2014-12-08,0.4718269584298271
2014-12-09,0.4719073986881382
2014-12-10,0.4716261046293297
2014-12-11,0.4715458616777476
2014-12-12,0.4713981705989809
2014-12-15,0.4728715207421388
2014-12-16,0.4756501892794586
2014-12-17,0.4757162113790706
2014-12-18,0.4750929532796478
2014-12-19,0.4751980049618389
2014-12-22,0.4749288709431142
2014-12-23,0.4741485763547003
2014-12-24,0.4756863115846796
2014-12-26,0.4757345466280824
2014-12-29,0.4752953822370208
2014-12-30,0.4749226983432194
2014-12-31,0.4737547801346276
2015-01-02,0.4739563593660716
2015-01-05,0.4733309683089002
2015-01-06,0.4741854994851757
2015-01-07,0.4745682895410998
2015-01-08,0.47642472644371
2015-01-09,0.4765859028894564
2015-01-12,0.4767069319983829
2015-01-13,0.4757604233101214
2015-01-14,0.4756874360940238
2015-01-15,0.4763105010940431
2015-01-16,0.4767993458257477
2015-01-20,0.4770009178726213
2015-01-21,0.4763506765398212
2015-01-22,0.4767306301312792
2015-01-23,0.4764437006789817
2015-01-26,0.4761499381028315
2015-01-27,0.476236795282437
2015-01-28,0.4775149890497251
2015-01-29,0.4771887688226125
2015-01-30,0.4771085465385135
2015-02-02,0.477344364050996
2015-02-03,0.4777518759566208
2015-02-04,0.477904795014503
2015-02-05,0.4781479761767317
2015-02-06,0.4768164761135595
2015-02-09,0.4756426759259011
2015-02-10,0.4760480264766598
2015-02-11,0.4764076057172617
2015-02-12,0.4769096367573647
2015-02-13,0.4764484044310595
2015-02-17,0.4769969713626319
2015-02-18,0.4762512338578222
2015-02-19,0.4752386186555849
2015-02-20,0.4740983051110653
2015-02-23,0.4737332871018077
2015-02-24,0.4730509359853516
2015-02-25,0.4719346691232387
2015-02-26,0.4712235786395018
2015-02-27,0.4710085578613592
2015-03-02,0.4698496129220748
2015-03-03,0.4671359675630273
2015-03-04,0.4683941965093537
2015-03-05,0.4687470396025748
2015-03-06,0.4680309861840427
2015-03-09,0.4688847623598765
2015-03-10,0.4679113265874243
2015-03-11,0.4680497424819183
2015-03-12,0.4679910855865533
2015-03-13,0.468212164999013
2015-03-16,0.4687693737619056
2015-03-17,0.4690102696776108
2015-03-18,0.4691883050345093
2015-03-19,0.4701077006848987
2015-03-20,0.4706189649521438
2015-03-23,0.4705934749693198
2015-03-24,0.470892500663556
2015-03-25,0.4704313201115549
2015-03-26,0.4719373642846211
2015-03-27,0.4722632103291092
2015-03-30,0.4733540669862958
2015-03-31,0.4740088155833788
2015-04-01,0.4739267682975456
2015-04-02,0.4728884386193928
2015-04-06,0.4724711407229482
2015-04-07,0.4724050902510467
2015-04-08,0.4725162288394489
2015-04-09,0.4727640255087449
2015-04-10,0.4735956710778398
2015-04-13,0.4736370685985535
2015-04-14,0.4744776776695979
2015-04-15,0.4747966965106256
2015-04-16,0.4742379340334136
2015-04-17,0.4759195020191769
2015-04-20,0.4758778506076235
2015-04-21,0.4761209443620562
2015-04-22,0.4768993640095658
2015-04-23,0.4761350020846495
2015-04-24,0.476869405180941
2015-04-27,0.4767150411266717
2015-04-28,0.4766444863212872
2015-04-29,0.476691983317466
2015-04-30,0.4768749390299419
2015-05-01,0.4767041894229377
2015-05-04,0.4764983827808574
2015-05-05,0.4763619281542591
2015-05-06,0.4775505722164934
2015-05-07,0.4775044127785368
2015-05-08,0.4773958046944385
2015-05-11,0.4769516389424861
2015-05-12,0.477240996309615
2015-05-13,0.4768278484157273
2015-05-14,0.4764031338403304
2015-05-15,0.4762248239755263
2015-05-18,0.4757079807586302
2015-05-19,0.4747356981635625
2015-05-20,0.475591970943398
2015-05-21,0.4753041390125777
2015-05-22,0.4756408092837865
2015-05-26,0.4758202183467374
2015-05-27,0.475468526842178
2015-05-28,0.4753208624420538
2015-05-29,0.4736492213760126
2015-06-01,0.4741434324706203
2015-06-02,0.474082134793913
2015-06-03,0.4747641874962389
2015-06-04,0.4759047998137448
2015-06-05,0.4753801393902955
2015-06-08,0.4742891999493713
2015-06-09,0.4745797164898068
2015-06-10,0.4750134260885112
2015-06-11,0.4748975875876371
2015-06-12,0.4752299057567092
2015-06-15,0.4751883137688268
2015-06-16,0.4753964232489852
2015-06-17,0.4753465814543534
2015-06-18,0.4755293946051637
2015-06-19,0.4748798655973026
2015-06-22,0.4735631594146034
2015-06-23,0.4735830195045937
2015-06-24,0.4745556912538413
2015-06-25,0.4745041641755265
2015-06-26,0.4751622468986776
2015-06-29,0.4756574358840636
2015-06-30,0.4756154364373705
2015-07-01,0.4762048168936545
2015-07-02,0.476071082059268
2015-07-06,0.4760638737767821
2015-07-07,0.4745515945458349
2015-07-08,0.4742182004060939
2015-07-09,0.4757225301334966
2015-07-10,0.4755892263123436
2015-07-13,0.4760577329909588
2015-07-14,0.4764072365635126
2015-07-15,0.4756232743295508
2015-07-16,0.4751878074135487
2015-07-17,0.4752716393700562
2015-07-20,0.4748620386143238
2015-07-21,0.4750621731913297
2015-07-22,0.475355532056874
2015-07-23,0.4764005814020981
2015-07-24,0.4743528123011932
2015-07-27,0.4752797982079464
2015-07-28,0.4750880503029256
2015-07-29,0.4764072365635126
2015-07-30,0.4775606075121461
2015-07-31,0.4770918455380894
2015-08-03,0.477523422903264
2015-08-04,0.476037386252393
2015-08-05,0.4765041960734353
2015-08-06,0.4762114811368975
2015-08-07,0.4762114811368975
2015-08-10,0.4774595528569578
2015-08-11,0.477407471983479
2015-08-12,0.4782493601719374
2015-08-13,0.4782493601719374
2015-08-14,0.4779452900675083
2015-08-17,0.4786335507427092
2015-08-18,0.4782150517458715
2015-08-19,0.4783909998900062
2015-08-20,0.4786047952720929
2015-08-21,0.4780846519448316
2015-08-24,0.4796861076179962
2015-08-25,0.4834971780056336
2015-08-26,0.48346385679646
2015-08-27,0.4856211855677689
2015-08-28,0.4857162314099206
2015-08-31,0.4858035634266833
2015-09-01,0.488002107700616
2015-09-02,0.4878105321288118
2015-09-03,0.4884452727989207
2015-09-04,0.4894932662879132
2015-09-08,0.4915428981571546
2015-09-09,0.4915021399307716
2015-09-10,0.4918285880607492
2015-09-11,0.4921968897989754
2015-09-14,0.4914613953363424
2015-09-15,0.4915164616812256
2015-09-16,0.4919066054828314
2015-09-17,0.4912311341689053
2015-09-18,0.4908108048568304
2015-09-21,0.4904304010325339
2015-09-22,0.490851119281435
2015-09-23,0.490606264523108
2015-09-24,0.4911644248585923
2015-09-25,0.4911228416605326
2015-09-28,0.4913533355332362
2015-09-29,0.4911904276262773
2015-09-30,0.4913125881149675
2015-10-01,0.4909053848037752
2015-10-02,0.4897101591935632
2015-10-05,0.486850162882935
2015-10-06,0.4874249453086228
2015-10-07,0.4869488343359536
2015-10-08,0.4865053158066506
2015-10-09,0.4860622356790491
2015-10-12,0.4850260324449928
2015-10-13,0.4849037600498008
2015-10-14,0.4848277574189299
2015-10-15,0.4835967195720446
2015-10-16,0.4838822145026475
2015-10-19,0.4838086909536114
2015-10-20,0.4829230931553243
2015-10-21,0.4831526002764544
2015-10-22,0.4831588959971391
2015-10-23,0.483193247281669
2015-10-26,0.4832404332475675
2015-10-27,0.4833220265219327
2015-10-28,0.4834853813935474
2015-10-29,0.4832912524743
2015-10-30,0.4819148942372824
2015-11-02,0.4823239740805657
2015-11-03,0.481307359109316
2015-11-04,0.48151239801561
2015-11-05,0.4816355924456455
2015-11-06,0.4808983469629878
2015-11-09,0.4807351385316087
2015-11-10,0.4811845064970816
2015-11-11,0.4810207288051884
2015-11-12,0.4805712330915433
2015-11-13,0.4822771749568567
2015-11-16,0.4791716342329005
2015-11-17,0.4785819437146739
2015-11-18,0.4782547326803087
2015-11-19,0.4786606866451276
2015-11-20,0.4787869162419839
2015-11-23,0.4794494105106203
2015-11-24,0.4806920426131135
2015-11-25,0.4805665397924332
2015-11-27,0.4807739883317951
2015-11-30,0.4814779265872479
2015-12-01,0.4821745481850796
2015-12-02,0.4811460354788182
2015-12-03,0.4825336577362668
2015-12-04,0.4826160197082206
2015-12-07,0.4832388845503508
2015-12-08,0.4829104381886185
2015-12-09,0.4827501548523607
2015-12-10,0.4828331337674749
2015-12-11,0.483854155193651
2015-12-14,0.4837669744101241
2015-12-15,0.4836088494705889
2015-12-16,0.4850723242720919
2015-12-17,0.4852435085674836
2015-12-18,0.4857826825981456
2015-12-21,0.486263159906005
2015-12-22,0.4850013652228532
2015-12-23,0.4836011698144227
2015-12-24,0.4835597547672798
2015-12-28,0.4834228241877747
2015-12-29,0.4826282565674318
2015-12-30,0.4826282565674318
2015-12-31,0.4831688689067136
2016-01-04,0.4832072587964575
2016-01-05,0.4832138639709535
2016-01-06,0.4827321778059332
2016-01-07,0.4830204342970908
2016-01-08,0.4831367840387058
2016-01-11,0.4829306461937006
2016-01-12,0.4824318989516506
2016-01-13,0.4828024813828728
2016-01-14,0.4826332002697051
2016-01-15,0.4825107375984601
2016-01-19,0.4834300731535667
2016-01-20,0.4834953535424479
2016-01-21,0.4828831256859419
2016-01-22,0.4835483769552828
2016-01-25,0.4832138639709535
2016-01-26,0.4832939761177375
2016-01-27,0.4835483769552828
2016-01-28,0.4830082861670547
2016-01-29,0.4844325125241318
2016-02-01,0.4858588800856955
2016-02-02,0.4871766937585778
2016-02-03,0.4868590769057479
2016-02-04,0.4871590339535736
2016-02-05,0.4871017507489638
2016-02-08,0.4876992788465353
2016-02-09,0.4873624933328235
2016-02-10,0.4874230126693157
2016-02-11,0.489759504022066
2016-02-12,0.4900000662665855
2016-02-16,0.4900810181264535
2016-02-17,0.4893199956348548
2016-02-18,0.4898096307245411
2016-02-19,0.4899794797535983
2016-02-22,0.4897546829658357
2016-02-23,0.4894585561585708
2016-02-24,0.489597653652541
2016-02-25,0.4906486419488533
2016-02-26,0.4904207897609949
2016-02-29,0.4905212227778882
2016-03-01,0.4901364838317347
2016-03-02,0.4898222511491633
2016-03-03,0.4902905976652825
2016-03-04,0.4899328695660603
2016-03-07,0.4893186659183521
2016-03-08,0.4897147775490279
2016-03-09,0.489885893363196
2016-03-10,0.4886838938174313
2016-03-11,0.4888770166181653
2016-03-14,0.4892863883515938
2016-03-15,0.4895878428942107
2016-03-16,0.4899202878773422
2016-03-17,0.4911345274496675
2016-03-18,0.4908598973396869
2016-03-21,0.4912065740471599
2016-03-22,0.4912648888120569
2016-03-23,0.4918156438970628
2016-03-24,0.4927884816569473
2016-03-28,0.4923401363357098
2016-03-29,0.4927446475767265
2016-03-30,0.4929292171300787
2016-03-31,0.4918712523005139
2016-04-01,0.4905557519782718
2016-04-04,0.4902064340872604
2016-04-05,0.4909901463424013
2016-04-06,0.4908591761270306
2016-04-07,0.4897377064296502
2016-04-08,0.4902440040690429
2016-04-11,0.4887120917836587
2016-04-12,0.4884304724707874
2016-04-13,0.4879845652848609
2016-04-14,0.4872946258673714
2016-04-15,0.4876094574270002
2016-04-18,0.4890998849290438
2016-04-19,0.4906360380531879
2016-04-20,0.4886397641454452
2016-04-21,0.4888714065327052
2016-04-22,0.4880348255101467
2016-04-25,0.487869117384509
2016-04-26,0.4885417408944135
2016-04-27,0.4876292386457908
2016-04-28,0.4874199266109484
2016-04-29,0.4874199266109484
2016-05-02,0.4877810769382652
2016-05-03,0.4883655627359
2016-05-04,0.4884429531757391
2016-05-05,0.4884872076754126
2016-05-06,0.4884984808387851
2016-05-09,0.4880879703084696
2016-05-10,0.489598870852419
2016-05-11,0.4889132644182618
2016-05-12,0.4870753417159413
2016-05-13,0.4872093507515992
2016-05-16,0.4886796811188753
2016-05-17,0.4888144983813356
2016-05-18,0.4889494662464247
2016-05-19,0.488802604374601
2016-05-20,0.4892073308193986
2016-05-23,0.4886014670202776
2016-05-24,0.4887482190261147
2016-05-25,0.489084584988194
2016-05-26,0.4887600803245004
2016-05-27,0.4888171975785159
2016-05-31,0.4901430208033897
2016-06-01,0.4896586206793945
2016-06-02,0.4889823155329362
2016-06-03,0.4871552451786413
2016-06-06,0.4875820344805652
2016-06-07,0.4868789086742189
2016-06-08,0.4867281871797228
2016-06-09,0.4862864376743758
2016-06-10,0.4846997722282855
2016-06-13,0.4844419734800831
2016-06-14,0.4846120115952304
2016-06-15,0.4848256622577708
2016-06-16,0.4858610833601046
2016-06-17,0.4849951836087264
2016-06-20,0.4843491165895455
2016-06-21,0.4848315343479513
2016-06-22,0.4856921006315343
2016-06-23,0.4887255581122166
2016-06-24,0.488539620478703
2016-06-27,0.4886968993862141
2016-06-28,0.4889427860664514
2016-06-29,0.4887939879545748
2016-06-30,0.4905712371749754
2016-07-01,0.4908308930431754
2016-07-05,0.4903230845755463
2016-07-06,0.4900895716218599
2016-07-07,0.4903367021093684
2016-07-08,0.4904374128715424
2016-07-11,0.4916315279214179
2016-07-12,0.4920500002918978
2016-07-13,0.4924922770686786
2016-07-14,0.4908166321511589
2016-07-15,0.4902959670671651
2016-07-18,0.4891068683626647
2016-07-19,0.4916848723866525
2016-07-20,0.4933318408743503
2016-07-21,0.4943835982529461
2016-07-22,0.4933913612378914
2016-07-25,0.4941213486407337
2016-07-26,0.4941271821161949
2016-07-27,0.4938911347075295
2016-07-28,0.4938911347075295
2016-07-29,0.4952089895798426
2016-08-01,0.4971507054113501
2016-08-02,0.4977123932726982
2016-08-03,0.4980574437030138
2016-08-04,0.4978393483479262
2016-08-05,0.4973405453097964
2016-08-08,0.4969517049743246
2016-08-09,0.4965833785313401
2016-08-10,0.4958261190085887
2016-08-11,0.4958261190085887
2016-08-12,0.4961936738935834
2016-08-15,0.495655298058271
2016-08-16,0.4953547512955022
2016-08-17,0.4950977217430807
2016-08-18,0.4951206670993515
2016-08-19,0.4955936209102467
2016-08-22,0.4953822218768159
2016-08-23,0.4951071076427221
2016-08-24,0.4964725279696482
2016-08-25,0.4975154737728259
2016-08-26,0.4974269978941079
2016-08-29,0.4965991805796171
2016-08-30,0.4963443508796934
2016-08-31,0.4970903097758034
2016-09-01,0.4981113388170001
2016-09-02,0.4989402090680634
2016-09-06,0.4988904990951218
2016-09-07,0.4972540401560003
2016-09-08,0.4976565553435357
2016-09-09,0.4971668708803514
2016-09-12,0.4973760201428631
2016-09-13,0.4975257623188406
2016-09-14,0.4979272646227556
2016-09-15,0.4978422982967122
2016-09-16,0.4978230205533396
2016-09-19,0.4976139943970801
2016-09-20,0.4973363716017411
2016-09-21,0.4972965322447405
2016-09-22,0.4970196694968644
2016-09-23,0.4979740698780221
2016-09-26,0.4975030132525227
2016-09-27,0.4983103336949001
2016-09-28,0.4974240959491421
2016-09-29,0.497892954790157
2016-09-30,0.4981113388170001
2016-10-03,0.4972639591849336
2016-10-04,0.496301802024632
2016-10-05,0.4943911503930855
2016-10-06,0.494405014577728
2016-10-07,0.494386141499516
2016-10-10,0.4935772186621234
2016-10-11,0.494020610126158
2016-10-12,0.4940816836741098
2016-10-13,0.4929069532149461
2016-10-14,0.4947631023893295
2016-10-17,0.4948764807042077
2016-10-18,0.4946812601616893
2016-10-19,0.4947671531398657
2016-10-20,0.4930606040929539
2016-10-21,0.4940085885020309
2016-10-24,0.4942044092229132
2016-10-25,0.4954156068763538
2016-10-26,0.4947048293142355
2016-10-27,0.4945807690186096
2016-10-28,0.4966882781228346
2016-10-31,0.4972234371931981
2016-11-01,0.4977763328567193
2016-11-02,0.4985223402055517
2016-11-03,0.4977686968802467
2016-11-04,0.4990728707003338
2016-11-07,0.4991407174375395
2016-11-08,0.4992946791877672
2016-11-09,0.4983018958750628
2016-11-10,0.4978736351502092
2016-11-11,0.4974956263715303
2016-11-14,0.4972867081039988
2016-11-15,0.4961732446343833
2016-11-16,0.4969226160414778
2016-11-17,0.4969210015939255
2016-11-18,0.49743284703997
2016-11-21,0.4979247938510244
2016-11-22,0.4981830079668546
2016-11-23,0.4995696626176772
2016-11-25,0.4991554443435447
2016-11-28,0.5000970338206331
2016-11-29,0.4999672032082835
2016-11-30,0.4992770430400476
2016-12-01,0.4990800284701238
2016-12-02,0.4986090942649564
2016-12-05,0.4983477006644551
2016-12-06,0.4985730923394952
2016-12-07,0.4987429999920155
2016-12-08,0.499502236036251
2016-12-09,0.4994768383889637
2016-12-12,0.4982712723559876
2016-12-13,0.4984532466811044
2016-12-14,0.4985797300251667
2016-12-15,0.4984348917287497
2016-12-16,0.4980369689208807
2016-12-19,0.4968650188760112
2016-12-20,0.496844802942516
2016-12-21,0.4974518140761402
2016-12-22,0.497887670807367
2016-12-23,0.4977389277970173
2016-12-27,0.497381935070352
2016-12-28,0.4984969216039069
2016-12-29,0.4988623083282442
2016-12-30,0.4979820384704717
2017-01-03,0.4979025703029514
2017-01-04,0.4984423553421616
2017-01-05,0.499016909503286
2017-01-06,0.4984732922703431
2017-01-09,0.4984913989365866
2017-01-10,0.4982831753707361
2017-01-11,0.4987772631989582
2017-01-12,0.4989857950664056
2017-01-13,0.4998310822726495
2017-01-17,0.5009048760290462
2017-01-18,0.50146646653762
2017-01-19,0.5002013773660873
2017-01-20,0.5000609562348495
2017-01-23,0.4992900756537078
2017-01-24,0.4999293812788871
2017-01-25,0.4994806199725635
2017-01-26,0.499007131332344
2017-01-27,0.4979012203779747
2017-01-30,0.4953951564790975
2017-01-31,0.4935505713917932
2017-02-01,0.493584643630737
2017-02-02,0.4932081408216502
2017-02-03,0.4936428420178882
2017-02-06,0.4943253838744749
2017-02-07,0.494266063056808
2017-02-08,0.4942301064959601
2017-02-09,0.4943764264312654
2017-02-10,0.4943534299687593
2017-02-13,0.4945408719387216
2017-02-14,0.4951432322080842
2017-02-15,0.4946090043070174
2017-02-16,0.4948142022396273
2017-02-17,0.4954948103690624
2017-02-21,0.4953517192039094
2017-02-22,0.4965087891907682
2017-02-23,0.496487373197957
2017-02-24,0.4975395478451578
2017-02-27,0.4960140490212555
2017-02-28,0.4952938132161153
2017-03-01,0.4953781050849887
2017-03-02,0.495397426155086
2017-03-03,0.4948999062732276
2017-03-06,0.4944450921060482
2017-03-07,0.494030568206114
2017-03-08,0.4937208371350272
2017-03-09,0.4941124282483583
2017-03-10,0.4945270208916677
2017-03-13,0.4946274035321196
2017-03-14,0.4934687739786444
2017-03-15,0.4918658830932873
2017-03-16,0.4907294760263783
2017-03-17,0.4900774332862562
2017-03-20,0.4899557219162663
2017-03-21,0.4897126651447986
2017-03-22,0.4898583244928202
2017-03-23,0.4904562373972373
2017-03-24,0.4900492132639308
2017-03-27,0.4895625807288665
2017-03-28,0.4883343023197509
2017-03-29,0.4884457513986592
2017-03-30,0.4889117925059988
2017-03-31,0.4888413615442447
2017-04-03,0.4895925396298751
2017-04-04,0.4890337275820023
2017-04-05,0.4880698944403543
2017-04-06,0.4885373200853415
2017-04-07,0.4892372263647742
2017-04-10,0.4897198069197105
2017-04-11,0.4905524308730404
2017-04-12,0.4927079718208066
2017-04-13,0.4917002138913869
2017-04-17,0.4918071668118003
2017-04-18,0.4918770542929282
2017-04-19,0.4923193280879978
2017-04-20,0.4922279074129067
2017-04-21,0.4916886195531365
2017-04-24,0.4910141023892048
2017-04-25,0.4902705114015345
2017-04-26,0.4890595842807141
2017-04-27,0.4879598350055578
2017-04-28,0.4884252791721886
2017-05-01,0.4872518092491035
2017-05-02,0.485970917057772
2017-05-03,0.4858973991635739
2017-05-04,0.4857636155402366
2017-05-05,0.4866245372266796
2017-05-08,0.4877486571999049
2017-05-09,0.4872976564489214
2017-05-10,0.4888067017163837
2017-05-11,0.4890668885501829
2017-05-12,0.4888952272741022
2017-05-15,0.4887347570933589
2017-05-16,0.4895330935452393
2017-05-17,0.4885836161247375
2017-05-18,0.4888738050682904
2017-05-19,0.4893779198305727
2017-05-22,0.4889167648816196
2017-05-23,0.4898144551898919
2017-05-24,0.4905699036160749
2017-05-25,0.4899671369427242
2017-05-26,0.4902231273033762
2017-05-30,0.4893786460442325
2017-05-31,0.4901430208033897
2017-06-01,0.48983501663703
2017-06-02,0.4894870715700362
2017-06-05,0.4891392318269098
2017-06-06,0.4891791013079384
2017-06-07,0.4890704159720268
2017-06-08,0.4894985310054522
2017-06-09,0.49054562223343
2017-06-12,0.4904529092197984
2017-06-13,0.491399477242921
2017-06-14,0.4926096511392745
2017-06-15,0.4928437922825744
2017-06-16,0.4931087761720462
2017-06-19,0.4936450484170527
2017-06-20,0.4941730683998241
2017-06-21,0.4946202112555056
2017-06-22,0.4945799728722148
2017-06-23,0.4953514648821176
2017-06-26,0.4956563568708708
2017-06-27,0.4935218447414045
2017-06-28,0.4927256084517554
2017-06-29,0.492612471488384
2017-06-30,0.492803684077296
2017-07-03,0.4928839136431669
2017-07-05,0.4927792724396092
2017-07-06,0.492891301860361
2017-07-07,0.4929072224956348
2017-07-10,0.4924950376069525
2017-07-11,0.4920270974121066
2017-07-12,0.4911337519070876
2017-07-13,0.4909464739297298
2017-07-14,0.4906527614647187
2017-07-17,0.4912531223985657
2017-07-18,0.4911594419242756
2017-07-19,0.4902808163207316
2017-07-20,0.4914936481923038
2017-07-21,0.4923437865349643
2017-07-24,0.4915034777369031
2017-07-25,0.4915174935150966
2017-07-26,0.4921283263686491
2017-07-27,0.492529298535153
2017-07-28,0.4932531644381114
2017-07-31,0.4937485592318054
2017-08-01,0.4945620046461672
2017-08-02,0.4954363244849811
2017-08-03,0.4956995579445155
2017-08-04,0.4962018361757002
2017-08-07,0.4975375447248584
2017-08-08,0.4975315740773592
2017-08-09,0.4969396094560114
2017-08-10,0.4968185161692534
2017-08-11,0.4965411748262073
2017-08-14,0.4965411748262073
2017-08-15,0.4965012471700227
2017-08-16,0.4961822892029393
2017-08-17,0.4962221139704282
2017-08-18,0.4966601640956539
2017-08-21,0.4970404613258332
2017-08-22,0.4974788945242253
2017-08-23,0.4970004209142875
2017-08-24,0.4970021234629845
2017-08-25,0.4967029649717252
2017-08-28,0.4975279321492692
2017-08-29,0.49810847608977
2017-08-30,0.4985661119794368
2017-08-31,0.4982429807914277
2017-09-01,0.498063733484321
2017-09-05,0.497344986858135
2017-09-06,0.496402338804349
2017-09-07,0.4960196986472847
2017-09-08,0.4948725094868347
2017-09-11,0.4933881009702385
2017-09-12,0.4932933193174417
2017-09-13,0.4928107640151118
2017-09-14,0.4910130709232255
2017-09-15,0.4900264851412428
2017-09-18,0.4904656103411034
2017-09-19,0.4911866994632696
2017-09-20,0.4917973395679567
2017-09-21,0.4924832911855606
2017-09-22,0.4930206256293324
2017-09-25,0.4933553755008177
2017-09-26,0.4933155000434067
2017-09-27,0.492869304342636
2017-09-28,0.4934915861985697
2017-09-29,0.4925511347883684
2017-10-02,0.4933952639410074
2017-10-03,0.4935383745260485
2017-10-04,0.4942909915056205
2017-10-05,0.4939779727014907
2017-10-06,0.4944199406590517
2017-10-09,0.494300792772416
2017-10-10,0.4957202964426705
2017-10-11,0.497122577341974
2017-10-12,0.4976761721763884
2017-10-13,0.4976145070927134
2017-10-16,0.4978327930454186
2017-10-17,0.4987216471795037
2017-10-18,0.4993732123423367
2017-10-19,0.5007490427689093
2017-10-20,0.5007383146037503
2017-10-23,0.5005621197618408
2017-10-24,0.5003204586276209
2017-10-25,0.5005724268304778
2017-10-26,0.5000168602598393
2017-10-27,0.5002495239898036
2017-10-30,0.5003857548776537
2017-10-31,0.5002092196611297
2017-11-01,0.4994371980743191
2017-11-02,0.4993568380349489
2017-11-03,0.4990994011028004
2017-11-06,0.5002341204453294
2017-11-07,0.5004563594638565
2017-11-08,0.5013203773549693
2017-11-09,0.5016442647596547
2017-11-10,0.5017787547292563
2017-11-13,0.5027336825084574
2017-11-14,0.5026527276921906
2017-11-15,0.5022877081932523
2017-11-16,0.5026375071870027
2017-11-17,0.5025164703860306
2017-11-20,0.502932653531393
2017-11-21,0.50289224759912
2017-11-22,0.5026653172481278
2017-11-24,0.5031228201140275
2017-11-27,0.5032682682350994
2017-11-28,0.503563466304159
2017-11-29,0.5029362973256318
2017-11-30,0.5024230236939523
2017-12-01,0.5022487322543249
2017-12-04,0.502356874051999
2017-12-05,0.5024909739507052
2017-12-06,0.502276066418118
2017-12-07,0.5013607050466474
2017-12-08,0.500870373268719
2017-12-11,0.4996625203267628
2017-12-12,0.4996785891050506
2017-12-13,0.4990023728554494
2017-12-14,0.4983841265063326
2017-12-15,0.4990894406450726
2017-12-18,0.5003092098016149
2017-12-19,0.5003497391601789
2017-12-20,0.4996383731689414
2017-12-21,0.499589880272314
2017-12-22,0.4999046369313209
2017-12-26,0.4988882367141189
2017-12-27,0.4993477947559888
2017-12-28,0.4997591566005913
2017-12-29,0.4997265784649616
2018-01-02,0.4992363949497746
2018-01-03,0.4995254037475422
2018-01-04,0.499565727860405
2018-01-05,0.4986472201613651
2018-01-08,0.498831002490225
2018-01-09,0.4978986281718713
2018-01-10,0.497752793799015
2018-01-11,0.498555113283869
2018-01-12,0.4984746479813712
2018-01-16,0.4981756377999284
2018-01-17,0.4987103466723966
2018-01-18,0.4969011046614168
2018-01-19,0.4962215296512454
2018-01-22,0.4955986096398974
2018-01-23,0.4945884273113565
2018-01-24,0.4940808355865096
2018-01-25,0.4946423829378345
2018-01-26,0.4961811180805189
2018-01-29,0.496402338804349
2018-01-30,0.4965620921406272
2018-01-31,0.4966422917300907
2018-02-01,0.5007702811007685
2018-02-02,0.5018074490198641
2018-02-05,0.5109850115751638
2018-02-06,0.5118627271695902
2018-02-07,0.5161082747793746
2018-02-08,0.522146669838538
2018-02-09,0.5230065880519416
2018-02-12,0.5229704682763506
2018-02-13,0.5225135354980985
2018-02-14,0.5226101958256159
2018-02-15,0.5236218933521508
2018-02-16,0.5236856458770044
2018-02-20,0.5231492512256559
2018-02-21,0.5251759172384686
2018-02-22,0.5256448903322801
2018-02-23,0.5253740717763574
2018-02-26,0.5292719314527718
2018-02-27,0.5300241840744383
2018-02-28,0.5297616826312892
2018-03-01,0.5302699215433007
2018-03-02,0.5307598369091556
2018-03-05,0.5324757453595227
2018-03-06,0.5325687149261138
2018-03-07,0.5328641998028641
2018-03-08,0.5336563457959103
2018-03-09,0.53453607729144
2018-03-12,0.5348282812381538
2018-03-13,0.5357479254032488
2018-03-14,0.5374381284834976
2018-03-15,0.5364023244308465
2018-03-16,0.5381067716520584
2018-03-19,0.5382916324487754
2018-03-20,0.5380328958811433
2018-03-21,0.5401846313621623
2018-03-22,0.5405483692995988
2018-03-23,0.5440905891624074
2018-03-26,0.5447830996889247
2018-03-27,0.5448068367172202
2018-03-28,0.5449154821640378
2018-03-29,0.5448455818106074
2018-04-02,0.5466556118739527
2018-04-03,0.5468275159995594
2018-04-04,0.5469679264316409
2018-04-05,0.5484592450107472
2018-04-06,0.5495493672457359
2018-04-09,0.548918846192331
2018-04-10,0.549930445706871
2018-04-11,0.5509579665259576
2018-04-12,0.5512804571168328
2018-04-13,0.5520040188293457
2018-04-16,0.5511793195755041
2018-04-17,0.5506190294577483
2018-04-18,0.5500159578485052
2018-04-19,0.5504064561822841
2018-04-20,0.5510260823256806
2018-04-23,0.5502542106145257
2018-04-24,0.5494787101268281
2018-04-25,0.5495500463073147
2018-04-26,0.5494838491153736
2018-04-27,0.5508658763874509
2018-04-30,0.5506177109580673
2018-05-01,0.5514784961321627
2018-05-02,0.5513763577133737
2018-05-03,0.5519100205355697
2018-05-04,0.5515759030340796
2018-05-07,0.5510773671795743
2018-05-08,0.5516705057330497
2018-05-09,0.5511496571006479
2018-05-10,0.5507367529600615
2018-05-11,0.550834792722805
2018-05-14,0.5518292385099957
2018-05-15,0.5520112400343423
2018-05-16,0.5520068671844075
2018-05-17,0.5521892256969181
2018-05-18,0.5520068671844075
2018-05-21,0.5504095619019371
2018-05-22,0.5514911654100888
2018-05-23,0.5520773107182727
2018-05-24,0.5512404167062754
2018-05-25,0.5512768910630558
2018-05-29,0.5517565019185612
2018-05-30,0.5514564041236069
2018-05-31,0.551502211386639
2018-06-01,0.550772355591657
2018-06-04,0.5508086851763978
2018-06-05,0.55018096571193
2018-06-06,0.5506419929401729
2018-06-07,0.5507148100135274
2018-06-08,0.5507512323324277
2018-06-11,0.5510591265126589
2018-06-12,0.5501179139995335
2018-06-13,0.5495038945146179
2018-06-14,0.5506299594807654
2018-06-15,0.5506204405292586
2018-06-18,0.5501466977293302
2018-06-19,0.5504745076829536
2018-06-20,0.5506515649391691
2018-06-21,0.5500756014204664
2018-06-22,0.5492422761998502
2018-06-25,0.5510549554999207
2018-06-26,0.5502975756208665
2018-06-27,0.5502975756208665
2018-06-28,0.550712271169072
2018-06-29,0.5516447440743463
2018-07-02,0.5516494779324255
2018-07-03,0.5513622519439398
2018-07-05,0.5513152864441276
2018-07-06,0.5508232849460715
2018-07-09,0.5505958526022988
2018-07-10,0.5523286707548309
2018-07-11,0.5526020858336713
2018-07-12,0.5526313512065093
2018-07-13,0.5513449443253161
2018-07-16,0.5512126328972309
2018-07-17,0.5505928801115092
2018-07-18,0.5491835895826677
2018-07-19,0.5493809118276807
2018-07-20,0.5485284944831477
2018-07-23,0.5481179795400264
2018-07-24,0.5486733738114072
2018-07-25,0.5489744685997665
2018-07-26,0.5472241317424721
2018-07-27,0.5472289811102694
2018-07-30,0.5473631758117442
2018-07-31,0.5475893304263036
2018-08-01,0.5473846905287668
2018-08-02,0.547325518111513
2018-08-03,0.5467823249946194
2018-08-06,0.5472847703601581
2018-08-07,0.5451825334131316
2018-08-08,0.5455940195666416
2018-08-09,0.5451614219767466
2018-08-10,0.5445176074299749
2018-08-13,0.5445345928907844
2018-08-14,0.5447230071262523
2018-08-15,0.5441796692695795
2018-08-16,0.5441913616432749
2018-08-17,0.5444998058859052
2018-08-20,0.5441653009986227
2018-08-21,0.5438409091474626
2018-08-22,0.5450850019390988
2018-08-23,0.5452774184713022
2018-08-24,0.5456592171240746
2018-08-27,0.5450287574871336
2018-08-28,0.5452576811984104
2018-08-29,0.545123206823015
2018-08-30,0.5453526519487445
2018-08-31,0.544891604635891
2018-09-04,0.5454185985406669
2018-09-05,0.5457936444559598
2018-09-06,0.5461954609683681
2018-09-07,0.5475329687392136
2018-09-10,0.5475248287974895
2018-09-11,0.5458988937860251
2018-09-12,0.5456494510607558
2018-09-13,0.5450811634422533
2018-09-14,0.5449070132995893
2018-09-17,0.5436526882000479
2018-09-18,0.544739849125366
2018-09-19,0.5447784272883438
2018-09-20,0.5450021047074807
2018-09-21,0.5445786869796899
2018-09-24,0.544925025733279
2018-09-25,0.5447117075003511
2018-09-26,0.544722117358531
2018-09-27,0.5444528354787681
2018-09-28,0.5436910029418605
2018-10-01,0.5430707783296508
2018-10-02,0.5419023674089991
2018-10-03,0.5408479640158129
2018-10-04,0.5424142036010278
2018-10-05,0.542400344848629
2018-10-08,0.5428320774425974
2018-10-09,0.5446517854831564
2018-10-10,0.5458031571710543
2018-10-11,0.5483021762540913
2018-10-12,0.5484021396092678
2018-10-15,0.5475593829393844
2018-10-16,0.5489050224303295
2018-10-17,0.5466442631577579
2018-10-18,0.5458967832294888
2018-10-19,0.5456497285307941
2018-10-22,0.5453242358048344
2018-10-23,0.5456015121583458
2018-10-24,0.5479268330342548
2018-10-25,0.5492024334200306
2018-10-26,0.5490203921010837
2018-10-29,0.5510466661681372
2018-10-30,0.5504794400613193
2018-10-31,0.5512801762063619
2018-11-01,0.5511304215086775
2018-11-02,0.5508817139256508
2018-11-05,0.5513422472685154
2018-11-06,0.5516779691393855
2018-11-07,0.5533765102879331
2018-11-08,0.5556982957960556
2018-11-09,0.5564505030316494
2018-11-12,0.557517834168216
2018-11-13,0.5575967352153798
2018-11-14,0.5576372830479422
2018-11-15,0.5575971262177941
2018-11-16,0.5574836489112033
2018-11-19,0.5579144087867038
2018-11-20,0.5583059236236642
2018-11-21,0.5580715394386232
2018-11-23,0.559319273904233
2018-11-26,0.559086765321702
2018-11-27,0.5591259456083156
2018-11-28,0.5592018741957889
2018-11-29,0.5588138510849338
2018-11-30,0.5592469693565238
2018-12-03,0.5609343473891376
2018-12-04,0.5613621237350462
2018-12-06,0.5616363325553216
2018-12-07,0.5619694488636682
2018-12-10,0.561857778412204
2018-12-11,0.5629966955412103
2018-12-12,0.5635810351236559
2018-12-13,0.5631487532423879
2018-12-14,0.562732742698655
2018-12-17,0.5628787014984233
2018-12-18,0.5652625601044385
2018-12-19,0.5667347431717765
2018-12-20,0.5665429567907879
2018-12-21,0.5669069275547113
2018-12-24,0.5747142661564951
2018-12-26,0.5754451098710206
2018-12-27,0.5762157269155141
2018-12-28,0.575342718537409
2018-12-31,0.5747024974240454
2019-01-02,0.5743169357315432
2019-01-03,0.5747458940020347
2019-01-04,0.5739906070217996
2019-01-07,0.5720145624503318
2019-01-08,0.5716899628424933
2019-01-09,0.5713728054146909
2019-01-10,0.5695149545410738
2019-01-11,0.5706659513526562
2019-01-14,0.5710423508199777
2019-01-15,0.5701877690766328
2019-01-16,0.5697754417638292
2019-01-17,0.5682960972334257
2019-01-18,0.5662620884612465
2019-01-22,0.5653646475805052
2019-01-23,0.5656312965756747
2019-01-24,0.5650051153087737
2019-01-25,0.5636007127745647
2019-01-28,0.5621502795016521
2019-01-29,0.5639603726242383
2019-01-30,0.5649284336375848
2019-01-31,0.5650919169009201
2019-02-01,0.5658182273167717
2019-02-04,0.5657796460047209
2019-02-05,0.565774096335217
2019-02-06,0.5657355535545603
2019-02-07,0.5659283664466653
2019-02-08,0.5658897840622944
2019-02-11,0.5657410746020208
2019-02-12,0.5657025131045744
2019-02-13,0.5654541067946063
2019-02-14,0.5657300950369734
2019-02-15,0.565818719908236
2019-02-19,0.5652798393437903
2019-02-20,0.564507960899288
2019-02-21,0.5645858002399718
2019-02-22,0.5653219941163278
2019-02-25,0.5674273197242437
2019-02-26,0.5676112033016534
2019-02-27,0.5677228066423025
2019-02-28,0.5686051509079089
2019-03-01,0.5683437292965196
2019-03-04,0.5683757001700013
2019-03-05,0.5675321220220876
2019-03-06,0.5683248051014166
2019-03-07,0.568046892524901
2019-03-08,0.5683815037815798
2019-03-11,0.5682625461028071
2019-03-12,0.5680791948711114
2019-03-13,0.5689539203982982
2019-03-14,0.5691933620319735
2019-03-15,0.5695025045349428
2019-03-18,0.5683342938796031
2019-03-19,0.5684775849048077
2019-03-20,0.568739419739876
2019-03-21,0.5682275169277813
2019-03-22,0.5682668691759591
2019-03-25,0.5684168246452815
2019-03-26,0.5682029618515739
2019-03-27,0.5678237429081411
2019-03-28,0.5681315393098517
2019-03-29,0.5685502790048362
2019-04-01,0.568338108040921
2019-04-02,0.5683062316725653
2019-04-03,0.5683062316725653
2019-04-04,0.5672087199672674
2019-04-05,0.5656350681294969
2019-04-08,0.5659719570306981
2019-04-09,0.5638333110224347
2019-04-10,0.5648648777839457
2019-04-11,0.565418679278206
2019-04-12,0.5656510292033283
2019-04-15,0.5665113691023053
2019-04-16,0.5650851556937411
2019-04-17,0.5642589984179178
2019-04-18,0.5669855590152983
2019-04-22,0.5665387508424037
2019-04-23,0.5658949988345
2019-04-24,0.5660202183534062
2019-04-25,0.5668587383557692
2019-04-26,0.5672528247261616
2019-04-29,0.5673662836571273
2019-04-30,0.5664003315004482
2019-05-01,0.5659347604151067
2019-05-02,0.5658949988345
2019-05-03,0.5660481834809478
2019-05-06,0.5666538923056869
2019-05-07,0.5665743453384645
2019-05-08,0.566779749909572
2019-05-09,0.567025668224442
2019-05-10,0.5663359564539707
2019-05-13,0.567005914182632
2019-05-14,0.5675786437208393
2019-05-15,0.5672894924783531
2019-05-16,0.5675390781542187
2019-05-17,0.5670454248566609
2019-05-20,0.5671244773005637
2019-05-21,0.5674461963792993
2019-05-22,0.5667754623698328
2019-05-23,0.5668085161168186
2019-05-24,0.5667754623698328
2019-05-28,0.5666302295473922
2019-05-29,0.5659557642851494
2019-05-30,0.5660069557271743
2019-05-31,0.565396970292384
2019-06-03,0.5665242351718163
2019-06-04,0.5666887538827315
2019-06-05,0.5672178604701853
2019-06-06,0.568098563143288
2019-06-07,0.5674946112315525
2019-06-10,0.5672498893890336
2019-06-11,0.5666554974322493
2019-06-12,0.5667539744203065
2019-06-13,0.5665283216316129
2019-06-14,0.5651123903574563
2019-06-17,0.5638493472193492
2019-06-18,0.5651145359987932
2019-06-19,0.5646169873365237
2019-06-20,0.5649410515827368
2019-06-21,0.5648960161873793
2019-06-24,0.5645917587076644
2019-06-25,0.5642330408813521
2019-06-26,0.5645470185972717
2019-06-27,0.5648460052633522
2019-06-28,0.5645325418793917
2019-07-01,0.5646323409609428
2019-07-02,0.5648504498748962
2019-07-03,0.5634307266309273
2019-07-05,0.5632384108911492
2019-07-08,0.563010500183727
2019-07-09,0.5633600417238224
2019-07-10,0.5627141148431215
2019-07-11,0.561528952987988
2019-07-12,0.562554188199725
2019-07-15,0.5627229403164002
2019-07-16,0.5631641055693726
2019-07-17,0.5630806805219488
2019-07-18,0.5625278899349442
2019-07-19,0.5623596662612765
2019-07-22,0.5620012603537303
2019-07-23,0.5615708440890315
2019-07-24,0.56279883312689
2019-07-25,0.5631526912393209
2019-07-26,0.5634710861071995
2019-07-29,0.5641144547215562
2019-07-30,0.5646963625549808
2019-07-31,0.5643101167029091
2019-08-01,0.5644303635165087
2019-08-02,0.5629107291887366
2019-08-05,0.5637492491928217
2019-08-06,0.5637450574704
2019-08-07,0.5637576513765793
2019-08-08,0.5654869695076559
2019-08-09,0.5657247029452827
2019-08-12,0.5660701439217977
2019-08-13,0.5673809195832286
2019-08-14,0.5695915245250984
2019-08-15,0.5701936893242612
2019-08-16,0.5706464937738743
2019-08-19,0.5709053095839821
2019-08-20,0.5710242373298112
2019-08-21,0.5711035741463716
2019-08-22,0.5711843671966792
2019-08-23,0.5724897042857062
2019-08-26,0.5738934436698381
2019-08-27,0.5741218559972002
2019-08-28,0.5740534852233792
2019-08-29,0.5747950358334666
2019-08-30,0.5742301791570963
2019-09-03,0.5745707011080451
2019-09-04,0.5745547074830116
2019-09-05,0.574686930204255
2019-09-06,0.5743577463200928
2019-09-09,0.5748247548005845
2019-09-10,0.5750141749554738
2019-09-11,0.5749614273418318
2019-09-12,0.5737105518046277
2019-09-13,0.5748706605030505
2019-09-16,0.5752792902960906
2019-09-17,0.5754161149054089
2019-09-18,0.5752387186143386
2019-09-19,0.5756596467169581
2019-09-20,0.5753883072088477
2019-09-23,0.5748988131414564
2019-09-24,0.5741256649351035
2019-09-25,0.5732366849974279
2019-09-26,0.574741709523792
2019-09-27,0.5743759279874644
2019-09-30,0.5735041938439259
2019-10-01,0.57363597455224
2019-10-02,0.576031548682105
2019-10-03,0.5769042293656474
2019-10-04,0.5765819109847852
2019-10-07,0.5778607714389579
2019-10-08,0.5795231264041301
2019-10-09,0.5797516061567894
2019-10-10,0.5789342406832824
2019-10-11,0.578731169406007
2019-10-14,0.5790715369327475
2019-10-15,0.5787056275709817
2019-10-16,0.5770028436058733
2019-10-17,0.5726538170055063
2019-10-18,0.5724396951934856
2019-10-21,0.5716492520184425
2019-10-22,0.5710380271120997
2019-10-23,0.5714159638260901
2019-10-24,0.5690593523684512
2019-10-25,0.5692039436590092
2019-10-28,0.5689143370382377
2019-10-29,0.5682635184411975
2019-10-30,0.5689143370382377
2019-10-31,0.5677942447682826
2019-11-01,0.5685611881934434
2019-11-04,0.5684887716158625
2019-11-05,0.5688822247991284
2019-11-06,0.5691708857515165
2019-11-07,0.5682182457630746
2019-11-08,0.5687542463284049
2019-11-11,0.5688661970676864
2019-11-12,0.5696705317157079
2019-11-13,0.5706654597076427
2019-11-14,0.5707268958403611
2019-11-15,0.5701899515802138
2019-11-18,0.5697301434314065
2019-11-19,0.5695652914325823
2019-11-20,0.5697246116098089
2019-11-21,0.5690089856605735
2019-11-22,0.5692389480958309
2019-11-25,0.5692786486262472
2019-11-26,0.5687869102014157
2019-11-27,0.5701547001627095
2019-11-29,0.5697644678122206
2019-12-02,0.570101424071773
2019-12-03,0.5700836947990711
2019-12-04,0.570804417776962
2019-12-05,0.5705329274040287
2019-12-06,0.5703325989317392
2019-12-09,0.5705112135854828
2019-12-10,0.5703067084853233
2019-12-11,0.5707899228077685
2019-12-12,0.5705078611720827
2019-12-13,0.5700923813052517
2019-12-16,0.5697307119521359
2019-12-17,0.570217322635229
2019-12-18,0.5691769545224655
2019-12-19,0.5684364258293165
2019-12-20,0.5680145508873004
2019-12-23,0.5684699507183095
2019-12-24,0.5694835258572508
2019-12-26,0.5690875746796542
2019-12-27,0.5692062514368428
2019-12-30,0.5703004294156967
2019-12-31,0.5698718554161445
2020-01-02,0.5701633244838361
2020-01-03,0.5706804654849793
2020-01-06,0.570879835156499
2020-01-07,0.5694501780202728
2020-01-08,0.5695688032174696
2020-01-09,0.5692772165309617
2020-01-10,0.5703891005262508
2020-01-13,0.5705977184766573
2020-01-14,0.5704380468285924
2020-01-15,0.5680322275486936
2020-01-16,0.5669069275547113
2020-01-17,0.5648942789661047
2020-01-21,0.5636871349827586
2020-01-22,0.5642238565377788
2020-01-23,0.5639371407940237
2020-01-24,0.5638183445642984
2020-01-27,0.5644547287027835
2020-01-28,0.5642223478298158
2020-01-29,0.5638579328149254
2020-01-30,0.5636082330302532
2020-01-31,0.5647268037390651
2020-02-03,0.566202417083833
2020-02-04,0.5665180130933875
2020-02-05,0.5670585032233689
2020-02-06,0.5667892984559794
2020-02-07,0.5673998763157456
2020-02-10,0.5673210184330165
2020-02-11,0.5667487521453508
2020-02-12,0.5660549065835259
2020-02-13,0.5657021800030332
2020-02-14,0.5652913152463668
2020-02-18,0.5647660290646487
2020-02-19,0.5649175611559903
2020-02-20,0.5665140019095112
2020-02-21,0.5684200339216114
2020-02-24,0.5683884221570692
2020-02-25,0.5701802856729271
2020-02-26,0.5713562073602774
2020-02-27,0.5754615752595881
2020-02-28,0.5811371994581104
2020-03-02,0.5844535192979393
2020-03-03,0.5869427481605999
2020-03-04,0.5931163189791343
2020-03-05,0.5944305196466182
2020-03-06,0.5950609979953465
2020-03-09,0.6007236436192844
2020-03-10,0.6108201133597895
2020-03-11,0.6118474600118813
2020-03-12,0.628914993487103
2020-03-13,0.6404808769617654
2020-03-16,0.6477939108373257
2020-03-17,0.6486561841776284
2020-03-18,0.6492181067296429
2020-03-19,0.6498986906254679
2020-03-20,0.6526140836120884
2020-03-23,0.6636550861177971
2020-03-24,0.663783885880636
2020-03-25,0.6643144605962218
2020-03-26,0.6687047905710451
2020-03-27,0.6692250520263424
2020-03-30,0.6690193173340309
2020-03-31,0.6698101550792482
2020-04-01,0.6702120273604538
2020-04-02,0.6721389670526141
2020-04-03,0.6748624053658242
2020-04-06,0.6756882343154137
2020-04-07,0.6762408734751749
2020-04-08,0.6767824300814522
2020-04-09,0.6771607130530298
2020-04-13,0.678625054312246
2020-04-14,0.6798725909679119
2020-04-15,0.6802872259869875
2020-04-16,0.6810722113392278
2020-04-17,0.6844271118279396
2020-04-20,0.6846917503157611
2020-04-21,0.6886316027933612
2020-04-22,0.6884847429010608
2020-04-23,0.688198602849961
2020-04-24,0.6880364784132097
2020-04-27,0.6881195219354395
2020-04-28,0.6871586365987975
2020-04-29,0.6866486121493183
2020-04-30,0.6869054943326968
2020-05-01,0.6871495726714442
2020-05-04,0.6870501542981459
2020-05-05,0.6861942711637088
2020-05-06,0.6858031256840861
2020-05-07,0.6860094266845397
2020-05-08,0.6893657899239938
2020-05-11,0.6902658305086534
2020-05-12,0.6905049239989387
2020-05-13,0.6922918250427049
2020-05-14,0.6924232141880844
2020-05-15,0.6929410058098902
2020-05-18,0.6927662779796291
2020-05-19,0.6925952290750387
2020-05-20,0.6913010977854296
2020-05-21,0.6922481495208578
2020-05-22,0.6932767787024701
2020-05-26,0.6931117304785718
2020-05-27,0.6947177042122614
2020-05-28,0.6949639738554837
2020-05-29,0.6946353358238323
2020-06-01,0.6947840760487941
2020-06-02,0.6947087359111815
2020-06-03,0.6952179661798787
2020-06-04,0.6957352675674409
2020-06-05,0.6961345179206352
2020-06-08,0.6962160182912597
2020-06-09,0.6976428538759516
2020-06-10,0.6988232629680864
2020-06-11,0.7079038734267782
2020-06-12,0.708190949657383
2020-06-15,0.7082051105936502
2020-06-16,0.707178898166556
2020-06-17,0.7088945342251137
2020-06-18,0.709154356764
2020-06-19,0.7088418482197875
2020-06-22,0.7084973225876313
2020-06-23,0.7091923361638718
2020-06-24,0.7098614009768961
2020-06-25,0.7102834581967392
2020-06-26,0.7125313647828755
2020-06-29,0.712393156085462
2020-06-30,0.714800634985361
2020-07-01,0.714800634985361
2020-07-02,0.7149643775530935
2020-07-06,0.718348318930093
2020-07-07,0.718413707631377
2020-07-08,0.7183428083667786
2020-07-09,0.7183475329445876
2020-07-10,0.7188119982643569
2020-07-13,0.7192171814757764
2020-07-14,0.7198326686559938
2020-07-15,0.7194546356270275
2020-07-16,0.7198654083582291
2020-07-17,0.7196228257188857
2020-07-20,0.7200712572403596
2020-07-21,0.7188241258400827
2020-07-22,0.7175132199698121
2020-07-23,0.716184933259859
2020-07-24,0.7176915194557033
2020-07-27,0.716529678526163
2020-07-28,0.7156785838335601
2020-07-29,0.7160415967571705
2020-07-30,0.7161762567314517
2020-07-31,0.7163098604379214
2020-08-03,0.7155249139848915
2020-08-04,0.7156138028565308
2020-08-05,0.7159356646315781
2020-08-06,0.7164251534524732
2020-08-07,0.7165639136335226
2020-08-10,0.7157854358684156
2020-08-11,0.7147890701088698
2020-08-12,0.7128131174702452
2020-08-13,0.7156244691825155
2020-08-14,0.7151679045850335
2020-08-17,0.7144128285134697
2020-08-18,0.7157870861044991
2020-08-19,0.7137419987993555
2020-08-20,0.7133953931441467
2020-08-21,0.7136066469729692
2020-08-24,0.7133279142946223
2020-08-25,0.7128224393024296
2020-08-26,0.7135526368939649
2020-08-27,0.7135326633592548
2020-08-28,0.7130775628679876
2020-08-31,0.7124576297767233
2020-09-01,0.7097836510045176
2020-09-02,0.7117866687887116
2020-09-03,0.7110479379076691
2020-09-04,0.7099100411462268
2020-09-08,0.7072290418705895
2020-09-09,0.7058429683940401
2020-09-10,0.7050734235529328
2020-09-11,0.7050238308496054
2020-09-14,0.7037910590371732
2020-09-15,0.7022034390249855
2020-09-16,0.6993748090298846
2020-09-17,0.6974290069608586
2020-09-18,0.6948657564738571
2020-09-21,0.693749138679502
2020-09-22,0.6944587763228725
2020-09-23,0.695399152718536
2020-09-24,0.6963972695795633
2020-09-25,0.6961369502796142
2020-09-28,0.6960875853861895
2020-09-29,0.6957423281962294
2020-09-30,0.6952935178332861
2020-10-01,0.694871319592512
2020-10-02,0.6932832666398117
2020-10-05,0.6936911722653172
2020-10-06,0.693012666332613
2020-10-07,0.6919918534175876
2020-10-08,0.6898386444703224
2020-10-09,0.6877479718966885
2020-10-12,0.6843087914188702
2020-10-13,0.6824550222202977
2020-10-14,0.6807583263146483
2020-10-15,0.6793732405162739
2020-10-16,0.6791231099298393
2020-10-19,0.6791494841825186
2020-10-20,0.6787615309797727
2020-10-21,0.6790212471566499
2020-10-22,0.6777621257635457
2020-10-23,0.6774933268359716
2020-10-26,0.6767357045813349
2020-10-27,0.6781177555788906
2020-10-28,0.6799997201804864
2020-10-29,0.6805624387090993
2020-10-30,0.6815260659276506
2020-11-02,0.6815023458573674
2020-11-03,0.6813844780045377
2020-11-04,0.6813838996320442
2020-11-05,0.6800962401776613
2020-11-06,0.6795844688499263
2020-11-09,0.6805638246532356
2020-11-10,0.6813380124447704
2020-11-11,0.6820419451754983
2020-11-12,0.6831197922975333
2020-11-13,0.6832028810609839
2020-11-16,0.683820720516315
2020-11-17,0.6836925357221392
2020-11-18,0.6843285652723233
2020-11-19,0.6846582843734669
2020-11-20,0.6850256374521968
2020-11-23,0.6860227048267008
2020-11-24,0.6868896335486615
2020-11-25,0.6866954392211475
2020-11-27,0.6842357746720833
2020-11-30,0.685435120498339
2020-12-01,0.6855567826327799
2020-12-02,0.6854778529940249
2020-12-03,0.6857787469163844
2020-12-04,0.6812755869592885
2020-12-07,0.6815327430296586
2020-12-08,0.6796653429144219
2020-12-09,0.6795541968334866
2020-12-10,0.6789002977489232
2020-12-11,0.6805427449178605
2020-12-14,0.6773734707825609
2020-12-15,0.6766002581156745
2020-12-16,0.675824828694965
2020-12-17,0.6728041750440337
2020-12-18,0.67119418992395
2020-12-21,0.6701581968624699
2020-12-22,0.6659647814463328
2020-12-23,0.6648420790998344
2020-12-24,0.6656428318880813
2020-12-28,0.666635414748517
2020-12-29,0.6664763201031267
2020-12-30,0.6670160671708776
2020-12-31,0.6661095638486542
2021-01-04,0.6675396306890713
2021-01-05,0.6682184523017201
2021-01-06,0.6685021806045631
2021-01-07,0.6678681842330526
2021-01-08,0.6657724355283074
2021-01-11,0.6644716754149087
2021-01-12,0.6659934955434181
2021-01-13,0.6650897985583462
2021-01-14,0.6653558083261627
2021-01-15,0.662429114030522
2021-01-19,0.6631120848518678
2021-01-20,0.6614288079737285
2021-01-21,0.6602209754972916
2021-01-22,0.6585454589965007
2021-01-25,0.6565368666268658
2021-01-26,0.6549877132388943
2021-01-27,0.654273008974103
2021-01-28,0.6558870344855875
2021-01-29,0.6577660654047002
2021-02-01,0.6580722579563143
2021-02-02,0.6576474714180547
2021-02-03,0.6564780955924918
2021-02-04,0.6581149138279713
2021-02-05,0.6594834778936856
2021-02-08,0.658140124363148
2021-02-09,0.6579753274816103
2021-02-10,0.6567949590277565
2021-02-11,0.6601874158724078
2021-02-12,0.6601486439647025
2021-02-16,0.6615693078742597
2021-02-17,0.658026843236459
2021-02-18,0.6567138457248889
2021-02-19,0.6557949272303087
2021-02-22,0.6541757683905034
2021-02-23,0.6547287517905569
2021-02-24,0.6537351099197368
2021-02-25,0.6536385218287263
2021-02-26,0.6532225269860621
2021-03-01,0.65409245843227
2021-03-02,0.6534920725399768
2021-03-03,0.6528077671828293
2021-03-04,0.6547789488230884
2021-03-05,0.6535210867140482
2021-03-08,0.6526316378178272
2021-03-09,0.6496157158312332
2021-03-10,0.6476552156017864
2021-03-11,0.6482607999601736
2021-03-12,0.6475269737158452
2021-03-15,0.6472621660857557
2021-03-16,0.6471856275398914
2021-03-17,0.6475571293320062
2021-03-18,0.6475304680526816
2021-03-19,0.6475760813162614
2021-03-22,0.6478048535737383
2021-03-23,0.6472324508886448
2021-03-24,0.6468175263881927
2021-03-25,0.6468621175603383
2021-03-26,0.6472117148720937
2021-03-29,0.646867717252827
2021-03-30,0.6468958421916193
2021-03-31,0.6483632572994912
2021-04-01,0.6488792981798509
2021-04-05,0.6489159804698362
2021-04-06,0.646421112480206
2021-04-07,0.6448229099199024
2021-04-08,0.6450452717303811
2021-04-09,0.6436392900408722
2021-04-12,0.6434971043584868
2021-04-13,0.6423998673746169
2021-04-14,0.6404183493952599
2021-04-15,0.6388290998418719
2021-04-16,0.63727569862808
2021-04-19,0.6363314521419368
2021-04-20,0.6368932187231705
2021-04-21,0.6371912343607188
2021-04-22,0.6375494715397858
2021-04-23,0.637347822814422
2021-04-26,0.6353062483271268
2021-04-27,0.6331388136297015
2021-04-28,0.6317873105549582
2021-04-29,0.6317794522411366
2021-04-30,0.6316971432929709
2021-05-03,0.6300344574292801
2021-05-04,0.6295200394035272
2021-05-05,0.6287535673864085
2021-05-06,0.6280680948285039
2021-05-07,0.6278268716691513
2021-05-10,0.6294878097458575
2021-05-11,0.6300584111207049
2021-05-12,0.631335425900216
2021-05-13,0.6316496741878883
2021-05-14,0.6327741905413423
2021-05-17,0.6331423921189977
2021-05-18,0.6331761362855146
2021-05-19,0.6331437200190251
2021-05-20,0.6338216431524663
2021-05-21,0.6320140376903892
2021-05-24,0.6292638035497747
2021-05-25,0.6269507178998278
2021-05-26,0.6255904207278493
2021-05-27,0.6239167333138004
2021-05-28,0.6217479236421378
2021-06-01,0.6214850707923704
2021-06-02,0.6239267816168488
2021-06-03,0.6223840438724478
2021-06-04,0.6220836462739086
2021-06-07,0.6225326945599686
2021-06-08,0.623167951353887
2021-06-09,0.6215958557240375
2021-06-10,0.6216328747703669
2021-06-11,0.6219301817342382
2021-06-14,0.6216693469653903
2021-06-15,0.6214462796702535
2021-06-16,0.6214090853517318
2021-06-17,0.6217794642503068
2021-06-18,0.6180500443806839
2021-06-21,0.6164752570196462
2021-06-22,0.614103748345609
2021-06-23,0.612400791114689
2021-06-24,0.6111925000565073
2021-06-25,0.6093527753554353
2021-06-28,0.6066913557301419
2021-06-29,0.6052221966128337
2021-06-30,0.6036491058903707
2021-07-01,0.602283255825777
2021-07-02,0.602100586374844
2021-07-06,0.602261034362198
2021-07-07,0.6022420116329177
2021-07-08,0.6011122591430218
2021-07-09,0.6009939995759483
2021-07-12,0.6011844123468688
2021-07-13,0.6014371986424891
2021-07-14,0.5998999625459678
2021-07-15,0.5975469527002035
2021-07-16,0.5972120020512005
2021-07-19,0.5970691660209637
2021-07-20,0.5961555358212561
2021-07-21,0.5961749154395264
2021-07-22,0.5965104907997283
2021-07-23,0.5964618253333132
2021-07-26,0.5948312499013827
2021-07-27,0.5936747034670187
2021-07-28,0.5930658117978984
2021-07-29,0.5916616305402417
2021-07-30,0.589641875160216
2021-08-02,0.5896163836731444
2021-08-03,0.589192504860334
2021-08-04,0.5879877788467128
2021-08-05,0.5868654390796253
2021-08-06,0.5863454416024826
2021-08-09,0.5857517988809258
2021-08-10,0.5858042415475794
2021-08-11,0.5847569221652655
2021-08-12,0.5837068477619811
2021-08-13,0.581476604835344
2021-08-16,0.579114655987702
2021-08-17,0.5791374327307598
2021-08-18,0.5798123898603826
2021-08-19,0.5806045790950721
2021-08-20,0.5807407826253587
2021-08-23,0.5808987036008412
2021-08-24,0.5808628362111158
2021-08-25,0.5813657309389765
2021-08-26,0.57961012294658
2021-08-27,0.5797230296337699
2021-08-30,0.5794890434794763
2021-08-31,0.5781621245980334
2021-09-01,0.5786505534848331
2021-09-02,0.5782955432517264
2021-09-03,0.5759421702204478
2021-09-07,0.5764178089235373
2021-09-08,0.5754005706720641
2021-09-09,0.5746336648913103
2021-09-10,0.5713454929720774
2021-09-13,0.5711934234117392
2021-09-14,0.5705081644279033
2021-09-15,0.570710040952795
2021-09-16,0.5694626605135888
2021-09-17,0.567373274220789
2021-09-20,0.5658199223303612
2021-09-21,0.5633250968018995
2021-09-22,0.5623429943606837
2021-09-23,0.5613474871823844
2021-09-24,0.5596124469564075
2021-09-27,0.5584962020086254
2021-09-28,0.5580754344343379
2021-09-29,0.5582519585338707
2021-09-30,0.5589595011904713
2021-10-01,0.5587836234033826
2021-10-04,0.5590679123492137
2021-10-05,0.5590336068022789
2021-10-06,0.5598561274193556
2021-10-07,0.5585009457371238
2021-10-08,0.5584301199509645
2021-10-11,0.5588571917776388
2021-10-12,0.5582172659457674
2021-10-13,0.557506554454813
2021-10-14,0.5572207077892586
2021-10-15,0.5567535685210833
2021-10-18,0.5566765731810801
2021-10-19,0.5549079832712696
2021-10-20,0.554367279348764
2021-10-21,0.5545782058862087
2021-10-22,0.5547183724784629
2021-10-25,0.5547633580009518
2021-10-26,0.5542686959468114
2021-10-27,0.5535553653257586
2021-10-28,0.5545069965550347
2021-10-29,0.5543212388127507
2021-11-01,0.5547633580009518
2021-11-02,0.5559498828786705
2021-11-03,0.5567799656240557
2021-11-04,0.5549457755303746
2021-11-05,0.5544358219876528
2021-11-08,0.5534881211860071
2021-11-09,0.553329378244704
2021-11-10,0.5513166680084569
2021-11-11,0.5497696075517068
2021-11-12,0.5486387905489262
2021-11-15,0.5486053081550638
2021-11-16,0.5463557827284652
2021-11-17,0.5466219929699477
2021-11-18,0.5474180011665545
2021-11-19,0.5448043336008017
2021-11-22,0.5442886099199366
2021-11-23,0.5435379211815909
2021-11-24,0.544067793169406
2021-11-26,0.5424778148428391
2021-11-29,0.5422675603284185
2021-11-30,0.5408672651126941
2021-12-01,0.5418332272839694
2021-12-02,0.5412431874783398
2021-12-03,0.5407570063625708
2021-12-06,0.5392564690438687
2021-12-07,0.5381056747723888
2021-12-08,0.5368114339451463
2021-12-09,0.5364540896539425
2021-12-10,0.5354530232845164
2021-12-13,0.5363708259201712
2021-12-14,0.5374119462642134
2021-12-15,0.5378040827075641
2021-12-16,0.5382203458735347
2021-12-17,0.5378813386030823
2021-12-20,0.5391077056372854
2021-12-21,0.5377797368734805
2021-12-22,0.5373862527496831
2021-12-23,0.5374786598210913
2021-12-27,0.5363949230656399
2021-12-28,0.5356134972054215
2021-12-29,0.534885446718706
2021-12-30,0.53422665625462
2021-12-31,0.5337986054975586
2022-01-03,0.5328501743855392
2022-01-04,0.532098232126861
2022-01-05,0.5315137555760998
2022-01-06,0.5318462480506281
2022-01-07,0.5334150808798064
2022-01-10,0.5322466448521058
2022-01-11,0.5312145847008736
2022-01-12,0.5305262475335542
2022-01-13,0.5306628860591618
2022-01-14,0.5293868791048411
2022-01-18,0.5297860037517095
2022-01-19,0.5289608357075055
2022-01-20,0.5295775983036107
2022-01-21,0.5292773747800482
2022-01-24,0.5288893676366349
2022-01-25,0.5293904345747161
2022-01-26,0.5283122021119123
2022-01-27,0.5276953791528172
2022-01-28,0.5273407750478785
2022-01-31,0.5277466574416174
2022-02-01,0.5267572078357482
2022-02-02,0.526650117795601
2022-02-03,0.5254041551557107
2022-02-04,0.5259869031986801
2022-02-07,0.524832901890179
2022-02-08,0.5252830255683656
2022-02-09,0.5259370825359151
2022-02-10,0.5251856302978243
2022-02-11,0.524132668475103
2022-02-14,0.5250108361761101
2022-02-15,0.5243405309907635
2022-02-16,0.5234433835665798
2022-02-17,0.5228927667237024
2022-02-18,0.523730877392979
2022-02-22,0.5234866313966339
2022-02-23,0.5252686122948342
2022-02-24,0.5248029229370076
2022-02-25,0.5250619023892003
2022-02-28,0.5255543411993749
2022-03-01,0.5253726527816742
2022-03-02,0.5260025789767072
2022-03-03,0.525842199652883
2022-03-04,0.5252644984779851
2022-03-07,0.5276416735723373
2022-03-08,0.5288764286175986
2022-03-09,0.5290102731077986
2022-03-10,0.5288672020048413
2022-03-11,0.5288857857933895
2022-03-14,0.5303315198829724
2022-03-15,0.5302210575646247
2022-03-16,0.5298996366590848
2022-03-17,0.5303043801999942
2022-03-18,0.529794861795135
2022-03-21,0.5292777532731203
2022-03-22,0.5293754477713631
2022-03-23,0.529151411689971
2022-03-24,0.5290395318449668
2022-03-25,0.527114788714934
2022-03-28,0.5268058698213938
2022-03-29,0.5231589120499625
2022-03-30,0.5231220260131119
2022-03-31,0.5227419580685244
2022-04-01,0.5222900117531983
2022-04-04,0.5220095590012751
2022-04-05,0.5211216605089001
2022-04-06,0.5219291130143181
2022-04-07,0.5220327758308786
2022-04-08,0.5212325205430693
2022-04-11,0.5212765268061369
2022-04-12,0.5214843173050613
2022-04-13,0.5213434730478534
2022-04-14,0.5217510920588656
2022-04-18,0.521506822853571
2022-04-19,0.5199852836614048
2022-04-20,0.5214401315052765
2022-04-21,0.5218321622946165
2022-04-22,0.5219648772824909
2022-04-25,0.5221498408984312
2022-04-26,0.5231833842725444
2022-04-27,0.5230064885350214
2022-04-28,0.5256061049452351
2022-04-29,0.5258329260209292
2022-05-02,0.5257214950464897
2022-05-03,0.5264287849100912
2022-05-04,0.5294750066393237
2022-05-05,0.5292204353838934
2022-05-06,0.5294211811889449
2022-05-09,0.528960081230877
2022-05-10,0.5282218818858896
2022-05-11,0.5283062586782237
2022-05-12,0.5272622696097944
2022-05-13,0.5277298103837661
2022-05-16,0.5270530034522404
2022-05-17,0.5282897666130424
2022-05-18,0.5283769540873225
2022-05-19,0.5288625767938571
2022-05-20,0.5291668438805814
2022-05-23,0.5290242692900975
2022-05-24,0.5292833778108489
2022-05-25,0.529107072160729
2022-05-26,0.5286084323152407
2022-05-27,0.5289225066729963
2022-05-31,0.5289733339845349
2022-06-01,0.5291581300170212
2022-06-02,0.5294769560301221
2022-06-03,0.5291123445217836
2022-06-06,0.529080514305251
2022-06-07,0.5289782543050527
2022-06-08,0.5294769560301221
2022-06-09,0.5291176448624607
2022-06-10,0.529076814902027
2022-06-13,0.5303027043384106
2022-06-14,0.530265347825839
2022-06-15,0.5310470430166537
2022-06-16,0.5316931734861163
2022-06-17,0.5332065319234945
2022-06-21,0.5322014227774143
2022-06-22,0.5326298035511414
2022-06-23,0.5336933814379754
2022-06-24,0.5336380701106515
2022-06-27,0.5334491097628993
2022-06-28,0.5328566138830632
2022-06-29,0.5317298725417197
2022-06-30,0.5314019516392634
2022-07-01,0.5305922422589527
2022-07-05,0.5307909304988745
2022-07-06,0.5307909304988745
2022-07-07,0.5299900598456256
2022-07-08,0.5302853850389118
2022-07-11,0.5299069656741662
2022-07-12,0.5301122263396479
2022-07-13,0.5298009596539958
2022-07-14,0.5301113809563118
2022-07-15,0.5285930642080846
2022-07-18,0.5285313745524503
2022-07-19,0.5299984878612274
2022-07-20,0.5304033768041696
2022-07-21,0.53009030422325
2022-07-22,0.5299756290971763
2022-07-25,0.5304416424333811
2022-07-26,0.5312252685285145
2022-07-27,0.5314335194801585
2022-07-28,0.5315439299170466
2022-07-29,0.5304416424333811
2022-08-01,0.5298760738327108
2022-08-02,0.5306459993376669
2022-08-03,0.5302233635908502
2022-08-04,0.5298756542941335
2022-08-05,0.530915061758926
2022-08-08,0.5307983304510534
2022-08-09,0.5303642169982451
2022-08-10,0.5293704902548652
2022-08-11,0.529415635129329
2022-08-12,0.5284930861092302
2022-08-15,0.5290473583794943
2022-08-16,0.5278981038793742
2022-08-17,0.528517681609607
2022-08-18,0.5274238636978248
2022-08-19,0.5265216222321992
2022-08-22,0.5251775599656409
2022-08-23,0.5259491154201131
2022-08-24,0.5255197588599495
2022-08-25,0.5265093181540057
2022-08-26,0.5259909531286073
2022-08-29,0.526583504592819
2022-08-30,0.526881502660098
2022-08-31,0.5260920018193272
2022-09-01,0.5260533141221804
2022-09-02,0.5244929889515436
2022-09-06,0.5248018303647188
2022-09-07,0.5251834557652085
2022-09-08,0.524053747946513
2022-09-09,0.522190330385471
2022-09-12,0.524031055037163
2022-09-13,0.524577247016346
2022-09-14,0.5244929889515436
2022-09-15,0.5243799832132713
2022-09-16,0.5231845138539812
2022-09-19,0.521722941529096
2022-09-20,0.5218149375387167
2022-09-21,0.5220914036113199
2022-09-22,0.5210309835100351
2022-09-23,0.5207446790499808
2022-09-26,0.5198439108771041
2022-09-27,0.520425392812739
2022-09-28,0.5208283740327353
2022-09-29,0.5192428085640067
2022-09-30,0.5197465926130781
2022-10-03,0.5197256341144038
2022-10-04,0.5181335333420091
2022-10-05,0.5198940541268857
2022-10-06,0.5197907879771692
2022-10-07,0.5197524098941879
2022-10-10,0.5197372715995294
2022-10-11,0.5196447096689086
2022-10-12,0.5187061705848951
2022-10-13,0.5187882168749263
2022-10-14,0.5190536470748586
2022-10-17,0.5191802949936789
2022-10-18,0.5181632299332495
2022-10-19,0.5180251545890333
2022-10-20,0.5180251545890333
2022-10-21,0.5179250580341712
2022-10-24,0.5175194184276449
2022-10-25,0.516448446724031
2022-10-26,0.5162264654719296
2022-10-27,0.5155286818844469
2022-10-28,0.5158355552938683
2022-10-31,0.5155694682162419
2022-11-01,0.514989693813146
2022-11-02,0.5163617090412094
2022-11-03,0.51596973140681
2022-11-04,0.5160597418305503
2022-11-07,0.5164539228835654
2022-11-08,0.5159826868531577
2022-11-09,0.5166015557404742
2022-11-10,0.5179374951945622
2022-11-11,0.5184021898796312
2022-11-14,0.5189611732391425
2022-11-15,0.518430418411423
2022-11-16,0.5184705214908544
2022-11-17,0.5191267606205046
2022-11-18,0.5193217724941693
2022-11-21,0.5190412214540688
2022-11-22,0.5198721925594576
2022-11-23,0.5193562133683831
2022-11-25,0.5186414644765094
2022-11-28,0.5189559118284796
2022-11-29,0.5191904426309983
2022-11-30,0.5198812362420359
2022-12-01,0.5190358752358962
2022-12-02,0.5188759967763918
2022-12-05,0.5189664456084668
2022-12-06,0.519081263747844
2022-12-07,0.5193161286453972
2022-12-08,0.5189316380366139
2022-12-09,0.5182827150857805
2022-12-12,0.5184068701889051
2022-12-13,0.5182918327280897
2022-12-14,0.518691347572242
2022-12-15,0.5188463368386902
2022-12-16,0.5191267606205046
2022-12-19,0.519488181559398
2022-12-20,0.5193675981700683
2022-12-21,0.5193675981700683
2022-12-22,0.5193098395296868
2022-12-23,0.5195579323639061
2022-12-27,0.5190735339004628
2022-12-28,0.5191029310289275
2022-12-29,0.5189876453600187
2022-12-30,0.5190278767178135
2023-01-03,0.5213619741309569
2023-01-04,0.5215726798893366
2023-01-05,0.5204818295513204
2023-01-06,0.5206817007634388
2023-01-09,0.5209219439356851
2023-01-10,0.5210348438057637
2023-01-11,0.5217094948282796
2023-01-12,0.5218933235154066
2023-01-13,0.5214860513246965
2023-01-17,0.5219250782003392
2023-01-18,0.5215736454947477
2023-01-19,0.5213665675202734
2023-01-20,0.5220050569269248
2023-01-23,0.5222767371665634
2023-01-24,0.5243886794944107
2023-01-25,0.52639624942627
2023-01-26,0.5259944923494007
2023-01-27,0.5264131949655799
2023-01-30,0.52644076673301
2023-01-31,0.5263197991700225
2023-02-01,0.5260627399263319
2023-02-02,0.5262921343895005
2023-02-03,0.5278152538740017
2023-02-06,0.5283100703623149
2023-02-07,0.5278273779701128
2023-02-08,0.5277728299245984
2023-02-09,0.5276517252285221
2023-02-10,0.5282032489569423
2023-02-13,0.5282178084829192
2023-02-14,0.5289437899097449
2023-02-15,0.528298870755598
2023-02-16,0.5250751708793348
2023-02-17,0.5244289643567266
2023-02-21,0.5243484067197368
2023-02-22,0.5238967943254192
2023-02-23,0.5237964251850376
2023-02-24,0.5239473759742542
2023-02-27,0.5227232070761662
2023-02-28,0.5220638268996322
2023-03-01,0.5214920765342057
2023-03-02,0.5212888658071347
2023-03-03,0.5197577297392821
2023-03-06,0.519971616336192
2023-03-07,0.5200312183730254
2023-03-08,0.5195233982574812
2023-03-09,0.5196975694849489
2023-03-10,0.521047653829515
2023-03-13,0.5207694931464272
2023-03-14,0.5210551888223778
2023-03-15,0.5217022760530096
2023-03-16,0.5218093871713825
2023-03-17,0.5221629403573237
2023-03-20,0.522607666076755
2023-03-21,0.5225480605855802
2023-03-22,0.5227954367644798
2023-03-23,0.5220892342050801
2023-03-24,0.5210824722929323
2023-03-27,0.5211391343786588
2023-03-28,0.5211160454483609
2023-03-29,0.5203146997143213
2023-03-30,0.5200814976548723
2023-03-31,0.5216033352934754
2023-04-03,0.5219329670820096
2023-04-04,0.5217436773000554
2023-04-05,0.5223817415775682
2023-04-06,0.5232285167952676
2023-04-10,0.5244420810612229
2023-04-11,0.5243783341663927
2023-04-12,0.5242649528630462
2023-04-13,0.5243479156629179
2023-04-14,0.5238410461171384
2023-04-17,0.5241316095359714
2023-04-18,0.5234472295027818
2023-04-19,0.5241008715286828
2023-04-20,0.5236336739573694
2023-04-21,0.5243089675528987
2023-04-24,0.5237064190286371
2023-04-25,0.5236960640088419
2023-04-26,0.5250607952850291
2023-04-27,0.525408562730878
2023-04-28,0.526001760910722
2023-05-01,0.5259139486822745
2023-05-02,0.5256691828568
2023-05-03,0.5255076513762276
2023-05-04,0.5250115783072116
2023-05-05,0.5243193376213877
2023-05-08,0.5227961274367727
2023-05-09,0.5213992771657748
2023-05-10,0.5227596416236833
2023-05-11,0.5228577419491778
2023-05-12,0.5236325880299522
2023-05-15,0.524639295109759
2023-05-16,0.5241812683032604
2023-05-17,0.5238019607892043
2023-05-18,0.5241298385322883
2023-05-19,0.5243843250982874
2023-05-22,0.5243107012373138
2023-05-23,0.5250291137882448
2023-05-24,0.5245312352124297
2023-05-25,0.5238550409830245
2023-05-26,0.5238658231016116
2023-05-30,0.5227924024193147
2023-05-31,0.5223452072056275
2023-06-01,0.5224392022129668
2023-06-02,0.5227268199149305
2023-06-05,0.5216440071036427
2023-06-06,0.520398674232963
2023-06-07,0.5201580001111761
2023-06-08,0.5199233584192596
2023-06-09,0.5207963549516709
2023-06-12,0.5213784172951964
2023-06-13,0.5197173499871937
2023-06-14,0.5199300017985254
2023-06-15,0.5188126964654574
2023-06-16,0.5179088783632968
2023-06-20,0.5190107834683432
2023-06-21,0.5188881944218928
2023-06-22,0.5200198290232092
2023-06-23,0.5193349290878136
2023-06-26,0.5195787457498594
2023-06-27,0.5195787457498594
2023-06-28,0.5183614870375299
2023-06-29,0.5186110872975848
2023-06-30,0.5199139719783539
2023-07-03,0.5202065221844848
2023-07-05,0.5197858031822542
2023-07-06,0.5174124561195617
2023-07-07,0.5176969426610867
2023-07-10,0.5180362036282853
2023-07-11,0.5179558001810773
2023-07-12,0.5183288610037254
2023-07-13,0.517862075421415
2023-07-14,0.5183141840125313
2023-07-17,0.5172592412743415
2023-07-18,0.5185480742206752
2023-07-19,0.5174656282236572
2023-07-20,0.5174235855258017
2023-07-21,0.5202004616933442
2023-07-24,0.5193538045012747
2023-07-25,0.5208976701194108
2023-07-26,0.5212123928951546
2023-07-27,0.5201876314415788
2023-07-28,0.5197149865808335
2023-07-31,0.5176553728711336
2023-08-01,0.51761349658636
2023-08-02,0.5177475929171882
2023-08-03,0.5168848025468341
2023-08-04,0.5165583525384917
2023-08-07,0.5175236307210505
2023-08-08,0.5170701775083546
2023-08-09,0.5175780837654614
2023-08-10,0.5176287686498349
2023-08-11,0.5164578145334401
2023-08-14,0.5159925541573119
2023-08-15,0.5149071821520675
2023-08-16,0.514150944031309
2023-08-17,0.5129732251367449
2023-08-18,0.5132241256040355
2023-08-21,0.5130542317743959
2023-08-22,0.5127154733489344
2023-08-23,0.5142363855576741
2023-08-24,0.5122099220208935
2023-08-25,0.5118260907311797
2023-08-28,0.5122884180709396
2023-08-29,0.5136442487246005
2023-08-30,0.513728891512986
2023-08-31,0.5145350359161178
2023-09-01,0.5138983423697506
2023-09-05,0.5144063057885276
2023-09-06,0.5116087931195104
2023-09-07,0.5120297459987684
2023-09-08,0.5111286789832757
2023-09-11,0.5120234143894842
2023-09-12,0.5130899761575131
2023-09-13,0.5106657727531002
2023-09-14,0.508796334775549
2023-09-15,0.5077653157094831
2023-09-18,0.5064735746645515
2023-09-19,0.5075919428635939
2023-09-20,0.5073500758203794
2023-09-21,0.507233275204344
2023-09-22,0.5087430369619923
2023-09-25,0.5088797350481444
2023-09-26,0.5082555509704891
2023-09-27,0.5076476553756617
2023-09-28,0.5078553502050703
2023-09-29,0.5076476553756617
2023-10-02,0.5063747717769463
2023-10-03,0.5074207481134526
2023-10-04,0.5070420066397575
2023-10-05,0.5061447635102536
2023-10-06,0.5060625616752732
2023-10-09,0.505807198631315
2023-10-10,0.5060801176551917
2023-10-11,0.5058842610402002
2023-10-12,0.505648383860497
2023-10-13,0.5053226787866225
2023-10-16,0.5046834926337053
2023-10-17,0.5046325686956087
2023-10-18,0.5050394973767496
2023-10-19,0.5049379734569271
2023-10-20,0.5052220521997565
2023-10-23,0.5046023246764895
2023-10-24,0.5043378317830586
2023-10-25,0.5041241893669314
2023-10-26,0.5049679904008227
2023-10-27,0.5051795580131336
2023-10-30,0.5055354731874707
2023-10-31,0.5055074308728207
2023-11-01,0.5044084195600923
2023-11-02,0.5036215414385837
2023-11-03,0.5030458400961808
2023-11-06,0.5030621251466942
2023-11-07,0.5013851755548887
2023-11-08,0.5024008296143633
2023-11-09,0.5005470860468408
2023-11-10,0.5008003531595164
2023-11-13,0.5014772907943257
2023-11-14,0.500140963898366
2023-11-15,0.5006700616806171
2023-11-16,0.4996791727405716
2023-11-17,0.5004713571076694
2023-11-20,0.5010376740672737
2023-11-21,0.5007516601726589
2023-11-22,0.5011222998668092
2023-11-24,0.5020223888917436
2023-11-27,0.5021443739800383
2023-11-28,0.5025381386461253
2023-11-29,0.5011017632343341
2023-11-30,0.5015068341777423
2023-12-01,0.5013304700217037
2023-12-04,0.5007193058397422
2023-12-05,0.5007557561214282
2023-12-06,0.4998569893939324
2023-12-07,0.4983590399053439
2023-12-08,0.4983236849293651
2023-12-11,0.4979428034932522
2023-12-12,0.4977196773972304
2023-12-13,0.4969619981817044
2023-12-14,0.4959605874500061
2023-12-15,0.4953348957580232
2023-12-18,0.4952734538212566
2023-12-19,0.4930208739024729
2023-12-20,0.4933553755008177
2023-12-21,0.4937654856526769
2023-12-22,0.4941275083028922
2023-12-26,0.4950047365190432
2023-12-27,0.4942359324309858
2023-12-28,0.49559340930507
2023-12-29,0.4949241212553217
2024-01-02,0.4953301278937156
2024-01-03,0.4938288051634354
2024-01-04,0.4926033401352428
2024-01-05,0.4916773268590946
2024-01-08,0.491439529175633
2024-01-09,0.4901460890437325
2024-01-10,0.4908260795564679
2024-01-11,0.4906657389772862
2024-01-12,0.4895554114280874
2024-01-16,0.4891791013079384
2024-01-17,0.4891680820780587
2024-01-18,0.4898750129593367
2024-01-19,0.4892412209920526
2024-01-22,0.4887537654209313
2024-01-23,0.488964705551298
2024-01-24,0.4881445873856348
2024-01-25,0.489274800356463
2024-01-26,0.4890741364868514
2024-01-29,0.4889323689553817
2024-01-30,0.489338710762604
2024-01-31,0.488136020199432
2024-02-01,0.4877489177932036
2024-02-02,0.4872604411331315
2024-02-05,0.4869125479296003
2024-02-06,0.4878161710652833
2024-02-07,0.4881046467868644
2024-02-08,0.4864042135384621
2024-02-09,0.4864116087303672
2024-02-12,0.4857840362739994
2024-02-13,0.4862130863569872
2024-02-14,0.4849488755910663
2024-02-15,0.4841459373740212
2024-02-16,0.4840397429838005
2024-02-20,0.4838091309703088
2024-02-21,0.48368593495953
2024-02-22,0.4839601858548391
2024-02-23,0.4839601858548391
2024-02-26,0.4844685424521042
2024-02-27,0.4830607849035425
2024-02-28,0.4840882090644732
2024-02-29,0.4839643492717406
2024-03-01,0.483292574097186
2024-03-04,0.4836462146314758
2024-03-05,0.4835307060467127
2024-03-06,0.4834980496761668
2024-03-07,0.4834687372171444
2024-03-08,0.4837411151610788
2024-03-11,0.484297220286295
2024-03-12,0.4831493557161553
2024-03-13,0.4815688671327737
2024-03-14,0.4815310453996029
2024-03-15,0.4816490273984438
2024-03-18,0.4824380689634108
2024-03-19,0.4820429131023145
2024-03-20,0.4814914022331784
2024-03-21,0.4824401746734599
2024-03-22,0.4828361184871831
2024-03-25,0.4828759970423342
2024-03-26,0.4820841986238275
2024-03-27,0.4812939263681057
2024-03-28,0.4820429131023145
2024-04-01,0.4813335573523287
2024-04-02,0.4806207136482721
2024-04-03,0.4800651222039512
2024-04-04,0.4802252265893488
2024-04-05,0.4799070795630102
2024-04-08,0.4802233775693131
2024-04-09,0.4799043527915708
2024-04-10,0.4794261624435085
2024-04-11,0.4802215183630016
2024-04-12,0.4803025851695783
2024-04-15,0.4794302039545497
2024-04-16,0.4787045415278765
2024-04-17,0.4789050452295531
2024-04-18,0.4784384209202164
2024-04-19,0.4778076641461609
2024-04-22,0.4785071240086186
2024-04-23,0.4742752853631014
2024-04-24,0.4739345938199083
2024-04-25,0.4745790625566788
2024-04-26,0.4728110963308335
2024-04-29,0.4727326155623884
2024-04-30,0.4727832568994958
2024-05-01,0.4693838699114321
2024-05-02,0.4633487918844309
2024-05-03,0.463112813749113
2024-05-06,0.4571343620914935
2024-05-07,0.450580086109796
2024-05-08,0.4463112113507156
2024-05-09,0.4462149673728913
2024-05-10,0.4454955933610811
2024-05-13,0.4455752809672021
2024-05-14,0.4450219005743382
2024-05-15,0.4402826668916064
2024-05-16,0.4404450792412236
2024-05-17,0.4395769546544523
2024-05-20,0.434093603400936
2024-05-21,0.432811100739408
2024-05-22,0.4336917615844404
2024-05-23,0.4337330273582202
2024-05-24,0.4334480772504427
2024-05-28,0.4333277408387967
2024-05-29,0.433160254730087
2024-05-30,0.4331199820323375
2024-05-31,0.4334041446967464
2024-06-03,0.4329159030320663
2024-06-04,0.4329964751631392
2024-06-05,0.4338502406899492
2024-06-06,0.4360275294469369
2024-06-07,0.4373858484622627
2024-06-10,0.4372573260764113
2024-06-11,0.4383602076980648
2024-06-12,0.4382203280498524
2024-06-13,0.4396070713320485
2024-06-14,0.4402033191573553
2024-06-17,0.4404801791448672
2024-06-18,0.4404801791448672
2024-06-20,0.4413083565199689
2024-06-21,0.4412786709375089
2024-06-24,0.439837431456419
2024-06-25,0.4382850849599889
2024-06-26,0.4379348357792028
2024-06-27,0.4381386774957903
2024-06-28,0.4380084431505358
2024-07-01,0.4369676612136789
2024-07-02,0.4366850586567077
2024-07-03,0.4371982176530294
2024-07-05,0.437238576552442
2024-07-08,0.4371056948129688
2024-07-09,0.4368704961957602
2024-07-10,0.4372262081530663
2024-07-11,0.4368303661779852
2024-07-12,0.4375012156837707
2024-07-15,0.4373003131990244
2024-07-16,0.437461003535107
2024-07-17,0.4370881008740193
2024-07-18,0.4377685404865414
2024-07-19,0.4373277382859986
2024-07-22,0.4369796900444138
2024-07-23,0.438758706989699
2024-07-24,0.4379141401708883
2024-07-25,0.4376741104817002
2024-07-26,0.4378013660755646
2024-07-29,0.4378815774377312
2024-07-30,0.4381628137918339
2024-07-31,0.4373214161770622
2024-08-01,0.4374543721251462
2024-08-02,0.4375482748505077
2024-08-05,0.4376551630869963
2024-08-06,0.4356332615894163
2024-08-07,0.4357558510303193
2024-08-08,0.4355108201530654
2024-08-09,0.4354725711396771
2024-08-12,0.4361695990659773
2024-08-13,0.4356830703958284
2024-08-14,0.4358476923921346
2024-08-15,0.4358854411721523
2024-08-16,0.4363710286259059
2024-08-19,0.4357621686626008
2024-08-20,0.434945562108555
2024-08-21,0.4363343033238897
2024-08-22,0.435068107785388
2024-08-23,0.4352726808436589
2024-08-26,0.4358854411721523
2024-08-27,0.4366954604984356
2024-08-28,0.4368959485274727
2024-08-29,0.437798216807668
2024-08-30,0.4376253598190196
2024-09-03,0.4377906646585641
2024-09-04,0.4380805930493869
2024-09-05,0.4389352180948795
2024-09-06,0.437891544929569
2024-09-09,0.4381469429420523
2024-09-10,0.4381138327540412
2024-09-11,0.4387176513418078
2024-09-12,0.4394862396118787
2024-09-13,0.4390295590436949
2024-09-16,0.4393811854365724
2024-09-17,0.4393811854365724
2024-09-18,0.4396184325739016
2024-09-19,0.4398256509661317
2024-09-20,0.4400039588550751
2024-09-23,0.4388323743498182
2024-09-24,0.4387399984187184
2024-09-25,0.4390918440080392
2024-09-26,0.4376521949455049
2024-09-27,0.4377418841466465
2024-09-30,0.4379896994800976
2024-10-01,0.4380724382548087
2024-10-02,0.4380724382548087
2024-10-03,0.4376253598190196
2024-10-04,0.4363665554866526
2024-10-07,0.4341723452345766
2024-10-08,0.4328633372951846
2024-10-09,0.4324054652869814
2024-10-10,0.4319487676549813
2024-10-11,0.4323155202891915
2024-10-14,0.432152353318585
2024-10-15,0.4324789533098378
2024-10-16,0.4330968369684851
2024-10-17,0.4323521068604339
2024-10-18,0.4322658365788406
2024-10-21,0.4334238921565566
2024-10-22,0.4329679466656043
2024-10-23,0.4322658365788406
2024-10-24,0.4324340007519329
2024-10-25,0.4319894516868215
2024-10-28,0.4322613737921398
2024-10-29,0.4325493114834751
2024-10-30,0.4325120528361331
2024-10-31,0.4320202237638073
2024-11-01,0.4324749727934399
2024-11-04,0.431536829803722
2024-11-05,0.4312596589744598
2024-11-06,0.4335217740100206
2024-11-07,0.4341313137113576
2024-11-08,0.4341718156794217
2024-11-11,0.4340498284680342
2024-11-12,0.4341313137113576
2024-11-13,0.4344579142866132
2024-11-14,0.4346617808876651
2024-11-15,0.4339684090098867
2024-11-18,0.433845433168578
2024-11-19,0.4333578331973431
2024-11-20,0.4331958234324723
2024-11-21,0.4334389360302704
2024-11-22,0.4335591236178974
2024-11-25,0.4337651476026098
2024-11-26,0.4336028332046646
2024-11-27,0.4344572092687574
2024-11-29,0.4336419794962845
2024-12-02,0.4327010670420796
2024-12-03,0.4333151922851841
2024-12-04,0.4334812688759736
2024-12-05,0.4337651476026098
2024-12-06,0.4332340130927028
2024-12-09,0.4327886956820418
2024-12-10,0.4338483300871852
2024-12-11,0.4335654400360137
2024-12-12,0.4348186439543324
2024-12-13,0.4352217165595652
2024-12-16,0.4354172121291484
2024-12-17,0.4352941979727585
2024-12-18,0.4360420422759187
2024-12-19,0.4357220537637529
2024-12-20,0.435801956362643
2024-12-23,0.4366447508162401
2024-12-24,0.436198403049422
2024-12-26,0.436198403049422
2024-12-27,0.4358051337079689
2024-12-30,0.4362868976560057
2024-12-31,0.4372852614471344
2025-01-02,0.4373257389793221
2025-01-03,0.438163064198189
2025-01-06,0.4383579119672293
2025-01-07,0.4376430459959294
2025-01-08,0.4375886047377757
2025-01-10,0.4371860212116144
2025-01-13,0.4372601801285193
2025-01-14,0.4368759203840178
2025-01-15,0.4373871144389926
2025-01-16,0.4372726679810026
2025-01-17,0.4375886047377757
2025-01-21,0.4374743502097943
2025-01-22,0.4375886047377757
2025-01-23,0.4367553212756325
2025-01-24,0.4375955511188003
2025-01-27,0.437238576552442
2025-01-28,0.4375955511188003
2025-01-29,0.4379194584120577
2025-01-30,0.4391533939454519
2025-01-31,0.439031096449405
2025-02-03,0.4386336271601668
2025-02-04,0.4378458831123205
2025-02-05,0.4380084431505358
2025-02-06,0.4370196289120954
2025-02-07,0.4377868575640961
2025-02-10,0.4380731309119639
2025-02-11,0.437794306454557
2025-02-12,0.4374741805614874
2025-02-13,0.4357464759061935
2025-02-14,0.4336878847437871
2025-02-18,0.4355516175383551
2025-02-19,0.4336489582219435
2025-02-20,0.4336475744447826
2025-02-21,0.4338502406899492
2025-02-24,0.4339300858339133
2025-02-25,0.433562295449321
2025-02-26,0.4340905628610907
2025-02-27,0.4349060657225124
2025-02-28,0.4340115566289704
2025-03-03,0.4343754636031075
2025-03-04,0.4361902596911335
2025-03-05,0.4368792369644639
2025-03-06,0.4364803473240219
2025-03-07,0.4395770389422011
2025-03-10,0.4368492789935013
2025-03-11,0.4361695990659773
2025-03-12,0.4363343033238897
2025-03-13,0.4359533486926955
2025-03-14,0.4364440497900058
2025-03-17,0.4368437977709146
2025-03-18,0.4366851442529699
2025-03-19,0.4362887894074297
2025-03-20,0.4364580068685816
2025-03-21,0.4357180346316502
2025-03-24,0.4350664412911139
2025-03-25,0.4351888700525625
2025-03-26,0.4351888700525625
2025-03-27,0.4346209038787226
2025-03-28,0.4339712034381281
2025-03-31,0.4331578135012045
2025-04-01,0.4320996208479645
2025-04-02,0.4325586976845018
2025-04-03,0.4336624772133274
2025-04-04,0.4379579010759947
2025-04-07,0.4410827442211192
2025-04-08,0.4459378544313861
2025-04-09,0.452352493769799
2025-04-10,0.4519083649967417
2025-04-11,0.4507968497518447
2025-04-14,0.4515109659569981
2025-04-15,0.4524157347167941
2025-04-16,0.4528383788741887
2025-04-17,0.4531892182108621
2025-04-21,0.4559281380576263
2025-04-22,0.4548487329950518
2025-04-23,0.455158300673658
2025-04-24,0.45434486060017
2025-04-25,0.4536037795065309
2025-04-28,0.4540679305298674
2025-04-29,0.4538377727041502
2025-04-30,0.4519684075470128
2025-05-01,0.4513121843365159
2025-05-02,0.4519843073878863
2025-05-05,0.4520554779077216
2025-05-06,0.4527500179287127
2025-05-07,0.4530963747366406
2025-05-08,0.4521937431412526
2025-05-09,0.4511462016201559
2025-05-12,0.452170259029619
2025-05-13,0.4520834891916706
2025-05-14,0.4519630717023692
2025-05-15,0.4529349191979676
2025-05-16,0.453479749184844
2025-05-19,0.4531767801743163
2025-05-20,0.4535266146944738
2025-05-21,0.4537991652989506
2025-05-22,0.4534080830300808
2025-05-23,0.4526264010022485
2025-05-27,0.4532120750391777
2025-05-28,0.4536373752938787
2025-05-29,0.4532443242020664
2025-05-30,0.4530508419276192
2025-06-02,0.4537559703129664
2025-06-03,0.453057835571439
2025-06-04,0.4528268898390596
2025-06-05,0.4529075530568645
2025-06-06,0.4539170593118184
2025-06-09,0.4537991652989506
2025-06-10,0.4546153939299795
2025-06-11,0.4544232593287318
2025-06-12,0.453690655943308
2025-06-13,0.4539231095274301
2025-06-16,0.4533783256106619
2025-06-17,0.4534138490323657
2025-06-18,0.4534962731031755
2025-06-20,0.4524093399818957
2025-06-23,0.4529075530568645
2025-06-24,0.451782514743434
2025-06-25,0.4521269396328968
2025-06-26,0.4524724731580402
2025-06-27,0.4531701976180422
2025-06-30,0.453872182417544
2025-07-01,0.4539517055978221
2025-07-02,0.4537196303056174
2025-07-03,0.4534935422810207
2025-07-07,0.4534138490323657
2025-07-08,0.4531800548100301
2025-07-09,0.4530263852503869
2025-07-10,0.4520014825285533
2025-07-11,0.4513822429368208
2025-07-14,0.4516179918993745
2025-07-15,0.4503840512367444
2025-07-16,0.4503380227173839
2025-07-17,0.4508406888862941
2025-07-18,0.4520399071094235
2025-07-21,0.4513439876251939
2025-07-22,0.4509480992569161
2025-07-23,0.4499703282313122
2025-07-24,0.4508955586061987
2025-07-25,0.4518256231535242
2025-07-28,0.4526911111629353
2025-07-29,0.4519083649967417
2025-07-30,0.4510874934579837
2025-07-31,0.4504587003398557
2025-08-01,0.4484880967582457
2025-08-04,0.4476462975734676
2025-08-05,0.4482906433900174
2025-08-06,0.4475450007977708
2025-08-07,0.4470776735821311
2025-08-08,0.4468607884960699
2025-08-11,0.4476966484090738
2025-08-12,0.4469224825902784
2025-08-13,0.4469844329306389
2025-08-14,0.4466662244772543
2025-08-15,0.4454339273495416
2025-08-18,0.447223774450818
2025-08-19,0.4478367513107312
2025-08-20,0.4477092955334792
2025-08-21,0.4480767213654862
2025-08-22,0.4486715093239043
2025-08-25,0.4479761792716456
2025-08-26,0.4474034837206194
2025-08-27,0.4480404103485964
2025-08-28,0.4485999505089112
2025-08-29,0.4478110666916039
2025-09-02,0.4477220342018784
2025-09-03,0.4471747043697129
2025-09-04,0.4464467807927638
2025-09-05,0.4463556713524355
2025-09-08,0.4462108488414394
2025-09-09,0.4471197397881052
2025-09-10,0.4463556713524355
2025-09-11,0.4462795684226181
2025-09-12,0.4462035204879332
2025-09-15,0.4450996478328091
2025-09-16,0.4448890775716798
2025-09-17,0.4457978762189752
2025-09-18,0.4463715043724852
2025-09-19,0.4467846576267011
2025-09-22,0.4473884767127086
2025-09-23,0.4471197397881052
2025-09-24,0.4464399972986295
2025-09-25,0.444397695142502
2025-09-26,0.4448154923535065
2025-09-29,0.4450822340571349
2025-09-30,0.4449854357042875
2025-10-01,0.4440379330847496
2025-10-02,0.4449067459455499
2025-10-03,0.4452822883219213
2025-10-06,0.4457920354666877
2025-10-07,0.4461120212680184
2025-10-08,0.4441894207667705
2025-10-09,0.443963096666852
2025-10-10,0.4466573059037548
2025-10-13,0.4463628768022603
2025-10-14,0.4469983700066656
2025-10-15,0.4469084203319918
2025-10-16,0.4477092955334792
2025-10-17,0.4467565593106418
2025-10-20,0.4459377848638386
2025-10-21,0.4470327341432411
2025-10-22,0.4471473168277237
2025-10-23,0.4478625337675243
2025-10-24,0.4475170322663936
2025-10-27,0.4473116249197177
2025-10-28,0.4478633582291937
2025-10-29,0.448891947338976
2025-10-30,0.44900835290612
2025-10-31,0.4486982212316147
2025-11-03,0.4489695368720623
2025-11-04,0.4493583367695161
2025-11-05,0.4498451602279912
2025-11-06,0.4493294571071599
2025-11-07,0.4492517431343629
2025-11-10,0.4492905930203625
2025-11-11,0.4503697790724
2025-11-12,0.4518640473310317
2025-11-13,0.4520597640793878
2025-11-14,0.4512524193312524
2025-11-17,0.450985806176358
2025-11-18,0.4510389047485463
2025-11-19,0.4510777874302125
2025-11-20,0.4510529063235438
2025-11-21,0.450844703128294
2025-11-24,0.4508835152419345
2025-11-25,0.4507283512844474
2025-11-26,0.4508835152419345
2025-11-28,0.4509367351685727
2025-12-01,0.4514085555684292
2025-12-02,0.451518856328296
2025-12-03,0.450604368544581
2025-12-04,0.4500453205361969
2025-12-05,0.4490400091599583
2025-12-08,0.4493693677641212
2025-12-09,0.4495142557107203
2025-12-10,0.4495431546820367
2025-12-11,0.4496775439863875
2025-12-12,0.4497067241470374
2025-12-15,0.4485774848742604
2025-12-16,0.4476710206403462
2025-12-17,0.4468039414634953
2025-12-18,0.4460202722834543
2025-12-19,0.4461190262657967
2025-12-22,0.4468373789581271
2025-12-23,0.449022440107692
2025-12-24,0.4480265273581717
2025-12-26,0.4475311151390883
2025-12-29,0.447351965138663
2025-12-30,0.4469664824666876
2025-12-31,0.4460515893435446
2026-01-02,0.4461655171234081
2026-01-05,0.4466460105163276
2026-01-06,0.44669881685306
2026-01-07,0.4467607898835743
2026-01-08,0.4472596158306336
2026-01-09,0.4478633582291937
2026-01-12,0.4483118271070837
2026-01-13,0.4474906406643241
2026-01-14,0.4473094755381409
2026-01-15,0.446794160922025
2026-01-16,0.4475669940368342
2026-01-20,0.4478248215149888
2026-01-21,0.4476964440693907
2026-01-22,0.4490577064190325
2026-01-23,0.4484933744875584
2026-01-26,0.4484546772384734
2026-01-27,0.448725854959592
2026-01-28,0.448919978518191
2026-01-29,0.4489307350191772
2026-01-30,0.446794160922025
2026-02-02,0.4471304485042954
2026-02-03,0.4461872415039957
2026-02-04,0.447039487072099
2026-02-05,0.4481935826189308
2026-02-06,0.4478625337675243
2026-02-09,0.4479776082683619
2026-02-10,0.4476581743175756
2026-02-11,0.4479392361967886
2026-02-12,0.4477092955334792
2026-02-13,0.4481432729854286
2026-02-17,0.4482850865001007
2026-02-18,0.4480159942555828
2026-02-19,0.4484275975655609
2026-02-20,0.447043083301229
2026-02-23,0.4473385647999981
2026-02-24,0.4469282028983488
2026-02-25,0.4470290953652917
2026-02-26,0.446770187713398
2026-02-27,0.4464950366811151
2026-03-02,0.4464799757590223
2026-03-03,0.4468182264726035
2026-03-04,0.4469907241968446
2026-03-05,0.4466549839397656
2026-03-06,0.4470535080739496
2026-03-09,0.4471936816297301
2026-03-10,0.448031670234763
2026-03-11,0.4473094755381409
2026-03-12,0.4481867595357353
2026-03-13,0.4494654193000924
2026-03-16,0.4481746655846942
2026-03-17,0.4482524265229031
2026-03-18,0.4478260779255993
2026-03-19,0.4486977312342459
2026-03-20,0.44931799212244
2026-03-23,0.4487369381754817
2026-03-24,0.4496427150044341
2026-03-25,0.4498776455929045
2026-03-26,0.4498776455929045
2026-03-27,0.4498175426350976
2026-03-30,0.4497876647684165
2026-03-31,0.4499923275765267
2026-04-01,0.4499532207686573
2026-04-02,0.4499050553223423
2026-04-06,0.4501402251140663
2026-04-07,0.4509714775033746
2026-04-08,0.4518920243002672
2026-04-09,0.4528972476318762
2026-04-10,0.4520098550785075
2026-04-13,0.4521278153867233
2026-04-14,0.4516899943122385
2026-04-15,0.4512132671191479
2026-04-16,0.4510958963596165
2026-04-17,0.4515001875489068
2026-04-20,0.4514876337738174
2026-04-21,0.4520384837314221
2026-04-22,0.4519202060143126
2026-04-23,0.4514291989843275
2026-04-24,0.4510748914242265
2026-04-27,0.4526404792184209
2026-04-28,0.4543234186499576
2026-04-29,0.4536512311132644
2026-04-30,0.4533756600156207
2026-05-01,0.4536512311132644
2026-05-04,0.4531007915634477
2026-05-05,0.4534543227879142
2026-05-06,0.4534543227879142
2026-05-07,0.4538090169184324
2026-05-08,0.4540461288287863
2026-05-11,0.4542486384092198
2026-05-12,0.4533786582371991
2026-05-13,0.4543682889417914
2026-05-14,0.454135486290267
2026-05-15,0.4541746799890371
2026-05-18,0.4543302456598946
2026-05-19,0.4542138879046138
2026-05-20,0.4542138879046138
2026-05-21,0.4544101410304208
2026-05-22,0.4526312148002899
2026-05-26,0.4539316101611315
2026-05-27,0.4540123116365505
2026-05-28,0.4547642962293314
2026-05-29,0.4558671266540811
2026-06-01,0.4573187934217316
2026-06-02,0.4562173759385483
2026-06-03,0.4555895233790412
2026-06-04,0.4548455068176307
2026-06-05,0.45504122641354
2026-06-08,0.4552765573017664
2026-06-09,0.4547673178652052
2026-06-10,0.4556227805650998
2026-06-11,0.4558946856118972
2026-06-12,0.4555473756333855
2026-06-15,0.4560876891877721
2026-06-16,0.4559308522759293
2026-06-17,0.4558920841574777
2026-06-18,0.4546920927962671
2026-06-22,0.4543035214160739
2026-06-23,0.4541084116795142
2026-06-24,0.454925732202401
2026-06-25,0.455776965269118
2026-06-26,0.4550040223225884
2026-06-29,0.4555445039368863
2026-06-30,0.4560084300052388
2026-07-01,0.4550810692879458
2026-07-02,0.4557736685912332
2026-07-06,0.4544209103886731
2026-07-07,0.4547302309842779
2026-07-08,0.4554310718443116
2026-07-09,0.4551196133134186
2026-07-10,0.4554321291577889
2026-07-13,0.4550416248476723
2026-07-14,0.4550417567604798
2026-07-15,0.4556643312324581
2026-07-16,0.4551584311771495
2026-07-17,0.4540254721177512
2026-07-20,0.4540661476020965
2026-07-21,0.4535934700529729
2026-07-22,0.4538268633906375
2026-07-23,0.4533187563715534
2026-07-24,0.4538658113906748
2026-07-27,0.4540607623619154
2026-07-28,0.4546136886974348
2026-07-29,0.4548482767699598
2026-07-30,0.454925732202401
2026-07-31,0.4550032430377922
2026-08-03,0.4546920927962671
2026-08-04,0.4550034388424098
2026-08-05,0.4553511655681169
2026-08-06,0.4550809397512998
2026-08-07,0.4548869975648641
2026-08-10,0.4551584311771495
2026-08-11,0.4552357168207472
2026-08-12,0.4553131882571319
2026-08-13,0.4551582357504189
2026-08-14,0.4550038284815095
2026-08-17,0.4552353276567168
2026-08-18,0.4538847321837408
2026-08-19,0.4539251127599256
2026-08-20,0.4546977914841674
2026-08-21,0.4545821386262551
2026-08-24,0.454001780472638
2026-08-25,0.4539634398139943
2026-08-26,0.4540036495248461
2026-08-27,0.4545055738242795
2026-08-28,0.4536669202063725
2026-08-31,0.4538929593434206
2026-09-01,0.4541268655835948
2026-09-02,0.454125215834832
2026-09-03,0.4550814527431037
2026-09-04,0.4538949990330594
2026-09-08,0.4546204413476122
2026-09-09,0.4550812619739932
2026-09-10,0.4551961016560883
2026-09-11,0.4546221014386198
2026-09-14,0.45527264397744943
2026-09-15,0.45500459997105946
2026-09-16,0.45511961331341866
2026-09-17,0.4547354308874007
2026-09-18,0.4539634398139943
