date,value
1995-02-17,0.4613907018498547
1995-02-21,0.4609605300631044
1995-02-22,0.4612809404561058
1995-02-23,0.4609704298476613
1995-02-24,0.4614708970979197
1995-02-27,0.4609506637256412
1995-02-28,0.4610305405669018
1995-03-01,0.4611104751463801
1995-03-02,0.4616895595836176
1995-03-03,0.4613989024617989
1995-03-06,0.4615078693649416
1995-03-07,0.4607720010469609
1995-03-08,0.4605123701284817
1995-03-09,0.4604418360054887
1995-03-10,0.4604816491716917
1995-03-13,0.4607113789500006
1995-03-14,0.4614894422989077
1995-03-15,0.4609408306660418
1995-03-16,0.4614787097229189
1995-03-17,0.4613296083997366
1995-03-20,0.4599733710998752
1995-03-21,0.4600213528629899
1995-03-22,0.4602914508747777
1995-03-23,0.4599336755855001
1995-03-24,0.4604726113707686
1995-03-27,0.4562364004381589
1995-03-28,0.4562344683665234
1995-03-29,0.4563924670130173
1995-03-30,0.4571920317390686
1995-03-31,0.458181275892575
1995-04-03,0.4578143063235934
1995-04-04,0.4580101155562783
1995-04-05,0.4580401964312408
1995-04-06,0.4583096010532617
1995-04-07,0.4579553641080348
1995-04-10,0.4585096004516861
1995-04-11,0.4587038206986442
1995-04-12,0.4589646910051239
1995-04-13,0.4596302361013931
1995-04-17,0.459317512041434
1995-04-18,0.4599108852922701
1995-04-19,0.4594302095488911
1995-04-20,0.4593902478413342
1995-04-21,0.4597984995399394
1995-04-24,0.4603041931687001
1995-04-25,0.462207317809151
1995-04-26,0.4625743907680642
1995-04-27,0.4624687397000748
1995-04-28,0.4645242537376277
1995-05-01,0.4657167508892147
1995-05-02,0.4673163148955976
1995-05-03,0.4666614240221302
1995-05-04,0.4665798295644826
1995-05-05,0.4667413759067768
1995-05-08,0.4666185272581668
1995-05-09,0.4658979888875503
1995-05-10,0.4659388586941683
1995-05-11,0.4660801057492202
1995-05-12,0.4668630397924685
1995-05-15,0.4670904719774688
1995-05-16,0.4664982941843972
1995-05-17,0.4664575486266069
1995-05-18,0.4665798295644826
1995-05-19,0.4665991457910303
1995-05-22,0.4670285446353475
1995-05-23,0.4671107273611953
1995-05-24,0.4669464217544016
1995-05-25,0.466637974297054
1995-05-26,0.4671107273611953
1995-05-30,0.4668643586471969
1995-05-31,0.4672341138151094
1995-06-01,0.4672752726328232
1995-06-02,0.4671315126394376
1995-06-05,0.4670293320450438
1995-06-06,0.4680116041362603
1995-06-07,0.4682549935821775
1995-06-08,0.4688025377103145
1995-06-09,0.4678032259669191
1995-06-12,0.4674786819300885
1995-06-13,0.4676824582325994
1995-06-14,0.4677021793245873
1995-06-15,0.4673157969191808
1995-06-16,0.4670735051233566
1995-06-19,0.4667112308170745
1995-06-20,0.4680000619941477
1995-06-21,0.4677982649322161
1995-06-22,0.4675771757515742
1995-06-23,0.468040464644169
1995-06-26,0.4684232080226422
1995-06-27,0.4683236877670962
1995-06-28,0.4684858481736528
1995-06-29,0.4684047389539464
1995-06-30,0.4682426945453151
1995-07-03,0.4692592931750434
1995-07-05,0.4693410158599739
1995-07-06,0.4688744279437177
1995-07-07,0.4679854315221899
1995-07-10,0.468597708050068
1995-07-11,0.4685198210993149
1995-07-12,0.4684414944166133
1995-07-13,0.4679316420130566
1995-07-14,0.4685690809219864
1995-07-17,0.4681979091864924
1995-07-18,0.4684039655366314
1995-07-19,0.4722758375675836
1995-07-20,0.4708778016780827
1995-07-21,0.4707109875644553
1995-07-24,0.4700528116791617
1995-07-25,0.470404630660478
1995-07-26,0.4716120673261794
1995-07-27,0.4709003976512459
1995-07-28,0.4710232472996128
1995-07-31,0.4702409883090704
1995-08-01,0.4705942308887794
1995-08-02,0.4695455800624828
1995-08-03,0.4691193246715499
1995-08-04,0.4696275089213446
1995-08-07,0.4705942308887794
1995-08-08,0.4706247526875839
1995-08-09,0.4711196887748003
1995-08-10,0.4702067364985948
1995-08-11,0.4691193879226233
1995-08-14,0.4696791240551256
1995-08-15,0.4688771419093459
1995-08-16,0.4681964387033807
1995-08-17,0.4675557055196573
1995-08-18,0.4665949965607296
1995-08-21,0.4653133695970554
1995-08-22,0.4638617981775993
1995-08-23,0.4637464163681098
1995-08-24,0.4625592491970937
1995-08-25,0.4624530569453493
1995-08-28,0.4611782769506018
1995-08-29,0.4607342198309694
1995-08-30,0.4610999095153194
1995-08-31,0.4610305405669018
1995-09-01,0.4613380766744518
1995-09-05,0.4620208059577422
1995-09-06,0.4626339970529411
1995-09-07,0.4620374177726604
1995-09-08,0.461839268419573
1995-09-11,0.4617426382846911
1995-09-12,0.4613380766744518
1995-09-13,0.4615659265542929
1995-09-14,0.4609511856091924
1995-09-15,0.460304985687566
1995-09-18,0.4664827763354315
1995-09-19,0.4663220050153705
1995-09-20,0.465483427205701
1995-09-21,0.4645772826177298
1995-09-22,0.4642278864479485
1995-09-25,0.4643618718634997
1995-09-26,0.4652276339194423
1995-09-27,0.4642918961731437
1995-09-28,0.4653240924282535
1995-09-29,0.465443806231418
1995-10-02,0.4656036235858271
1995-10-03,0.4656036235858271
1995-10-04,0.4654837392373978
1995-10-05,0.4657860276467529
1995-10-06,0.4657460501284269
1995-10-09,0.465158045491484
1995-10-10,0.470706693217863
1995-10-11,0.4709714271189454
1995-10-12,0.4707424832961872
1995-10-13,0.4709282641980115
1995-10-16,0.4703772992098105
1995-10-17,0.4701215758133363
1995-10-18,0.4692901814256635
1995-10-19,0.4694896625519352
1995-10-20,0.4701705273642592
1995-10-23,0.4707236365940705
1995-10-24,0.4700015443753407
1995-10-25,0.4698656493748935
1995-10-26,0.469809562147961
1995-10-27,0.4697772378587581
1995-10-30,0.4705023274662711
1995-10-31,0.4701481028865704
1995-11-01,0.4693725747828705
1995-11-02,0.4693556514347439
1995-11-03,0.4684965413169401
1995-11-06,0.4688998422459231
1995-11-07,0.4681213132491316
1995-11-08,0.4670529990621837
1995-11-09,0.4679040443158673
1995-11-10,0.46800694344502
1995-11-13,0.4677836780946477
1995-11-14,0.4677232576289502
1995-11-15,0.4684787984652649
1995-11-16,0.4681949729000811
1995-11-17,0.4720723618118636
1995-11-20,0.4717207707885088
1995-11-21,0.4720872772932748
1995-11-22,0.4721560657361087
1995-11-24,0.472606572387883
1995-11-27,0.4729470414257915
1995-11-28,0.473586689968393
1995-11-29,0.4739372536909111
1995-11-30,0.4739474605219782
1995-12-01,0.4709431968154141
1995-12-04,0.4726838749192264
1995-12-05,0.473122984210387
1995-12-06,0.4736064443429413
1995-12-07,0.474030646499626
1995-12-08,0.4736891359131306
1995-12-11,0.4736064443429413
1995-12-12,0.4732874824261043
1995-12-13,0.4723480572606323
1995-12-14,0.4726765735770175
1995-12-15,0.4724998289754743
1995-12-18,0.4759119779706143
1995-12-19,0.4757752887290439
1995-12-20,0.4752956823944606
1995-12-21,0.4756150626233716
1995-12-22,0.4754999697468854
1995-12-26,0.4740786200544454
1995-12-27,0.4744856840785672
1995-12-28,0.4748299940392527
1995-12-29,0.474585582443403
1996-01-02,0.4743823002623044
1996-01-03,0.4743416867254268
1996-01-04,0.4743416867254268
1996-01-05,0.4743823002623044
1996-01-08,0.4744229280880169
1996-01-09,0.4743322002043706
1996-01-10,0.4772340688859048
1996-01-11,0.4772289006883549
1996-01-12,0.4775457188538343
1996-01-15,0.4773342909609551
1996-01-16,0.4766665749677219
1996-01-17,0.4762777628240697
1996-01-18,0.4751416703443204
1996-01-19,0.4743887110785281
1996-01-22,0.4742582848102971
1996-01-23,0.4755059147709836
1996-01-24,0.4752225146056119
1996-01-25,0.4757162113790706
1996-01-26,0.4768396323191203
1996-01-29,0.4760688048421178
1996-01-30,0.4761160776120222
1996-01-31,0.4752950864622024
1996-02-01,0.474965285575971
1996-02-02,0.476223980461613
1996-02-05,0.4761429112178289
1996-02-06,0.476365161793164
1996-02-07,0.476862759563133
1996-02-08,0.4770598463166777
1996-02-09,0.4775529040125437
1996-02-12,0.4787520396740614
1996-02-13,0.4777249607664502
1996-02-14,0.4776843084607369
1996-02-15,0.4781808362571266
1996-02-16,0.477495796808355
1996-02-20,0.4774861188023048
1996-02-21,0.4776436703118461
1996-02-22,0.478050689824401
1996-02-23,0.478050689824401
1996-02-26,0.478050689824401
1996-02-27,0.4776797205225261
1996-02-28,0.4774406916386232
1996-02-29,0.4780181464872456
1996-03-01,0.4775719147225283
1996-03-04,0.4779410942445108
1996-03-05,0.4778643139992368
1996-03-06,0.4771380471631593
1996-03-07,0.4770978313645275
1996-03-08,0.4840426625310812
1996-03-11,0.4838492848477552
1996-03-12,0.4832177535694651
1996-03-13,0.4836628084973207
1996-03-14,0.4842630475851079
1996-03-15,0.48369173426194
1996-03-18,0.4838574489329965
1996-03-19,0.4836628084973207
1996-03-20,0.4841502302728423
1996-03-21,0.4839553791605892
1996-03-22,0.4836336511277926
1996-03-25,0.4834781665080053
1996-03-26,0.4829202607891819
1996-03-27,0.4831652269822006
1996-03-28,0.4827979670962765
1996-03-29,0.4842093353732131
1996-04-01,0.4844963049916639
1996-04-02,0.4849727360290173
1996-04-03,0.4845221509758498
1996-04-04,0.4842770930122961
1996-04-08,0.4844404089903524
1996-04-09,0.4846039490424361
1996-04-10,0.4843226666106549
1996-04-11,0.483914639299176
1996-04-12,0.4842047170322316
1996-04-15,0.4837677765133918
1996-04-16,0.4848361474444632
1996-04-17,0.4848361474444632
1996-04-18,0.4851608176156819
1996-04-19,0.4843055386175116
1996-04-22,0.4847894152292561
1996-04-23,0.4851429352744014
1996-04-24,0.4852132007873745
1996-04-25,0.4857279978114457
1996-04-26,0.485113462496112
1996-04-29,0.4856736354022617
1996-04-30,0.4866694525728201
1996-05-01,0.4847356114584089
1996-05-02,0.4847108068221763
1996-05-03,0.4851252023538814
1996-05-06,0.4859476188059843
1996-05-07,0.4854250280105434
1996-05-08,0.486202869992447
1996-05-09,0.4862932726947516
1996-05-10,0.4863762918316924
1996-05-13,0.4864100845672651
1996-05-14,0.4859133702054767
1996-05-15,0.4861127824897776
1996-05-16,0.4862781741608978
1996-05-17,0.4859546845050336
1996-05-20,0.4864852351385804
1996-05-21,0.4868421727358905
1996-05-22,0.4864696295527557
1996-05-23,0.4861321490042927
1996-05-24,0.4859265397015537
1996-05-28,0.4861806715068387
1996-05-29,0.4864283071745148
1996-05-30,0.4865936821619207
1996-05-31,0.4866764552100763
1996-06-03,0.4863869990286972
1996-06-04,0.486221908610132
1996-06-05,0.4857279978114457
1996-06-06,0.4849317033751623
1996-06-07,0.4854790418289956
1996-06-10,0.486017507274428
1996-06-11,0.4859760007556528
1996-06-12,0.4849841396280561
1996-06-13,0.484901854914512
1996-06-14,0.484901854914512
1996-06-17,0.4844503004997894
1996-06-18,0.484470250190062
1996-06-19,0.483469686381307
1996-06-20,0.4833115671090524
1996-06-21,0.4822948063532419
1996-06-24,0.4831401134561731
1996-06-25,0.4835080062415986
1996-06-26,0.4838372887653222
1996-06-27,0.4841683960808233
1996-06-28,0.4846039490424361
1996-07-01,0.4896043888719951
1996-07-02,0.4897511673362845
1996-07-03,0.4888356387660614
1996-07-05,0.4879124540810811
1996-07-08,0.4884576633268527
1996-07-09,0.4884372440995588
1996-07-10,0.4884062753390614
1996-07-11,0.4879393579239854
1996-07-12,0.4920524407773488
1996-07-15,0.4918504036683715
1996-07-16,0.4988604331023927
1996-07-17,0.498849541612874
1996-07-18,0.5022051800859826
1996-07-19,0.5050713037345984
1996-07-22,0.5058238141262666
1996-07-23,0.5053598233887655
1996-07-24,0.508696217761874
1996-07-25,0.5089605638014251
1996-07-26,0.5086684810104783
1996-07-29,0.5087813502758778
1996-07-30,0.5088945654172815
1996-07-31,0.5089737503691373
1996-08-01,0.5091769822289903
1996-08-02,0.508538836632383
1996-08-05,0.5085783133666145
1996-08-06,0.5084087573238613
1996-08-07,0.5069644885495977
1996-08-08,0.5073435086052007
1996-08-09,0.5081076817917295
1996-08-12,0.5076728525969452
1996-08-13,0.5073575391385242
1996-08-14,0.5074688062094286
1996-08-15,0.5069889702127882
1996-08-16,0.5070822767335952
1996-08-19,0.5074432052993119
1996-08-20,0.5073784726723933
1996-08-21,0.5071895606588973
1996-08-22,0.5067911828784557
1996-08-23,0.506753157198234
1996-08-26,0.506328751764569
1996-08-27,0.5061383295986126
1996-08-28,0.5059550837142375
1996-08-29,0.5060651726228937
1996-08-30,0.5067795560472393
1996-09-03,0.5073194476625267
1996-09-04,0.5072072431212514
1996-09-05,0.5054363800868528
1996-09-06,0.5052407429174537
1996-09-09,0.5059082989085467
1996-09-10,0.5055004829843501
1996-09-11,0.504229235585846
1996-09-12,0.5037895496218924
1996-09-13,0.5031211548923539
1996-09-16,0.5024536327812786
1996-09-17,0.5030897558611116
1996-09-18,0.5029980558087975
1996-09-19,0.503528958882461
1996-09-20,0.5031177376478121
1996-09-23,0.5024302530725546
1996-09-24,0.5023520916457997
1996-09-25,0.502273433282008
1996-09-26,0.5025947059547182
1996-09-27,0.5040062211898737
1996-09-30,0.5034598162131759
1996-10-01,0.5054455398330123
1996-10-02,0.5052199498152795
1996-10-03,0.505518771209689
1996-10-04,0.5064365967957247
1996-10-07,0.5070060769803936
1996-10-08,0.5070462670123187
1996-10-09,0.5071742737878364
1996-10-10,0.5069658995997852
1996-10-11,0.5069985286335663
1996-10-14,0.5069909637338664
1996-10-15,0.5076437803653667
1996-10-16,0.5069757840575624
1996-10-17,0.5072804253195332
1996-10-18,0.5061565572157891
1996-10-21,0.5063565226423521
1996-10-22,0.5063165044319312
1996-10-23,0.5065568024534266
1996-10-24,0.5068702125604234
1996-10-25,0.5077989024321853
1996-10-28,0.5072990373000374
1996-10-29,0.5074204685068714
1996-10-30,0.5067348403855502
1996-10-31,0.5055505846489154
1996-11-01,0.5060189399985414
1996-11-04,0.5057481340964397
1996-11-05,0.5046429021575027
1996-11-06,0.5049987457088977
1996-11-07,0.5052842825466842
1996-11-08,0.5060566921464696
1996-11-11,0.5055668792924711
1996-11-12,0.5068173165448002
1996-11-13,0.5074660752118118
1996-11-14,0.5070338854952209
1996-11-15,0.5075420152127282
1996-11-18,0.5078931916318885
1996-11-19,0.5080679576303594
1996-11-20,0.5073135264018414
1996-11-21,0.5070715280349584
1996-11-22,0.5071924698950369
1996-11-25,0.5073467107282672
1996-11-26,0.5070009859337626
1996-11-27,0.5076092546938735
1996-11-29,0.507122408160778
1996-12-02,0.5065567571056357
1996-12-03,0.5066856909996679
1996-12-04,0.5076369055919796
1996-12-05,0.5076300156882539
1996-12-06,0.5070414471778264
1996-12-09,0.5052988613104891
1996-12-10,0.5065076783863031
1996-12-11,0.506744781955991
1996-12-12,0.5068519016730264
1996-12-13,0.5066305329620661
1996-12-16,0.508820064826647
1996-12-17,0.507016145980883
1996-12-18,0.506912410060642
1996-12-19,0.507310505456203
1996-12-20,0.5076768347356235
1996-12-23,0.5077924167780049
1996-12-24,0.507143858484175
1996-12-26,0.5080050235013119
1996-12-27,0.5073337598436295
1996-12-30,0.5072665273749867
1996-12-31,0.5055227839339502
1997-01-02,0.5057978666541162
1997-01-03,0.5056667530243714
1997-01-06,0.5056983065896076
1997-01-07,0.5053850472073352
1997-01-08,0.5064336472576204
1997-01-09,0.5053755255617531
1997-01-10,0.5046932890343057
1997-01-13,0.5027211515149105
1997-01-14,0.5024396367939841
1997-01-15,0.5009254881400083
1997-01-16,0.5004916229896456
1997-01-17,0.501356872879834
1997-01-20,0.5015601390964625
1997-01-21,0.5018315926659124
1997-01-22,0.5012734328291817
1997-01-23,0.5013549362869995
1997-01-24,0.501518102143567
1997-01-27,0.5046840065205197
1997-01-28,0.5041972631181284
1997-01-29,0.5048257323768812
1997-01-30,0.5049379734569271
1997-01-31,0.5047747980585344
1997-02-03,0.5047850021828489
1997-02-04,0.5049887840823222
1997-02-05,0.5052026350324801
1997-02-06,0.5051928938181288
1997-02-07,0.5051324089797213
1997-02-10,0.5056152070897986
1997-02-11,0.5052985786437407
1997-02-12,0.5056696958892232
1997-02-13,0.5059501003412653
1997-02-14,0.5058258559941716
1997-02-18,0.5055364237117042
1997-02-19,0.5057430938021409
1997-02-20,0.5054856174312212
1997-02-21,0.5060329973618345
1997-02-24,0.5067144463810234
1997-02-25,0.5067144463810234
1997-02-26,0.5068392691196439
1997-02-27,0.5068809038570888
1997-02-28,0.5064567400490906
1997-03-03,0.5066646678912741
1997-03-04,0.5060982657873833
1997-03-05,0.5071078692784159
1997-03-06,0.5076183723090806
1997-03-07,0.5074851842558871
1997-03-10,0.507008479545755
1997-03-11,0.5108367491456008
1997-03-12,0.5071762998712805
1997-03-13,0.5073938214896182
1997-03-14,0.5108367491456008
1997-03-17,0.5072106494656172
1997-03-18,0.5083656678367692
1997-03-19,0.5115406593294947
1997-03-20,0.5107814506729687
1997-03-21,0.5109063624390382
1997-03-24,0.509745198441737
1997-03-25,0.5103620075855073
1997-03-26,0.5099385630051624
1997-03-27,0.5104373655148978
1997-03-31,0.5104373655148978
1997-04-01,0.5103540975579679
1997-04-02,0.5103124837419311
1997-04-03,0.5102292963995226
1997-04-04,0.5104828413931145
1997-04-07,0.5104828413931145
1997-04-08,0.5106946676892047
1997-04-09,0.5106114221879159
1997-04-10,0.5107779669343918
1997-04-11,0.5099536240513644
1997-04-14,0.5106200772176708
1997-04-15,0.510658467392606
1997-04-16,0.5095810717049992
1997-04-17,0.5099644409558506
1997-04-18,0.508111563924081
1997-04-21,0.5112847479277669
1997-04-22,0.5116417614388012
1997-04-23,0.5111302895199559
1997-04-24,0.5110794011840212
1997-04-25,0.5110313951772577
1997-04-28,0.5114490471039425
1997-04-29,0.5115720010401783
1997-04-30,0.5116113633067716
1997-05-01,0.5117373650663207
1997-05-02,0.5108408089986188
1997-05-05,0.5126523152558018
1997-05-06,0.5130663317789774
1997-05-07,0.5135648993052416
1997-05-08,0.5133979451538573
1997-05-09,0.5133140868521773
1997-05-12,0.5128591585006812
1997-05-13,0.5119364270151814
1997-05-14,0.5127651484095593
1997-05-15,0.5162701215531397
1997-05-16,0.5128972572594693
1997-05-19,0.5132731460141975
1997-05-20,0.5140648317812312
1997-05-21,0.5146459186088108
1997-05-22,0.5147690143894991
1997-05-23,0.5146867085162935
1997-05-27,0.514979554688732
1997-05-28,0.5148146488087607
1997-05-29,0.5145217104874764
1997-05-30,0.5138983423697506
1997-06-02,0.5126440299674774
1997-06-03,0.5135207765661113
1997-06-04,0.5161512646252687
1997-06-05,0.516523645999975
1997-06-06,0.5166480083694404
1997-06-09,0.5169735194782266
1997-06-10,0.5168076747289548
1997-06-11,0.5134370216168497
1997-06-12,0.5146542398823635
1997-06-13,0.5151169833268993
1997-06-16,0.5154145405644628
1997-06-17,0.5159480643225335
1997-06-18,0.5193300027520349
1997-06-19,0.5190838337209857
1997-06-20,0.5194200739058247
1997-06-23,0.518659186666948
1997-06-24,0.5189234135386327
1997-06-25,0.5184413464899249
1997-06-26,0.5185737994139435
1997-06-27,0.5191216226512668
1997-06-30,0.5193837132829933
1997-07-01,0.5191448672786877
1997-07-02,0.5188191501196836
1997-07-03,0.5184869707955005
1997-07-07,0.5173894154965447
1997-07-08,0.5169706835476726
1997-07-09,0.5202297410000198
1997-07-10,0.5200393882036246
1997-07-11,0.5198838034585141
1997-07-14,0.5198969306091074
1997-07-15,0.5187750120634439
1997-07-16,0.5175377456810967
1997-07-17,0.5187172173258304
1997-07-18,0.5189713388381759
1997-07-21,0.5185159834866853
1997-07-22,0.5191951664198377
1997-07-23,0.5186960396169653
1997-07-24,0.517984695278714
1997-07-25,0.5183239578446086
1997-07-28,0.5170666726036628
1997-07-29,0.5162409214209
1997-07-30,0.5154094797145724
1997-07-31,0.5152029018611739
1997-08-01,0.5147432031289289
1997-08-04,0.5146618890186866
1997-08-05,0.5155992991027409
1997-08-06,0.5195298370648567
1997-08-07,0.5192495652263425
1997-08-08,0.5190962718278537
1997-08-11,0.5196532970689087
1997-08-12,0.519586442682737
1997-08-13,0.5189273212767601
1997-08-14,0.5193649463052511
1997-08-15,0.5191605894728867
1997-08-18,0.5223223614157221
1997-08-19,0.5223165277683686
1997-08-20,0.5220412658813641
1997-08-21,0.5221804265540723
1997-08-22,0.5202700242230425
1997-08-25,0.5189442784074877
1997-08-26,0.5195200890254569
1997-08-27,0.5193088136071744
1997-08-28,0.5182790080649881
1997-08-29,0.5178561451555775
1997-09-02,0.516455255205269
1997-09-03,0.5161189476652253
1997-09-04,0.5174609089575258
1997-09-05,0.5176786432304853
1997-09-08,0.5179840773308054
1997-09-09,0.5177866345202554
1997-09-10,0.5185320216126416
1997-09-11,0.5164807913210661
1997-09-12,0.5162859263717767
1997-09-15,0.5156519926847398
1997-09-16,0.5146267217572248
1997-09-17,0.5133383864575942
1997-09-18,0.5119073582412395
1997-09-19,0.5111667295232086
1997-09-22,0.5099528928597314
1997-09-23,0.5082466036562001
1997-09-24,0.5082631656627528
1997-09-25,0.5078153637100953
1997-09-26,0.5078012181597991
1997-09-29,0.5080087507461177
1997-09-30,0.508796334775549
1997-10-01,0.5081940147812096
1997-10-02,0.5079158880301878
1997-10-03,0.508001881107659
1997-10-06,0.5099317718010968
1997-10-07,0.5096332819774475
1997-10-08,0.5092337486842885
1997-10-09,0.509222841284174
1997-10-10,0.5108208162581259
1997-10-13,0.5100843374471726
1997-10-14,0.50885123633223
1997-10-15,0.5078729131493406
1997-10-16,0.5085930494254233
1997-10-17,0.5161417055304136
1997-10-20,0.5161417055304136
1997-10-21,0.5207585723299588
1997-10-22,0.5206663481716186
1997-10-23,0.5206663481716186
1997-10-24,0.5232128260069249
1997-10-27,0.5427843365703854
1997-10-28,0.5428997379715466
1997-10-29,0.547329379983442
1997-10-30,0.5472688995956533
1997-10-31,0.5475531252873468
1997-11-03,0.5516643024943481
1997-11-04,0.551780403526119
1997-11-05,0.5518191245764963
1997-11-06,0.5500070484572206
1997-11-07,0.5488587971641926
1997-11-10,0.5482356863469277
1997-11-11,0.5523666955603203
1997-11-12,0.5515908593558811
1997-11-13,0.5536442875168981
1997-11-14,0.5528042974427637
1997-11-17,0.5545719689563525
1997-11-18,0.5543687927149489
1997-11-19,0.5540490690436538
1997-11-20,0.5539146359655909
1997-11-21,0.557143808161968
1997-11-24,0.5566380911654779
1997-11-25,0.5560887364484417
1997-11-26,0.5544347364509687
1997-11-28,0.5558689393389056
1997-12-01,0.5555181020451533
1997-12-02,0.5555959931828882
1997-12-03,0.555163650437931
1997-12-04,0.5548503145670977
1997-12-05,0.5545706136648536
1997-12-08,0.5576838058347053
1997-12-09,0.5585390096685776
1997-12-10,0.5580326388343766
1997-12-11,0.5578762594579801
1997-12-12,0.5579539866842145
1997-12-15,0.5585724714238673
1997-12-16,0.5589584509554996
1997-12-17,0.5590357682309253
1997-12-18,0.5590744420675421
1997-12-19,0.5591518201599884
1997-12-22,0.5590744420675421
1997-12-23,0.5589590807844045
1997-12-24,0.5574133569625975
1997-12-26,0.5609782774644984
1997-12-29,0.5616774932617554
1997-12-30,0.5619134013235517
1997-12-31,0.5617659563194201
1998-01-02,0.56162845636832
1998-01-05,0.5603631120411238
1998-01-06,0.5597517739599618
1998-01-07,0.5608185509971084
1998-01-08,0.5605038422351658
1998-01-09,0.5637801801113655
1998-01-12,0.5700632142056846
1998-01-13,0.5703523297228258
1998-01-14,0.5706518361742904
1998-01-15,0.5707872973462436
1998-01-16,0.5715621758075585
1998-01-20,0.5714533137023543
1998-01-21,0.5720272526075306
1998-01-22,0.5719289731260858
1998-01-23,0.5712793597277299
1998-01-26,0.5696090015375214
1998-01-27,0.5693055115859977
1998-01-28,0.5696705598494842
1998-01-29,0.569664889159888
1998-01-30,0.5696421963649203
1998-02-02,0.5698096433044151
1998-02-03,0.5697558677173691
1998-02-04,0.5689853475230828
1998-02-05,0.5689456392455393
1998-02-06,0.5686679725648317
1998-02-09,0.5682475841729278
1998-02-10,0.5676691586252465
1998-02-11,0.5681188455249307
1998-02-12,0.5674152507635873
1998-02-13,0.5654541904689567
1998-02-17,0.5661473637442983
1998-02-18,0.5661019428892854
1998-02-19,0.5660113382520658
1998-02-20,0.5663146249132365
1998-02-23,0.565516572816247
1998-02-24,0.563501238953607
1998-02-25,0.5612838712806516
1998-02-26,0.5604823338842242
1998-02-27,0.560256993292364
1998-03-02,0.5594811011541158
1998-03-03,0.5573652629250577
1998-03-04,0.5559828472294415
1998-03-05,0.5581884800871654
1998-03-06,0.5572498692247928
1998-03-09,0.5566571217901624
1998-03-10,0.5574793604860132
1998-03-11,0.5572019620247769
1998-03-12,0.5567269442812306
1998-03-13,0.5562119795535936
1998-03-16,0.5552261852855995
1998-03-17,0.554347946801815
1998-03-18,0.5535436766279762
1998-03-19,0.5522232704603504
1998-03-20,0.5527268471974435
1998-03-23,0.5526527549333725
1998-03-24,0.5523012639680679
1998-03-25,0.5523491097938426
1998-03-26,0.5518143253804789
1998-03-27,0.5516643024943481
1998-03-30,0.5504141442334084
1998-03-31,0.5502869744181773
1998-04-01,0.5503135757423099
1998-04-02,0.5496341765396302
1998-04-03,0.5498525934987882
1998-04-06,0.5496854236726564
1998-04-07,0.5520526524865634
1998-04-08,0.5524359780108729
1998-04-09,0.5521969518716221
1998-04-13,0.5524615888442536
1998-04-14,0.5524615888442536
1998-04-15,0.5525770712011119
1998-04-16,0.5526155857627927
1998-04-17,0.5526926455765185
1998-04-20,0.5530399219981944
1998-04-21,0.5519913435472424
1998-04-22,0.5525332385515083
1998-04-23,0.552055399457434
1998-04-24,0.5514994301636514
1998-04-27,0.5530769882860328
1998-04-28,0.553179386499629
1998-04-29,0.5528153012174476
1998-04-30,0.5586062467192858
1998-05-01,0.5590659289811097
1998-05-04,0.5586080732751378
1998-05-05,0.5593005078891748
1998-05-06,0.5595329725840406
1998-05-07,0.5588783255172274
1998-05-08,0.5592267509762393
1998-05-11,0.5593813641131121
1998-05-12,0.5593426956486127
1998-05-13,0.5586487883855491
1998-05-14,0.5583028859350692
1998-05-15,0.5580721478315631
1998-05-18,0.5576104461751312
1998-05-19,0.5578026220038789
1998-05-20,0.5577257215289285
1998-05-21,0.5574568861952096
1998-05-22,0.5578797339875509
1998-05-26,0.5582262088115814
1998-05-27,0.5644504571106229
1998-05-28,0.5644597431350798
1998-05-29,0.5644301620172434
1998-06-01,0.563748285677825
1998-06-02,0.56375242545528
1998-06-03,0.5639121803252571
1998-06-04,0.5637648813476097
1998-06-05,0.5644971608723172
1998-06-08,0.5636747398414587
1998-06-09,0.5634989751641494
1998-06-10,0.5634031025619675
1998-06-11,0.5641061938415134
1998-06-12,0.5639599336497632
1998-06-15,0.5644508934908962
1998-06-16,0.5632391615367245
1998-06-17,0.5631121186480581
1998-06-18,0.5634261074058662
1998-06-19,0.5676955914049824
1998-06-22,0.567779265189016
1998-06-23,0.5679400459475924
1998-06-24,0.5676145313435544
1998-06-25,0.5682241810721038
1998-06-26,0.5682387437340543
1998-06-29,0.5677260359741961
1998-06-30,0.5680325603628212
1998-07-01,0.5683047981244911
1998-07-02,0.5684920265272871
1998-07-06,0.5684141523460753
1998-07-07,0.5682826844608668
1998-07-08,0.567880683128685
1998-07-09,0.5673214594813029
1998-07-10,0.5659057910218342
1998-07-13,0.5662701398976681
1998-07-14,0.5645970341333699
1998-07-15,0.5659522283167892
1998-07-16,0.5661975928201721
1998-07-17,0.5660257890543801
1998-07-20,0.5658531993302922
1998-07-21,0.5662571746996423
1998-07-22,0.5661964436993029
1998-07-23,0.5665118002114629
1998-07-24,0.5659835887381294
1998-07-27,0.5661078616214342
1998-07-28,0.5684742122165031
1998-07-29,0.5674631211375256
1998-07-30,0.5660156832310014
1998-07-31,0.5671378175880947
1998-08-03,0.5674152507635873
1998-08-04,0.5682690078767777
1998-08-05,0.5720180897112619
1998-08-06,0.572172746848995
1998-08-07,0.5758034324722769
1998-08-10,0.5757776401464455
1998-08-11,0.5781550102581231
1998-08-12,0.5783818721238195
1998-08-13,0.5777825628854445
1998-08-14,0.5780886141848348
1998-08-17,0.5769446708662797
1998-08-18,0.5796235128427548
1998-08-19,0.5797500491411391
1998-08-20,0.5796712099007101
1998-08-21,0.5801382503533643
1998-08-24,0.5796039654193114
1998-08-25,0.5809575167125492
1998-08-26,0.5804769747222635
1998-08-27,0.5802087959943626
1998-08-28,0.579747779301056
1998-08-31,0.5875027514922737
1998-09-01,0.5872464856484396
1998-09-02,0.5905235294739032
1998-09-03,0.5903674810342093
1998-09-04,0.5915949476294072
1998-09-08,0.5962612379152397
1998-09-09,0.5952175408330496
1998-09-10,0.6010160784588485
1998-09-11,0.6015199195891549
1998-09-14,0.6015366917261696
1998-09-15,0.6011014834725928
1998-09-16,0.6009926574800772
1998-09-17,0.6005082380269354
1998-09-18,0.5999168317044404
1998-09-21,0.6015698562107338
1998-09-22,0.6015567021395397
1998-09-23,0.6008866454404556
1998-09-24,0.6014091656352272
1998-09-25,0.6007406098534065
1998-09-28,0.5993856500585248
1998-09-29,0.6005451106087607
1998-09-30,0.600734576336965
1998-10-01,0.5990651041900135
1998-10-02,0.596631678746548
1998-10-05,0.5964435659168976
1998-10-06,0.5971570885681263
1998-10-07,0.5959031067383981
1998-10-08,0.6031720721976285
1998-10-09,0.6022543111464034
1998-10-12,0.601346225018178
1998-10-13,0.6033278852677885
1998-10-14,0.6027681915545402
1998-10-15,0.6039136378910251
1998-10-16,0.6038039842671655
1998-10-19,0.6011321522984674
1998-10-20,0.601681111913874
1998-10-21,0.6006926839609236
1998-10-22,0.6023053253112096
1998-10-23,0.6022588383769693
1998-10-26,0.6023613564624518
1998-10-27,0.6027669746285538
1998-10-28,0.602970070007177
1998-10-29,0.6026916081166999
1998-10-30,0.6026908314456638
1998-11-02,0.6028300481490374
1998-11-03,0.6024200829838018
1998-11-04,0.6022227738835824
1998-11-05,0.6007140911309534
1998-11-06,0.6009897144946795
1998-11-09,0.6016834428674344
1998-11-10,0.60147286920904
1998-11-11,0.6009448265490359
1998-11-12,0.6010945414636067
1998-11-13,0.6016196218078672
1998-11-16,0.6022137245808877
1998-11-17,0.6016399455293213
1998-11-18,0.602158249335721
1998-11-19,0.6022155501821469
1998-11-20,0.601947680813747
1998-11-23,0.6009480611936551
1998-11-24,0.5999859592484288
1998-11-25,0.5995773016786445
1998-11-27,0.5989499022161008
1998-11-30,0.5974296019651072
1998-12-01,0.5963823074314313
1998-12-02,0.5964652663490151
1998-12-03,0.594890140791205
1998-12-04,0.5944430002379786
1998-12-07,0.5931881196111841
1998-12-08,0.5953784661882464
1998-12-09,0.5972547905785457
1998-12-10,0.5974050656952278
1998-12-11,0.5974428150822537
1998-12-14,0.5967901308844225
1998-12-15,0.5967643858829524
1998-12-16,0.5967009368387483
1998-12-17,0.5970273278421876
1998-12-18,0.5967364095201244
1998-12-21,0.5967731657436602
1998-12-22,0.5961511790474079
1998-12-23,0.5957675273625093
1998-12-24,0.5947955479987859
1998-12-28,0.5956995901984757
1998-12-29,0.5944313709127168
1998-12-30,0.5935811086079719
1998-12-31,0.5948955887356441
1999-01-04,0.5950094806030333
1999-01-05,0.5949539343874718
1999-01-06,0.5956810504991508
1999-01-07,0.5954371787588023
1999-01-08,0.5956645382615552
1999-01-11,0.5954750498385389
1999-01-12,0.5953476906557842
1999-01-13,0.595575054711946
1999-01-14,0.5973295499492984
1999-01-15,0.5974940043549973
1999-01-19,0.5980911977157368
1999-01-20,0.5978755260755865
1999-01-21,0.5973927205782791
1999-01-22,0.5982637976619112
1999-01-25,0.5977776011898864
1999-01-26,0.5980998053915108
1999-01-27,0.5982157898587309
1999-01-28,0.598370564358942
1999-01-29,0.6021892466513804
1999-02-01,0.6017504128884084
1999-02-02,0.6023325435185345
1999-02-03,0.6022835209233386
1999-02-04,0.6024780749016366
1999-02-05,0.6023597533994932
1999-02-08,0.6012179637562513
1999-02-09,0.6013627008405555
1999-02-10,0.6006644364083235
1999-02-11,0.603228371931913
1999-02-12,0.6046566845194554
1999-02-16,0.6045994964437154
1999-02-17,0.6040106472972584
1999-02-18,0.603883807594876
1999-02-19,0.6037569225442383
1999-02-22,0.6035825391297228
1999-02-23,0.6046547558941229
1999-02-24,0.6035115120859582
1999-02-25,0.6022987194115326
1999-02-26,0.6029548730284419
1999-03-01,0.6031818282550108
1999-03-02,0.6031919524842094
1999-03-03,0.6023004014152982
1999-03-04,0.6030533520143087
1999-03-05,0.6032727102543566
1999-03-08,0.6036129382978543
1999-03-09,0.6028429054470035
1999-03-10,0.603324951098544
1999-03-11,0.6031539505191513
1999-03-12,0.6025099184882131
1999-03-15,0.6013145291760693
1999-03-16,0.6004422108350166
1999-03-17,0.6014532925882231
1999-03-18,0.5998190305957263
1999-03-19,0.6006382579283001
1999-03-22,0.6014495171738559
1999-03-23,0.6013215526737109
1999-03-24,0.6035557903792262
1999-03-25,0.6029827646555638
1999-03-26,0.6006953778230674
1999-03-29,0.6001130842397432
1999-03-30,0.5981166408323942
1999-03-31,0.5959266041320238
1999-04-01,0.5958118969703446
1999-04-05,0.596268589006371
1999-04-06,0.596335504189517
1999-04-07,0.5957511857343657
1999-04-08,0.5958817343990178
1999-04-09,0.5960012725261832
1999-04-12,0.595124030308367
1999-04-13,0.5996708198423951
1999-04-14,0.5997037735592713
1999-04-15,0.5999914464592744
1999-04-16,0.5978938300787411
1999-04-19,0.5984097670024874
1999-04-20,0.5969900905651144
1999-04-21,0.5961657308099458
1999-04-22,0.5962301683596544
1999-04-23,0.595739677344462
1999-04-26,0.5954678223794531
1999-04-27,0.5942111269009926
1999-04-28,0.5928744389161097
1999-04-29,0.5925983465203689
1999-04-30,0.5904022261921413
1999-05-03,0.5908693698633259
1999-05-04,0.5890711231535429
1999-05-05,0.5878756205310146
1999-05-06,0.5877817814929744
1999-05-07,0.5881428765277478
1999-05-10,0.5877893087944566
1999-05-11,0.5860595408260126
1999-05-12,0.5841021446174284
1999-05-13,0.5831677365557364
1999-05-14,0.582331978625518
1999-05-17,0.5814842724917837
1999-05-18,0.5802070477033147
1999-05-19,0.5780401116218539
1999-05-20,0.5812320100127972
1999-05-21,0.5807009417413669
1999-05-24,0.578480876297891
1999-05-25,0.578809303319447
1999-05-26,0.5785478245810634
1999-05-27,0.5817483083070643
1999-05-28,0.5800683010675179
1999-06-01,0.5788643673354746
1999-06-02,0.5791967303440063
1999-06-03,0.5795356599184895
1999-06-04,0.5802417154527468
1999-06-07,0.5805024803223167
1999-06-08,0.5801431890895323
1999-06-09,0.5791584550888061
1999-06-10,0.5783447948129812
1999-06-11,0.5776581612784765
1999-06-14,0.5786890841548001
1999-06-15,0.57776395967899
1999-06-16,0.5777281822620371
1999-06-17,0.5777066969579775
1999-06-18,0.5763777503312483
1999-06-21,0.5740836533947422
1999-06-22,0.5737862546230531
1999-06-23,0.5733932641760474
1999-06-24,0.5727522740916833
1999-06-25,0.5754845442696322
1999-06-28,0.5743778308445555
1999-06-29,0.5730919118668822
1999-06-30,0.5727282432308309
1999-07-01,0.5707716232694084
1999-07-02,0.5715965730632654
1999-07-06,0.5713782033458159
1999-07-07,0.5704224052149733
1999-07-08,0.5699304667508152
1999-07-09,0.5692380666328845
1999-07-12,0.5686750495699525
1999-07-13,0.5684009548482347
1999-07-14,0.5677839232893475
1999-07-15,0.5698875322264696
1999-07-16,0.5700730823815114
1999-07-19,0.5699759514811673
1999-07-20,0.5694648540340679
1999-07-21,0.5675303400516111
1999-07-22,0.5672132590592988
1999-07-23,0.5667753427535555
1999-07-26,0.5648450012344154
1999-07-27,0.5659882389794224
1999-07-28,0.5654790515411782
1999-07-29,0.5647517119916015
1999-07-30,0.5652830255551538
1999-08-02,0.5647412398752366
1999-08-03,0.5639058646158367
1999-08-04,0.5632693675119453
1999-08-05,0.561677156238894
1999-08-06,0.5617336098516027
1999-08-09,0.5617307059581806
1999-08-10,0.5615678494189176
1999-08-11,0.5614441467618162
1999-08-12,0.5611989421651075
1999-08-13,0.5603194948017807
1999-08-16,0.5600709147652443
1999-08-17,0.5597799821477855
1999-08-18,0.5591979185283131
1999-08-19,0.5577749929329872
1999-08-20,0.5575213905336619
1999-08-23,0.5570575135670657
1999-08-24,0.5575620662242846
1999-08-25,0.55655089905246
1999-08-26,0.5563370734399755
1999-08-27,0.5564603615876087
1999-08-30,0.5568549212107545
1999-08-31,0.558447027253388
1999-09-01,0.5585733758575256
1999-09-02,0.558404935119151
1999-09-03,0.5585309070982734
1999-09-07,0.5584888250381687
1999-09-08,0.5582368911694271
1999-09-09,0.5572226214344841
1999-09-10,0.5575589272170035
1999-09-13,0.5558118588941504
1999-09-14,0.5551603494557067
1999-09-15,0.5562271133875057
1999-09-16,0.5549859844227766
1999-09-17,0.554199946595569
1999-09-20,0.5547893153918408
1999-09-21,0.5549962556440834
1999-09-22,0.5533121598090871
1999-09-23,0.5530301745579128
1999-09-24,0.5522739912871272
1999-09-27,0.5519365434679113
1999-09-28,0.551953331231617
1999-09-29,0.5514501911987241
1999-09-30,0.5512929958546783
1999-10-01,0.5504269361787314
1999-10-04,0.5490150079375405
1999-10-05,0.5475556394389733
1999-10-06,0.5457205763823534
1999-10-07,0.5447569516208944
1999-10-08,0.5435943401588791
1999-10-11,0.5422659346077756
1999-10-12,0.5405138076104248
1999-10-13,0.5400550880864251
1999-10-14,0.5409415714208046
1999-10-15,0.5407422218498007
1999-10-18,0.539834281451599
1999-10-19,0.5398978625955465
1999-10-20,0.5399034374212759
1999-10-21,0.5384513826949912
1999-10-22,0.5368232399369134
1999-10-25,0.5368331277778005
1999-10-26,0.5355969997738328
1999-10-27,0.5353518786419899
1999-10-28,0.5343913556267204
1999-10-29,0.5342234014845424
1999-11-01,0.5341388754846067
1999-11-02,0.533905830453951
1999-11-03,0.533969000212096
1999-11-04,0.5334164757637025
1999-11-05,0.5327152914973518
1999-11-08,0.5342444903314023
1999-11-09,0.5342444903314023
1999-11-10,0.533587191774217
1999-11-11,0.5343508002313118
1999-11-12,0.5341382622753433
1999-11-15,0.5342869633418849
1999-11-16,0.5341808668365567
1999-11-17,0.5342444903314023
1999-11-18,0.5345199986636826
1999-11-19,0.5341384674680913
1999-11-22,0.5345839834445131
1999-11-23,0.5344141325264452
1999-11-24,0.534541501124508
1999-11-26,0.534541501124508
1999-11-29,0.5343505947225646
1999-11-30,0.5334997308488532
1999-12-01,0.5334982844096637
1999-12-02,0.5317839707166558
1999-12-03,0.530742680056119
1999-12-06,0.5307289197017812
1999-12-07,0.5313264474507848
1999-12-08,0.5290213049721684
1999-12-09,0.5289846188430377
1999-12-10,0.5289316825615824
1999-12-13,0.5322938453690963
1999-12-14,0.5323558687895479
1999-12-15,0.532569183320924
1999-12-16,0.5328028010130673
1999-12-17,0.5328401120804369
1999-12-20,0.532278489461309
1999-12-21,0.5320169428135718
1999-12-22,0.5323606102172702
1999-12-23,0.53248970769763
1999-12-27,0.5318025871804589
1999-12-28,0.5314789622647906
1999-12-29,0.5304763969174887
1999-12-30,0.5300760221440601
1999-12-31,0.53518192722345
2000-01-03,0.5349062192332121
2000-01-04,0.534202275314343
2000-01-05,0.5358111788674531
2000-01-06,0.5362284689787743
2000-01-07,0.5361297539030175
2000-01-10,0.5417069653973579
2000-01-11,0.5408691816843297
2000-01-12,0.5433243024878246
2000-01-13,0.5432615404345971
2000-01-14,0.5426196505870567
2000-01-18,0.5420672534390859
2000-01-19,0.5428823154393357
2000-01-20,0.5412523583434975
2000-01-21,0.5421051544729802
2000-01-24,0.5423257801612387
2000-01-25,0.5428921509709281
2000-01-26,0.5423703135571487
2000-01-27,0.5409592425036309
2000-01-28,0.543295141574891
2000-01-31,0.5437138884214672
2000-02-01,0.5437365045370439
2000-02-02,0.5438913883567577
2000-02-03,0.5444168607968166
2000-02-04,0.5447747397189494
2000-02-07,0.5442612115694224
2000-02-08,0.5440524652415035
2000-02-09,0.5434911576718942
2000-02-10,0.5431778513709998
2000-02-11,0.5415258574192986
2000-02-14,0.5449089244484976
2000-02-15,0.5447375134733151
2000-02-16,0.5447341615427109
2000-02-17,0.5476616904970748
2000-02-18,0.5477366995115426
2000-02-22,0.5508761786701816
2000-02-23,0.5509602187814541
2000-02-24,0.5510022571840923
2000-02-25,0.5507563080495682
2000-02-28,0.5516934728198828
2000-02-29,0.5515634460828249
2000-03-01,0.5536842779938812
2000-03-02,0.5533862401122375
2000-03-03,0.553973974876917
2000-03-06,0.5540498563665172
2000-03-07,0.5549912996653676
2000-03-08,0.5550200747550964
2000-03-09,0.5564907295724444
2000-03-10,0.5584822079841066
2000-03-13,0.5578224944974477
2000-03-14,0.557201207037655
2000-03-15,0.5609219288616389
2000-03-16,0.563029044274659
2000-03-17,0.5691896603193759
2000-03-20,0.571001521451478
2000-03-21,0.570984584421663
2000-03-22,0.5721937143595263
2000-03-23,0.5710656469878336
2000-03-24,0.5736653858921613
2000-03-27,0.5767939041411334
2000-03-28,0.5749128905581231
2000-03-29,0.5733058568723607
2000-03-30,0.5740388691489634
2000-03-31,0.5771716083441017
2000-04-03,0.5763958669404379
2000-04-04,0.5800927081454885
2000-04-05,0.5831107524021553
2000-04-06,0.5857079420998957
2000-04-07,0.5916940691829022
2000-04-10,0.5912017266723582
2000-04-11,0.591035481714505
2000-04-12,0.5918784246520866
2000-04-13,0.591135220005527
2000-04-14,0.5978794313583711
2000-04-17,0.6038872328623685
2000-04-18,0.6071824667453444
2000-04-19,0.6085661207050919
2000-04-20,0.6098544823140657
2000-04-24,0.6147937354145192
2000-04-25,0.6153261755840261
2000-04-26,0.6153261755840261
2000-04-27,0.6154023750389322
2000-04-28,0.6142999440225296
2000-05-01,0.6227806450319976
2000-05-02,0.6227123951472495
2000-05-03,0.6248370116317005
2000-05-04,0.6238883649828592
2000-05-05,0.6267870613733939
2000-05-08,0.6260545943804986
2000-05-09,0.6246717540313429
2000-05-10,0.6272941102897677
2000-05-11,0.6255567155986765
2000-05-12,0.6252696386872079
2000-05-15,0.6259062838194265
2000-05-16,0.624831180397286
2000-05-17,0.6232761076443556
2000-05-18,0.6213349345596119
2000-05-19,0.6211841970289279
2000-05-22,0.623071991137826
2000-05-23,0.6219754784184465
2000-05-24,0.6220138944573786
2000-05-25,0.622646684403564
2000-05-26,0.6240469561634423
2000-05-30,0.6260939190244373
2000-05-31,0.6256131730025765
2000-06-01,0.6252907577445752
2000-06-02,0.6304309794711971
2000-06-05,0.6307510351863179
2000-06-06,0.6314244648515793
2000-06-07,0.6308585740255593
2000-06-08,0.6292682632131482
2000-06-09,0.6265478784830095
2000-06-12,0.6254392497160358
2000-06-13,0.6232628025251493
2000-06-14,0.6214109094332823
2000-06-15,0.6204209111646165
2000-06-16,0.6212966963997866
2000-06-19,0.621717783925528
2000-06-20,0.6209137396018517
2000-06-21,0.6213730114627852
2000-06-22,0.6211434495025709
2000-06-23,0.6224503203202498
2000-06-26,0.6224514326507331
2000-06-27,0.6246612392084502
2000-06-28,0.6236743101474894
2000-06-29,0.6246522046402284
2000-06-30,0.6237709132030025
2000-07-03,0.6226914597166601
2000-07-05,0.6240785894259706
2000-07-06,0.6227700190948419
2000-07-07,0.6212181052662467
2000-07-10,0.621686965617432
2000-07-11,0.6188621243811523
2000-07-12,0.6195613986507563
2000-07-13,0.6191227467917255
2000-07-14,0.6190777279674027
2000-07-17,0.6176168872174157
2000-07-18,0.617530857595979
2000-07-19,0.6174193587890242
2000-07-20,0.617438503614457
2000-07-21,0.6180171976835227
2000-07-24,0.6177944877306644
2000-07-25,0.6173496426086023
2000-07-26,0.6165020085088431
2000-07-27,0.616289561813798
2000-07-28,0.6186531737411282
2000-07-31,0.6178823937926958
2000-08-01,0.6177900255156207
2000-08-02,0.618544841524328
2000-08-03,0.6171800546489312
2000-08-04,0.6166879466279316
2000-08-07,0.6177918740287545
2000-08-08,0.6170252198234212
2000-08-09,0.6174991739256128
2000-08-10,0.6163719267353075
2000-08-11,0.6165260490526504
2000-08-14,0.6166032854623256
2000-08-15,0.6164412515327569
2000-08-16,0.6163589245710107
2000-08-17,0.6162738973396814
2000-08-18,0.6165584003367408
2000-08-21,0.616523530833967
2000-08-22,0.6159774962561972
2000-08-23,0.6148279658408264
2000-08-24,0.6147851542054468
2000-08-25,0.6153078169522471
2000-08-28,0.6160869510240466
2000-08-29,0.6182184812584628
2000-08-30,0.6174344865611725
2000-08-31,0.617246274258251
2000-09-01,0.6165094972173538
2000-09-05,0.6160720771873545
2000-09-06,0.6161899037034057
2000-09-07,0.6161872445973808
2000-09-08,0.6166201952310284
2000-09-11,0.6165413949664013
2000-09-12,0.616030080790945
2000-09-13,0.6165413949664013
2000-09-14,0.616414438137452
2000-09-15,0.616367669520419
2000-09-18,0.6184117354782789
2000-09-19,0.6194321608442788
2000-09-20,0.619508209140192
2000-09-21,0.618476925821723
2000-09-22,0.619059051874545
2000-09-25,0.6184487334425237
2000-09-26,0.6181608270089611
2000-09-27,0.6178462820766982
2000-09-28,0.6186559513139297
2000-09-29,0.6181260319437111
2000-10-02,0.6175966452643531
2000-10-03,0.6175329731367619
2000-10-04,0.6155843951977299
2000-10-05,0.6149987412443508
2000-10-06,0.6142750253191147
2000-10-09,0.6142090756480284
2000-10-10,0.6141540549555433
2000-10-11,0.6127468777617056
2000-10-12,0.6152635826306646
2000-10-13,0.6149256309882892
2000-10-16,0.6159578592501656
2000-10-17,0.6161443219671096
2000-10-18,0.6159462779184801
2000-10-19,0.6138224167637242
2000-10-20,0.6155638203418018
2000-10-23,0.616279199691978
2000-10-24,0.6162259714154742
2000-10-25,0.6144884571138265
2000-10-26,0.6126579491849503
2000-10-27,0.611921227009335
2000-10-30,0.6104923532409415
2000-10-31,0.6117111636871136
2000-11-01,0.6122122641816019
2000-11-02,0.6101934713062405
2000-11-03,0.608427130058696
2000-11-06,0.6076587436013237
2000-11-07,0.6076395583559903
2000-11-08,0.606344085313264
2000-11-09,0.6046937262457142
2000-11-10,0.6042025688305536
2000-11-13,0.6041386545930281
2000-11-14,0.6033033651607461
2000-11-15,0.6026742753133986
2000-11-16,0.6034038815986987
2000-11-17,0.6036057978627927
2000-11-20,0.6047090266402012
2000-11-21,0.6038336353315293
2000-11-22,0.6035985829289919
2000-11-24,0.6035506318069648
2000-11-27,0.6052374771517396
2000-11-28,0.603793010168156
2000-11-29,0.6030228120245252
2000-11-30,0.6034494884635788
2000-12-01,0.6025639536749234
2000-12-04,0.6010566099658369
2000-12-05,0.60360632052879
2000-12-06,0.6039271905748858
2000-12-07,0.6064469151391703
2000-12-08,0.606619611394344
2000-12-11,0.607766564841992
2000-12-12,0.608126995889869
2000-12-13,0.6076113311394563
2000-12-14,0.6077052252940465
2000-12-15,0.6094197026867549
2000-12-18,0.6094479939119103
2000-12-19,0.6095047873743497
2000-12-20,0.6086041164549394
2000-12-21,0.6097430103405204
2000-12-22,0.6082926004373359
2000-12-26,0.6069092890554515
2000-12-27,0.6059392525120618
2000-12-28,0.6077220626281039
2000-12-29,0.6063237796178795
2001-01-02,0.6083248413464453
2001-01-03,0.6066990666669883
2001-01-04,0.6056178495849711
2001-01-05,0.6034841073432078
2001-01-08,0.6026810226122545
2001-01-09,0.6040372873902178
2001-01-10,0.605182861637186
2001-01-11,0.6045003060707839
2001-01-12,0.6043814980134975
2001-01-16,0.60425272836499
2001-01-17,0.6025140106661805
2001-01-18,0.6014495171738559
2001-01-19,0.6006850248294104
2001-01-22,0.6004236974042937
2001-01-23,0.599361152316096
2001-01-24,0.5997484262309299
2001-01-25,0.6012686891962054
2001-01-26,0.6012274150944555
2001-01-29,0.6011632592063132
2001-01-30,0.6007335065841234
2001-01-31,0.6007927805055816
2001-02-01,0.5995470581501379
2001-02-02,0.6002609498970535
2001-02-05,0.6002782741987812
2001-02-06,0.6001713864920116
2001-02-07,0.5998327378017368
2001-02-08,0.5996465255884108
2001-02-09,0.5997754933435737
2001-02-12,0.5989125735576695
2001-02-13,0.5968540714753195
2001-02-14,0.5964636752301855
2001-02-15,0.5944977349933548
2001-02-16,0.5958832577384465
2001-02-20,0.5960463922243452
2001-02-21,0.5958952078810904
2001-02-22,0.5957679308131604
2001-02-23,0.594210769347606
2001-02-26,0.5953157603158156
2001-02-27,0.5945479012305982
2001-02-28,0.5936048203279044
2001-03-01,0.5925195281955096
2001-03-02,0.5918943884845229
2001-03-05,0.5906739108559964
2001-03-06,0.5893561064824124
2001-03-07,0.5905481867937082
2001-03-08,0.5883420623294361
2001-03-09,0.5872861620605192
2001-03-12,0.5860307198658361
2001-03-13,0.5855233685444821
2001-03-14,0.5848440500897101
2001-03-15,0.5848416800377239
2001-03-16,0.5830297729686553
2001-03-19,0.5832930654446252
2001-03-20,0.5810171689327396
2001-03-21,0.579238936487365
2001-03-22,0.5791349306048629
2001-03-23,0.5796377159970557
2001-03-26,0.5797760491152669
2001-03-27,0.581185865337051
2001-03-28,0.5809792116813994
2001-03-29,0.5811069170889753
2001-03-30,0.5831495651091367
2001-04-02,0.5828028329616198
2001-04-03,0.5828418071505638
2001-04-04,0.5810853469819591
2001-04-05,0.5816982051527768
2001-04-06,0.582088416193922
2001-04-09,0.581072482124738
2001-04-10,0.5800923796015415
2001-04-11,0.5785247096278043
2001-04-12,0.577907224573247
2001-04-16,0.5769749266850154
2001-04-17,0.5771306681114048
2001-04-18,0.5775890634960711
2001-04-19,0.5773537935586213
2001-04-20,0.5767817799932942
2001-04-23,0.5758258534955345
2001-04-24,0.5761640046166369
2001-04-25,0.5741837514677015
2001-04-26,0.5737034060485198
2001-04-27,0.5733895592581665
2001-04-30,0.5730523356481496
2001-05-01,0.5723911072545902
2001-05-02,0.571710892076237
2001-05-03,0.5704756171694945
2001-05-04,0.568907480550463
2001-05-07,0.5704647860950777
2001-05-08,0.5697601810564727
2001-05-09,0.5712586914290464
2001-05-10,0.5717425624924848
2001-05-11,0.5711645740660314
2001-05-14,0.5718267596850398
2001-05-15,0.5713847909198801
2001-05-16,0.5713950855452026
2001-05-17,0.5706783307955745
2001-05-18,0.5716161352687176
2001-05-21,0.5717849365613746
2001-05-22,0.5737878771958903
2001-05-23,0.5730332650465557
2001-05-24,0.5728373549263914
2001-05-25,0.5723439688225255
2001-05-29,0.5734659867193193
2001-05-30,0.5733196179916892
2001-05-31,0.5736177935629158
2001-06-01,0.5731847143603247
2001-06-04,0.5723367589118403
2001-06-05,0.570288237535107
2001-06-06,0.5717753319258364
2001-06-07,0.5724713200026463
2001-06-08,0.5720426837761636
2001-06-11,0.5702563858868386
2001-06-12,0.5689336955329568
2001-06-13,0.5696612611969896
2001-06-14,0.5699160289975509
2001-06-15,0.569467127352416
2001-06-18,0.5689758262282686
2001-06-19,0.5693505227670073
2001-06-20,0.5696063179596309
2001-06-21,0.5697770880920666
2001-06-22,0.5698625452899985
2001-06-25,0.5699480506338693
2001-06-26,0.57009538657295
2001-06-27,0.5697469151669007
2001-06-28,0.5679364779294319
2001-06-29,0.5673704581666855
2001-07-02,0.5651939276717106
2001-07-03,0.5639052419926494
2001-07-05,0.5628419353655485
2001-07-06,0.5596049906075585
2001-07-09,0.5584854873122964
2001-07-10,0.5578596411335116
2001-07-11,0.5584869971277329
2001-07-12,0.5577744495774012
2001-07-13,0.555834258362338
2001-07-16,0.5547233172891483
2001-07-17,0.553305702824329
2001-07-18,0.5522204577204327
2001-07-19,0.5523689842863505
2001-07-20,0.5525974257775108
2001-07-23,0.5527897421156086
2001-07-24,0.5521765472084825
2001-07-25,0.550395662142392
2001-07-26,0.549269632610401
2001-07-27,0.547282305840206
2001-07-30,0.5464004333578596
2001-07-31,0.5461286988860053
2001-08-01,0.5444932784855038
2001-08-02,0.5434787816445806
2001-08-03,0.541568669139008
2001-08-06,0.540844669601665
2001-08-07,0.5418323363755687
2001-08-08,0.5417488554492391
2001-08-09,0.5411089187161073
2001-08-10,0.5402180156857375
2001-08-13,0.5403728392475922
2001-08-14,0.540444378113558
2001-08-15,0.5405719505529145
2001-08-16,0.5405041595779339
2001-08-17,0.540781549839189
2001-08-20,0.5403803015787252
2001-08-21,0.5379426675675744
2001-08-22,0.537024159269834
2001-08-23,0.5361287979548169
2001-08-24,0.535729611002906
2001-08-27,0.5348568435662361
2001-08-28,0.5333446042607157
2001-08-29,0.5333625261498224
2001-08-30,0.5316591562325649
2001-08-31,0.532496727785209
2001-09-04,0.5316770847221788
2001-09-05,0.5315728818858423
2001-09-06,0.5317310880983985
2001-09-07,0.53210306303203
2001-09-10,0.530592635367382
2001-09-17,0.5298979282442107
2001-09-18,0.5292411316253137
2001-09-19,0.5293034854683497
2001-09-20,0.529106361813406
2001-09-21,0.5325284122362028
2001-09-24,0.5312707194279455
2001-09-25,0.5308465407019003
2001-09-26,0.5295314606424988
2001-09-27,0.5284205550216011
2001-09-28,0.5299547861015089
2001-10-01,0.529946672632875
2001-10-02,0.5302088296249176
2001-10-03,0.5301434620041714
2001-10-04,0.5303655640900682
2001-10-05,0.5290828549236606
2001-10-08,0.5283205611566771
2001-10-09,0.5287856703356584
2001-10-10,0.5285030049090187
2001-10-11,0.5290926623941662
2001-10-12,0.5285742818000692
2001-10-15,0.5286565893933174
2001-10-16,0.5272363520667253
2001-10-17,0.5267628520069001
2001-10-18,0.5264219424349731
2001-10-19,0.5252433896519412
2001-10-22,0.5246307713426431
2001-10-23,0.5241653321712845
2001-10-24,0.5231950642863871
2001-10-25,0.5226971040575513
2001-10-26,0.522978867353326
2001-10-29,0.5229664759184111
2001-10-30,0.5218237947471925
2001-10-31,0.5222979213159104
2001-11-01,0.521244137637968
2001-11-02,0.5213903575888034
2001-11-05,0.5217598943146853
2001-11-06,0.5217926651579177
2001-11-07,0.5203762487736608
2001-11-08,0.5195481799167654
2001-11-09,0.5185482506663027
2001-11-12,0.5156687799560951
2001-11-13,0.5146664343612122
2001-11-14,0.5146290268051695
2001-11-15,0.5139390470665048
2001-11-16,0.5139800289282732
2001-11-19,0.5139801174572065
2001-11-20,0.5140621214649506
2001-11-21,0.5148357514229143
2001-11-23,0.5129565203772557
2001-11-26,0.5115538785261988
2001-11-27,0.5106354120554383
2001-11-28,0.5095412962960256
2001-11-29,0.5079007359165746
2001-11-30,0.5069143922166495
2001-12-03,0.506548584333681
2001-12-04,0.5056759069625612
2001-12-05,0.5041647546288855
2001-12-06,0.5038361626562512
2001-12-07,0.5048566447864431
2001-12-10,0.50432276953943
2001-12-11,0.5047746071096596
2001-12-12,0.5055046210575251
2001-12-13,0.5044671286102521
2001-12-14,0.5048054369342698
2001-12-17,0.5047644281906838
2001-12-18,0.5045805532936711
2001-12-19,0.5046005257424018
2001-12-20,0.5045304280622321
2001-12-21,0.5021184576922676
2001-12-24,0.5021184576922676
2001-12-26,0.5024584369882794
2001-12-27,0.5016822569452926
2001-12-28,0.5017505055727653
2001-12-31,0.5018725187173634
2002-01-02,0.5025509859717716
2002-01-03,0.5029721655918835
2002-01-04,0.5033408247982172
2002-01-07,0.5039801898021393
2002-01-08,0.5042272285782655
2002-01-09,0.5050116911860439
2002-01-10,0.5046720633928784
2002-01-11,0.5048566447864431
2002-01-14,0.5046622743372516
2002-01-15,0.5050505750051274
2002-01-16,0.5050505750051274
2002-01-17,0.5048462206830197
2002-01-18,0.5046726357678628
2002-01-22,0.5047031546265424
2002-01-23,0.504866807728203
2002-01-24,0.5053179453487807
2002-01-25,0.505491865476734
2002-01-28,0.506548302152729
2002-01-29,0.5054412616172814
2002-01-30,0.5053713292862797
2002-01-31,0.5067790045556119
2002-02-01,0.5076476553756617
2002-02-04,0.5076891673698685
2002-02-05,0.5077791323122393
2002-02-06,0.5077653157094831
2002-02-07,0.5077653157094831
2002-02-08,0.5080633827142472
2002-02-11,0.5075503664128317
2002-02-12,0.5082012345693064
2002-02-13,0.5066060291554901
2002-02-14,0.5070678987568927
2002-02-15,0.5071994481222569
2002-02-19,0.5053155173775349
2002-02-20,0.505061731076725
2002-02-21,0.5051240893323474
2002-02-22,0.5050729664277254
2002-02-25,0.5050529726712627
2002-02-26,0.5055364237117042
2002-02-27,0.5061009765311859
2002-02-28,0.5053494098019706
2002-03-01,0.5045584794502481
2002-03-04,0.5059770190636017
2002-03-05,0.5060833229390325
2002-03-06,0.5063736638076712
2002-03-07,0.5058398814202345
2002-03-08,0.5060418996690463
2002-03-11,0.5061598061759653
2002-03-12,0.5067549316819181
2002-03-13,0.5060449266672034
2002-03-14,0.5072257664880762
2002-03-15,0.5068535629833743
2002-03-18,0.505807198631315
2002-03-19,0.5059715158343988
2002-03-20,0.5066803725129078
2002-03-21,0.5068456291030123
2002-03-22,0.5071015780315213
2002-03-25,0.5074817420442181
2002-03-26,0.5076335328388591
2002-03-27,0.5072446983056357
2002-03-28,0.5076335328388591
2002-04-01,0.5078348304461773
2002-04-02,0.5074380809059857
2002-04-03,0.5060655892222611
2002-04-04,0.5050956783725147
2002-04-05,0.503788137912421
2002-04-08,0.5036289911434613
2002-04-09,0.5046491682471596
2002-04-10,0.5016799102257619
2002-04-11,0.5001944560291111
2002-04-12,0.5012109401084825
2002-04-15,0.5000331019809883
2002-04-16,0.4991686814527107
2002-04-17,0.4983639072811527
2002-04-18,0.4988653762342974
2002-04-19,0.498451631944325
2002-04-22,0.4977326535968137
2002-04-23,0.496814101676895
2002-04-24,0.49624016145708
2002-04-25,0.4952528452543946
2002-04-26,0.4948179362807343
2002-04-29,0.4950608922508676
2002-04-30,0.4944586216863799
2002-05-01,0.4949340418592232
2002-05-02,0.4941069067073608
2002-05-03,0.4929869965757926
2002-05-06,0.4918918100255102
2002-05-07,0.4904987606245701
2002-05-08,0.4907708157541269
2002-05-09,0.4903769428034381
2002-05-10,0.4897078575812794
2002-05-13,0.4903084937086559
2002-05-14,0.4898419170211127
2002-05-15,0.4896043888719951
2002-05-16,0.4888439427961467
2002-05-17,0.4887536060850049
2002-05-20,0.4881699964915258
2002-05-21,0.4867848130381656
2002-05-22,0.4878835621613573
2002-05-23,0.4869804641296509
2002-05-24,0.4859594245735976
2002-05-28,0.484420790334904
2002-05-29,0.4850959744809363
2002-05-30,0.4858578590698399
2002-05-31,0.4860213324471164
2002-06-03,0.4858647306605899
2002-06-04,0.4856261363406258
2002-06-05,0.4862333814260158
2002-06-06,0.4849093176962614
2002-06-07,0.4848795768847964
2002-06-10,0.4857347315186207
2002-06-11,0.4862893772902472
2002-06-12,0.4860087410757966
2002-06-13,0.4862259883902338
2002-06-14,0.4860016370974273
2002-06-17,0.4861321490042927
2002-06-18,0.4859405728272761
2002-06-19,0.4871742953071276
2002-06-20,0.4870911785631371
2002-06-21,0.4867178631508033
2002-06-24,0.4849373388932187
2002-06-25,0.4838496194703717
2002-06-26,0.4846658708127249
2002-06-27,0.4849600393365734
2002-06-28,0.4864023678394353
2002-07-01,0.4864255831223278
2002-07-02,0.4873732613809535
2002-07-03,0.4872247383973755
2002-07-05,0.4873497443764205
2002-07-08,0.4869675802538832
2002-07-09,0.486750072847345
2002-07-10,0.4854409922781886
2002-07-11,0.4859426330285635
2002-07-12,0.4856146540131426
2002-07-15,0.4847031959569701
2002-07-16,0.4847085885800759
2002-07-17,0.4843393365328547
2002-07-18,0.4840621803404018
2002-07-19,0.4841918539538302
2002-07-22,0.4847974143651634
2002-07-23,0.484847238706546
2002-07-24,0.4845267506279511
2002-07-25,0.4844904252470019
2002-07-26,0.4844075688193063
2002-07-29,0.4842691252111619
2002-07-30,0.484907463434542
2002-07-31,0.4843151272242724
2002-08-01,0.4848999127662246
2002-08-02,0.484822427880724
2002-08-05,0.4850071394107736
2002-08-06,0.4852680630851834
2002-08-07,0.4859354867678122
2002-08-08,0.4851433348351591
2002-08-09,0.4848528078010373
2002-08-12,0.4846457205941743
2002-08-13,0.4834588408288522
2002-08-14,0.4835035964063716
2002-08-15,0.4834248660585412
2002-08-16,0.484072244105637
2002-08-19,0.4832125863469468
2002-08-20,0.4826832823704104
2002-08-21,0.4818332477460658
2002-08-22,0.4820733945994602
2002-08-23,0.4819557386317972
2002-08-26,0.4811428925080275
2002-08-27,0.4809392421777619
2002-08-28,0.4808983469629878
2002-08-29,0.4810624776192325
2002-08-30,0.4808983469629878
2002-09-03,0.4796570903255079
2002-09-04,0.4790279948411864
2002-09-05,0.4792733220293734
2002-09-06,0.4793124234550765
2002-09-09,0.4780921875697635
2002-09-10,0.4780631307049108
2002-09-11,0.4785205815625848
2002-09-12,0.4787303712359476
2002-09-13,0.4783068146787133
2002-09-16,0.4786762525231265
2002-09-17,0.4778352715651732
2002-09-18,0.4767453944863884
2002-09-19,0.4764919952091725
2002-09-20,0.4761561186430158
2002-09-23,0.4764031338403304
2002-09-24,0.4756560647420192
2002-09-25,0.4757381125015984
2002-09-26,0.4762661033898276
2002-09-27,0.4770398454142539
2002-09-30,0.4761353741712162
2002-10-01,0.4759702848980666
2002-10-02,0.4759290492403287
2002-10-03,0.4748826806352846
2002-10-04,0.4757079807586302
2002-10-07,0.4756408092837865
2002-10-08,0.4749177404003767
2002-10-09,0.4750833512056286
2002-10-10,0.475533101866532
2002-10-11,0.4756560647420192
2002-10-14,0.4741615641491331
2002-10-15,0.4753203720038234
2002-10-16,0.4749264415774332
2002-10-17,0.4748679094729284
2002-10-18,0.4755842287928353
2002-10-21,0.4749674439583557
2002-10-22,0.4735689729006344
2002-10-23,0.4752796115855747
2002-10-24,0.4748679094729284
2002-10-25,0.4736598373217742
2002-10-28,0.4734548308734808
2002-10-29,0.4725777823466563
2002-10-30,0.472373150325891
2002-10-31,0.4718428093844934
2002-11-01,0.4718846384510188
2002-11-04,0.4724549593581631
2002-11-05,0.4733698198067712
2002-11-06,0.4707598922271144
2002-11-07,0.4704718372169234
2002-11-08,0.4710260794944841
2002-11-11,0.4702943159402274
2002-11-12,0.4701165257888014
2002-11-13,0.4707259893155726
2002-11-14,0.4711076768486102
2002-11-15,0.4712852145808459
2002-11-18,0.4711628381218284
2002-11-19,0.4708074977111723
2002-11-20,0.4706808509028553
2002-11-21,0.471899068279019
2002-11-22,0.472389070413892
2002-11-25,0.4722561931352764
2002-11-26,0.4719110787094481
2002-11-27,0.471517103247672
2002-11-29,0.4715712699609786
2002-12-02,0.4718170306888571
2002-12-03,0.472389070413892
2002-12-04,0.4722278072097225
2002-12-05,0.4728411848539138
2002-12-06,0.473834146209125
2002-12-09,0.4730933670789715
2002-12-10,0.4730933670789715
2002-12-11,0.4737410684002778
2002-12-12,0.474040766315476
2002-12-13,0.473792866584403
2002-12-16,0.4731825124255694
2002-12-17,0.4732424358314213
2002-12-18,0.4723132486606009
2002-12-19,0.4727155458286152
2002-12-20,0.4738543143590292
2002-12-23,0.4737178621507412
2002-12-24,0.4744621340702313
2002-12-26,0.4735721129783299
2002-12-27,0.474784111905848
2002-12-30,0.4744813128338369
2002-12-31,0.4745556912538413
2003-01-02,0.4743585812228291
2003-01-03,0.4748227685164652
2003-01-06,0.4741177517439353
2003-01-07,0.4740549609692758
2003-01-08,0.4730737189138392
2003-01-09,0.471737303201115
2003-01-10,0.4710236350470652
2003-01-13,0.4724359421974008
2003-01-14,0.473632439565604
2003-01-15,0.4745175936825355
2003-01-16,0.4737804728028129
2003-01-17,0.473601254061538
2003-01-21,0.4739385311839277
2003-01-22,0.4744463034377418
2003-01-23,0.4742244039253235
2003-01-24,0.4735147918779066
2003-01-27,0.4726637272844908
2003-01-28,0.4729480106464583
2003-01-29,0.4733618428223766
2003-01-30,0.4734924041122328
2003-01-31,0.4734386515498344
2003-02-03,0.4728386515848815
2003-02-04,0.4734472187654868
2003-02-05,0.4722768073639664
2003-02-06,0.4725327319906833
2003-02-07,0.4735012154793637
2003-02-10,0.4735012154793637
2003-02-11,0.4731131009880069
2003-02-12,0.4741309673898708
2003-02-13,0.4736939333270198
2003-02-14,0.4739497819432081
2003-02-18,0.4733503340336992
2003-02-19,0.4738750503685128
2003-02-20,0.4728016409733928
2003-02-21,0.4718952071388276
2003-02-24,0.4726784726007706
2003-02-25,0.4738318561437696
2003-02-26,0.4735304231082685
2003-02-27,0.4747449421869094
2003-02-28,0.4753756280575372
2003-03-03,0.475030933270899
2003-03-04,0.4746015038167023
2003-03-05,0.4744203167791568
2003-03-06,0.4751688226667733
2003-03-07,0.473992478632853
2003-03-10,0.4744498098877592
2003-03-11,0.4744498098877592
2003-03-12,0.4745448340190423
2003-03-13,0.4748528905297625
2003-03-14,0.4746916583729479
2003-03-17,0.4750503817264118
2003-03-18,0.474620630049712
2003-03-19,0.4743218603440116
2003-03-20,0.4742265235374843
2003-03-21,0.4752975810828015
2003-03-24,0.475289090295849
2003-03-25,0.4747582413200483
2003-03-26,0.4737365353438136
2003-03-27,0.4738751174462736
2003-03-28,0.4753746899952845
2003-03-31,0.4746396404379505
2003-04-01,0.4747675432865477
2003-04-02,0.4743118702542371
2003-04-03,0.4756508827065973
2003-04-04,0.4753409775628163
2003-04-07,0.4753494441934075
2003-04-08,0.4753149502024231
2003-04-09,0.4740779194582585
2003-04-10,0.4749539884501574
2003-04-11,0.4744729854498077
2003-04-14,0.4754091873800382
2003-04-15,0.4762053395655805
2003-04-16,0.4770054495010125
2003-04-17,0.4764903478809454
2003-04-21,0.4757063247680186
2003-04-22,0.4764114906921019
2003-04-23,0.4758147301991434
2003-04-24,0.4757141495661214
2003-04-25,0.4748194200114636
2003-04-28,0.4749810296004485
2003-04-29,0.4747582413200483
2003-04-30,0.4748955877830489
2003-05-01,0.4745448340190423
2003-05-02,0.4759047998137448
2003-05-05,0.4769254500394747
2003-05-06,0.4773178309220094
2003-05-07,0.4763619281542591
2003-05-08,0.4754849911754182
2003-05-09,0.4743644944416256
2003-05-12,0.4741206636131421
2003-05-13,0.4747395524435929
2003-05-14,0.4746538892701766
2003-05-15,0.4747061349178514
2003-05-16,0.4748437146734439
2003-05-19,0.4748009700991624
2003-05-20,0.4748009700991624
2003-05-21,0.4745158090224618
2003-05-22,0.4743774615366061
2003-05-23,0.4743774615366061
2003-05-27,0.4738001997774801
2003-05-28,0.4732648953994356
2003-05-29,0.47202145248543
2003-05-30,0.4722342087076595
2003-06-02,0.4728443828911514
2003-06-03,0.4729969113147435
2003-06-04,0.4729605447904506
2003-06-05,0.4726434584411244
2003-06-06,0.4726609086085197
2003-06-09,0.4721515024482028
2003-06-10,0.4726531238389119
2003-06-11,0.4733668032263893
2003-06-12,0.4733353199504528
2003-06-13,0.4732061846336408
2003-06-16,0.4732609640367082
2003-06-17,0.4740150494083573
2003-06-18,0.4734214907312827
2003-06-19,0.473939873683891
2003-06-20,0.4730409544388779
2003-06-23,0.4718825375213592
2003-06-24,0.4713241920044836
2003-06-25,0.4712514060447315
2003-06-26,0.4712364069656002
2003-06-27,0.4711781942108604
2003-06-30,0.4709471248724837
2003-07-01,0.4719407701186794
2003-07-02,0.4716681899509146
2003-07-03,0.4716969959606467
2003-07-07,0.4713941921508814
2003-07-08,0.4721316496034007
2003-07-09,0.4715380886808533
2003-07-10,0.4713929929939904
2003-07-11,0.4721041518048693
2003-07-14,0.4720466294381834
2003-07-15,0.4719452067161182
2003-07-16,0.4726470787548962
2003-07-17,0.4736990254694916
2003-07-18,0.4729239823924201
2003-07-21,0.4743256417648008
2003-07-22,0.4745462095780459
2003-07-23,0.4737645079548391
2003-07-24,0.4744579319006995
2003-07-25,0.4739966517957271
2003-07-28,0.475121663586129
2003-07-29,0.4751307392222429
2003-07-30,0.4741849138814945
2003-07-31,0.4733246403847003
2003-08-01,0.4721804592158903
2003-08-04,0.4718302041010221
2003-08-05,0.4719624274369992
2003-08-06,0.4735979630596346
2003-08-07,0.4736209379253698
2003-08-08,0.4721666708635505
2003-08-11,0.4718302041010221
2003-08-12,0.4723157705624442
2003-08-13,0.4723600151009164
2003-08-14,0.4721250428310176
2003-08-15,0.4710810567380354
2003-08-18,0.4717868925608414
2003-08-19,0.4718166906884539
2003-08-20,0.4715360684261132
2003-08-21,0.4722410738689538
2003-08-22,0.4730382566533899
2003-08-25,0.4721997189097831
2003-08-26,0.471359001879753
2003-08-27,0.47199417205133
2003-08-28,0.470825399250759
2003-08-29,0.4702787310808963
2003-09-02,0.4700410717486336
2003-09-03,0.4699354066257734
2003-09-04,0.4710754675873115
2003-09-05,0.4707930895643363
2003-09-08,0.4695726528851316
2003-09-09,0.4697760169430413
2003-09-10,0.4699354066257734
2003-09-11,0.4700062491079582
2003-09-12,0.4697496136425327
2003-09-15,0.4698559522152827
2003-09-16,0.4701660640211412
2003-09-17,0.4697316658885189
2003-09-18,0.4694401128034917
2003-09-19,0.4705879123314465
2003-09-22,0.4704994892582253
2003-09-23,0.4700851710078547
2003-09-24,0.4703775008574044
2003-09-25,0.4699444694368231
2003-09-26,0.4714324026247852
2003-09-29,0.4715060954034055
2003-09-30,0.4717730280654931
2003-10-01,0.4709993266076767
2003-10-02,0.4700424868312809
2003-10-03,0.4704325476911301
2003-10-06,0.4703162483635151
2003-10-07,0.4700330555358254
2003-10-08,0.4698203852916239
2003-10-09,0.4700249585130124
2003-10-10,0.4696774741528818
2003-10-13,0.4706949045775785
2003-10-14,0.4705606000903362
2003-10-15,0.4714445896356607
2003-10-16,0.4709190971925406
2003-10-17,0.4716095794219886
2003-10-20,0.4722843264164995
2003-10-21,0.4713688067728762
2003-10-22,0.4721827654372499
2003-10-23,0.471790649079835
2003-10-24,0.4714127252580013
2003-10-27,0.4727742395470782
2003-10-28,0.4721827654372499
2003-10-29,0.4722139979310423
2003-10-30,0.4717152990773513
2003-10-31,0.4719886499615071
2003-11-03,0.4709407719987798
2003-11-04,0.4698101154305117
2003-11-05,0.4705098525547994
2003-11-06,0.4698372774446318
2003-11-07,0.4695007358836998
2003-11-10,0.4690084523162804
2003-11-11,0.4694288838090675
2003-11-12,0.4698645401258797
2003-11-13,0.4706127075710568
2003-11-14,0.4710253738891945
2003-11-17,0.4713013153520426
2003-11-18,0.4711172803693368
2003-11-19,0.4716702761364201
2003-11-20,0.4713776315970558
2003-11-21,0.4716853578178074
2003-11-24,0.4712253133591672
2003-11-25,0.4714092040566736
2003-11-26,0.4713013153520426
2003-11-28,0.4699193697374666
2003-12-01,0.4690860413601364
2003-12-02,0.4685692987197382
2003-12-03,0.4683449813150574
2003-12-04,0.468528070829708
2003-12-05,0.468436489086448
2003-12-08,0.4676402275649711
2003-12-09,0.4665677626757339
2003-12-10,0.4668881114494656
2003-12-11,0.4672068534492427
2003-12-12,0.4666847269060282
2003-12-15,0.4665009047227821
2003-12-16,0.4662460401220318
2003-12-17,0.4651623002303222
2003-12-18,0.4643251675203608
2003-12-19,0.4644794908048384
2003-12-22,0.4642796823970133
2003-12-23,0.4639164664766817
2003-12-24,0.4627423134369072
2003-12-26,0.4621392113691146
2003-12-29,0.461624878116592
2003-12-30,0.4602045040358429
2003-12-31,0.4599116286996775
2004-01-02,0.4587055420497185
2004-01-05,0.4585854178556232
2004-01-06,0.4576678479238346
2004-01-07,0.4579740014972194
2004-01-08,0.4572282422826041
2004-01-09,0.4572685063759401
2004-01-12,0.4583627735343829
2004-01-13,0.4571357162606101
2004-01-14,0.4574901826205768
2004-01-15,0.4560865060449375
2004-01-16,0.4555163874864563
2004-01-20,0.4545457635913372
2004-01-21,0.4544564769452502
2004-01-22,0.4539683336084756
2004-01-23,0.4535257177538148
2004-01-26,0.4522040766103943
2004-01-27,0.4522421436031178
2004-01-28,0.4522365980759803
2004-01-29,0.4519682574884671
2004-01-30,0.4509784231155453
2004-02-02,0.4504283609628052
2004-02-03,0.4499721491645195
2004-02-04,0.4513650036737293
2004-02-05,0.4511095482717005
2004-02-06,0.4517675942918825
2004-02-09,0.4523465859859973
2004-02-10,0.4525283939343287
2004-02-11,0.4519999730027397
2004-02-12,0.4524401430660257
2004-02-13,0.4523411864129594
2004-02-17,0.451394466264526
2004-02-18,0.451652701166118
2004-02-19,0.4517347272674311
2004-02-20,0.4512319017858928
2004-02-23,0.4518429080432609
2004-02-24,0.451122330491487
2004-02-25,0.4504357054945277
2004-02-26,0.4523639687544288
2004-02-27,0.4526909580734573
2004-03-01,0.4504706835852036
2004-03-02,0.4509739765778698
2004-03-03,0.4506209370694589
2004-03-04,0.4501374056377743
2004-03-05,0.4497557857975899
2004-03-08,0.4493056834233827
2004-03-09,0.4470962196070082
2004-03-10,0.446165672846888
2004-03-11,0.4453928758134893
2004-03-12,0.4474477157336149
2004-03-15,0.4473738078183113
2004-03-16,0.4473890247368426
2004-03-17,0.4480451644033576
2004-03-18,0.4480451644033576
2004-03-19,0.4479136104640425
2004-03-22,0.4485419233234903
2004-03-23,0.4495363679836393
2004-03-24,0.4486739909831751
2004-03-25,0.4487621275110663
2004-03-26,0.4487180500966813
2004-03-29,0.4486042531444174
2004-03-30,0.4486926913926387
2004-03-31,0.4480612275123871
2004-04-01,0.4480913908584458
2004-04-02,0.4492693427523727
2004-04-05,0.4481077504912609
2004-04-06,0.448227168000563
2004-04-07,0.4475608789902588
2004-04-08,0.4476648409008128
2004-04-12,0.4474444903956663
2004-04-13,0.4474444903956663
2004-04-14,0.447620953428577
2004-04-15,0.4474004206424411
2004-04-16,0.4473696555562964
2004-04-19,0.4482239766076291
2004-04-20,0.4479148677194832
2004-04-21,0.4467355895002773
2004-04-22,0.4468955729921993
2004-04-23,0.4473541808568214
2004-04-26,0.4447165415144605
2004-04-27,0.4462783846830923
2004-04-28,0.4442332461324776
2004-04-29,0.4441894207667705
2004-04-30,0.4455584603547073
2004-05-03,0.4430515991265201
2004-05-04,0.443883156993497
2004-05-05,0.4433602156790105
2004-05-06,0.4433167554218301
2004-05-07,0.4426977099679182
2004-05-10,0.4429697248015438
2004-05-11,0.4433402674572832
2004-05-12,0.4435725992471284
2004-05-13,0.4431342355402993
2004-05-14,0.4432855382406812
2004-05-17,0.4429435947936476
2004-05-18,0.442159459775245
2004-05-19,0.442071133549796
2004-05-20,0.4422561706675356
2004-05-21,0.4421241584172677
2004-05-24,0.4415427507205206
2004-05-25,0.4416745940259385
2004-05-26,0.4419216093639838
2004-05-27,0.4416580330528194
2004-05-28,0.4413870822742792
2004-06-01,0.4413269249875799
2004-06-02,0.439332244855781
2004-06-03,0.4405783232882288
2004-06-04,0.4390677613245475
2004-06-07,0.4377750973554838
2004-06-08,0.4382186610606258
2004-06-09,0.4389323849296948
2004-06-10,0.4391899454478414
2004-06-14,0.4386540551147188
2004-06-15,0.4370642426286685
2004-06-16,0.436011405908787
2004-06-17,0.4363308774184612
2004-06-18,0.4376489863221911
2004-06-21,0.437411329266927
2004-06-22,0.4374188120733456
2004-06-23,0.4382308993547588
2004-06-24,0.4358900754330018
2004-06-25,0.4356147537590387
2004-06-28,0.4363816070675327
2004-06-29,0.43644296850843
2004-06-30,0.4358900754330018
2004-07-01,0.436309342975992
2004-07-02,0.43644296850843
2004-07-06,0.4354511462426181
2004-07-07,0.4361890738196068
2004-07-08,0.4371708712970331
2004-07-09,0.4360492380726185
2004-07-12,0.4343872083576126
2004-07-13,0.435777394231804
2004-07-14,0.4356341558662764
2004-07-15,0.4345722337165774
2004-07-16,0.4346640800858578
2004-07-19,0.4342944819032518
2004-07-20,0.4348466797044822
2004-07-21,0.4349852017690472
2004-07-22,0.4351239137308502
2004-07-23,0.4348928326526812
2004-07-26,0.4343403832617258
2004-07-27,0.4338792822242473
2004-07-28,0.4337872473571217
2004-07-29,0.4340181685935714
2004-07-30,0.433422075536365
2004-08-02,0.4322203072695432
2004-08-03,0.4314338258810444
2004-08-04,0.4316159420003704
2004-08-05,0.4328151296731964
2004-08-06,0.4333763680571441
2004-08-09,0.4336509248083837
2004-08-10,0.4336051133187205
2004-08-11,0.4343865295619707
2004-08-12,0.4346170164389195
2004-08-13,0.4353503583737096
2004-08-16,0.4353992064053473
2004-08-17,0.4355908383047802
2004-08-18,0.4349405837148299
2004-08-19,0.434064168285015
2004-08-20,0.4342484895306844
2004-08-23,0.4342944819032518
2004-08-24,0.4348466797044822
2004-08-25,0.4358554529165309
2004-08-26,0.4352628160179764
2004-08-27,0.4345702035613578
2004-08-30,0.4365761292188521
2004-08-31,0.4360364434505435
2004-09-01,0.4364945122991587
2004-09-02,0.4357167484521252
2004-09-03,0.4364998716112842
2004-09-07,0.4363606211931455
2004-09-08,0.4356705557379558
2004-09-09,0.4354426964826786
2004-09-10,0.4367789455137204
2004-09-13,0.4358091970256522
2004-09-14,0.4358055197511225
2004-09-15,0.4357558510303193
2004-09-16,0.4362535924698669
2004-09-17,0.436023834060472
2004-09-20,0.4354288845962977
2004-09-21,0.435337662942469
2004-09-22,0.4350207763977367
2004-09-23,0.4331509218151779
2004-09-24,0.4333353490980551
2004-09-27,0.4327461486992722
2004-09-28,0.4314546671885464
2004-09-29,0.4300232091124883
2004-09-30,0.4296528969052665
2004-10-01,0.4291476647541035
2004-10-04,0.428866092509257
2004-10-05,0.4290902092601095
2004-10-06,0.4290324985931525
2004-10-07,0.4285699312336722
2004-10-08,0.4287046141281552
2004-10-11,0.4292575572088541
2004-10-12,0.4300926963936537
2004-10-13,0.4294048266919852
2004-10-14,0.429077469444434
2004-10-15,0.4291548852277756
2004-10-18,0.4302184521416892
2004-10-19,0.4304097148255359
2004-10-20,0.4313356571798937
2004-10-21,0.4324075695506039
2004-10-22,0.4312901116285009
2004-10-25,0.4315112187468501
2004-10-26,0.4315569790807828
2004-10-27,0.4315569790807828
2004-10-28,0.4315502281142672
2004-10-29,0.4295384852949052
2004-11-01,0.430142492419778
2004-11-02,0.4299598767416259
2004-11-03,0.4300054992246322
2004-11-04,0.430142492419778
2004-11-05,0.430279674566878
2004-11-08,0.430279674566878
2004-11-09,0.4308847894911226
2004-11-10,0.4314514980545382
2004-11-11,0.4314126763984341
2004-11-12,0.4308187987926508
2004-11-15,0.4295502144134188
2004-11-16,0.4289350937299503
2004-11-17,0.427730140597598
2004-11-18,0.428016338441603
2004-11-19,0.4284659835599476
2004-11-22,0.428780993187607
2004-11-23,0.4288443903707263
2004-11-24,0.4290518017610731
2004-11-26,0.4287990698342813
2004-11-29,0.4291422360701591
2004-11-30,0.4295734999366343
2004-12-01,0.4296301659980909
2004-12-02,0.4299571400584193
2004-12-03,0.4278231382525879
2004-12-06,0.4267439673594891
2004-12-07,0.4258589012737104
2004-12-08,0.4266360006280308
2004-12-09,0.4265467071124004
2004-12-10,0.4256388399770771
2004-12-13,0.4243899784787328
2004-12-14,0.4247489935969186
2004-12-15,0.4233559659173019
2004-12-16,0.4223651605885707
2004-12-17,0.4223651605885707
2004-12-20,0.4223948021681856
2004-12-21,0.4224536454412633
2004-12-22,0.4239395516700627
2004-12-23,0.4237436165595036
2004-12-27,0.4236551170992477
2004-12-28,0.4245475818949658
2004-12-29,0.4243701228217931
2004-12-30,0.4246159392250772
2004-12-31,0.4237956044550355
2005-01-03,0.4238396779167938
2005-01-04,0.4236813819653039
2005-01-05,0.4245031868210939
2005-01-06,0.4251492487638279
2005-01-07,0.4252384175911765
2005-01-10,0.4259272234199933
2005-01-11,0.4259922765544477
2005-01-12,0.4263041932196266
2005-01-13,0.4263238280245568
2005-01-14,0.4281065139269633
2005-01-18,0.4266993753709436
2005-01-19,0.4265913437207309
2005-01-20,0.4269043692022154
2005-01-21,0.42683321209343
2005-01-24,0.4267700932957766
2005-01-25,0.4265020907878599
2005-01-26,0.4264574947319456
2005-01-27,0.4267700932957766
2005-01-28,0.4261703931210687
2005-01-31,0.4258857685051415
2005-02-01,0.4263094846033684
2005-02-02,0.4255497666981491
2005-02-03,0.4265083977779224
2005-02-04,0.4274602031281177
2005-02-07,0.4270479376392221
2005-02-08,0.426418761904781
2005-02-09,0.4253727888427341
2005-02-10,0.4246985834104118
2005-02-11,0.4256854857916746
2005-02-14,0.4255307067139927
2005-02-15,0.4254176979166924
2005-02-16,0.425305405618389
2005-02-17,0.426065071929407
2005-02-18,0.4257089988618974
2005-02-22,0.4248143776785259
2005-02-23,0.4242318086208784
2005-02-24,0.4248119362900108
2005-02-25,0.4246330674646438
2005-02-28,0.4246713857391752
2005-03-01,0.4244007687775438
2005-03-02,0.4243205963894414
2005-03-03,0.4244324107757625
2005-03-04,0.4236212933316547
2005-03-07,0.42348408730067
2005-03-08,0.4229536996169815
2005-03-09,0.421543665646909
2005-03-10,0.421238938164871
2005-03-11,0.4219975837506836
2005-03-14,0.4216146053487092
2005-03-15,0.4216146053487092
2005-03-16,0.4225147836198344
2005-03-17,0.4236583622589046
2005-03-18,0.4224383249613334
2005-03-21,0.4223772770170599
2005-03-22,0.4230328397291172
2005-03-23,0.4231533044794527
2005-03-24,0.4229702970208896
2005-03-28,0.4224840431121456
2005-03-29,0.4218476907779254
2005-03-30,0.4217249767208422
2005-03-31,0.4220571867535557
2005-04-01,0.4224079423355959
2005-04-04,0.4222709624683512
2005-04-05,0.4225296575337683
2005-04-06,0.4218611839991564
2005-04-07,0.421543665646909
2005-04-08,0.4219383420226823
2005-04-11,0.4220290784575881
2005-04-12,0.4220430931838077
2005-04-13,0.4222253456066293
2005-04-14,0.4235572890413888
2005-04-15,0.4231022150863124
2005-04-18,0.4231191498486722
2005-04-19,0.4235298011103396
2005-04-20,0.423839086987579
2005-04-21,0.42348408730067
2005-04-22,0.42348408730067
2005-04-25,0.4234383950027452
2005-04-26,0.4225142850545431
2005-04-27,0.4223324801423285
2005-04-28,0.4223324801423285
2005-04-29,0.4213748316154075
2005-05-02,0.4216471947484914
2005-05-03,0.4217703577886531
2005-05-04,0.4214983910952953
2005-05-05,0.4212271895415291
2005-05-06,0.4218342727601008
2005-05-09,0.4211590180206063
2005-05-10,0.4215185651713265
2005-05-11,0.4222271995308879
2005-05-12,0.4221676772622935
2005-05-13,0.4216281533992971
2005-05-16,0.4216729987035535
2005-05-17,0.4216729987035535
2005-05-18,0.4221393207811066
2005-05-19,0.4209349808832462
2005-05-20,0.4213835777036057
2005-05-23,0.4212936909964823
2005-05-24,0.4209797466032237
2005-05-25,0.421281882852785
2005-05-26,0.4215833289379617
2005-05-27,0.422784929134598
2005-05-31,0.4222884279894081
2005-06-01,0.4211705086349473
2005-06-02,0.4206972747580154
2005-06-03,0.4223622608160757
2005-06-06,0.4234105443958781
2005-06-07,0.4241062070401669
2005-06-08,0.4219383420226823
2005-06-09,0.4223928787417376
2005-06-10,0.4224384501870283
2005-06-13,0.421983699583127
2005-06-14,0.4215690485964282
2005-06-15,0.4211600039512631
2005-06-16,0.4218611839991564
2005-06-17,0.4221653431301715
2005-06-20,0.4230281296064051
2005-06-21,0.4221797502640189
2005-06-22,0.422800952266028
2005-06-23,0.4233750033142294
2005-06-24,0.422800952266028
2005-06-27,0.4224233398829239
2005-06-28,0.4225296575337683
2005-06-29,0.4228037964263988
2005-06-30,0.4229869877399894
2005-07-01,0.4221485329858689
2005-07-05,0.4217703577886531
2005-07-06,0.4210352702266725
2005-07-07,0.4218883985951863
2005-07-08,0.4219021212596305
2005-07-11,0.4200947429753087
2005-07-12,0.4192540543644105
2005-07-13,0.4185908274047693
2005-07-14,0.4178799856472878
2005-07-15,0.417566833465655
2005-07-18,0.4170323914242463
2005-07-19,0.4170323914242463
2005-07-20,0.4176115063785001
2005-07-21,0.4172107059450323
2005-07-22,0.4176098792652592
2005-07-25,0.4170770645067108
2005-07-26,0.4173893561868603
2005-07-27,0.4177009152520281
2005-07-28,0.4185010831842206
2005-07-29,0.4195692580293484
2005-08-01,0.4197872765197804
2005-08-02,0.4193824053614249
2005-08-03,0.4191582150740999
2005-08-04,0.4199677701382616
2005-08-05,0.4199595358209627
2005-08-08,0.4192091099532272
2005-08-09,0.4197950407724587
2005-08-10,0.419531197870427
2005-08-11,0.4193505245524757
2005-08-12,0.4203751273356953
2005-08-15,0.4201938661089415
2005-08-16,0.4201486042534541
2005-08-17,0.4205468146293507
2005-08-18,0.419311835198768
2005-08-19,0.4192666124454119
2005-08-22,0.4195764195528577
2005-08-23,0.4200213569152627
2005-08-24,0.4201033637452173
2005-08-25,0.4196971570669059
2005-08-26,0.4200752724437753
2005-08-29,0.4203940810685858
2005-08-30,0.4201751519144422
2005-08-31,0.4196818931223381
2005-09-01,0.4194613748928997
2005-09-02,0.419085935061557
2005-09-06,0.4190408190398634
2005-09-07,0.4196437835708
2005-09-08,0.4207244365221831
2005-09-09,0.4205868205828309
2005-09-12,0.4208972143206096
2005-09-13,0.4201383377286449
2005-09-14,0.4204132509739057
2005-09-15,0.4195981488019188
2005-09-16,0.4202756959092529
2005-09-19,0.4202756959092529
2005-09-20,0.4201841019415078
2005-09-21,0.4191945550262579
2005-09-22,0.4194683052053912
2005-09-23,0.419475275178455
2005-09-26,0.4198425611799442
2005-09-27,0.4193445165031874
2005-09-28,0.4186540032068598
2005-09-29,0.4194432566560118
2005-09-30,0.41968944010108
2005-10-03,0.4195525357773503
2005-10-04,0.4201751519144422
2005-10-05,0.4201751519144422
2005-10-06,0.4202298879959836
2005-10-07,0.4204591464945268
2005-10-10,0.4198642101655831
2005-10-11,0.41968944010108
2005-10-12,0.419109393614103
2005-10-13,0.4185263152103594
2005-10-14,0.4178443481871001
2005-10-17,0.4179375791669686
2005-10-18,0.417757925368832
2005-10-19,0.4181684853672082
2005-10-20,0.4197886734038695
2005-10-21,0.4188004743162911
2005-10-24,0.4178970636836817
2005-10-25,0.4194822851535262
2005-10-26,0.4196277052044653
2005-10-27,0.4228096268223056
2005-10-28,0.4229662341100346
2005-10-31,0.4230301569819995
2005-11-01,0.4217396788634578
2005-11-02,0.4220184289857692
2005-11-03,0.4230129678707809
2005-11-04,0.424761009278742
2005-11-07,0.4241946975463563
2005-11-08,0.424147653178078
2005-11-09,0.4237721148894438
2005-11-10,0.4244349261728978
2005-11-11,0.4198751602294096
2005-11-14,0.4196891791447688
2005-11-15,0.4199133548597205
2005-11-16,0.4208952766233451
2005-11-17,0.4198669397652648
2005-11-18,0.4197278292416373
2005-11-21,0.4186726964765027
2005-11-22,0.418489038247853
2005-11-23,0.4189836855741248
2005-11-25,0.4168957992589334
2005-11-28,0.4183895306478112
2005-11-29,0.418298449879627
2005-11-30,0.4168957992589334
2005-12-01,0.4182529421261258
2005-12-02,0.4173965503050675
2005-12-05,0.4178079052868367
2005-12-06,0.4173965503050675
2005-12-07,0.4176231580692843
2005-12-08,0.4168961914833129
2005-12-09,0.416624377474399
2005-12-12,0.4170777046751449
2005-12-13,0.4182074561035228
2005-12-14,0.4173473279143403
2005-12-15,0.4176164432013508
2005-12-16,0.4179324262628235
2005-12-19,0.4171220119260479
2005-12-20,0.4160521220855353
2005-12-21,0.4165395953389487
2005-12-22,0.4164038606013208
2005-12-23,0.4155045079483191
2005-12-27,0.416402070763541
2005-12-28,0.4160857865924523
2005-12-29,0.4163103113203905
2005-12-30,0.4152818895492591
2006-01-03,0.4154599421861379
2006-01-04,0.4159097477850083
2006-01-05,0.4173913824798662
2006-01-06,0.4179273316939388
2006-01-09,0.4187853944076472
2006-01-10,0.41680871009993
2006-01-11,0.4182391407001876
2006-01-12,0.4194544839034203
2006-01-13,0.4196289945035175
2006-01-17,0.4193570793483924
2006-01-18,0.4189108978412665
2006-01-19,0.4173883515941424
2006-01-20,0.4172107059450323
2006-01-23,0.4172553369909645
2006-01-24,0.4180145100262509
2006-01-25,0.4179696474307093
2006-01-26,0.4200752724437753
2006-01-27,0.4183666250546737
2006-01-30,0.419848199093727
2006-01-31,0.4202482085372733
2006-02-01,0.419621662609708
2006-02-02,0.419311835198768
2006-02-03,0.4193636713188938
2006-02-06,0.4193182973383497
2006-02-07,0.4186448154423047
2006-02-08,0.4191370164351367
2006-02-09,0.4194476319032131
2006-02-10,0.4189055986876837
2006-02-13,0.4193890144923222
2006-02-14,0.4193890144923222
2006-02-15,0.4195764195528577
2006-02-16,0.4199307663173395
2006-02-17,0.4204755977292226
2006-02-21,0.4195453827649463
2006-02-22,0.4198642101655831
2006-02-23,0.4196818931223381
2006-02-24,0.4200554778101428
2006-02-27,0.4201662525762137
2006-02-28,0.4199843785457113
2006-03-01,0.4200839093068743
2006-03-02,0.41968944010108
2006-03-03,0.4189269767341224
2006-03-06,0.4173491305580223
2006-03-07,0.4165339458955388
2006-03-08,0.416714895507693
2006-03-09,0.4169869696992482
2006-03-10,0.4169415697246591
2006-03-13,0.4169869696992482
2006-03-14,0.4165791508866754
2006-03-15,0.4158550889661489
2006-03-16,0.4161254763602107
2006-03-17,0.4153565946702835
2006-03-20,0.4158550889661489
2006-03-21,0.4155406126674388
2006-03-22,0.4159482385910417
2006-03-23,0.4168518714362546
2006-03-24,0.4169873578269395
2006-03-27,0.4157723456514242
2006-03-28,0.4158651180966223
2006-03-29,0.4162675463731633
2006-03-30,0.416312366579636
2006-03-31,0.4157723456514242
2006-04-03,0.4157276531982928
2006-04-04,0.4163572080375554
2006-04-05,0.4168523852501595
2006-04-06,0.4171672362186041
2006-04-07,0.4177085392172329
2006-04-10,0.4177537873243854
2006-04-11,0.417392404277541
2006-04-12,0.4175277618893069
2006-04-13,0.417392404277541
2006-04-17,0.4163610307360365
2006-04-18,0.4168080753930562
2006-04-19,0.4182391407001876
2006-04-20,0.4184643023808524
2006-04-21,0.4185093986199412
2006-04-24,0.4194023449109724
2006-04-25,0.4197122129132967
2006-04-26,0.4197122129132967
2006-04-27,0.419440818562304
2006-04-28,0.419440818562304
2006-05-01,0.4199760509150708
2006-05-02,0.4191762310608463
2006-05-03,0.4189560787572344
2006-05-04,0.417882383947021
2006-05-05,0.4179273316939388
2006-05-08,0.4177496962145511
2006-05-09,0.4164486175539738
2006-05-10,0.4186806561521367
2006-05-11,0.4164469547742307
2006-05-12,0.419311835198768
2006-05-15,0.4190012810579106
2006-05-16,0.4190012810579106
2006-05-17,0.4191370164351367
2006-05-18,0.4194090668349678
2006-05-19,0.4197730082683008
2006-05-22,0.4200011759682096
2006-05-23,0.4208055394327875
2006-05-24,0.4233544121469946
2006-05-25,0.4227443964001005
2006-05-26,0.4231705259525051
2006-05-30,0.42348408730067
2006-05-31,0.4237586934193169
2006-06-01,0.4238580477576446
2006-06-02,0.4248522151995272
2006-06-05,0.4253057598508267
2006-06-06,0.4252374735795747
2006-06-07,0.4249409537348472
2006-06-08,0.4259230963343105
2006-06-09,0.4258741015651306
2006-06-12,0.4248044570847562
2006-06-13,0.4251471378568189
2006-06-14,0.4246018700137867
2006-06-15,0.4263148311099836
2006-06-16,0.4268121652293909
2006-06-19,0.4269028607685196
2006-06-20,0.4270299284175182
2006-06-21,0.4271478283420411
2006-06-22,0.4278763453074193
2006-06-23,0.4275114134733156
2006-06-26,0.4274203912569311
2006-06-27,0.4277881466830818
2006-06-28,0.4276400792707015
2006-06-29,0.4276850996499854
2006-06-30,0.427730140597598
2006-07-03,0.4276400792707015
2006-07-05,0.4273083004840642
2006-07-06,0.4265083977779224
2006-07-07,0.427488358974888
2006-07-10,0.4273360957197994
2006-07-11,0.4272284442342192
2006-07-12,0.427173472382037
2006-07-13,0.4269310166575692
2006-07-14,0.42657234206861
2006-07-17,0.4262844614241541
2006-07-18,0.4266879154044647
2006-07-19,0.4298991170254004
2006-07-20,0.4303030677330111
2006-07-21,0.4315087876244153
2006-07-24,0.431169349895477
2006-07-25,0.4314133420524101
2006-07-26,0.4315399831132719
2006-07-27,0.4302028826601168
2006-07-28,0.4291142990180229
2006-07-31,0.4294103571563335
2006-08-01,0.4286222490918049
2006-08-02,0.4289629065605828
2006-08-03,0.4280354630821582
2006-08-04,0.4280354630821582
2006-08-07,0.4285062273771651
2006-08-08,0.4282850888666489
2006-08-09,0.4281526429289838
2006-08-10,0.4282409204857764
2006-08-11,0.4279169261023637
2006-08-14,0.426950956560487
2006-08-15,0.4273011229312809
2006-08-16,0.4273888595361912
2006-08-17,0.4275206111677393
2006-08-18,0.4273011229312809
2006-08-21,0.4278728123764222
2006-08-22,0.427712435482234
2006-08-23,0.4279169261023637
2006-08-24,0.4276085435724595
2006-08-25,0.4275645675621408
2006-08-28,0.4270472596674849
2006-08-29,0.4273554268490373
2006-08-30,0.4278572669888921
2006-08-31,0.4286391482931154
2006-09-01,0.4284177125935001
2006-09-05,0.4284619600790392
2006-09-06,0.4278159205721353
2006-09-07,0.4286834949877143
2006-09-08,0.4283447475188452
2006-09-11,0.4280935784672409
2006-09-12,0.4279169261023637
2006-09-13,0.4285671272891451
2006-09-14,0.4284193756745622
2006-09-15,0.428508557784063
2006-09-18,0.4277530640667377
2006-09-19,0.4280037702613382
2006-09-20,0.4277371588792455
2006-09-21,0.4272158983496243
2006-09-22,0.4273935144183102
2006-09-25,0.4273046663294404
2006-09-26,0.4260812943789832
2006-09-27,0.4262149728740336
2006-09-28,0.4249727600078148
2006-09-29,0.4253718630994541
2006-10-02,0.4254163086671122
2006-10-03,0.4264263800455886
2006-10-04,0.4264706224308498
2006-10-05,0.4258352697003091
2006-10-06,0.4254825003011896
2006-10-09,0.4257726020865668
2006-10-10,0.424793385419739
2006-10-11,0.4243061834861613
2006-10-12,0.4236813819653039
2006-10-13,0.4237255183178741
2006-10-16,0.423021732959991
2006-10-17,0.4233998403143795
2006-10-18,0.4231368910126472
2006-10-19,0.4236718046290939
2006-10-20,0.4251506199757252
2006-10-23,0.4248423536738123
2006-10-24,0.4241296214695562
2006-10-25,0.4241737319624521
2006-10-26,0.4237075174366076
2006-10-27,0.4230818283438512
2006-10-30,0.4236108975784085
2006-10-31,0.4245072010478335
2006-11-01,0.4236635038501557
2006-11-02,0.4221467339981345
2006-11-03,0.4214290273026606
2006-11-06,0.4218229498864005
2006-11-07,0.4228496819396001
2006-11-08,0.4222923377723167
2006-11-09,0.4213736387338411
2006-11-10,0.4216352328507228
2006-11-13,0.4215479559176894
2006-11-14,0.422042492655905
2006-11-15,0.4215358212884899
2006-11-16,0.4218537712896739
2006-11-17,0.4218975384281421
2006-11-20,0.4224390468142927
2006-11-21,0.4220457147990803
2006-11-22,0.4215793298672489
2006-11-24,0.4215915845101959
2006-11-27,0.4202999986920202
2006-11-28,0.4202051849102663
2006-11-29,0.4206266523502243
2006-11-30,0.4211127529044287
2006-12-01,0.4211127529044287
2006-12-04,0.4213301086610487
2006-12-05,0.420756008812148
2006-12-06,0.4215793298672489
2006-12-07,0.4216228580863887
2006-12-08,0.4237774556515714
2006-12-11,0.4247517388968201
2006-12-12,0.4244871729434847
2006-12-13,0.424311193780393
2006-12-14,0.4248400872784256
2006-12-15,0.4250170243525747
2006-12-18,0.4253718630994541
2006-12-19,0.4258826600936627
2006-12-20,0.4255052604513197
2006-12-21,0.4261503445704279
2006-12-22,0.4223665425419943
2006-12-26,0.423021732959991
2006-12-27,0.4232850547389051
2006-12-28,0.4237956044550355
2006-12-29,0.4241737319624521
2007-01-03,0.4232411181010777
2007-01-04,0.4226431317819711
2007-01-05,0.4226869121327127
2007-01-08,0.4228183720813308
2007-01-09,0.4221029689506951
2007-01-10,0.4214171884812416
2007-01-11,0.4210367083087916
2007-01-12,0.4209932158296595
2007-01-16,0.4204821024831232
2007-01-17,0.4201091379411813
2007-01-18,0.4201091379411813
2007-01-19,0.4203700608705298
2007-01-22,0.4207190648296504
2007-01-23,0.4201174764936313
2007-01-24,0.4204227954354812
2007-01-25,0.4206852723743942
2007-01-26,0.4209924041569206
2007-01-29,0.4220697810999861
2007-01-30,0.4218179342652293
2007-01-31,0.4222024847752233
2007-02-01,0.4218931259869531
2007-02-02,0.422012028866641
2007-02-05,0.4222767566263517
2007-02-06,0.4238691870679458
2007-02-07,0.4243653780286406
2007-02-08,0.4243455397383525
2007-02-09,0.4240984222013125
2007-02-12,0.4236372656514126
2007-02-13,0.4228370013332335
2007-02-14,0.4243406550403638
2007-02-15,0.4250142572430256
2007-02-16,0.4245234164432833
2007-02-20,0.4247908415926577
2007-02-21,0.4249248296052297
2007-02-22,0.4247016183673515
2007-02-23,0.4244189262344813
2007-02-26,0.4242866638045416
2007-02-27,0.4246666376882816
2007-02-28,0.4246870613964529
2007-03-01,0.4246193661832408
2007-03-02,0.4248842914856938
2007-03-05,0.4258296617780175
2007-03-06,0.4258970222004749
2007-03-07,0.4260089187802006
2007-03-08,0.4263185032682733
2007-03-09,0.426552680027881
2007-03-12,0.4261811129828888
2007-03-13,0.4269237760193598
2007-03-14,0.4267732559376796
2007-03-15,0.4278703745044594
2007-03-16,0.4281672032914373
2007-03-19,0.4288793013277597
2007-03-20,0.4297201089732004
2007-03-21,0.429217210616333
2007-03-22,0.4295414230085164
2007-03-23,0.4283458665670432
2007-03-26,0.4286734651012619
2007-03-27,0.428211671195098
2007-03-28,0.4295298772716724
2007-03-29,0.4288793013277597
2007-03-30,0.428866092509257
2007-04-02,0.4283157297946243
2007-04-03,0.4282264979052615
2007-04-04,0.428508557784063
2007-04-05,0.4282857532035534
2007-04-09,0.4306362150087128
2007-04-10,0.4295182753032424
2007-04-11,0.4304213349571759
2007-04-12,0.430555511585267
2007-04-13,0.430043910615391
2007-04-16,0.4290835118604923
2007-04-17,0.4288924460161066
2007-04-18,0.4291601748736867
2007-04-19,0.4291476647541035
2007-04-20,0.4290902092601095
2007-04-23,0.4286148051602599
2007-04-24,0.4292943110438637
2007-04-25,0.4309960842875645
2007-04-26,0.4307624444273721
2007-04-27,0.4307538332661917
2007-04-30,0.430348052571618
2007-05-01,0.4307538332661917
2007-05-02,0.4310252745268751
2007-05-03,0.4314861953471882
2007-05-04,0.4317197391309652
2007-05-07,0.4314408068909636
2007-05-08,0.4301480763607193
2007-05-09,0.4296865808495698
2007-05-10,0.4298991170254004
2007-05-11,0.4300232091124883
2007-05-14,0.4302032114283668
2007-05-15,0.4305281954837225
2007-05-16,0.4309428906267324
2007-05-17,0.4310332363040042
2007-05-18,0.4310705866397559
2007-05-21,0.4321850055334674
2007-05-22,0.4315902417297426
2007-05-23,0.431402494910703
2007-05-24,0.4312741868051101
2007-05-25,0.4306723436623649
2007-05-29,0.4309347119933696
2007-05-30,0.4313428921317546
2007-05-31,0.4323619870571465
2007-06-01,0.4314408068909636
2007-06-04,0.4308442316139646
2007-06-05,0.4302933348841506
2007-06-06,0.4308894615420647
2007-06-07,0.4300541862952936
2007-06-08,0.4305015983413929
2007-06-11,0.4304474475883476
2007-06-12,0.4295643474148837
2007-06-13,0.4292739958941172
2007-06-14,0.4290835118604923
2007-06-15,0.4288166544445592
2007-06-18,0.4279457209454835
2007-06-19,0.4272502362648961
2007-06-20,0.4267291011143609
2007-06-21,0.4262691730285257
2007-06-22,0.4268616251490169
2007-06-25,0.428403482574582
2007-06-26,0.4278572669888921
2007-06-27,0.4271446288959059
2007-06-28,0.4272602723333298
2007-06-29,0.4276927936309571
2007-07-02,0.4275714513995341
2007-07-03,0.4278836161874267
2007-07-05,0.4279282919238976
2007-07-06,0.4280330271869029
2007-07-09,0.4280928010370771
2007-07-10,0.4278547059021581
2007-07-11,0.4277973451619792
2007-07-12,0.4275598175595419
2007-07-13,0.4281228670545174
2007-07-16,0.4273659786045278
2007-07-17,0.4275434173278116
2007-07-18,0.4269058395664273
2007-07-19,0.4268434973903826
2007-07-20,0.42618570449151
2007-07-23,0.4260772050542461
2007-07-24,0.4265657207376512
2007-07-25,0.4263433665524327
2007-07-26,0.4256813496514314
2007-07-27,0.4265148847667251
2007-07-30,0.426036775359582
2007-07-31,0.4262595729018265
2007-08-01,0.4259922765544477
2007-08-02,0.4264071357673004
2007-08-03,0.4280342542616243
2007-08-06,0.4297421912860149
2007-08-07,0.4271272103600857
2007-08-08,0.4285062273771651
2007-08-09,0.4285810079414384
2007-08-10,0.4277815440977273
2007-08-13,0.4272602723333298
2007-08-14,0.4281672032914373
2007-08-15,0.4287812152227894
2007-08-16,0.4279915154877224
2007-08-17,0.4277282401915252
2007-08-20,0.4279322937231681
2007-08-21,0.4277688922748855
2007-08-22,0.4272232370263307
2007-08-23,0.4276203399752826
2007-08-24,0.4278287183675511
2007-08-27,0.4271792131722415
2007-08-28,0.4277282401915252
2007-08-29,0.4274492511370024
2007-08-30,0.4276246292531591
2007-08-31,0.4286663686605234
2007-09-04,0.4287239170663812
2007-09-05,0.4290769141242733
2007-09-06,0.4297421912860149
2007-09-07,0.4301535230681919
2007-09-10,0.4314887359429933
2007-09-11,0.4317121187691621
2007-09-12,0.4311618272034009
2007-09-13,0.4309752108072445
2007-09-14,0.4298864303459751
2007-09-17,0.4279058414883035
2007-09-18,0.4281091870499899
2007-09-19,0.4286896769123657
2007-09-20,0.4289388748402472
2007-09-21,0.4287067113802187
2007-09-24,0.4289388748402472
2007-09-25,0.4293897488861046
2007-09-26,0.430369894007522
2007-09-27,0.4313689748258114
2007-09-28,0.4328675907564723
2007-10-01,0.4325540306092212
2007-10-02,0.4321464889512919
2007-10-03,0.4324655839260478
2007-10-04,0.431786977660244
2007-10-05,0.4322301774933007
2007-10-08,0.4321362476218274
2007-10-09,0.4315465620542212
2007-10-10,0.431228680155871
2007-10-11,0.4315910082102147
2007-10-12,0.4310069135832269
2007-10-15,0.4311842874061885
2007-10-16,0.4310955610883646
2007-10-17,0.4315910082102147
2007-10-18,0.4319083947841035
2007-10-19,0.431345732558843
2007-10-22,0.4301247480351767
2007-10-23,0.4302222985663777
2007-10-24,0.4312432675894939
2007-10-25,0.4308298545510852
2007-10-26,0.4308822321374038
2007-10-29,0.4304141403442806
2007-10-30,0.4312730926519702
2007-10-31,0.43114076344773
2007-11-01,0.4301978934382013
2007-11-02,0.4304254177958168
2007-11-05,0.428816007606504
2007-11-06,0.4278519966899285
2007-11-07,0.4278799122784572
2007-11-08,0.4280811506365764
2007-11-09,0.427936177977672
2007-11-12,0.4280526186721387
2007-11-13,0.4275513037132485
2007-11-14,0.4273636005004478
2007-11-15,0.4276644536065691
2007-11-16,0.4274924250693989
2007-11-19,0.4271920961643762
2007-11-20,0.4278089843696356
2007-11-21,0.4273636005004478
2007-11-23,0.4274763521724786
2007-11-26,0.4294271211329444
2007-11-27,0.4292114218394703
2007-11-28,0.4298375198457194
2007-11-29,0.4299136192051929
2007-11-30,0.4303475130646101
2007-12-03,0.4300335850093772
2007-12-04,0.4299670788996121
2007-12-05,0.4308241955263113
2007-12-06,0.4312135297003119
2007-12-07,0.4308947397035749
2007-12-10,0.4313870557716511
2007-12-11,0.4302551134264804
2007-12-12,0.4306431479483373
2007-12-13,0.4306863563651392
2007-12-14,0.4312568829590952
2007-12-17,0.4341644886256807
2007-12-18,0.4328506267714136
2007-12-19,0.4331116095954764
2007-12-20,0.4324084257581453
2007-12-21,0.4325823874253293
2007-12-24,0.4341203950099647
2007-12-26,0.4339041078569917
2007-12-27,0.4343379501774488
2007-12-28,0.4349922286782966
2007-12-31,0.4353404927248024
2008-01-02,0.4359480279854441
2008-01-03,0.4368234045881201
2008-01-04,0.436800233664574
2008-01-07,0.43663614166479
2008-01-08,0.4369692126328375
2008-01-09,0.4370566778564403
2008-01-10,0.4376710437741867
2008-01-11,0.4378472581005955
2008-01-14,0.4380237767597542
2008-01-15,0.4383334193147489
2008-01-16,0.4387363944750602
2008-01-17,0.4384818280178134
2008-01-18,0.437715068871719
2008-01-22,0.4394765808746974
2008-01-23,0.4388582723391332
2008-01-24,0.4383937310022652
2008-01-25,0.438570000864701
2008-01-28,0.4378831136298473
2008-01-29,0.4380237767597542
2008-01-30,0.4379271308217283
2008-01-31,0.4380237767597542
2008-02-01,0.4387600561206919
2008-02-04,0.4379730308366011
2008-02-05,0.4379730308366011
2008-02-06,0.4381474031758343
2008-02-07,0.4382347009250952
2008-02-08,0.4386284645601964
2008-02-11,0.437509583960804
2008-02-12,0.4368265794422267
2008-02-13,0.4372117894914455
2008-02-14,0.4371312299409451
2008-02-15,0.4367017674859335
2008-02-19,0.4367508775362936
2008-02-20,0.4363202259596231
2008-02-21,0.4360198790565839
2008-02-22,0.4382526774914128
2008-02-25,0.4379982299804341
2008-02-26,0.4378749057785386
2008-02-27,0.4376118129710223
2008-02-28,0.4370191694327232
2008-02-29,0.4379438663100658
2008-03-03,0.4386095237301441
2008-03-04,0.4379247239250822
2008-03-05,0.4376866151093764
2008-03-06,0.4384315914745395
2008-03-07,0.4379247239250822
2008-03-10,0.4399464574824053
2008-03-11,0.4401837937273672
2008-03-12,0.4410248891850347
2008-03-13,0.4410093283580328
2008-03-14,0.4405005138523608
2008-03-17,0.4410662701887926
2008-03-18,0.440283739261675
2008-03-19,0.4401208677166152
2008-03-20,0.440518391954799
2008-03-24,0.4407989874169382
2008-03-25,0.440636797078265
2008-03-26,0.4418030326685747
2008-03-27,0.4411554855982446
2008-03-28,0.4416251331138635
2008-03-31,0.4412417349561189
2008-04-01,0.4415082963021429
2008-04-02,0.4417755458099211
2008-04-03,0.4417032694117841
2008-04-04,0.4415693575432221
2008-04-07,0.4416695793683068
2008-04-08,0.4424617612400285
2008-04-09,0.4413710497874472
2008-04-10,0.4415477373683381
2008-04-11,0.4403718904714692
2008-04-14,0.4413588555269277
2008-04-15,0.4411973747656342
2008-04-16,0.4400197371287768
2008-04-17,0.4393093468532797
2008-04-18,0.4388582723391332
2008-04-21,0.4387024025534222
2008-04-22,0.4395411779350756
2008-04-23,0.4401164593817531
2008-04-24,0.4402496743254041
2008-04-25,0.4406358168649719
2008-04-28,0.4416418348537032
2008-04-29,0.4410354360733271
2008-04-30,0.4404882405670225
2008-05-01,0.4403247759026267
2008-05-02,0.4404579643394341
2008-05-05,0.4402804179625239
2008-05-06,0.4393437724556489
2008-05-07,0.4395974110082987
2008-05-08,0.4398505452401773
2008-05-09,0.4398948165994666
2008-05-12,0.4397745691073003
2008-05-13,0.4400408794082245
2008-05-14,0.4412001221892326
2008-05-15,0.4403247759026267
2008-05-16,0.4399262402018314
2008-05-19,0.4383750594504374
2008-05-20,0.4386383476408979
2008-05-21,0.4383404562814336
2008-05-22,0.4391228059097665
2008-05-23,0.4375755230289199
2008-05-27,0.4383149039016615
2008-05-28,0.4391338676448121
2008-05-29,0.4393880228607792
2008-05-30,0.4402496743254041
2008-06-02,0.4403524475350358
2008-06-03,0.4397871359806118
2008-06-04,0.4395328855850222
2008-06-05,0.4402532055404305
2008-06-06,0.4406069391553862
2008-06-09,0.4409618894589934
2008-06-10,0.4409618894589934
2008-06-11,0.4416361943725154
2008-06-12,0.4415919564249284
2008-06-13,0.4416804512243462
2008-06-16,0.4418133353379654
2008-06-17,0.4423020395445874
2008-06-18,0.4422130128168411
2008-06-19,0.4414755953918334
2008-06-20,0.4420796157739331
2008-06-23,0.4424617612400285
2008-06-24,0.4422838982760923
2008-06-25,0.4422130128168411
2008-06-26,0.4423911426903387
2008-06-27,0.4423911426903387
2008-06-30,0.4428184033601803
2008-07-01,0.443136038464377
2008-07-02,0.4420973143364233
2008-07-03,0.4427291280373268
2008-07-07,0.4429721832835198
2008-07-08,0.4439429972628609
2008-07-09,0.4441669945911224
2008-07-10,0.444009758319946
2008-07-11,0.4442793679857954
2008-07-14,0.4444144341161882
2008-07-15,0.4453496563854503
2008-07-16,0.4452847219070133
2008-07-17,0.4451295694322094
2008-07-18,0.444346538898924
2008-07-21,0.4438752140481281
2008-07-22,0.4433798732274371
2008-07-23,0.4425508070849195
2008-07-24,0.4430419275030321
2008-07-25,0.4430419275030321
2008-07-28,0.4453945384548027
2008-07-29,0.4454394397322762
2008-07-30,0.4420527819566709
2008-07-31,0.4429273723879995
2008-08-01,0.4434213564185832
2008-08-04,0.4448600927996958
2008-08-05,0.444524940432561
2008-08-06,0.4427737561169648
2008-08-07,0.4414755953918334
2008-08-08,0.4413305124552653
2008-08-11,0.4411817170496521
2008-08-12,0.440518391954799
2008-08-13,0.4398948165994666
2008-08-14,0.439211135485939
2008-08-15,0.4375830504666724
2008-08-18,0.4376788115304388
2008-08-19,0.4372521554089431
2008-08-20,0.4372080307338942
2008-08-21,0.4372589919183741
2008-08-22,0.4381652714264145
2008-08-25,0.4377387902544635
2008-08-26,0.4376866151093764
2008-08-27,0.4371705548332424
2008-08-28,0.4374804206359001
2008-08-29,0.4373172160588153
2008-09-02,0.4363627637118213
2008-09-03,0.4359595524500004
2008-09-04,0.4372658601061448
2008-09-05,0.4366189992212706
2008-09-08,0.4366578768464227
2008-09-09,0.436431762726415
2008-09-10,0.4363531572077093
2008-09-11,0.4367464755884347
2008-09-12,0.4371461264543136
2008-09-15,0.4377023307311513
2008-09-16,0.4378357085651742
2008-09-17,0.4445861893648932
2008-09-18,0.4445649040702098
2008-09-19,0.4470565564748083
2008-09-22,0.4464432811664829
2008-09-23,0.4467745969165282
2008-09-24,0.4459490509872878
2008-09-25,0.4463131776558464
2008-09-26,0.4474492991173667
2008-09-29,0.4487978185141981
2008-09-30,0.4489257809898765
2008-10-01,0.4499809578388584
2008-10-02,0.4497584322320672
2008-10-03,0.4493327281186652
2008-10-06,0.4496850540667907
2008-10-07,0.4501227873264729
2008-10-08,0.4501227873264729
2008-10-09,0.457505030260014
2008-10-10,0.4579187579555572
2008-10-13,0.4625047515123373
2008-10-14,0.4622600593910153
2008-10-15,0.4631540259176426
2008-10-16,0.4630600789851988
2008-10-17,0.4634379921565382
2008-10-20,0.4656405368528708
2008-10-21,0.4652355404238162
2008-10-22,0.4653741017589121
2008-10-23,0.4657982422665661
2008-10-24,0.4652225003379362
2008-10-27,0.4675583544313851
2008-10-28,0.4680452935989701
2008-10-29,0.4684118783153143
2008-10-30,0.4687977101500151
2008-10-31,0.4686343379881482
2008-11-03,0.4688025377103145
2008-11-04,0.4712835795172901
2008-11-05,0.471817852037601
2008-11-06,0.4717219001791692
2008-11-07,0.4717773029476182
2008-11-10,0.4714600117131085
2008-11-11,0.4713630606005601
2008-11-12,0.4716531946884502
2008-11-13,0.4730523521553553
2008-11-14,0.472606572387883
2008-11-17,0.4720763468427263
2008-11-18,0.4718028619494819
2008-11-19,0.4722913995824725
2008-11-20,0.4770786383527766
2008-11-21,0.4775793998417678
2008-11-24,0.4785652514302576
2008-11-25,0.478603201145786
2008-11-26,0.4782918589297151
2008-11-28,0.4797948502427133
2008-12-01,0.4792193899923845
2008-12-02,0.4800958529257919
2008-12-03,0.4800969652594952
2008-12-04,0.4795771525890041
2008-12-05,0.4782884684417567
2008-12-08,0.4791302584531375
2008-12-09,0.4787629698566815
2008-12-10,0.4800535266604264
2008-12-11,0.4789654654057479
2008-12-12,0.478640107887149
2008-12-15,0.4805365476227258
2008-12-16,0.480416194397577
2008-12-17,0.4809386155423887
2008-12-18,0.4805355385648053
2008-12-19,0.4788371009948642
2008-12-22,0.4789116988953193
2008-12-23,0.4786644710443689
2008-12-24,0.4794355026715362
2008-12-26,0.479231421545332
2008-12-29,0.4785872812220206
2008-12-30,0.4772792570620145
2008-12-31,0.4775102113161778
2009-01-02,0.4777474218428317
2009-01-05,0.477450510715088
2009-01-06,0.4769772672187669
2009-01-07,0.4770870554257758
2009-01-08,0.4767531965099612
2009-01-09,0.4764990383974462
2009-01-12,0.4756248635602901
2009-01-13,0.4769605755314716
2009-01-14,0.4761364516112168
2009-01-15,0.4766545115782644
2009-01-16,0.4754158253407421
2009-01-20,0.4753110137408979
2009-01-21,0.4758264444836876
2009-01-22,0.4763927409412034
2009-01-23,0.4765144501881666
2009-01-26,0.476921070052377
2009-01-27,0.4770786383527766
2009-01-28,0.4790413447736961
2009-01-29,0.4786670835232189
2009-01-30,0.4786229095168653
2009-02-02,0.4787838879873539
2009-02-03,0.4792779931435957
2009-02-04,0.4789043577623547
2009-02-05,0.4789014882040885
2009-02-06,0.4784931743282441
2009-02-09,0.4784039567314815
2009-02-10,0.4787366067346139
2009-02-11,0.4785240078529947
2009-02-12,0.4774730493148413
2009-02-13,0.4772981015942468
2009-02-17,0.4766629989490568
2009-02-18,0.4770811085270969
2009-02-19,0.47585396813316
2009-02-20,0.4766506751534238
2009-02-23,0.4766629989490568
2009-02-24,0.4758275803019174
2009-02-25,0.4759434861717046
2009-02-26,0.4771888282670058
2009-02-27,0.4760328077682217
2009-03-02,0.4762451565283701
2009-03-03,0.4761492239267102
2009-03-04,0.475468526842178
2009-03-05,0.4746945938370609
2009-03-06,0.4756437072547215
2009-03-09,0.4765076852192962
2009-03-10,0.4767089171316377
2009-03-11,0.4767089171316377
2009-03-12,0.476501263399938
2009-03-13,0.4750893036757096
2009-03-16,0.4763220298456351
2009-03-17,0.4766966151921273
2009-03-18,0.4770305956013693
2009-03-19,0.4773655365938976
2009-03-20,0.4765588836035574
2009-03-23,0.4753126976880739
2009-03-24,0.4750479495391653
2009-03-25,0.4746812271981732
2009-03-26,0.4758510692176124
2009-03-27,0.4751552014223033
2009-03-30,0.4747551343883618
2009-03-31,0.4743431104340358
2009-04-01,0.474135002089718
2009-04-02,0.474135002089718
2009-04-03,0.4742598220661267
2009-04-06,0.4741666230854001
2009-04-07,0.4767556825381193
2009-04-08,0.4769540052521305
2009-04-09,0.477086205287262
2009-04-13,0.4771705206485854
2009-04-14,0.4773287446967741
2009-04-15,0.4775506964769236
2009-04-16,0.4781527279961302
2009-04-17,0.4782800024013599
2009-04-20,0.4781226893883729
2009-04-21,0.4779832441232436
2009-04-22,0.4778472478975321
2009-04-23,0.4775506964769236
2009-04-24,0.4766951038653207
2009-04-27,0.4760433436408144
2009-04-28,0.4756075752178365
2009-04-29,0.4748441057028401
2009-04-30,0.4753390048744642
2009-05-01,0.4755074619299714
2009-05-04,0.4740221585251945
2009-05-05,0.4738647000938609
2009-05-06,0.4742344601054931
2009-05-07,0.4721263540274865
2009-05-08,0.4718485420932009
2009-05-11,0.470673676921951
2009-05-12,0.4700495672524321
2009-05-13,0.4699910851080734
2009-05-14,0.4690413694881449
2009-05-15,0.4688556166477125
2009-05-18,0.468483230840696
2009-05-19,0.4686508621296384
2009-05-20,0.4682128764178295
2009-05-21,0.4689264753703862
2009-05-22,0.4676308664307493
2009-05-26,0.4671291765912813
2009-05-27,0.4675265728217048
2009-05-28,0.4671069537278927
2009-05-29,0.4669173087908141
2009-06-01,0.4675273949815832
2009-06-02,0.4681994515378372
2009-06-03,0.4678424122398513
2009-06-04,0.4671282207753754
2009-06-05,0.4678222506886846
2009-06-08,0.4677784333268228
2009-06-09,0.4682611269344668
2009-06-10,0.4681347936338665
2009-06-11,0.4684680964606657
2009-06-12,0.4682353582155924
2009-06-15,0.4680900545489253
2009-06-16,0.46873952479096
2009-06-17,0.4688896276422474
2009-06-18,0.469882156452604
2009-06-19,0.4696791240551256
2009-06-22,0.4694927540461907
2009-06-23,0.4700008993868271
2009-06-24,0.4697121511613179
2009-06-25,0.4704099218935686
2009-06-26,0.4702918858754059
2009-06-29,0.4700875377923381
2009-06-30,0.4711653450625145
2009-07-01,0.4714247639357444
2009-07-02,0.471294460843225
2009-07-06,0.471942234607578
2009-07-07,0.4715245464756794
2009-07-08,0.4714384190872515
2009-07-09,0.4708920399161432
2009-07-10,0.471021055954225
2009-07-13,0.4699680182314052
2009-07-14,0.4694435872918709
2009-07-15,0.4686590843722151
2009-07-16,0.4687687119367532
2009-07-17,0.4680661341861591
2009-07-20,0.4673821775908821
2009-07-21,0.4660555940311604
2009-07-22,0.4654977023640027
2009-07-23,0.4659661363979546
2009-07-24,0.4661992880319313
2009-07-27,0.4658761472114793
2009-07-28,0.4655955867906938
2009-07-29,0.4652720739783376
2009-07-30,0.4646245641296935
2009-07-31,0.4637369996156387
2009-08-03,0.4660902684580205
2009-08-04,0.4684764138851691
2009-08-05,0.4685864718738795
2009-08-06,0.4666939411396602
2009-08-07,0.466367712748459
2009-08-10,0.4656703494076035
2009-08-11,0.4649152027565843
2009-08-12,0.464253944302313
2009-08-13,0.4644256436439742
2009-08-14,0.4642436832035231
2009-08-17,0.4641576451689282
2009-08-18,0.4637868092576782
2009-08-19,0.4626447981210647
2009-08-20,0.4630592396437642
2009-08-21,0.4620597705511212
2009-08-24,0.4620722512969364
2009-08-25,0.4622432599399925
2009-08-26,0.4621577226846594
2009-08-27,0.4638297512920339
2009-08-28,0.4645806639627945
2009-08-31,0.4645209257318845
2009-09-01,0.4644186797102712
2009-09-02,0.4643759526438974
2009-09-03,0.4637831271766309
2009-09-04,0.4644256436439742
2009-09-08,0.4643397610094754
2009-09-09,0.4646406392061709
2009-09-10,0.4660586344101239
2009-09-11,0.4664942880352131
2009-09-14,0.4670152233478528
2009-09-15,0.4668421896804513
2009-09-16,0.4672103137947277
2009-09-17,0.4664942880352131
2009-09-18,0.4662749292988957
2009-09-21,0.4674924390259942
2009-09-22,0.4661451024510206
2009-09-23,0.4673839873446657
2009-09-24,0.4671666625357514
2009-09-25,0.4671885229219979
2009-09-28,0.4673620890710919
2009-09-29,0.4669051737444885
2009-09-30,0.4658764402493829
2009-10-01,0.4659005035233813
2009-10-02,0.465895816123609
2009-10-05,0.4666820069160716
2009-10-06,0.4671211630715485
2009-10-07,0.4662848419209983
2009-10-08,0.4674737231792568
2009-10-09,0.4676491322206021
2009-10-12,0.4669452952697071
2009-10-13,0.4681554083848973
2009-10-14,0.4683083677413144
2009-10-15,0.4686424174246369
2009-10-16,0.4684893156736633
2009-10-19,0.4689534253140593
2009-10-20,0.4693286910439539
2009-10-21,0.469614686224446
2009-10-22,0.4679812492454469
2009-10-23,0.4676517104183913
2009-10-26,0.4674969365366477
2009-10-27,0.4679812492454469
2009-10-28,0.467010760381795
2009-10-29,0.4659543649237908
2009-10-30,0.4657742680759296
2009-11-02,0.4660617693947428
2009-11-03,0.4658620103079686
2009-11-04,0.4659498211183768
2009-11-05,0.4658375967921103
2009-11-06,0.4651729845068216
2009-11-09,0.464201932218499
2009-11-10,0.4637544820274578
2009-11-11,0.4636237650719512
2009-11-12,0.4638258467878703
2009-11-13,0.4645076909192994
2009-11-16,0.4645779706601511
2009-11-17,0.4633928771683022
2009-11-18,0.4628120121630931
2009-11-19,0.4626517537540994
2009-11-20,0.463613994398604
2009-11-23,0.4641698564109955
2009-11-24,0.4656007527035459
2009-11-25,0.4653793559555365
2009-11-27,0.4644713239104016
2009-11-30,0.4641806224831756
2009-12-01,0.4637018842946721
2009-12-02,0.4642306820435202
2009-12-03,0.4644174759074314
2009-12-04,0.4648413467282017
2009-12-07,0.4651768308179519
2009-12-08,0.4653793559555365
2009-12-09,0.4667182202645241
2009-12-10,0.4665639708381484
2009-12-11,0.4663426068365363
2009-12-14,0.466631579331316
2009-12-15,0.4652792153096754
2009-12-16,0.4637422998120775
2009-12-17,0.4650777548900537
2009-12-18,0.4655243118335225
2009-12-21,0.4653671802413965
2009-12-22,0.4651473971657425
2009-12-23,0.4665015319423285
2009-12-24,0.4670548027077503
2009-12-28,0.4667908064437961
2009-12-29,0.467253244091512
2009-12-30,0.4692328742216801
2009-12-31,0.4682845613588788
2010-01-04,0.4676050844589527
2010-01-05,0.4669667352498998
2010-01-06,0.4670548027077503
2010-01-07,0.4685980572737212
2010-01-08,0.4685736552573975
2010-01-11,0.4692073813329866
2010-01-12,0.4691566709451906
2010-01-13,0.4677796503699555
2010-01-14,0.4665041863287925
2010-01-15,0.4670771704045815
2010-01-19,0.4668135742048207
2010-01-20,0.467010760381795
2010-01-21,0.4678043412277312
2010-01-22,0.4681995954978049
2010-01-25,0.4694105055544614
2010-01-26,0.4689033465452273
2010-01-27,0.4694994254518382
2010-01-28,0.4689145788221425
2010-01-29,0.4687362081557283
2010-02-01,0.4684733017148843
2010-02-02,0.4683879649837966
2010-02-03,0.4683674958006099
2010-02-04,0.4683469595074623
2010-02-05,0.4677236841812638
2010-02-08,0.4671628602234824
2010-02-09,0.4681076933392854
2010-02-10,0.4682676093669064
2010-02-11,0.4705669477226945
2010-02-12,0.4709828466902859
2010-02-16,0.4718987872280872
2010-02-17,0.4698554937560404
2010-02-18,0.468444862390477
2010-02-19,0.468083698785885
2010-02-22,0.4689572036129509
2010-02-23,0.4693835971542806
2010-02-24,0.4688217261562508
2010-02-25,0.4679462142296104
2010-02-26,0.4678350879663501
2010-03-01,0.4661988371443507
2010-03-02,0.4687314976557695
2010-03-03,0.467028974755495
2010-03-04,0.4671406268402751
2010-03-05,0.4667806294963919
2010-03-08,0.4661950650007613
2010-03-09,0.4666674491548467
2010-03-10,0.4672977685574507
2010-03-11,0.467701966054118
2010-03-12,0.468841561071309
2010-03-15,0.4678350879663501
2010-03-16,0.4692218389524542
2010-03-17,0.4696205969789663
2010-03-18,0.4700001701774094
2010-03-19,0.4698194703056262
2010-03-22,0.4692218389524542
2010-03-23,0.4706517317505408
2010-03-24,0.4702542877993294
2010-03-25,0.4702089070388424
2010-03-26,0.469556877085836
2010-03-29,0.4681707491777175
2010-03-30,0.4682157096741473
2010-03-31,0.4675431713332869
2010-04-01,0.4668286355440554
2010-04-05,0.4653471962342873
2010-04-06,0.4658372872519499
2010-04-07,0.4654361446564582
2010-04-08,0.4664460626141353
2010-04-09,0.4660650034704848
2010-04-12,0.466894856805828
2010-04-13,0.4668055334018426
2010-04-14,0.4651953341624778
2010-04-15,0.4652583182962807
2010-04-16,0.465073094612096
2010-04-19,0.4660650034704848
2010-04-20,0.4663087986614833
2010-04-21,0.4662640476007314
2010-04-22,0.4657230007793737
2010-04-23,0.4670509521680049
2010-04-26,0.4660160337791267
2010-04-27,0.4659667395632293
2010-04-28,0.4658521455938617
2010-04-29,0.4668472036152555
2010-04-30,0.4663261978718288
2010-05-03,0.4658072604325255
2010-05-04,0.4643049044190437
2010-05-05,0.4646363969478046
2010-05-06,0.4645113619808012
2010-05-07,0.4655949106251522
2010-05-10,0.4650915281752005
2010-05-11,0.465352644864298
2010-05-12,0.4645481748449697
2010-05-13,0.4646103158769648
2010-05-14,0.4644666144913342
2010-05-17,0.4646457119462315
2010-05-18,0.4643669192621988
2010-05-19,0.4645288976320464
2010-05-20,0.4664222477357828
2010-05-21,0.4666653109472751
2010-05-24,0.4661383303114527
2010-05-25,0.4659869087650393
2010-05-26,0.4651023987096663
2010-05-27,0.4665302110571134
2010-05-28,0.4669127773546942
2010-06-01,0.4653784147745621
2010-06-02,0.4661423418052351
2010-06-03,0.4673203479231025
2010-06-04,0.4673881928283118
2010-06-07,0.4678173671146262
2010-06-08,0.4679079695473624
2010-06-09,0.4680893924255563
2010-06-10,0.4685192462487893
2010-06-11,0.4686102526427774
2010-06-14,0.4693144352498867
2010-06-15,0.4681378316887387
2010-06-16,0.4687776354825059
2010-06-17,0.4682570254100638
2010-06-18,0.4662251446273745
2010-06-21,0.4663160723904282
2010-06-22,0.4643739514158731
2010-06-23,0.4642107510761816
2010-06-24,0.4630287178405406
2010-06-25,0.4630885020190473
2010-06-28,0.4629090020409426
2010-06-29,0.4634483723402312
2010-06-30,0.4642903928070593
2010-07-01,0.464335717439339
2010-07-02,0.4652342292979541
2010-07-06,0.464690127282826
2010-07-07,0.4644088657208481
2010-07-08,0.4648442175758248
2010-07-09,0.4652988982189459
2010-07-12,0.4648896026948878
2010-07-13,0.4647535024881053
2010-07-14,0.4636577714693708
2010-07-15,0.4640640449789825
2010-07-16,0.4641092778739933
2010-07-19,0.4642903928070593
2010-07-20,0.4636448278757524
2010-07-21,0.4634776792502515
2010-07-22,0.4632386065387392
2010-07-23,0.4632836691911564
2010-07-26,0.4627889802784001
2010-07-27,0.4625620632879192
2010-07-28,0.4627874216671175
2010-07-29,0.4629680377237503
2010-07-30,0.4632395125550925
2010-08-02,0.4633145986385765
2010-08-03,0.4640525340753552
2010-08-04,0.463628744218087
2010-08-05,0.4636577714693708
2010-08-06,0.4627155186590884
2010-08-09,0.462041752861409
2010-08-10,0.4621310933900939
2010-08-11,0.4625815599607933
2010-08-12,0.4627441174148804
2010-08-13,0.4616083005158121
2010-08-16,0.4619334810616581
2010-08-17,0.462592961350022
2010-08-18,0.4623684066097654
2010-08-19,0.4621443049364743
2010-08-20,0.4613883440451543
2010-08-23,0.461331806383666
2010-08-24,0.4607523206300135
2010-08-25,0.4606293907041049
2010-08-26,0.4601600290345371
2010-08-27,0.4598403049768668
2010-08-30,0.4606738910573666
2010-08-31,0.4606086951839007
2010-09-01,0.4605061454364502
2010-09-02,0.4616651749645896
2010-09-03,0.4613084411421644
2010-09-07,0.4608749364434464
2010-09-08,0.4605302479980372
2010-09-09,0.4609528533632723
2010-09-10,0.4603281945655469
2010-09-13,0.4604858870147678
2010-09-14,0.4613201017496608
2010-09-15,0.4614420816994802
2010-09-16,0.4613739835649476
2010-09-17,0.4612294666073789
2010-09-20,0.4610968095063922
2010-09-21,0.46063231353478
2010-09-22,0.461196589550732
2010-09-23,0.4605677671037319
2010-09-24,0.4603235710194002
2010-09-27,0.4601222475235766
2010-09-28,0.4599549418625528
2010-09-29,0.4627459018486447
2010-09-30,0.4657263521568452
2010-10-01,0.4671616670641175
2010-10-04,0.4659667395632293
2010-10-05,0.465538325550535
2010-10-06,0.4657175438831692
2010-10-07,0.4644764860637407
2010-10-08,0.4650838458261372
2010-10-11,0.4649232092236918
2010-10-12,0.4645832666434469
2010-10-13,0.4645832666434469
2010-10-14,0.4644218848985197
2010-10-15,0.4649679797333939
2010-10-18,0.4660116090561197
2010-10-19,0.4659466451048079
2010-10-20,0.4651547163310623
2010-10-21,0.4648070171166528
2010-10-22,0.4655322028039967
2010-10-25,0.4653975074146373
2010-10-26,0.4660116090561197
2010-10-27,0.4658521455938617
2010-10-28,0.4658770542853485
2010-10-29,0.4662846876036577
2010-11-01,0.4658175138097457
2010-11-02,0.4660607648655052
2010-11-03,0.4663983542140155
2010-11-04,0.4663535675287183
2010-11-05,0.4660160337791267
2010-11-08,0.4660116090561197
2010-11-09,0.4661502804647344
2010-11-10,0.4657230007793737
2010-11-11,0.4674328383271678
2010-11-12,0.467701966054118
2010-11-15,0.4678154671415377
2010-11-16,0.4668935266037792
2010-11-17,0.4663295256937658
2010-11-18,0.4672527021429306
2010-11-19,0.4683828735519889
2010-11-22,0.4688780569332122
2010-11-23,0.4694364333395817
2010-11-24,0.4689177610187648
2010-11-26,0.4686711757848566
2010-11-29,0.4687818598458889
2010-11-30,0.4682641365890886
2010-12-01,0.4689690330573821
2010-12-02,0.469105634127054
2010-12-03,0.4687164927339105
2010-12-06,0.4704926961929172
2010-12-07,0.4717156886683918
2010-12-08,0.4705439960864497
2010-12-09,0.4703905385998901
2010-12-10,0.4708789178064281
2010-12-13,0.4719283416385381
2010-12-14,0.4731014601863177
2010-12-15,0.4725968024137809
2010-12-16,0.4733564185249599
2010-12-17,0.4739777637992933
2010-12-20,0.4744705388679483
2010-12-21,0.4738743299896419
2010-12-22,0.4747668287514585
2010-12-23,0.4746648092311956
2010-12-27,0.4748685967166642
2010-12-28,0.4748226978079668
2010-12-29,0.4756312980011352
2010-12-30,0.4763767112381178
2010-12-31,0.4745580046927776
2011-01-03,0.474136392872875
2011-01-04,0.473988401381864
2011-01-05,0.473988401381864
2011-01-06,0.473508958461022
2011-01-07,0.4731573272425571
2011-01-10,0.4726910886165943
2011-01-11,0.4719254103693827
2011-01-12,0.4721063638733472
2011-01-13,0.4724375027900466
2011-01-14,0.4721206417567382
2011-01-18,0.4717141538442506
2011-01-19,0.4717589791818346
2011-01-20,0.4709190971925406
2011-01-21,0.469972032213772
2011-01-24,0.4687610500308767
2011-01-25,0.4687164149877864
2011-01-26,0.4672087435775982
2011-01-27,0.4683599659479753
2011-01-28,0.4678525059924051
2011-01-31,0.4682091970480837
2011-02-01,0.4685019648633783
2011-02-02,0.4691767127946717
2011-02-03,0.4702089070388424
2011-02-04,0.4693951314567499
2011-02-07,0.4697292278439262
2011-02-08,0.469639056908043
2011-02-09,0.4695939982333617
2011-02-10,0.4693951314567499
2011-02-11,0.4696657437823121
2011-02-14,0.4698917469324473
2011-02-15,0.4679910855865533
2011-02-16,0.4669842510444817
2011-02-17,0.4677902005352385
2011-02-18,0.4688361226850878
2011-02-22,0.4684367266595546
2011-02-23,0.4685062400387737
2011-02-24,0.4678135804402741
2011-02-25,0.4681497997764934
2011-02-28,0.4678799932240289
2011-03-01,0.4683751309275166
2011-03-02,0.4683957304019392
2011-03-03,0.4686913494419374
2011-03-04,0.4685353335252445
2011-03-07,0.4698827451473356
2011-03-08,0.4708417824659381
2011-03-09,0.4706873743782129
2011-03-10,0.4702118215792903
2011-03-11,0.4704520709768093
2011-03-14,0.4700483947438873
2011-03-15,0.4701124241118262
2011-03-16,0.4696349599271167
2011-03-17,0.4699469378021378
2011-03-18,0.4690663833655256
2011-03-21,0.4688693315441578
2011-03-22,0.4685785129117206
2011-03-23,0.4667480459459291
2011-03-24,0.4670228131908842
2011-03-25,0.4672752726328232
2011-03-28,0.4667023164623461
2011-03-29,0.4672752726328232
2011-03-30,0.4678951257498625
2011-03-31,0.4690656540347442
2011-04-01,0.4703643453692405
2011-04-04,0.4708797924723232
2011-04-05,0.47236909696013
2011-04-06,0.4726029327629799
2011-04-07,0.4726029327629799
2011-04-08,0.471530647114587
2011-04-11,0.4730851771667089
2011-04-12,0.4732858419850497
2011-04-13,0.473145136423227
2011-04-14,0.4737330765615964
2011-04-15,0.4735109239558847
2011-04-18,0.4721823708210491
2011-04-19,0.4729243633243253
2011-04-20,0.4724158260226246
2011-04-21,0.4728642406981004
2011-04-25,0.4717172879126364
2011-04-26,0.4711721369952844
2011-04-27,0.4703930988588815
2011-04-28,0.4725093412693879
2011-04-29,0.4735355218200867
2011-05-02,0.4719643415106127
2011-05-03,0.4720720799469673
2011-05-04,0.4729509384109277
2011-05-05,0.4719014820389403
2011-05-06,0.471840128920007
2011-05-09,0.471685835767602
2011-05-10,0.4731630978250392
2011-05-11,0.4709428333759073
2011-05-12,0.4725840298921554
2011-05-13,0.4734861611719667
2011-05-16,0.4730982727892611
2011-05-17,0.4728976098955592
2011-05-18,0.4727434631882951
2011-05-19,0.473426719804026
2011-05-20,0.4734141577199846
2011-05-23,0.4731660886060317
2011-05-24,0.4713427559861238
2011-05-25,0.4709186214065325
2011-05-26,0.4689651256068332
2011-05-27,0.469705110966336
2011-05-31,0.469584058865399
2011-06-01,0.4700983570203196
2011-06-02,0.47036194724304
2011-06-03,0.4706149879012284
2011-06-06,0.469911070512964
2011-06-07,0.4693585355141745
2011-06-08,0.4693585355141745
2011-06-09,0.4688457454765459
2011-06-10,0.4684785779536018
2011-06-13,0.4685973406453751
2011-06-14,0.4696583387999057
2011-06-15,0.4692184538686096
2011-06-16,0.469105145100238
2011-06-17,0.4687114566228679
2011-06-20,0.4673449716862554
2011-06-21,0.4671592031112941
2011-06-22,0.4674615696440313
2011-06-23,0.4661983466203542
2011-06-24,0.4666232897998713
2011-06-27,0.4679286607167161
2011-06-28,0.4676722421778891
2011-06-29,0.4676722421778891
2011-06-30,0.466596382343469
2011-07-01,0.4674391570198192
2011-07-05,0.4680002086201473
2011-07-06,0.468350698385471
2011-07-07,0.4687166557772143
2011-07-08,0.4682532174654394
2011-07-11,0.468278424015542
2011-07-12,0.4680691651442238
2011-07-13,0.4682567761621344
2011-07-14,0.4684660421924198
2011-07-15,0.4683252994315897
2011-07-18,0.4674852591608583
2011-07-19,0.4673221578909177
2011-07-20,0.4688271421494678
2011-07-21,0.4684747642542076
2011-07-22,0.4680499602567127
2011-07-25,0.4681694367307572
2011-07-26,0.4685480514997916
2011-07-27,0.4676736908861387
2011-07-28,0.467416502623969
2011-07-29,0.46847917337639
2011-08-01,0.4688952228866007
2011-08-02,0.4686167203584719
2011-08-03,0.4702423094337601
2011-08-04,0.470461342196622
2011-08-05,0.4708897981200208
2011-08-08,0.4730117803550451
2011-08-09,0.4731190534357864
2011-08-10,0.4743669898678433
2011-08-11,0.474192284464211
2011-08-12,0.474133704844005
2011-08-15,0.473426719804026
2011-08-16,0.4737561065403571
2011-08-17,0.4747911874186932
2011-08-18,0.4751791683941
2011-08-19,0.4757653809423457
2011-08-22,0.4736270401520381
2011-08-23,0.4744177167879288
2011-08-24,0.4757870722453886
2011-08-25,0.4769756249577082
2011-08-26,0.4772139949066677
2011-08-29,0.4780473093737719
2011-08-30,0.4778036873441094
2011-08-31,0.4770709144053098
2011-09-01,0.4770102296289316
2011-09-02,0.4770773184478545
2011-09-06,0.478190615869292
2011-09-07,0.478386170348466
2011-09-08,0.4785217014380826
2011-09-09,0.4784818039733308
2011-09-12,0.4787691747052237
2011-09-13,0.4792015572867448
2011-09-14,0.4790028377459618
2011-09-15,0.4789643878065421
2011-09-16,0.4791592677662674
2011-09-19,0.4789643878065421
2011-09-20,0.4788651219170093
2011-09-21,0.478577515838097
2011-09-22,0.4789263373708431
2011-09-23,0.4780473093737719
2011-09-26,0.4783819649113329
2011-09-27,0.4786844195658269
2011-09-28,0.4789230507964782
2011-09-29,0.4795047409537542
2011-09-30,0.4795024204123447
2011-10-03,0.479334589298919
2011-10-04,0.479334589298919
2011-10-05,0.4798008544442796
2011-10-06,0.479282228757329
2011-10-07,0.4779162772599292
2011-10-10,0.4769063580179084
2011-10-11,0.4773217207467842
2011-10-12,0.4778495848251555
2011-10-13,0.4792795670075634
2011-10-14,0.4788581297299527
2011-10-17,0.4782992984959142
2011-10-18,0.4789554316485405
2011-10-19,0.4794263585127098
2011-10-20,0.4780565726389248
2011-10-21,0.4782438955806675
2011-10-24,0.4782014580014899
2011-10-25,0.4775429783626351
2011-10-26,0.4783543623234756
2011-10-27,0.4779868653848526
2011-10-28,0.4776164079085553
2011-10-31,0.4779356820628437
2011-11-01,0.4771150650067227
2011-11-02,0.4782697568042388
2011-11-03,0.4793057963450262
2011-11-04,0.4782697568042388
2011-11-07,0.4782697568042388
2011-11-08,0.4773450908156264
2011-11-09,0.4796380498028603
2011-11-10,0.4797290544988624
2011-11-11,0.4799634989727591
2011-11-14,0.4800993755938995
2011-11-15,0.4813214607709825
2011-11-16,0.4810862101996456
2011-11-17,0.4811811735179783
2011-11-18,0.4809923939035516
2011-11-21,0.4817433433190994
2011-11-22,0.4821168821113297
2011-11-23,0.4829511966103771
2011-11-25,0.4829009120174778
2011-11-28,0.4828602740878311
2011-11-29,0.4819773872606687
2011-11-30,0.4825310188760358
2011-12-01,0.4818345641777259
2011-12-02,0.4814148521305824
2011-12-05,0.4818376060855898
2011-12-06,0.4826806495985495
2011-12-07,0.4829139005066296
2011-12-08,0.4826748847507827
2011-12-09,0.4826777625055003
2011-12-12,0.4824917692632862
2011-12-13,0.483383553213508
2011-12-14,0.4830050701202655
2011-12-15,0.4830995778353961
2011-12-16,0.4838060678109185
2011-12-19,0.4837539669752844
2011-12-20,0.4838013580509114
2011-12-21,0.4837585989241286
2011-12-22,0.4844134568717777
2011-12-23,0.4847820015797619
2011-12-27,0.484485360146088
2011-12-28,0.4845740622608583
2011-12-29,0.4831395961733794
2011-12-30,0.4839387170844675
2012-01-03,0.4834617240203146
2012-01-04,0.4836414793885794
2012-01-05,0.4822473522070354
2012-01-06,0.4815031092637506
2012-01-09,0.4812236030041675
2012-01-10,0.4817338458013025
2012-01-11,0.4828476742683105
2012-01-12,0.4833984983460109
2012-01-13,0.4848200140105821
2012-01-17,0.4843518649760133
2012-01-18,0.4836662610882039
2012-01-19,0.4844453478488472
2012-01-20,0.4847201397239462
2012-01-23,0.4832431949378172
2012-01-24,0.4851685553709803
2012-01-25,0.4855210824738643
2012-01-26,0.4846494591696235
2012-01-27,0.4851483033979565
2012-01-30,0.4835475918384513
2012-01-31,0.4844930596128847
2012-02-01,0.4832707691999759
2012-02-02,0.4833629717648863
2012-02-03,0.4822655391749877
2012-02-06,0.4828598318179785
2012-02-07,0.4837235639548139
2012-02-08,0.4834932112726396
2012-02-09,0.4848107201272396
2012-02-10,0.4845739161855606
2012-02-13,0.4853992836826426
2012-02-14,0.4852603600388853
2012-02-15,0.4848844289913669
2012-02-16,0.4849431809503232
2012-02-17,0.4850421933766249
2012-02-21,0.4848230731950554
2012-02-22,0.4850153151347927
2012-02-23,0.4861979421988451
2012-02-24,0.4859259036880005
2012-02-27,0.4853811540481842
2012-02-28,0.4856851534584245
2012-02-29,0.4869373161732374
2012-03-01,0.4865653014910342
2012-03-02,0.4869278450870253
2012-03-05,0.486760365598647
2012-03-06,0.4866955745329809
2012-03-07,0.4868907512559344
2012-03-08,0.4870305001919837
2012-03-09,0.4875130575463875
2012-03-12,0.4889369553332995
2012-03-13,0.4899264562014148
2012-03-14,0.4893784054307902
2012-03-15,0.4895187040484552
2012-03-16,0.4889119148691062
2012-03-19,0.4895250883120899
2012-03-20,0.490806204453298
2012-03-21,0.491523122062461
2012-03-22,0.4912262486649164
2012-03-23,0.4912729403867563
2012-03-26,0.4911795748471922
2012-03-27,0.4907755637270112
2012-03-28,0.4909464739297298
2012-03-29,0.491445779179212
2012-03-30,0.4901035258582009
2012-04-02,0.4904158384970277
2012-04-03,0.4903716963414207
2012-04-04,0.4909620231394306
2012-04-05,0.489749822586924
2012-04-09,0.4909464739297298
2012-04-10,0.4896032388072714
2012-04-11,0.4892148943236098
2012-04-12,0.489491521088405
2012-04-13,0.4895376870739203
2012-04-16,0.489630071878652
2012-04-17,0.4900788786653656
2012-04-18,0.4900466774253933
2012-04-19,0.4920176700987154
2012-04-20,0.4913948771278646
2012-04-23,0.490699784803168
2012-04-24,0.491100681896689
2012-04-25,0.4926953048341759
2012-04-26,0.4953757900174167
2012-04-27,0.4941580020883033
2012-04-30,0.4934816071883068
2012-05-01,0.4935753602156489
2012-05-02,0.4929205908057753
2012-05-03,0.4930885851286806
2012-05-04,0.4926695399768345
2012-05-07,0.4912714939141845
2012-05-08,0.491255540641438
2012-05-09,0.4920300534067564
2012-05-10,0.4927807375600181
2012-05-11,0.4931908570610917
2012-05-14,0.4941783118187056
2012-05-15,0.4947667179302331
2012-05-16,0.4946049749431156
2012-05-17,0.4946307810949201
2012-05-18,0.4942310564926744
2012-05-21,0.4941580020883033
2012-05-22,0.4942924388858723
2012-05-23,0.4931728941550345
2012-05-24,0.4907915505133729
2012-05-25,0.4890097912263852
2012-05-29,0.4881479859279519
2012-05-30,0.488032452462768
2012-05-31,0.4881243762672876
2012-06-01,0.4884577248556961
2012-06-04,0.4882856179061413
2012-06-05,0.4883889965528044
2012-06-06,0.4878595446531764
2012-06-07,0.4892405652644193
2012-06-08,0.488976141912751
2012-06-11,0.488976141912751
2012-06-12,0.4879272063444236
2012-06-13,0.4876718130734424
2012-06-14,0.4877285758916889
2012-06-15,0.4869270689291355
2012-06-18,0.4879490468869943
2012-06-19,0.487063777659323
2012-06-20,0.4870179357815904
2012-06-21,0.4857332335170031
2012-06-22,0.4857099038769192
2012-06-25,0.4859855535733026
2012-06-26,0.4860315569457835
2012-06-27,0.4867055903111791
2012-06-28,0.4860695212815002
2012-06-29,0.485304458755054
2012-07-02,0.4852263451722415
2012-07-03,0.4841749780191816
2012-07-05,0.4838660325540984
2012-07-06,0.4827474583696162
2012-07-09,0.4808531870169857
2012-07-10,0.4823458356854327
2012-07-11,0.4820276793838371
2012-07-12,0.4826593305863241
2012-07-13,0.4829325919558995
2012-07-16,0.4829325919558995
2012-07-17,0.4840581381769574
2012-07-18,0.4863163982046145
2012-07-19,0.4857249204068985
2012-07-20,0.4859092016642038
2012-07-23,0.4862702149841757
2012-07-24,0.4862618391414959
2012-07-25,0.4859855535733026
2012-07-26,0.4869921966414527
2012-07-27,0.4869089917633801
2012-07-30,0.487373388164117
2012-07-31,0.4866955745329809
2012-08-01,0.4858708686827685
2012-08-02,0.4851804404569022
2012-08-03,0.4854101405685501
2012-08-06,0.4846484581719136
2012-08-07,0.4857785810330477
2012-08-08,0.4858093591581116
2012-08-09,0.4863540760488638
2012-08-10,0.4872141055889198
2012-08-13,0.486077577992394
2012-08-14,0.4872307871316296
2012-08-15,0.48785656470022
2012-08-16,0.4877285758916889
2012-08-17,0.4884008464915246
2012-08-20,0.4887600803245004
2012-08-21,0.4896047558583883
2012-08-22,0.4912262486649164
2012-08-23,0.4903279618116594
2012-08-24,0.4898013207827644
2012-08-27,0.4901252001404856
2012-08-28,0.4904205380987996
2012-08-29,0.4904374770935587
2012-08-30,0.4905925360618993
2012-08-31,0.4906237463499972
2012-09-04,0.4918692165791147
2012-09-05,0.4905169902216858
2012-09-06,0.490118329024702
2012-09-07,0.4909464739297298
2012-09-10,0.4921250098543893
2012-09-11,0.492800890381716
2012-09-12,0.4934402404724353
2012-09-13,0.4936992566049805
2012-09-14,0.4933286178088963
2012-09-17,0.4931533580489251
2012-09-18,0.4929216048187949
2012-09-19,0.4912672303941493
2012-09-20,0.4925232363311542
2012-09-21,0.4922117778869279
2012-09-24,0.4916613572309317
2012-09-25,0.4916156007909425
2012-09-26,0.4917365091138999
2012-09-27,0.492148748745909
2012-09-28,0.4915241394215293
2012-10-01,0.4918279975895963
2012-10-02,0.4909920454987218
2012-10-03,0.4908858262627207
2012-10-04,0.4921097191920588
2012-10-05,0.4923487841949899
2012-10-08,0.492751140523205
2012-10-09,0.4915459221352397
2012-10-10,0.4927610835156592
2012-10-11,0.4931784636230876
2012-10-12,0.491722999589095
2012-10-15,0.492652926655232
2012-10-16,0.494283126209398
2012-10-17,0.4939455997402267
2012-10-18,0.4936740035342193
2012-10-19,0.4939650042535916
2012-10-22,0.4935307227161635
2012-10-23,0.4930515682697969
2012-10-24,0.4926806010886691
2012-10-25,0.4931237842769417
2012-10-26,0.4920498763315241
2012-10-31,0.492790581147995
2012-11-01,0.4927281291026444
2012-11-02,0.4931145283190768
2012-11-05,0.4929797622713067
2012-11-06,0.4926658842301303
2012-11-07,0.4925763525691666
2012-11-08,0.4889373626844901
2012-11-09,0.4891622942557367
2012-11-12,0.4871339065209629
2012-11-13,0.4866631683190629
2012-11-14,0.486609397281584
2012-11-15,0.4865558095421134
2012-11-16,0.4867895314046981
2012-11-19,0.4860942486941067
2012-11-20,0.4836990371264565
2012-11-21,0.4834703751083132
2012-11-23,0.482808588224136
2012-11-26,0.4821872066082998
2012-11-27,0.4818763145584356
2012-11-28,0.4831190785166367
2012-11-29,0.4835192348586477
2012-11-30,0.4842645205495955
2012-12-03,0.4790348565024494
2012-12-04,0.4792180083572181
2012-12-05,0.4749461966860977
2012-12-06,0.4752367479751583
2012-12-07,0.4738170488135511
2012-12-10,0.4750064028245697
2012-12-11,0.4746494576780226
2012-12-12,0.4754580563415411
2012-12-13,0.475651675862456
2012-12-14,0.475134969710847
2012-12-17,0.4756054655596208
2012-12-18,0.4752364449867625
2012-12-19,0.4741749693463772
2012-12-20,0.4730627973030595
2012-12-21,0.4741062438829013
2012-12-24,0.474706207283781
2012-12-26,0.4756722628513055
2012-12-27,0.4749410246517366
2012-12-28,0.4740350470524431
2012-12-31,0.4739431592524725
2013-01-02,0.4738972427938825
2013-01-03,0.4737938426210951
2013-01-04,0.4737821823896094
2013-01-07,0.4726830449458857
2013-01-08,0.4714725830313407
2013-01-09,0.4688071809967104
2013-01-10,0.4691446252724234
2013-01-11,0.4699643189497684
2013-01-14,0.4701635443452768
2013-01-15,0.4711840964219918
2013-01-16,0.4687521059259188
2013-01-17,0.469718070421527
2013-01-18,0.469699477697327
2013-01-22,0.4702015284850966
2013-01-23,0.4679102036227914
2013-01-24,0.466109517208949
2013-01-25,0.4644693953491836
2013-01-28,0.4642688948462838
2013-01-29,0.4636642087162003
2013-01-30,0.463164202289254
2013-01-31,0.4629376664467453
2013-02-01,0.4629978924532666
2013-02-04,0.4633457633583491
2013-02-05,0.463602511164721
2013-02-06,0.4633754985210373
2013-02-07,0.4630885839738146
2013-02-08,0.4633457633583491
2013-02-11,0.4643706711587437
2013-02-12,0.4646355024885415
2013-02-13,0.4636448278757524
2013-02-14,0.4646175675501339
2013-02-15,0.4659981463273724
2013-02-19,0.4651023987096663
2013-02-20,0.4649598237719266
2013-02-21,0.4649598237719266
2013-02-22,0.464869987582976
2013-02-25,0.4650047688994973
2013-02-26,0.4648882221964426
2013-02-27,0.4659074751964653
2013-02-28,0.4658621670518397
2013-03-01,0.4658671645627077
2013-03-04,0.4656025602185589
2013-03-05,0.465012768143156
2013-03-06,0.464521078213969
2013-03-07,0.4654743544090335
2013-03-08,0.4648771940011957
2013-03-11,0.4655444054336125
2013-03-12,0.4655504429017724
2013-03-13,0.4659758694469841
2013-03-14,0.46718549092165
2013-03-15,0.467073716209619
2013-03-18,0.4672305292628657
2013-03-19,0.4671858036259318
2013-03-20,0.4677902005352385
2013-03-21,0.4676773593434805
2013-03-22,0.4666461026604832
2013-03-25,0.4663567827913732
2013-03-26,0.4657284195766586
2013-03-27,0.4660650034704848
2013-03-28,0.4664961679645292
2013-04-01,0.4663806566454465
2013-04-02,0.4671636418361675
2013-04-03,0.4669862659427705
2013-04-04,0.4672306845911029
2013-04-05,0.4661822452664037
2013-04-08,0.4689455382600555
2013-04-09,0.4680961897259521
2013-04-10,0.4686717975072362
2013-04-11,0.4680961897259521
2013-04-12,0.4672974577023824
2013-04-15,0.4695147844777391
2013-04-16,0.4717293955085676
2013-04-17,0.4695147844777391
2013-04-18,0.468627197577943
2013-04-19,0.4690546828920731
2013-04-22,0.4693240205638923
2013-04-23,0.4695410925153949
2013-04-24,0.4690802294045833
2013-04-25,0.4696940757988092
2013-04-26,0.4693732616740529
2013-04-29,0.469570096796801
2013-04-30,0.4693029268863576
2013-05-01,0.470521514185359
2013-05-02,0.4704156773921822
2013-05-03,0.4702650223787071
2013-05-06,0.4687311898315532
2013-05-07,0.4692328742216801
2013-05-08,0.4696430156176457
2013-05-09,0.470200457249005
2013-05-10,0.4703162483635151
2013-05-13,0.4707649643302913
2013-05-14,0.471195459036524
2013-05-15,0.4690303674400952
2013-05-16,0.4686527781327931
2013-05-17,0.4678864640953571
2013-05-20,0.4672752726328232
2013-05-21,0.4670125638253116
2013-05-22,0.466858889896931
2013-05-23,0.4666611444881629
2013-05-24,0.4666174059698461
2013-05-28,0.4663117111624644
2013-05-29,0.4647701333161003
2013-05-30,0.4645964160595625
2013-05-31,0.4640225975779231
2013-06-03,0.4643963885103325
2013-06-04,0.4639953260438444
2013-06-05,0.4639473692427758
2013-06-06,0.4640659293172723
2013-06-07,0.4640659293172723
2013-06-10,0.4634177130975092
2013-06-11,0.4632748750469901
2013-06-12,0.4622647673674286
2013-06-13,0.4625106507235546
2013-06-14,0.4622345224799827
2013-06-17,0.4624509014554429
2013-06-18,0.4625538483171147
2013-06-19,0.4627268067630419
2013-06-20,0.4628567023723268
2013-06-21,0.4627700884459162
2013-06-24,0.4627406489840656
2013-06-25,0.4627406489840656
2013-06-26,0.4626973027241451
2013-06-27,0.4629284233676465
2013-06-28,0.4629576340284666
2013-07-01,0.462204179189312
2013-07-02,0.4629433837845136
2013-07-03,0.4632611355863598
2013-07-05,0.4628286817473632
2013-07-08,0.4627268067630419
2013-07-09,0.4639953260438444
2013-07-10,0.4617049790345301
2013-07-11,0.4624706344313299
2013-07-12,0.4621275838971405
2013-07-15,0.4618282820115679
2013-07-16,0.4621024188959442
2013-07-17,0.4622432599399925
2013-07-18,0.4620722512969364
2013-07-19,0.4627167576208703
2013-07-22,0.4618162315112414
2013-07-23,0.4620899040539443
2013-07-24,0.4616532549895678
2013-07-25,0.4619378189016217
2013-07-26,0.4618227319201287
2013-07-29,0.461792259931244
2013-07-30,0.4621199412502077
2013-07-31,0.4620473345376066
2013-08-01,0.4611155079268992
2013-08-02,0.4609561175760996
2013-08-05,0.460765899755499
2013-08-06,0.4608286517539848
2013-08-07,0.4607013327852224
2013-08-08,0.4611580160955217
2013-08-09,0.4614560313558998
2013-08-12,0.4616341866382771
2013-08-13,0.4612525536521257
2013-08-14,0.4614530709118094
2013-08-15,0.4612102310822345
2013-08-16,0.460765899755499
2013-08-19,0.4600159972382878
2013-08-20,0.4588000716209997
2013-08-21,0.4598818413597692
2013-08-22,0.459754943516609
2013-08-23,0.4593059240523868
2013-08-26,0.4595517343699517
2013-08-27,0.4599241731472883
2013-08-28,0.4596020831783405
2013-08-29,0.4595253272805182
2013-08-30,0.4590175712888693
2013-09-03,0.4590669085322802
2013-09-04,0.4582830332356898
2013-09-05,0.459208683276287
2013-09-06,0.4581142324386483
2013-09-09,0.4591735252758768
2013-09-10,0.4587061760067896
2013-09-11,0.459208683276287
2013-09-12,0.458918360972301
2013-09-13,0.4587910007824464
2013-09-16,0.4590387561548022
2013-09-17,0.4580034282679756
2013-09-18,0.4577591894317574
2013-09-19,0.4581841044560762
2013-09-20,0.4574712785887568
2013-09-23,0.4573055947827658
2013-09-24,0.4585190169535
2013-09-25,0.4586766772089243
2013-09-26,0.4603007702270825
2013-09-27,0.4588200189704827
2013-09-30,0.4592012831084726
2013-10-01,0.4586214167484668
2013-10-02,0.4587910007824464
2013-10-03,0.4592512061399585
2013-10-04,0.4586509922489741
2013-10-07,0.4601206855823325
2013-10-08,0.45885556567719
2013-10-09,0.4600335684193239
2013-10-10,0.4596704261186434
2013-10-11,0.4607013327852224
2013-10-14,0.4592636806299535
2013-10-15,0.4588978017239463
2013-10-16,0.4583310834922111
2013-10-17,0.457632036001536
2013-10-18,0.4573822839410305
2013-10-21,0.4570970963242564
2013-10-22,0.457607789212825
2013-10-23,0.4571782811571206
2013-10-24,0.4565861069965792
2013-10-25,0.4567519976019228
2013-10-28,0.4571707922459417
2013-10-29,0.4562512176275323
2013-10-30,0.4560019395648693
2013-10-31,0.4561304194498408
2013-11-01,0.4554982548609058
2013-11-04,0.4553723558941667
2013-11-05,0.4551196133134186
2013-11-06,0.4538928888881012
2013-11-07,0.4529297794904617
2013-11-08,0.4513919880467298
2013-11-11,0.451880809068434
2013-11-12,0.4528674992247856
2013-11-13,0.452909559723177
2013-11-14,0.4533376651116945
2013-11-15,0.452374166309252
2013-11-18,0.452374166309252
2013-11-19,0.451999483112867
2013-11-20,0.4519163974993237
2013-11-21,0.4522128096130791
2013-11-22,0.4525505497417627
2013-11-25,0.453009324382748
2013-11-26,0.452415878580037
2013-11-27,0.4513988364055167
2013-11-29,0.4518987015886398
2013-12-02,0.4518927594219554
2013-12-03,0.4518448987581979
2013-12-04,0.4517611547680021
2013-12-05,0.4522698784116278
2013-12-06,0.4521021063696593
2013-12-09,0.4520297261232513
2013-12-10,0.4513434135407556
2013-12-11,0.4516356613055821
2013-12-12,0.451629217613204
2013-12-13,0.4514550450184469
2013-12-16,0.4516647173405723
2013-12-17,0.450804582691362
2013-12-18,0.4510981180948726
2013-12-19,0.4504786998848321
2013-12-20,0.4499607887083311
2013-12-23,0.4500440715330215
2013-12-24,0.4503866402601035
2013-12-26,0.4503032477561099
2013-12-27,0.4505704911232899
2013-12-30,0.4511694954228036
2013-12-31,0.4508779697913971
2014-01-02,0.4498554795733225
2014-01-03,0.4501874104379108
2014-01-06,0.4502379953231034
2014-01-07,0.4498140608197138
2014-01-08,0.4500307104713512
2014-01-09,0.4512327316623497
2014-01-10,0.4503887532994515
2014-01-13,0.4501592958659282
2014-01-14,0.4502414858063165
2014-01-15,0.4503237391256587
2014-01-16,0.4502414858063165
2014-01-17,0.4507439732725992
2014-01-21,0.4512469502846387
2014-01-22,0.4508754914707631
2014-01-23,0.4501773507960538
2014-01-24,0.4489522089644973
2014-01-27,0.4494425572711573
2014-01-28,0.4496475382598908
2014-01-29,0.4493091466582148
2014-01-30,0.4488707038090832
2014-01-31,0.4487252705660223
2014-02-03,0.4498816837055851
2014-02-04,0.4501683397911732
2014-02-05,0.449821505700454
2014-02-06,0.4497707165981824
2014-02-07,0.449976330937536
2014-02-10,0.451495307748172
2014-02-11,0.449903588974673
2014-02-12,0.4513847275206026
2014-02-13,0.4528588417505836
2014-02-14,0.4542813702775951
2014-02-18,0.4532773040895218
2014-02-19,0.4536569241202437
2014-02-20,0.4520578811831027
2014-02-21,0.4515019323421309
2014-02-24,0.4537324155858592
2014-02-25,0.4544066936622762
2014-02-26,0.4532705761856106
2014-02-27,0.4544497212899965
2014-02-28,0.4545332314994914
2014-03-03,0.4553700639147782
2014-03-04,0.4550779277159166
2014-03-05,0.455329041504361
2014-03-06,0.4551615428642923
2014-03-07,0.4541561919763269
2014-03-10,0.4546586177612569
2014-03-11,0.4564151467429148
2014-03-12,0.4570791844681436
2014-03-13,0.4564523551377902
2014-03-14,0.4569142813505838
2014-03-17,0.4571670681854889
2014-03-18,0.4567490342398223
2014-03-19,0.4575941858259243
2014-03-20,0.4572631404140484
2014-03-21,0.4571358762479444
2014-03-24,0.4578016067767941
2014-03-25,0.4575473491146617
2014-03-26,0.4576697633057158
2014-03-27,0.4574584756580768
2014-03-28,0.4573278937395045
2014-03-31,0.4573699925733717
2014-04-01,0.4572897391560799
2014-04-02,0.4571176426419263
2014-04-03,0.4554113327558926
2014-04-04,0.4555373526927248
2014-04-07,0.4567012067899212
2014-04-08,0.4567490342398223
2014-04-09,0.4565702610366868
2014-04-10,0.4566592900278772
2014-04-11,0.458319485687957
2014-04-14,0.4574121076358737
2014-04-15,0.457378171926703
2014-04-16,0.4576744040545486
2014-04-17,0.4582692856751985
2014-04-21,0.4591809004337632
2014-04-22,0.4579559351529333
2014-04-23,0.4580511126375015
2014-04-24,0.4586341492015804
2014-04-25,0.4584277644830371
2014-04-28,0.4586831569365876
2014-04-29,0.4579340852920491
2014-04-30,0.4580726064173883
2014-05-01,0.4583235963544377
2014-05-02,0.4573905530531914
2014-05-05,0.4571858249535795
2014-05-06,0.4551196133134186
2014-05-07,0.4563869182683538
2014-05-08,0.4560067984595587
2014-05-09,0.456050936509538
2014-05-12,0.456794177254943
2014-05-13,0.4570053205615106
2014-05-14,0.4573016091943317
2014-05-15,0.4568426428660486
2014-05-16,0.4568489584635753
2014-05-19,0.4570156774771378
2014-05-20,0.45718961762269
2014-05-21,0.457987116867579
2014-05-22,0.458366386889444
2014-05-23,0.4579170652171727
2014-05-27,0.4580726064173883
2014-05-28,0.4583294761611888
2014-05-29,0.4580405594096703
2014-05-30,0.4571544457138931
2014-06-02,0.4568553205301167
2014-06-03,0.4563892486746417
2014-06-04,0.4562211288078199
2014-06-05,0.4566023029637173
2014-06-06,0.4565596587594916
2014-06-09,0.4561341325715624
2014-06-10,0.4558385699503371
2014-06-11,0.4553313536297797
2014-06-12,0.4554167124830698
2014-06-13,0.4563107117712805
2014-06-16,0.4562251991615929
2014-06-17,0.4559690637995269
2014-06-18,0.4551196133134186
2014-06-19,0.4552470767893246
2014-06-20,0.4543158081755376
2014-06-23,0.4542299085388006
2014-06-24,0.4536435224059017
2014-06-25,0.453682784401299
2014-06-26,0.4546112531124081
2014-06-27,0.4541455550336684
2014-06-30,0.4541473441386765
2014-07-01,0.4536243420631459
2014-07-02,0.4554617459657986
2014-07-03,0.4544398280545524
2014-07-07,0.4531901723397326
2014-07-08,0.4538792098381369
2014-07-09,0.4531865710761804
2014-07-10,0.4531829563440152
2014-07-11,0.4541310016137395
2014-07-14,0.4549059311688568
2014-07-15,0.4522325288400886
2014-07-16,0.4532613438116241
2014-07-17,0.4534516702989267
2014-07-18,0.4536215612477804
2014-07-21,0.4519777201297318
2014-07-22,0.4522697188079679
2014-07-23,0.4530550729158194
2014-07-24,0.4532717531929288
2014-07-25,0.4533109917581867
2014-07-28,0.4529577859060827
2014-07-29,0.4527866966285134
2014-07-30,0.4524027378633819
2014-07-31,0.451880809068434
2014-08-01,0.4520937246458801
2014-08-04,0.4526492890969227
2014-08-05,0.4530786083032173
2014-08-06,0.4534328636121812
2014-08-07,0.4522325288400886
2014-08-08,0.4524830011198028
2014-08-11,0.4522643617347083
2014-08-12,0.4522643617347083
2014-08-13,0.4523017655223196
2014-08-14,0.4527823091322628
2014-08-15,0.4522750558164811
2014-08-18,0.452062589172867
2014-08-19,0.4519353107677177
2014-08-20,0.4523653203333
2014-08-21,0.4518505423085268
2014-08-22,0.4514630895010271
2014-08-25,0.4520201462611604
2014-08-26,0.4527528506065296
2014-08-27,0.4530512073509127
2014-08-28,0.4522750558164811
2014-08-29,0.4528764197751979
2014-09-02,0.4527910676833773
2014-09-03,0.4524503350139547
2014-09-04,0.4524928675890599
2014-09-05,0.4514850074346827
2014-09-08,0.4513645007015479
2014-09-09,0.450629039834179
2014-09-10,0.4509756669505675
2014-09-11,0.4512940435646079
2014-09-12,0.450553061832424
2014-09-15,0.4511875976308678
2014-09-16,0.4510603888425433
2014-09-17,0.4512227163418094
2014-09-18,0.4505108931271124
2014-09-19,0.4501648834047534
2014-09-22,0.4498930093103622
2014-09-23,0.4494088800376722
2014-09-24,0.4496516657220262
2014-09-25,0.4503487922316377
2014-09-26,0.4507312641387518
2014-09-29,0.4509870082836464
2014-09-30,0.4510723924564816
2014-10-01,0.4523497820639101
2014-10-02,0.4510723924564816
2014-10-03,0.4524780400374854
2014-10-06,0.4525636304690373
2014-10-07,0.4526492890969227
2014-10-08,0.4527910676833773
2014-10-09,0.4531291475318961
2014-10-10,0.4530045749631557
2014-10-13,0.4535616827661841
2014-10-14,0.4543811266625873
2014-10-15,0.4544677464485315
2014-10-16,0.4551629644891325
2014-10-17,0.4555956347267329
2014-10-20,0.4566794237316686
2014-10-21,0.4561984105247973
2014-10-22,0.4561117115911056
2014-10-23,0.456461441333907
2014-10-24,0.4570692167609397
2014-10-27,0.4563263246751173
2014-10-28,0.4562829964171799
2014-10-29,0.4565866568760351
2014-10-30,0.4564178971449762
2014-10-31,0.4562873689542839
2014-11-03,0.4562873689542839
2014-11-04,0.4563767337271162
2014-11-05,0.457458947354236
2014-11-06,0.4576733013321162
2014-11-07,0.4584456053165978
2014-11-10,0.4580841833377336
2014-11-11,0.458040638422814
2014-11-12,0.4577747821322153
2014-11-13,0.4580676725132548
2014-11-14,0.4590100991066099
2014-11-17,0.4585757388712794
2014-11-18,0.4595172309652409
2014-11-19,0.4580189918202548
2014-11-20,0.4571301766596289
2014-11-21,0.4578666317550249
2014-11-24,0.4583712469442532
2014-11-25,0.4585757388712794
2014-11-26,0.4580622096989692
2014-11-28,0.4577698505931068
2014-12-01,0.4572949212143142
2014-12-02,0.4572597791709412
2014-12-03,0.4571376787092516
2014-12-04,0.456711085628013
2014-12-05,0.4563263246751173
2014-12-08,0.456844375052201
2014-12-09,0.457011269771931
2014-12-10,0.4561531150337747
2014-12-11,0.4556824087786801
2014-12-12,0.4545987903180297
2014-12-15,0.4545565628470541
2014-12-16,0.4529191212201457
2014-12-17,0.4524302109600713
2014-12-18,0.4519849663999397
2014-12-19,0.4524961400228881
2014-12-22,0.4531460513089284
2014-12-23,0.4531026015881553
2014-12-24,0.4541121866405126
2014-12-26,0.4536308446106742
2014-12-29,0.4524097811607409
2014-12-30,0.4521454789208585
2014-12-31,0.4521886265506724
2015-01-02,0.4521567403533985
2015-01-05,0.4516850222013578
2015-01-06,0.4518081831896708
2015-01-07,0.451929345776544
2015-01-08,0.4526585579727828
2015-01-09,0.4525684327116324
2015-01-12,0.4523925177133909
2015-01-13,0.4513149578215689
2015-01-14,0.4513999488736512
2015-01-15,0.4513999488736512
2015-01-16,0.4520880305656835
2015-01-20,0.4521307435315481
2015-01-21,0.4522271131148057
2015-01-22,0.4523925177133909
2015-01-23,0.4523925177133909
2015-01-26,0.4511875976308678
2015-01-27,0.4501368986107689
2015-01-28,0.4495885110255397
2015-01-29,0.4506036212269433
2015-01-30,0.4501792436717453
2015-02-02,0.4499482294430154
2015-02-03,0.4493450519256852
2015-02-04,0.4484655381984223
2015-02-05,0.4481444744240563
2015-02-06,0.4479486583049107
2015-02-09,0.4488643263973839
2015-02-10,0.4489068231303854
2015-02-11,0.448176275439606
2015-02-12,0.4469718107445296
2015-02-13,0.4476527201530094
2015-02-17,0.4467279393728702
2015-02-18,0.4477519154325729
2015-02-19,0.4474539363062862
2015-02-20,0.4471567951724288
2015-02-23,0.4474114363574277
2015-02-24,0.4492249610098272
2015-02-25,0.4502606032453756
2015-02-26,0.4502881730902509
2015-02-27,0.4507312641387518
2015-03-02,0.4506461519188877
2015-03-03,0.4508937076309995
2015-03-04,0.4506719089068163
2015-03-05,0.4501180657856644
2015-03-06,0.4497159264990008
2015-03-09,0.4486097026854657
2015-03-10,0.4502030855234613
2015-03-11,0.4506719089068163
2015-03-12,0.451207997722727
2015-03-13,0.4502790179717534
2015-03-16,0.450321666073198
2015-03-17,0.4510800310931471
2015-03-18,0.4509364363065108
2015-03-19,0.4531646779844749
2015-03-20,0.4540434517301714
2015-03-23,0.4521363584994838
2015-03-24,0.4531865710761804
2015-03-25,0.4531865710761804
2015-03-26,0.4531865710761804
2015-03-27,0.4530550729158194
2015-03-30,0.4522697188079679
2015-03-31,0.4526539322457104
2015-04-01,0.4526446284278105
2015-04-02,0.4518624740457161
2015-04-06,0.4522107433381879
2015-04-07,0.4517832453015065
2015-04-08,0.4516553274352841
2015-04-09,0.4514781611429783
2015-04-10,0.4519599935672048
2015-04-13,0.4542149198839288
2015-04-14,0.4543480351716432
2015-04-15,0.4536243420631459
2015-04-16,0.4539239688777918
2015-04-17,0.4539239688777918
2015-04-20,0.4520682977388635
2015-04-21,0.4521530775294095
2015-04-22,0.4529739100263196
2015-04-23,0.4519168667288736
2015-04-24,0.4516647173405723
2015-04-27,0.4516227500404055
2015-04-28,0.4517003628576915
2015-04-29,0.4522539904446136
2015-04-30,0.4518448987581979
2015-05-01,0.4519706374755196
2015-05-04,0.4519706374755196
2015-05-05,0.4520965237228697
2015-05-06,0.4529435982249579
2015-05-07,0.4534092393469836
2015-05-08,0.4533668250876134
2015-05-11,0.4522171848931686
2015-05-12,0.4521750802205487
2015-05-13,0.4517968796368286
2015-05-14,0.4522117920358238
2015-05-15,0.4522117920358238
2015-05-18,0.4526949482001101
2015-05-19,0.4522279108189412
2015-05-20,0.4513993863292465
2015-05-21,0.4513993863292465
2015-05-22,0.4515676383857275
2015-05-26,0.4502525636771229
2015-05-27,0.4480408527239127
2015-05-28,0.447862310443576
2015-05-29,0.4485449927975291
2015-06-01,0.4491451855046952
2015-06-02,0.4481838910382283
2015-06-03,0.447458410979762
2015-06-04,0.4478915720808517
2015-06-05,0.4480179477308331
2015-06-08,0.4473309832886367
2015-06-09,0.4469230799157778
2015-06-10,0.4466975363470145
2015-06-11,0.447133100010978
2015-06-12,0.4477092955334792
2015-06-15,0.4473309832886367
2015-06-16,0.4457493622701047
2015-06-17,0.4451681740354593
2015-06-18,0.4454146211441169
2015-06-19,0.4464131240592826
2015-06-22,0.4470758104720828
2015-06-23,0.4470070377913879
2015-06-24,0.4468811260264942
2015-06-25,0.447133100010978
2015-06-26,0.4472742006830552
2015-06-29,0.4497887217636636
2015-06-30,0.4497887217636636
2015-07-01,0.4498634126615446
2015-07-02,0.4497464501344378
2015-07-06,0.4497143707343413
2015-07-07,0.4502912714277822
2015-07-08,0.4504687410707005
2015-07-09,0.4510409741929425
2015-07-10,0.4510831108744166
2015-07-13,0.4509834249426572
2015-07-14,0.4509644989574402
2015-07-15,0.4502161777568598
2015-07-16,0.4502582301456383
2015-07-17,0.4510409741929425
2015-07-20,0.4510485687630666
2015-07-21,0.4515610212164335
2015-07-22,0.4516032027045139
2015-07-23,0.4513503625613542
2015-07-24,0.4493571405787908
2015-07-27,0.4510981180948726
2015-07-28,0.4514277024966886
2015-07-29,0.4517235151193132
2015-07-30,0.4505867602964615
2015-07-31,0.4522486550130924
2015-08-03,0.4531901723397326
2015-08-04,0.4518444209453965
2015-08-05,0.4532008960673002
2015-08-06,0.4511327047000839
2015-08-07,0.4510906284598261
2015-08-10,0.4535395197299563
2015-08-11,0.4537092311348635
2015-08-12,0.4546918760986533
2015-08-13,0.4540534226388399
2015-08-14,0.4521586089726148
2015-08-17,0.4555474479232341
2015-08-18,0.4557596173410878
2015-08-19,0.4552477866528748
2015-08-20,0.4545190224095466
2015-08-21,0.4542166101827757
2015-08-24,0.4552895979215993
2015-08-25,0.4558359373487788
2015-08-26,0.4556689749265032
2015-08-27,0.4572361606953186
2015-08-28,0.4580726064173883
2015-08-31,0.4580726064173883
2015-09-01,0.4591529255278685
2015-09-02,0.4592813936375555
2015-09-03,0.4597882239752237
2015-09-04,0.4592738054812654
2015-09-08,0.4606006801356023
2015-09-09,0.461062790400452
2015-09-10,0.4601142250604235
2015-09-11,0.4596593937510051
2015-09-14,0.4591735252758768
2015-09-15,0.459138253014493
2015-09-16,0.4595573857685943
2015-09-17,0.4597712216948447
2015-09-18,0.4598997228579825
2015-09-21,0.4598997228579825
2015-09-22,0.4601142250604235
2015-09-23,0.4596939637323965
2015-09-24,0.4597368271833824
2015-09-25,0.4593943860585474
2015-09-28,0.4592662449464186
2015-09-29,0.4606106632347739
2015-09-30,0.4606106632347739
2015-10-01,0.4565352643037842
2015-10-02,0.4558506601460991
2015-10-05,0.4555506530467597
2015-10-06,0.4557656053212239
2015-10-07,0.4558520286484991
2015-10-08,0.4565432249465525
2015-10-09,0.4561080066705258
2015-10-12,0.4550764420335695
2015-10-13,0.455033287937408
2015-10-14,0.4543839039566688
2015-10-15,0.4540765365867301
2015-10-16,0.4539900658485724
2015-10-19,0.4513217644647155
2015-10-20,0.4508964557453587
2015-10-21,0.4503371333395671
2015-10-22,0.4503619094618626
2015-10-23,0.4506724928891674
2015-10-26,0.4505862649323394
2015-10-27,0.4503034099350734
2015-10-28,0.4502606032453756
2015-10-29,0.4503279981040995
2015-10-30,0.4500412889341683
2015-11-02,0.4500412889341683
2015-11-03,0.4503868861103807
2015-11-04,0.4500118863630568
2015-11-05,0.4516995379843025
2015-11-06,0.451725738036787
2015-11-09,0.4511837783355205
2015-11-10,0.4510892262034591
2015-11-11,0.4510892262034591
2015-11-12,0.4508720984514319
2015-11-13,0.4512421147288375
2015-11-16,0.4482115949131668
2015-11-17,0.4481684471749496
2015-11-18,0.4482249475744311
2015-11-19,0.4464678420547919
2015-11-20,0.4469312183602237
2015-11-23,0.4473778597797271
2015-11-24,0.4471930619237397
2015-11-25,0.4476948052297778
2015-11-27,0.4484319482164889
2015-11-30,0.4463907964517181
2015-12-01,0.4476661796228228
2015-12-02,0.4457265284022602
2015-12-03,0.4449154409120562
2015-12-04,0.4447464478513116
2015-12-07,0.4456525668383536
2015-12-08,0.4461045999258769
2015-12-09,0.4469698286989389
2015-12-10,0.446537256615662
2015-12-11,0.4462355095679
2015-12-14,0.4479822230817468
2015-12-15,0.4462355095679
2015-12-16,0.447637589385876
2015-12-17,0.4462355095679
2015-12-18,0.4460280441618987
2015-12-21,0.4459849174884565
2015-12-22,0.4430658046883677
2015-12-23,0.442673369866008
2015-12-24,0.4423299228539618
2015-12-28,0.4415602074980102
2015-12-29,0.4410422638056858
2015-12-30,0.4410422638056858
2015-12-31,0.4415602074980102
2016-01-04,0.4420122288415971
2016-01-05,0.441446303763918
2016-01-06,0.4413042531094148
2016-01-07,0.4415925258921579
2016-01-08,0.4417230164194229
2016-01-11,0.4414346605625784
2016-01-12,0.4411893460753626
2016-01-13,0.4416087931580864
2016-01-14,0.4415652325437102
2016-01-15,0.4418167816854287
2016-01-19,0.4423521386773091
2016-01-20,0.4423082646986873
2016-01-21,0.44199231394145
2016-01-22,0.441630627604439
2016-01-25,0.4416141687896961
2016-01-26,0.4415703230984046
2016-01-27,0.441752131502487
2016-01-28,0.4412670645561954
2016-01-29,0.4417458173462232
2016-02-01,0.4420189155990666
2016-02-02,0.4422383316146693
2016-02-03,0.4422383316146693
2016-02-04,0.4429295788967597
2016-02-05,0.4421505095140912
2016-02-08,0.4423262280947561
2016-02-09,0.4422383316146693
2016-02-10,0.4422299644021561
2016-02-11,0.443417325364451
2016-02-12,0.4430419275030321
2016-02-16,0.4420801916343404
2016-02-17,0.4422561706675356
2016-02-18,0.4424949999479649
2016-02-19,0.4429382338631581
2016-02-22,0.4433183508342197
2016-02-23,0.4447889609711903
2016-02-24,0.4427163806753826
2016-02-25,0.4415919564249284
2016-02-26,0.442487692803421
2016-02-29,0.4433220818332651
2016-03-01,0.4432738761381518
2016-03-02,0.4438982554027564
2016-03-03,0.4450396668596251
2016-03-04,0.4448152473485771
2016-03-07,0.4438995059899145
2016-03-08,0.4429132818440527
2016-03-09,0.4435382052225218
2016-03-10,0.4436513583440774
2016-03-11,0.4437856141218801
2016-03-14,0.4438752140481281
2016-03-15,0.4456706093123788
2016-03-16,0.4450225882645102
2016-03-17,0.4453849400268277
2016-03-18,0.4466698099820471
2016-03-21,0.447525898262419
2016-03-22,0.447280949191186
2016-03-23,0.4474643136226344
2016-03-24,0.4473428186915748
2016-03-28,0.447525898262419
2016-03-29,0.4478470525216471
2016-03-30,0.4478470525216471
2016-03-31,0.4478470525216471
2016-04-01,0.4478161958151677
2016-04-04,0.4483356277247787
2016-04-05,0.4490985397961187
2016-04-06,0.4490985397961187
2016-04-07,0.4491907807322099
2016-04-08,0.4492831017892922
2016-04-11,0.4491446502561634
2016-04-12,0.4484413706203572
2016-04-13,0.4474343188208759
2016-04-14,0.4480310079471815
2016-04-15,0.4481691845954868
2016-04-18,0.4489937643250604
2016-04-19,0.4499992593940374
2016-04-20,0.4485791996570107
2016-04-21,0.4463508520459161
2016-04-22,0.4461050669467954
2016-04-25,0.4452489113307405
2016-04-26,0.4454757239124556
2016-04-27,0.4474044603874774
2016-04-28,0.4478769724235497
2016-04-29,0.4462689118449842
2016-05-02,0.4472970983338387
2016-05-03,0.4470813223345687
2016-05-04,0.4473106357762029
2016-05-05,0.4470813223345687
2016-05-06,0.4473106357762029
2016-05-09,0.4462505717443852
2016-05-10,0.4452786648536251
2016-05-11,0.4449842751452162
2016-05-12,0.4440983689316625
2016-05-13,0.4445781324482717
2016-05-16,0.4450335712279717
2016-05-17,0.4451252397511671
2016-05-18,0.4445781324482717
2016-05-19,0.4441436843747957
2016-05-20,0.4441206723066976
2016-05-23,0.4437070044057663
2016-05-24,0.4442123469766494
2016-05-25,0.4438224755731635
2016-05-26,0.4436829674840551
2016-05-27,0.4443046109923022
2016-05-31,0.4444891797834128
2016-06-01,0.4450161148399906
2016-06-02,0.4445101371390341
2016-06-03,0.4423969131639073
2016-06-06,0.4420330069638977
2016-06-07,0.4418690764862247
2016-06-08,0.4413252472346065
2016-06-09,0.4410388041617117
2016-06-10,0.4409797288374399
2016-06-13,0.4403185945507432
2016-06-14,0.4411604887414539
2016-06-15,0.4409047757940632
2016-06-16,0.4404678703507987
2016-06-17,0.4399277333270378
2016-06-20,0.4402875099547699
2016-06-21,0.4395038448520194
2016-06-22,0.4386295604587983
2016-06-23,0.4403553076083032
2016-06-24,0.4406213450557504
2016-06-27,0.4429103339931825
2016-06-28,0.4428911746944413
2016-06-29,0.4432416462240311
2016-06-30,0.4427539721418552
2016-07-01,0.4415540395787683
2016-07-05,0.4418437164122625
2016-07-06,0.4427037993283665
2016-07-07,0.4425462953844827
2016-07-08,0.4420269986255334
2016-07-11,0.4416912296688861
2016-07-12,0.4416141687896961
2016-07-13,0.441471071690753
2016-07-14,0.4418066053646495
2016-07-15,0.4423442722154992
2016-07-18,0.440988366681768
2016-07-19,0.440637764431364
2016-07-20,0.4420619973290425
2016-07-21,0.4417963413736676
2016-07-22,0.4422838982760923
2016-07-25,0.4426210328922867
2016-07-26,0.4437873513200164
2016-07-27,0.4436326051662159
2016-07-28,0.4444560280532801
2016-07-29,0.4445665081687315
2016-08-01,0.445076957502968
2016-08-02,0.4450083812977047
2016-08-03,0.4451862992570433
2016-08-04,0.4452753715995138
2016-08-05,0.444632248173746
2016-08-08,0.4443888858459105
2016-08-09,0.4449672641608104
2016-08-10,0.4459010039635152
2016-08-11,0.4463857737406306
2016-08-12,0.4462333208622902
2016-08-15,0.4461618219683393
2016-08-16,0.4459383459649259
2016-08-17,0.4463409452449537
2016-08-18,0.4469135394601499
2016-08-19,0.4470033245573594
2016-08-22,0.4478141820501144
2016-08-23,0.447843606409687
2016-08-24,0.448396135282754
2016-08-25,0.4481716759190573
2016-08-26,0.4463140005903379
2016-08-29,0.4464210837197706
2016-08-30,0.447036095385341
2016-08-31,0.4473206255856961
2016-09-01,0.447783581995235
2016-09-02,0.4468126460045718
2016-09-06,0.4479332418170971
2016-09-07,0.449100149064497
2016-09-08,0.4492342772783396
2016-09-09,0.4495142557107203
2016-09-12,0.4498044269288639
2016-09-13,0.4501178056252077
2016-09-14,0.4515311955535389
2016-09-15,0.451576451541972
2016-09-16,0.4511167634847351
2016-09-19,0.4514407408915458
2016-09-20,0.4510877272600829
2016-09-21,0.4514859586744681
2016-09-22,0.4516563563462337
2016-09-23,0.4518358809213857
2016-09-26,0.451880809068434
2016-09-27,0.4519130418569126
2016-09-28,0.4517259136988975
2016-09-29,0.4517843635363255
2016-09-30,0.4513203752780654
2016-10-03,0.4505761715059977
2016-10-04,0.4486284067906751
2016-10-05,0.449076014744229
2016-10-06,0.4493454876721193
2016-10-07,0.4501878362176436
2016-10-10,0.4490554772553049
2016-10-11,0.4489538866823281
2016-10-12,0.4486153952277141
2016-10-13,0.44864718134721
2016-10-14,0.4484545166983954
2016-10-17,0.4486791089451255
2016-10-18,0.4482614026128484
2016-10-19,0.4481886226351169
2016-10-20,0.4477692179494476
2016-10-21,0.4482787385506836
2016-10-24,0.4486210709591318
2016-10-25,0.448292544319866
2016-10-26,0.448607936599833
2016-10-27,0.4479041676229386
2016-10-28,0.4484592006137375
2016-10-31,0.4477242729548512
2016-11-01,0.4472731391464649
2016-11-02,0.4476642818420471
2016-11-03,0.4504396953285343
2016-11-04,0.4509851643159633
2016-11-07,0.4506576424958478
2016-11-08,0.4498653435554788
2016-11-09,0.4483868086376641
2016-11-10,0.448072383725389
2016-11-11,0.447468940370795
2016-11-14,0.4468968789056571
2016-11-15,0.4473023059832789
2016-11-16,0.4476339676287006
2016-11-17,0.4471381456333884
2016-11-18,0.4477092955334792
2016-11-21,0.4484726535788821
2016-11-22,0.4489819629151074
2016-11-23,0.4498653435554788
2016-11-25,0.4476047315869084
2016-11-28,0.4473946014831153
2016-11-29,0.447799380435087
2016-11-30,0.446323095142342
2016-12-01,0.4448099053410673
2016-12-02,0.4465278252544127
2016-12-05,0.4473339804405989
2016-12-06,0.447363230798855
2016-12-07,0.4483100519758474
2016-12-08,0.447934651785304
2016-12-09,0.4472600189976304
2016-12-12,0.4475293556448282
2016-12-13,0.4478296783109147
2016-12-14,0.445689874835187
2016-12-15,0.4445220743008937
2016-12-16,0.4422299644021561
2016-12-19,0.4423363381018326
2016-12-20,0.4412230800957421
2016-12-21,0.4424432841136573
2016-12-22,0.4423806048177283
2016-12-23,0.4426277717816685
2016-12-27,0.4430517871367462
2016-12-28,0.4428744565151543
2016-12-29,0.4434073572284751
2016-12-30,0.4434107084165348
2017-01-03,0.4445018659963681
2017-01-04,0.4428359794686182
2017-01-05,0.4433220818332651
2017-01-06,0.4436770412430857
2017-01-09,0.4431892831829462
2017-01-10,0.443012481384357
2017-01-11,0.4428800768791766
2017-01-12,0.443012481384357
2017-01-13,0.4422036511026977
2017-01-17,0.441077881402956
2017-01-18,0.4400767928546812
2017-01-19,0.4398252838390054
2017-01-20,0.4407252506269715
2017-01-23,0.4402262394367201
2017-01-24,0.4410048815084162
2017-01-25,0.4390569026792296
2017-01-26,0.43872626091888
2017-01-27,0.4388349754667719
2017-01-30,0.4375906125239405
2017-01-31,0.4377308466535185
2017-02-01,0.4380410046457741
2017-02-02,0.4384125742175008
2017-02-03,0.4381563659921386
2017-02-06,0.4385995746658963
2017-02-07,0.4385107793543877
2017-02-08,0.4395773166962782
2017-02-09,0.4388897428309194
2017-02-10,0.4398124434451074
2017-02-13,0.4382539678107903
2017-02-14,0.4391673590814984
2017-02-15,0.4368616278377283
2017-02-16,0.4357795405483966
2017-02-17,0.4362646974114643
2017-02-21,0.4359116263353228
2017-02-22,0.4347770083155161
2017-02-23,0.4350394437653596
2017-02-24,0.4350394437653596
2017-02-27,0.4353477946270368
2017-02-28,0.4360880084709164
2017-03-01,0.4366136063782421
2017-03-02,0.4366244172038783
2017-03-03,0.4362340002011943
2017-03-06,0.4350003893802812
2017-03-07,0.4343386629280672
2017-03-08,0.4348689987109518
2017-03-09,0.4341617440943812
2017-03-10,0.4343830708556686
2017-03-13,0.4350945925439308
2017-03-14,0.4347826854734651
2017-03-15,0.4341167030229174
2017-03-16,0.4336706888041461
2017-03-17,0.4337164833897998
2017-03-20,0.4341162831128018
2017-03-21,0.435048199563911
2017-03-22,0.4348271847866324
2017-03-23,0.434250007812217
2017-03-24,0.4346946868663096
2017-03-27,0.4342057624630605
2017-03-28,0.4339400713080711
2017-03-29,0.4347371642901796
2017-03-30,0.4342944819032518
2017-03-31,0.4331884742264512
2017-04-03,0.4338063420220913
2017-04-04,0.4346946868663096
2017-04-05,0.4337620826446369
2017-04-06,0.4340273016145973
2017-04-07,0.4359010779628866
2017-04-10,0.4369160582608316
2017-04-11,0.436064404736749
2017-04-12,0.436064404736749
2017-04-13,0.4359712386836182
2017-04-17,0.4356190166143672
2017-04-18,0.436023834060472
2017-04-19,0.4356666803828012
2017-04-20,0.4359344277556303
2017-04-21,0.435759290253314
2017-04-24,0.4353627085976194
2017-04-25,0.4349177096804496
2017-04-26,0.4347403033968807
2017-04-27,0.4349655417016005
2017-04-28,0.4357213038027361
2017-05-01,0.4351880995975352
2017-05-02,0.4356378849170495
2017-05-03,0.4369347183152292
2017-05-04,0.4368893919126916
2017-05-05,0.4356829734097264
2017-05-08,0.4351002897551591
2017-05-09,0.4355477680269947
2017-05-10,0.4347413596824395
2017-05-11,0.4347861563468941
2017-05-12,0.4340707257690211
2017-05-15,0.4323726720021223
2017-05-16,0.4329085989695855
2017-05-17,0.4351838857101387
2017-05-18,0.4351859876744018
2017-05-19,0.434383910933391
2017-05-22,0.4346984969014504
2017-05-23,0.4349671371926042
2017-05-24,0.4345182031599458
2017-05-25,0.4333113251232425
2017-05-26,0.4333558064639098
2017-05-30,0.4323726720021223
2017-05-31,0.4328267939756828
2017-06-01,0.4327826511859413
2017-06-02,0.4328267939756828
2017-06-05,0.4328709561793447
2017-06-06,0.4321413804649677
2017-06-07,0.4320083323464163
2017-06-08,0.4329974370346721
2017-06-09,0.4329019978372982
2017-06-12,0.4325861543552817
2017-06-13,0.4315910082102147
2017-06-14,0.4329433987552963
2017-06-15,0.4328986736332419
2017-06-16,0.4332595083706199
2017-06-19,0.4333513361579606
2017-06-20,0.4329466171579528
2017-06-21,0.4327237185354617
2017-06-22,0.431584534239574
2017-06-23,0.4310434630489502
2017-06-26,0.4312658513109605
2017-06-27,0.4330776937081348
2017-06-28,0.4317183068510771
2017-06-29,0.432255192802695
2017-06-30,0.4327048057577581
2017-07-03,0.432165511674438
2017-07-05,0.4310724704737824
2017-07-06,0.4304048350806022
2017-07-07,0.4295314199432452
2017-07-10,0.4295643474148837
2017-07-11,0.4297975587048758
2017-07-12,0.4297975587048758
2017-07-13,0.4305735032404028
2017-07-14,0.4308411283514611
2017-07-17,0.4304844543798801
2017-07-18,0.429819115843611
2017-07-19,0.4313549454974275
2017-07-20,0.4316674022605292
2017-07-21,0.4320705721144388
2017-07-24,0.432295258848875
2017-07-25,0.4331196909631326
2017-07-26,0.4339332842251622
2017-07-27,0.4337053737464551
2017-07-28,0.4344302650446869
2017-07-31,0.4354234524367608
2017-08-01,0.4358710224365954
2017-08-02,0.4359578813669608
2017-08-03,0.4359578813669608
2017-08-04,0.4356021282531717
2017-08-07,0.4358747965466026
2017-08-08,0.4353252691743591
2017-08-09,0.4336632326445581
2017-08-10,0.4351880995975352
2017-08-11,0.4354154010479851
2017-08-14,0.434742420985206
2017-08-15,0.4350571636305436
2017-08-16,0.4351944958329844
2017-08-17,0.434922153993195
2017-08-18,0.4352802332894833
2017-08-21,0.4346984969014504
2017-08-22,0.4346093250649266
2017-08-23,0.4347445587860306
2017-08-24,0.4341595279998816
2017-08-25,0.4340247543745159
2017-08-28,0.4346093250649266
2017-08-29,0.4326791981330289
2017-08-30,0.4312802994472807
2017-08-31,0.4315910082102147
2017-09-01,0.4315087876244153
2017-09-05,0.4309626193494566
2017-09-06,0.4308576881315404
2017-09-07,0.429819115843611
2017-09-08,0.4304048350806022
2017-09-11,0.4301734091340488
2017-09-12,0.4308411283514611
2017-09-13,0.4298864303459751
2017-09-14,0.4307072259616059
2017-09-15,0.4305735032404028
2017-09-18,0.4293424897838462
2017-09-19,0.4292096130152783
2017-09-20,0.430296990260034
2017-09-21,0.4285340689477951
2017-09-22,0.4289002582918507
2017-09-25,0.4284599931035225
2017-09-26,0.4284301347646225
2017-09-27,0.4292339767454977
2017-09-28,0.4290012746914253
2017-09-29,0.4282554949644219
2017-10-02,0.4284760180160514
2017-10-03,0.4289314999371511
2017-10-04,0.4286970340432962
2017-10-05,0.4285643651684175
2017-10-06,0.4296644001530795
2017-10-09,0.4300847173734389
2017-10-10,0.4307244163654847
2017-10-11,0.4291335454464933
2017-10-12,0.4301390289791921
2017-10-13,0.4315974513218584
2017-10-16,0.4330448494748175
2017-10-17,0.4325182013554692
2017-10-18,0.4334950560278884
2017-10-19,0.4343830708556686
2017-10-20,0.4340733491385735
2017-10-23,0.4339417284111793
2017-10-24,0.4341620547518662
2017-10-25,0.4344267730038968
2017-10-26,0.4339417284111793
2017-10-27,0.4343826567077749
2017-10-30,0.4340304187979205
2017-10-31,0.4333251059709166
2017-11-01,0.432438939756066
2017-11-02,0.4322639956310221
2017-11-03,0.4317785946920449
2017-11-06,0.431467325907978
2017-11-07,0.4320789954424964
2017-11-08,0.4320789954424964
2017-11-09,0.4308351448213034
2017-11-10,0.4309223689249621
2017-11-13,0.4297191393263408
2017-11-14,0.4308187987926508
2017-11-15,0.4297191393263408
2017-11-16,0.429436114434342
2017-11-17,0.4294796284283768
2017-11-20,0.4301106755687689
2017-11-21,0.429816565425298
2017-11-22,0.4292426821504675
2017-11-24,0.4286262978939952
2017-11-27,0.4284542634413625
2017-11-28,0.428368358338248
2017-11-29,0.4284405302520489
2017-11-30,0.4258788193766458
2017-12-01,0.4259215146697263
2017-12-04,0.4251126336652509
2017-12-05,0.4252617690473544
2017-12-06,0.4246879329150687
2017-12-07,0.4236178608176947
2017-12-08,0.4251335475480831
2017-12-11,0.4239996118829186
2017-12-12,0.4247475547985262
2017-12-13,0.4244915655158387
2017-12-14,0.426557864362285
2017-12-15,0.4263923945186003
2017-12-18,0.4266501938973084
2017-12-19,0.4274007218320131
2017-12-20,0.4276171898137256
2017-12-21,0.4274439773938301
2017-12-22,0.4274602031281177
2017-12-26,0.4270294853479333
2017-12-27,0.4292622490950445
2017-12-28,0.4297191393263408
2017-12-29,0.4292545241778711
2018-01-02,0.4277075076958774
2018-01-03,0.4269865170827078
2018-01-04,0.4281536090444669
2018-01-05,0.4271492667332136
2018-01-08,0.4268324480415326
2018-01-09,0.4273206963979643
2018-01-10,0.4289961908797782
2018-01-11,0.4296219628713296
2018-01-12,0.4296650368504095
2018-01-16,0.4297081295240341
2018-01-17,0.4292114218394703
2018-01-18,0.4289837580783932
2018-01-19,0.4294703173392519
2018-01-22,0.4299136192051929
2018-01-23,0.4304092817901158
2018-01-24,0.4309816001843111
2018-01-25,0.4317785946920449
2018-01-26,0.4317903152261024
2018-01-29,0.4319205672052296
2018-01-30,0.4319205672052296
2018-01-31,0.4315238737646947
2018-02-01,0.4309340730205738
2018-02-02,0.4312780053647703
2018-02-05,0.433396251903097
2018-02-06,0.4332236387408725
2018-02-07,0.4327525603638997
2018-02-08,0.4331040052736901
2018-02-09,0.4349322608351699
2018-02-12,0.4330561658863146
2018-02-13,0.4319851585545921
2018-02-14,0.4326213307136981
2018-02-15,0.4336535283597333
2018-02-16,0.434123162224203
2018-02-20,0.4332615619868278
2018-02-21,0.4328242447878119
2018-02-22,0.4333880293719377
2018-02-23,0.4332138219972271
2018-02-26,0.4341223806093578
2018-02-27,0.4341219871213386
2018-02-28,0.434251429055354
2018-03-01,0.4340364399316653
2018-03-02,0.4346403581505644
2018-03-05,0.4347714616754741
2018-03-06,0.4347692785608811
2018-03-07,0.4353309128950042
2018-03-08,0.4338637967949525
2018-03-09,0.4336046931262902
2018-03-12,0.4334329813054372
2018-03-13,0.4338628110964393
2018-03-14,0.4341219871213386
2018-03-15,0.4333450677876336
2018-03-16,0.4334758818065427
2018-03-19,0.4345537779933285
2018-03-20,0.4352875156403647
2018-03-21,0.4348090194363776
2018-03-22,0.4347660411035753
2018-03-23,0.4350159756796458
2018-03-26,0.4350568613944403
2018-03-27,0.4348909611775781
2018-03-28,0.4342519148766888
2018-03-29,0.4343369709562015
2018-04-02,0.4352674700621617
2018-04-03,0.4353975497802831
2018-04-04,0.4354855815621969
2018-04-05,0.4359034824476017
2018-04-06,0.4360703564655845
2018-04-09,0.43623676325104
2018-04-10,0.4367813103338857
2018-04-11,0.4369521338186061
2018-04-12,0.4370070209791056
2018-04-13,0.4381473070739837
2018-04-16,0.4376027061112199
2018-04-17,0.4362928263875695
2018-04-18,0.4361640890301925
2018-04-19,0.4367231318313759
2018-04-20,0.4383816528066229
2018-04-23,0.4387632536022538
2018-04-24,0.4376176521225955
2018-04-25,0.4375237806558064
2018-04-26,0.4376533804994358
2018-04-27,0.4369761253022481
2018-04-30,0.435871429579186
2018-05-01,0.4365127574963257
2018-05-02,0.4364265362905992
2018-05-03,0.4365406513284375
2018-05-04,0.4360743465726138
2018-05-07,0.4356599707078748
2018-05-08,0.435871429579186
2018-05-09,0.4375237806558064
2018-05-10,0.4373873816405132
2018-05-11,0.4377244011306375
2018-05-14,0.4387332046528833
2018-05-15,0.4378887359156558
2018-05-16,0.4376383045158148
2018-05-17,0.437681343752306
2018-05-18,0.4386036657776723
2018-05-21,0.4373873816405132
2018-05-22,0.43857009779969
2018-05-23,0.4388629074060329
2018-05-24,0.4375952834086149
2018-05-25,0.4365783804540148
2018-05-29,0.4362749681055255
2018-05-30,0.436492868516472
2018-05-31,0.4361898993806219
2018-06-01,0.4368037407286513
2018-06-04,0.4365027682241683
2018-06-05,0.4344641630195288
2018-06-06,0.4340827808631293
2018-06-07,0.4338272296085119
2018-06-08,0.4334851258055887
2018-06-11,0.4345936309097055
2018-06-12,0.4351048451885237
2018-06-13,0.4351048451885237
2018-06-14,0.4354025346283487
2018-06-15,0.4364265362905992
2018-06-18,0.4370561917311182
2018-06-19,0.4368353482029889
2018-06-20,0.4367386491955061
2018-06-21,0.4365732704212051
2018-06-22,0.4370009391256694
2018-06-25,0.4363647352489366
2018-06-26,0.4365732704212051
2018-06-27,0.4384219639164068
2018-06-28,0.4382501816025011
2018-06-29,0.4371232441855155
2018-07-02,0.4368666862653628
2018-07-03,0.4368782392825669
2018-07-05,0.4367067832471699
2018-07-06,0.4366692919117289
2018-07-09,0.4361130207305776
2018-07-10,0.4364121731931872
2018-07-11,0.4364169393413817
2018-07-12,0.4365406513284375
2018-07-13,0.4364549812092906
2018-07-16,0.4362026835617669
2018-07-17,0.435988878571473
2018-07-18,0.4359461715310859
2018-07-19,0.4352249710665682
2018-07-20,0.435988878571473
2018-07-23,0.4353975497802831
2018-07-24,0.4352696572938553
2018-07-25,0.4353549010103464
2018-07-26,0.4337462095784957
2018-07-27,0.4342944819032518
2018-07-30,0.4339574852265775
2018-07-31,0.4338724695893538
2018-08-01,0.4345061517224688
2018-08-02,0.4348869462057613
2018-08-03,0.4350551532377142
2018-08-06,0.4348445119630428
2018-08-07,0.4340399225893375
2018-08-08,0.432766440340197
2018-08-09,0.4325099985339126
2018-08-10,0.4328507252764116
2018-08-13,0.4328539684179983
2018-08-14,0.4337028353601207
2018-08-15,0.4337028353601207
2018-08-16,0.4328960433637869
2018-08-17,0.4323372835692005
2018-08-20,0.4320376808890347
2018-08-21,0.432421591113384
2018-08-22,0.4323372835692005
2018-08-23,0.4326364164483104
2018-08-24,0.4332755128192139
2018-08-27,0.4334887652110474
2018-08-28,0.4337437466173766
2018-08-29,0.435392609582606
2018-08-30,0.4356416831742777
2018-08-31,0.435511903057362
2018-09-04,0.4352588183784933
2018-09-05,0.4372023950358962
2018-09-06,0.437402477318831
2018-09-07,0.4374451346784101
2018-09-10,0.4373666776515056
2018-09-11,0.4382501816025011
2018-09-12,0.4390043826966101
2018-09-13,0.4387894172940168
2018-09-14,0.4399483884048503
2018-09-17,0.4391762142823985
2018-09-18,0.4392727434841083
2018-09-19,0.4397092899030792
2018-09-20,0.4391334853619477
2018-09-21,0.4391334853619477
2018-09-24,0.4402801312275927
2018-09-25,0.4387694823884325
2018-09-26,0.4396903522680415
2018-09-27,0.4394014358374997
2018-09-28,0.4383944967367419
2018-10-01,0.438684011180759
2018-10-02,0.4384371954937028
2018-10-03,0.4388122447254176
2018-10-04,0.4390474298762256
2018-10-05,0.4389286710037063
2018-10-08,0.4388425065834842
2018-10-09,0.438232607950983
2018-10-10,0.4377365584677235
2018-10-11,0.4394758154678134
2018-10-12,0.4400520623219369
2018-10-15,0.440798609002005
2018-10-16,0.4431042805513341
2018-10-17,0.444038405158201
2018-10-18,0.444427172843821
2018-10-19,0.4443193068758063
2018-10-22,0.4435626034248813
2018-10-23,0.4434965329367731
2018-10-24,0.4466502939900452
2018-10-25,0.4462871762397433
2018-10-26,0.4468943097362013
2018-10-29,0.4459849174884565
2018-10-30,0.4462007279367112
2018-10-31,0.4455602532659062
2018-11-01,0.4453879153025403
2018-11-02,0.4457328746174984
2018-11-05,0.4459057801222546
2018-11-06,0.4462090508101025
2018-11-07,0.4481278331739139
2018-11-08,0.4480548569011802
2018-11-09,0.4485318526209481
2018-11-12,0.4482714069826518
2018-11-13,0.4484449662906428
2018-11-14,0.4484449662906428
2018-11-15,0.4488175146907961
2018-11-16,0.4484405458361697
2018-11-19,0.4487864175020129
2018-11-20,0.448479091715543
2018-11-21,0.44841037004799
2018-11-23,0.4487122564196201
2018-11-26,0.4484361781871852
2018-11-27,0.4485171952008082
2018-11-28,0.4485171952008082
2018-11-29,0.4488660967550331
2018-11-30,0.4482218707751458
2018-12-03,0.4471482177738867
2018-12-04,0.447345682464589
2018-12-06,0.4473582728750143
2018-12-07,0.447737427764017
2018-12-10,0.4466457851395893
2018-12-11,0.4470337129554389
2018-12-12,0.4466617571473314
2018-12-13,0.4466617571473314
2018-12-14,0.4471482177738867
2018-12-17,0.4471213937769216
2018-12-18,0.4471213937769216
2018-12-19,0.4469804741447423
2018-12-20,0.4475409895503333
2018-12-21,0.448461125799257
2018-12-24,0.4513434135407556
2018-12-26,0.4516484775761891
2018-12-27,0.4523691184364614
2018-12-28,0.4520602042945628
2018-12-31,0.4517611547680021
2019-01-02,0.4495662795111174
2019-01-03,0.4482393887468232
2019-01-04,0.4484604882814805
2019-01-07,0.4481473737533632
2019-01-08,0.4471611073914507
2019-01-09,0.4475439058692667
2019-01-10,0.4471579408289363
2019-01-11,0.4474613079792534
2019-01-14,0.4468028405797354
2019-01-15,0.4472696756173162
2019-01-16,0.4472817449703399
2019-01-17,0.4473787746069658
2019-01-18,0.4480932487851222
2019-01-22,0.4482582274271877
2019-01-23,0.4486423873172354
2019-01-24,0.4484358506697946
2019-01-25,0.4477916114726024
2019-01-28,0.4479844592570664
2019-01-29,0.4481913025207531
2019-01-30,0.448523094054271
2019-01-31,0.4490038248749549
2019-02-01,0.4491507998295121
2019-02-04,0.4484524536877641
2019-02-05,0.4474755197479413
2019-02-06,0.4486598149293236
2019-02-07,0.448382130222997
2019-02-08,0.4482995122644616
2019-02-11,0.4478884146222879
2019-02-12,0.4476817656539051
2019-02-13,0.4477643768015006
2019-02-14,0.4476126005631737
2019-02-15,0.4475013983105206
2019-02-19,0.4476260875769874
2019-02-20,0.4482357586589031
2019-02-21,0.4482902038735192
2019-02-22,0.4479993512224021
2019-02-25,0.4488024913522863
2019-02-26,0.4491062382318913
2019-02-27,0.4495351817680732
2019-02-28,0.4496811395862619
2019-03-01,0.4494828141152046
2019-03-04,0.4490227355757685
2019-03-05,0.4492316153799209
2019-03-06,0.4493044180387929
2019-03-07,0.4497128387894421
2019-03-08,0.4500575872877698
2019-03-11,0.4500575872877698
2019-03-12,0.4502582301456383
2019-03-13,0.4512096205890326
2019-03-14,0.4514767080294033
2019-03-15,0.4516389138667069
2019-03-18,0.4517487012682727
2019-03-19,0.452090920380665
2019-03-20,0.4522486550130924
2019-03-21,0.4516838202616037
2019-03-22,0.453855481270336
2019-03-25,0.4535597802572741
2019-03-26,0.4533056243118102
2019-03-27,0.4527083186137992
2019-03-28,0.452871649716115
2019-03-29,0.4532569718749084
2019-04-01,0.4522491265855248
2019-04-02,0.4513641841555904
2019-04-03,0.451868926796835
2019-04-04,0.452041050058585
2019-04-05,0.4514605738512778
2019-04-08,0.4511570473941406
2019-04-09,0.4512398540010166
2019-04-10,0.4490076898946271
2019-04-11,0.4477780193974479
2019-04-12,0.4470081706280442
2019-04-15,0.4483985504821838
2019-04-16,0.4470192229189486
2019-04-17,0.4476954765513358
2019-04-18,0.4475429450576288
2019-04-22,0.4477509240770392
2019-04-23,0.4480010399194335
2019-04-24,0.4471664632957066
2019-04-25,0.4464697798608409
2019-04-26,0.4466200711988402
2019-04-29,0.4468442762041301
2019-04-30,0.4470946815421579
2019-05-01,0.4469847299622821
2019-05-02,0.4469014453574181
2019-05-03,0.4471696112478749
2019-05-06,0.4474056944321627
2019-05-07,0.4476676833703161
2019-05-08,0.4465435679959232
2019-05-09,0.4465944641371855
2019-05-10,0.4457722543809094
2019-05-13,0.4482357586589031
2019-05-14,0.4486114210672772
2019-05-15,0.4488206988030856
2019-05-16,0.4490644786999576
2019-05-17,0.448569615010736
2019-05-20,0.4483481643684869
2019-05-21,0.4489277508484053
2019-05-22,0.4477092955334792
2019-05-23,0.4475429450576288
2019-05-24,0.4481811309529109
2019-05-28,0.4481263198344512
2019-05-29,0.4481681127650027
2019-05-30,0.4476396812890185
2019-05-31,0.4482902038735192
2019-06-03,0.4492008578683735
2019-06-04,0.449922274501445
2019-06-05,0.4501321226898053
2019-06-06,0.450553061832424
2019-06-07,0.4510679912243009
2019-06-10,0.4509068092760516
2019-06-11,0.4503844868615186
2019-06-12,0.4481681127650027
2019-06-13,0.448431779909458
2019-06-14,0.4479458664925643
2019-06-17,0.4483226869200503
2019-06-18,0.4485326121357373
2019-06-19,0.4491030875207053
2019-06-20,0.4491564036116247
2019-06-21,0.4491564036116247
2019-06-24,0.4488390505568279
2019-06-25,0.4495879385320765
2019-06-26,0.4491564036116247
2019-06-27,0.4494088800376722
2019-06-28,0.4505782414945428
2019-07-01,0.4508245562418998
2019-07-02,0.4510296918492997
2019-07-03,0.451764293987579
2019-07-05,0.4516356613055821
2019-07-08,0.4513289545967198
2019-07-09,0.4520220231890254
2019-07-10,0.4518072058690316
2019-07-11,0.4516356613055821
2019-07-12,0.4517213992740164
2019-07-15,0.4496205571122569
2019-07-16,0.4501322861567558
2019-07-17,0.450586515009491
2019-07-18,0.4504248164854455
2019-07-19,0.4501937728864129
2019-07-22,0.4495460730727055
2019-07-23,0.4498434946276415
2019-07-24,0.4498434946276415
2019-07-25,0.4493546922771527
2019-07-26,0.4494715989194183
2019-07-29,0.4490769803218147
2019-07-30,0.4486097026854657
2019-07-31,0.4484700026950567
2019-08-01,0.44811794681002
2019-08-02,0.44779404783138
2019-08-05,0.4490803697134836
2019-08-06,0.4487610962513052
2019-08-07,0.4481735224672804
2019-08-08,0.449831010177461
2019-08-09,0.4497786633558283
2019-08-12,0.4509522173658938
2019-08-13,0.4511302006603234
2019-08-14,0.451880809068434
2019-08-15,0.4529273411783722
2019-08-16,0.4529232388901287
2019-08-19,0.453829498526433
2019-08-20,0.4541310016137395
2019-08-21,0.4535247226661137
2019-08-22,0.4543022865986286
2019-08-23,0.4533668250876134
2019-08-26,0.453058924059144
2019-08-27,0.4531865710761804
2019-08-28,0.4532291537167568
2019-08-29,0.4532786282324793
2019-08-30,0.4531865710761804
2019-09-03,0.4543053305611032
2019-09-04,0.4541328445297555
2019-09-05,0.4547331370675819
2019-09-06,0.4555482447271706
2019-09-09,0.4561511848812603
2019-09-10,0.4557224194172646
2019-09-11,0.4545167750465018
2019-09-12,0.4537817600603286
2019-09-13,0.4538652222803653
2019-09-16,0.4539534590072257
2019-09-17,0.4530045749631557
2019-09-18,0.4525779832633752
2019-09-19,0.4538675754062377
2019-09-20,0.4540824125815694
2019-09-23,0.4542976777430628
2019-09-24,0.4534391794543527
2019-09-25,0.4525208267342782
2019-09-26,0.4530355992430669
2019-09-27,0.4541216828037547
2019-09-30,0.4533007822166446
2019-10-01,0.4538628602927085
2019-10-02,0.453175686170476
2019-10-03,0.4530395233120378
2019-10-04,0.4533899580694981
2019-10-07,0.4536046566966593
2019-10-08,0.4539534590072257
2019-10-09,0.4537767237787852
2019-10-10,0.4537767237787852
2019-10-11,0.4541235605938246
2019-10-14,0.4549463817439433
2019-10-15,0.4545565628470541
2019-10-16,0.455250211048605
2019-10-17,0.4534136279815309
2019-10-18,0.4539836328158408
2019-10-21,0.453593173436183
2019-10-22,0.4535035349948272
2019-10-23,0.4533768605426342
2019-10-24,0.4528509051598438
2019-10-25,0.4532401692082299
2019-10-28,0.4542029082547103
2019-10-29,0.4542029082547103
2019-10-30,0.4538990581300595
2019-10-31,0.4541612660969998
2019-11-01,0.4548137636219734
2019-11-04,0.4548131818740886
2019-11-05,0.4553386068143645
2019-11-06,0.4557339120882044
2019-11-07,0.455864579683758
2019-11-08,0.4549884291734928
2019-11-11,0.456388685378419
2019-11-12,0.4568232597379547
2019-11-13,0.4575649801884141
2019-11-14,0.4575117527217001
2019-11-15,0.4574722325322082
2019-11-18,0.4570327121366715
2019-11-19,0.4582117493090142
2019-11-20,0.457908238089826
2019-11-21,0.4587226165041632
2019-11-22,0.4589435039076394
2019-11-25,0.458685216416719
2019-11-26,0.4585968519557316
2019-11-27,0.458685216416719
2019-11-29,0.4584707638356838
2019-12-02,0.4588692493209458
2019-12-03,0.4580296941005114
2019-12-04,0.4587431205321385
2019-12-05,0.4588249016350139
2019-12-06,0.4574325784157247
2019-12-09,0.456999509647702
2019-12-10,0.4583182988763075
2019-12-11,0.4587944903077485
2019-12-12,0.4589136149265
2019-12-13,0.4590542796281395
2019-12-16,0.4595727935016768
2019-12-17,0.4598671074427256
2019-12-18,0.4596362314159576
2019-12-19,0.4588249016350139
2019-12-20,0.460115571964567
2019-12-23,0.4612968243132195
2019-12-24,0.4610194794932951
2019-12-26,0.4617368864870643
2019-12-27,0.4612507898885063
2019-12-30,0.4604116950770593
2019-12-31,0.4597258349640722
2020-01-02,0.4597258349640722
2020-01-03,0.4590319022264923
2020-01-06,0.4602164749176869
2020-01-07,0.4604937471553136
2020-01-08,0.4600666254952117
2020-01-09,0.4617634463822188
2020-01-10,0.4604303610023148
2020-01-13,0.4601353106169847
2020-01-14,0.4601445916369933
2020-01-15,0.4594656142586866
2020-01-16,0.4591617805785804
2020-01-17,0.4589665856709548
2020-01-21,0.4588499973009216
2020-01-22,0.4594980388685811
2020-01-23,0.4599278818159182
2020-01-24,0.4599717772087901
2020-01-27,0.4602355172954262
2020-01-28,0.4605440132403507
2020-01-29,0.4602450919449471
2020-01-30,0.4599808473580482
2020-01-31,0.4615037605676467
2020-02-03,0.4615037605676467
2020-02-04,0.4618129945395279
2020-02-05,0.4630440808777951
2020-02-06,0.4630882614236146
2020-02-07,0.4619204132974086
2020-02-10,0.4616560011979722
2020-02-11,0.4619457879254757
2020-02-12,0.4622296928787316
2020-02-13,0.4617440685077331
2020-02-14,0.4617881284168068
2020-02-18,0.4616240662736866
2020-02-19,0.4614155663153862
2020-02-20,0.4611728786601272
2020-02-21,0.4635545878278334
2020-02-24,0.4625756840939433
2020-02-25,0.4640377273861241
2020-02-26,0.4642580293184476
2020-02-27,0.4635829090997065
2020-02-28,0.4655552119525464
2020-03-02,0.4660221919082572
2020-03-03,0.4663286766138709
2020-03-04,0.4671882289685671
2020-03-05,0.4689139837871497
2020-03-06,0.4689893771014525
2020-03-09,0.4723422455587945
2020-03-10,0.4764781020606525
2020-03-11,0.4772127012235144
2020-03-12,0.4854090623233713
2020-03-13,0.4934569726732157
2020-03-16,0.4961597980652569
2020-03-17,0.4960190046060256
2020-03-18,0.4999274525091706
2020-03-19,0.5002151880849168
2020-03-20,0.5001904313121535
2020-03-23,0.5061480971369208
2020-03-24,0.5061480971369208
2020-03-25,0.5058419938816215
2020-03-26,0.5102197013148705
2020-03-27,0.5098933876234076
2020-03-30,0.5103521829364279
2020-03-31,0.5104549501761859
2020-04-01,0.5120055380835544
2020-04-02,0.51293043149579
2020-04-03,0.5131056643329615
2020-04-06,0.5131847150643112
2020-04-07,0.5132249661971576
2020-04-08,0.5132638139069755
2020-04-09,0.5129966466574399
2020-04-13,0.5135836719328645
2020-04-14,0.5133873886064734
2020-04-15,0.5148380779197892
2020-04-16,0.5164380426505785
2020-04-17,0.5171526346444716
2020-04-20,0.5182204935940314
2020-04-21,0.5169629372527514
2020-04-22,0.5166606627102742
2020-04-23,0.5163222435632152
2020-04-24,0.5166836413894708
2020-04-27,0.5173594227826247
2020-04-28,0.5174354667353475
2020-04-29,0.5195183743021681
2020-04-30,0.5199458124169812
2020-05-01,0.519656249643536
2020-05-04,0.5197724646369277
2020-05-05,0.5195458047410607
2020-05-06,0.5192973873098351
2020-05-07,0.5190330101566111
2020-05-08,0.5204769385190496
2020-05-11,0.5205713300311702
2020-05-12,0.520085887806948
2020-05-13,0.5220833234780664
2020-05-14,0.5216694683682016
2020-05-15,0.5220272057697485
2020-05-18,0.5219340168361789
2020-05-19,0.521684599831209
2020-05-20,0.5219954826778921
2020-05-21,0.5224982191743284
2020-05-22,0.5218360090729155
2020-05-26,0.5213663411125352
2020-05-27,0.5232513091611922
2020-05-28,0.5234022230090156
2020-05-29,0.522637049381504
2020-06-01,0.5228804309611753
2020-06-02,0.5231830021560067
2020-06-03,0.5234390605375769
2020-06-04,0.5241575929820589
2020-06-05,0.5231848724428139
2020-06-08,0.5253704580473835
2020-06-09,0.5259693236449485
2020-06-10,0.5252358011481634
2020-06-11,0.5323443934357245
2020-06-12,0.5344884437902736
2020-06-15,0.5346771341334075
2020-06-16,0.5357436063415684
2020-06-17,0.5363099866676333
2020-06-18,0.5365371878259428
2020-06-19,0.5353136771477793
2020-06-22,0.5358216832030283
2020-06-23,0.5366258476983068
2020-06-24,0.5357436063415684
2020-06-25,0.5358972378304864
2020-06-26,0.5359235384605806
2020-06-29,0.5359466488984994
2020-06-30,0.538149520365205
2020-07-01,0.538301927010221
2020-07-02,0.538041816299391
2020-07-06,0.5374767737333386
2020-07-07,0.5371019201760825
2020-07-08,0.5368407020801649
2020-07-09,0.5351827284378423
2020-07-10,0.5357689546365975
2020-07-13,0.5362549635623866
2020-07-14,0.5366719725400276
2020-07-15,0.5367225613658269
2020-07-16,0.5358419342329634
2020-07-17,0.5361306081934959
2020-07-20,0.5349034004562805
2020-07-21,0.53362184938847
2020-07-22,0.5324441938048283
2020-07-23,0.5329901796590992
2020-07-24,0.5332191644467664
2020-07-27,0.5326648453802421
2020-07-28,0.5318850669294719
2020-07-29,0.5338251166309462
2020-07-30,0.5339393648429286
2020-07-31,0.5337870549282445
2020-08-03,0.5330417398694589
2020-08-04,0.5332882354846903
2020-08-05,0.5339967397157032
2020-08-06,0.5333477678396016
2020-08-07,0.5349904212069292
2020-08-10,0.5346839108420287
2020-08-11,0.5347800885629722
2020-08-12,0.5343785451085982
2020-08-13,0.5361425990699671
2020-08-14,0.5364960943300674
2020-08-17,0.5354493615687691
2020-08-18,0.5355217651509523
2020-08-19,0.5342253168449741
2020-08-20,0.53581617562224
2020-08-21,0.5347586844362809
2020-08-24,0.5352739044989535
2020-08-25,0.5348732102012653
2020-08-26,0.5352538950593926
2020-08-27,0.5349299137731776
2020-08-28,0.534225449869526
2020-08-31,0.5344922556768559
2020-09-01,0.5347595780253853
2020-09-02,0.5343582945883396
2020-09-03,0.533387297591516
2020-09-04,0.5329254453479695
2020-09-08,0.5323666577692311
2020-09-09,0.5325511873948079
2020-09-10,0.5325658990477875
2020-09-11,0.5317371690863946
2020-09-14,0.5305089667260533
2020-09-15,0.5300829450700582
2020-09-16,0.5306107573076291
2020-09-17,0.5288243410423894
2020-09-18,0.5294374068689752
2020-09-21,0.5307232312480418
2020-09-22,0.530184708888875
2020-09-23,0.5300457546987941
2020-09-24,0.5306234728688777
2020-09-25,0.5299066899159518
2020-09-28,0.528747065108087
2020-09-29,0.5283556283001513
2020-09-30,0.5270121105111103
2020-10-01,0.5265232693654721
2020-10-02,0.5267669565479326
2020-10-05,0.5255286422560718
2020-10-06,0.5245563667583948
2020-10-07,0.524654221332905
2020-10-08,0.5246157286600753
2020-10-09,0.524577247016346
2020-10-12,0.522714924617005
2020-10-13,0.52216010451864
2020-10-14,0.5213016200713415
2020-10-15,0.5207176286756225
2020-10-16,0.5209996467479208
2020-10-19,0.5207265969452544
2020-10-20,0.5215998184965127
2020-10-21,0.5214451713243472
2020-10-22,0.5216308068826339
2020-10-23,0.5233652730981859
2020-10-26,0.5219711218668832
2020-10-27,0.5236072342114333
2020-10-28,0.5245518559055806
2020-10-29,0.5242603497313396
2020-10-30,0.5240652587369694
2020-11-02,0.5241042542409184
2020-11-03,0.5244557248136096
2020-11-04,0.5246122298731563
2020-11-05,0.524544561025209
2020-11-06,0.5244347368172442
2020-11-09,0.5254368850839528
2020-11-10,0.5256423865944994
2020-11-11,0.5263502898101738
2020-11-12,0.5267875317548405
2020-11-13,0.5269310808462411
2020-11-16,0.5263031146135063
2020-11-17,0.5281614128481328
2020-11-18,0.5287537085224165
2020-11-19,0.5289120912137298
2020-11-20,0.5296597080996174
2020-11-23,0.5289171973951148
2020-11-24,0.5290364458410935
2020-11-25,0.5289621845228544
2020-11-27,0.5288226033092391
2020-11-30,0.529737455139735
2020-12-01,0.5298980425815064
2020-12-02,0.5300588194209647
2020-12-03,0.5293030624575505
2020-12-04,0.5281537362063174
2020-12-07,0.5295333201723682
2020-12-08,0.5292504987807088
2020-12-09,0.5297762069007775
2020-12-10,0.5287512020270986
2020-12-11,0.5276797198501677
2020-12-14,0.5279630715403795
2020-12-15,0.5291470351718918
2020-12-16,0.5300449372127449
2020-12-17,0.5303244463611527
2020-12-18,0.5306537354418212
2020-12-21,0.530358181037204
2020-12-22,0.5303751004052641
2020-12-23,0.5299797678496228
2020-12-24,0.5301934761283525
2020-12-28,0.5303993883404087
2020-12-29,0.5304308871979547
2020-12-30,0.530842547042024
2020-12-31,0.5303169861704649
2021-01-04,0.5296112741351292
2021-01-05,0.5322516481108138
2021-01-06,0.532629230185544
2021-01-07,0.5336479422069614
2021-01-08,0.5336044978004522
2021-01-11,0.5324235106809644
2021-01-12,0.5316298332327817
2021-01-13,0.5322891742736365
2021-01-14,0.5316611811178323
2021-01-15,0.5329516983977821
2021-01-19,0.5335340377180218
2021-01-20,0.5335757278129177
2021-01-21,0.5323006205996121
2021-01-22,0.5320476100900096
2021-01-25,0.5334244061683326
2021-01-26,0.5339077781319805
2021-01-27,0.5339918791407711
2021-01-28,0.5342866372037097
2021-01-29,0.5325851695908466
2021-02-01,0.5339486879180391
2021-02-02,0.5342444903314023
2021-02-03,0.5341599106066581
2021-02-04,0.5346465654231848
2021-02-05,0.5355395359017661
2021-02-08,0.5347294917063946
2021-02-09,0.5349408941788334
2021-02-10,0.5349860651215197
2021-02-11,0.5353936384794088
2021-02-12,0.5351135927717345
2021-02-16,0.5350300777699888
2021-02-17,0.5347758295965537
2021-02-18,0.5352374017310305
2021-02-19,0.535066310432603
2021-02-22,0.5341388754846067
2021-02-23,0.5352393162223418
2021-02-24,0.5362932511981228
2021-02-25,0.5364492385078226
2021-02-26,0.5381446147620208
2021-03-01,0.5390960570568499
2021-03-02,0.5395531727832206
2021-03-03,0.539787450851481
2021-03-04,0.5395769169543154
2021-03-05,0.5396123251293499
2021-03-08,0.5403992748399179
2021-03-09,0.5403841891778497
2021-03-10,0.5400058309076335
2021-03-11,0.5408593475099301
2021-03-12,0.5400935146184538
2021-03-15,0.5409819697506728
2021-03-16,0.5408691816843297
2021-03-17,0.5415812153634211
2021-03-18,0.5424019971524564
2021-03-19,0.5424856014359127
2021-03-22,0.5435329022245339
2021-03-23,0.5436409168356171
2021-03-24,0.5459983715584195
2021-03-25,0.5471423681586145
2021-03-26,0.5490211199869502
2021-03-29,0.5503985079501871
2021-03-30,0.5502604284452192
2021-03-31,0.5508402070320582
2021-04-01,0.5521393623433142
2021-04-05,0.5515295584885487
2021-04-06,0.5515186345598648
2021-04-07,0.550515334082883
2021-04-08,0.5496906735296977
2021-04-09,0.549528370424973
2021-04-12,0.5486030264548005
2021-04-13,0.5479627460580258
2021-04-14,0.5466394125517242
2021-04-15,0.5462326639524877
2021-04-16,0.5470685923624795
2021-04-19,0.5471763027012698
2021-04-20,0.5495713681534422
2021-04-21,0.5498663323472559
2021-04-22,0.5495992526298067
2021-04-23,0.5501619019919172
2021-04-26,0.5474741071290642
2021-04-27,0.545174185155299
2021-04-28,0.5446874804515872
2021-04-29,0.5460166246005379
2021-04-30,0.5458473788587092
2021-05-03,0.5459536224568443
2021-05-04,0.54669925704608
2021-05-05,0.5464107296401585
2021-05-06,0.5462304263708906
2021-05-07,0.5483202337746054
2021-05-10,0.548620388830368
2021-05-11,0.5485263807957104
2021-05-12,0.5502852107829725
2021-05-13,0.5512050830910664
2021-05-14,0.5534459979391
2021-05-17,0.5531680581729097
2021-05-18,0.5519650736085744
2021-05-19,0.551642648659249
2021-05-20,0.5509500961775172
2021-05-21,0.5515873590965347
2021-05-24,0.5512897309526568
2021-05-25,0.5507408794567887
2021-05-26,0.5525642576473973
2021-05-27,0.5524772091270103
2021-05-28,0.5529129749888003
2021-06-01,0.5503911423715706
2021-06-02,0.5521553692841787
2021-06-03,0.5521553692841787
2021-06-04,0.5523897165141056
2021-06-07,0.552477400133281
2021-06-08,0.551510121301199
2021-06-09,0.5512510581405375
2021-06-10,0.552271934035679
2021-06-11,0.5525756424123454
2021-06-14,0.5514854185285889
2021-06-15,0.5512593498012561
2021-06-16,0.5506004227799042
2021-06-17,0.5500405470412513
2021-06-18,0.5521166717980488
2021-06-21,0.5525507678360816
2021-06-22,0.5521684930421928
2021-06-23,0.5525804361434379
2021-06-24,0.551365010722718
2021-06-25,0.5502502213197377
2021-06-28,0.549587898195364
2021-06-29,0.5481329024324844
2021-06-30,0.5470563650345034
2021-07-01,0.5475553673730034
2021-07-02,0.5475369119297256
2021-07-06,0.547246127095356
2021-07-07,0.54780872481422
2021-07-08,0.5480718238394124
2021-07-09,0.5481329024324844
2021-07-12,0.5479414535743528
2021-07-13,0.5481066824203672
2021-07-14,0.5487887843461977
2021-07-15,0.54780872481422
2021-07-16,0.5464192355188289
2021-07-19,0.5474680220769444
2021-07-20,0.5477997103359242
2021-07-21,0.5501143871569784
2021-07-22,0.5500265052237898
2021-07-23,0.5501816155733807
2021-07-26,0.5503207580353853
2021-07-27,0.5494565763037879
2021-07-28,0.549894782768805
2021-07-29,0.5497559187835996
2021-07-30,0.54888450726831
2021-08-02,0.5487561663287419
2021-08-03,0.5487643422161325
2021-08-04,0.5481592218398741
2021-08-05,0.5482294472742864
2021-08-06,0.5473963309957818
2021-08-09,0.5481948143538283
2021-08-10,0.5484147881274283
2021-08-11,0.5489601829911632
2021-08-12,0.5498227113757398
2021-08-13,0.5501398742260741
2021-08-16,0.5500885246321433
2021-08-17,0.5510859541878423
2021-08-18,0.550685737765667
2021-08-19,0.5508130115105432
2021-08-20,0.5511671039984456
2021-08-23,0.5511932821609835
2021-08-24,0.5503003159475559
2021-08-25,0.5505525784986691
2021-08-26,0.5516223049619781
2021-08-27,0.5518109373713725
2021-08-30,0.5516554021418542
2021-08-31,0.5509142627323689
2021-09-01,0.5492329166166445
2021-09-02,0.5477725719873688
2021-09-03,0.5453934668719279
2021-09-07,0.5459207148517056
2021-09-08,0.5451709950989603
2021-09-09,0.5449276039078048
2021-09-10,0.5443953061365991
2021-09-13,0.5447718531735237
2021-09-14,0.5444515102307278
2021-09-15,0.5446598112787617
2021-09-16,0.5447803726833236
2021-09-17,0.5432192971753662
2021-09-20,0.5436151742400852
2021-09-21,0.5429018396869205
2021-09-22,0.5420558246770946
2021-09-23,0.5421593253048002
2021-09-24,0.54176267205781
2021-09-27,0.5408672315257249
2021-09-28,0.5413207380237999
2021-09-29,0.541423084030827
2021-09-30,0.5421316596393619
2021-10-01,0.543471496493966
2021-10-04,0.5428259434791809
2021-10-05,0.5433293401890303
2021-10-06,0.5420132391801907
2021-10-07,0.5426317098778367
2021-10-08,0.5423233794095645
2021-10-11,0.5434318158915016
2021-10-12,0.5433293401890303
2021-10-13,0.5441020444263739
2021-10-14,0.5441594762507974
2021-10-15,0.5416883522739017
2021-10-18,0.5409409963899461
2021-10-19,0.5408937949872586
2021-10-20,0.5408173094424931
2021-10-21,0.5400516739773137
2021-10-22,0.5412077690414919
2021-10-25,0.5410013295043229
2021-10-26,0.5404626206635422
2021-10-27,0.5400944802537557
2021-10-28,0.5406412248092004
2021-10-29,0.5408042167764354
2021-11-01,0.5410439163926019
2021-11-02,0.5410867653442287
2021-11-03,0.5409946497271444
2021-11-04,0.5402833679248893
2021-11-05,0.5389312695722809
2021-11-08,0.537960380019503
2021-11-09,0.5374427068699192
2021-11-10,0.5369855242413816
2021-11-11,0.5345130426847982
2021-11-12,0.5349400315343595
2021-11-15,0.534963261348173
2021-11-16,0.5341770907244964
2021-11-17,0.5341770907244964
2021-11-18,0.5332756348365166
2021-11-19,0.5340646472146662
2021-11-22,0.5340428027901183
2021-11-23,0.5343568962184613
2021-11-24,0.5349154830078031
2021-11-26,0.5347372359875663
2021-11-29,0.5350098752619784
2021-11-30,0.5342444903314023
2021-12-01,0.5340428027901183
2021-12-02,0.53152431465384
2021-12-03,0.5312574603978392
2021-12-06,0.5300021147159838
2021-12-07,0.5292998285723661
2021-12-08,0.5276991545356337
2021-12-09,0.5265426598359674
2021-12-10,0.5250943972918619
2021-12-13,0.5241013187008013
2021-12-14,0.5233901289774997
2021-12-15,0.5227316504636383
2021-12-16,0.5242909573025797
2021-12-17,0.5245153485530437
2021-12-20,0.5252140862080298
2021-12-21,0.5256259875433302
2021-12-22,0.5260846557287443
2021-12-23,0.5264725908659587
2021-12-27,0.525163602745572
2021-12-28,0.5258130208732783
2021-12-29,0.5262604896283187
2021-12-30,0.5228963561623253
2021-12-31,0.5229984068978031
2022-01-03,0.5221541123197438
2022-01-04,0.5227433313731549
2022-01-05,0.521519531292688
2022-01-06,0.5218555339586987
2022-01-07,0.5210926468650984
2022-01-10,0.5205700114772176
2022-01-11,0.5184759356635962
2022-01-12,0.5183697425822855
2022-01-13,0.5184686115440267
2022-01-14,0.5167524396456672
2022-01-18,0.5176383352298749
2022-01-19,0.5178194331820452
2022-01-20,0.5170734011703351
2022-01-21,0.5163243085838946
2022-01-24,0.5175417396477435
2022-01-25,0.5179474970070875
2022-01-26,0.5183170342795316
2022-01-27,0.5212507382758061
2022-01-28,0.5227999611918263
2022-01-31,0.523708070013307
2022-02-01,0.5235287819585311
2022-02-02,0.5231343884569577
2022-02-03,0.5219921712048362
2022-02-04,0.5230177286333112
2022-02-07,0.5232437679350255
2022-02-08,0.5233795750793533
2022-02-09,0.5232799696979487
2022-02-10,0.5228268517048461
2022-02-11,0.5230523161381994
2022-02-14,0.5218310838679777
2022-02-15,0.5217503423024439
2022-02-16,0.5214448240048505
2022-02-17,0.520821064990708
2022-02-18,0.5208081837829287
2022-02-22,0.5193058348718883
2022-02-23,0.5190130171197038
2022-02-24,0.516798987027138
2022-02-25,0.5169732807709218
2022-02-28,0.5159717879551357
2022-03-01,0.5169054170848747
2022-03-02,0.5183290573560861
2022-03-03,0.517933577312555
2022-03-04,0.5185600439904138
2022-03-07,0.5188809900513839
2022-03-08,0.5191447691793711
2022-03-09,0.5201539822163346
2022-03-10,0.5198004280556222
2022-03-11,0.519866389707922
2022-03-14,0.5197935453257185
2022-03-15,0.5183083404081236
2022-03-16,0.5171740905637594
2022-03-17,0.5166085223882818
2022-03-18,0.516923144710939
2022-03-21,0.5162215029696056
2022-03-22,0.5152399139157634
2022-03-23,0.5154667157539549
2022-03-24,0.5157352960616092
2022-03-25,0.5156944490246597
2022-03-28,0.515820999179632
2022-03-29,0.5149679612660696
2022-03-30,0.5152815914544429
2022-03-31,0.5152335831434847
2022-04-01,0.51577596353452
2022-04-04,0.5155490630300349
2022-04-05,0.5155959757028353
2022-04-06,0.5153298439774018
2022-04-07,0.5161791359403836
2022-04-08,0.5161366829595887
2022-04-11,0.5152832293931218
2022-04-12,0.5154648551230611
2022-04-13,0.516441045615182
2022-04-14,0.5163538890289638
2022-04-18,0.5157244528796298
2022-04-19,0.5155022772335902
2022-04-20,0.5167814191108325
2022-04-21,0.5162526438016843
2022-04-22,0.5163871814011199
2022-04-25,0.5165730859302953
2022-04-26,0.5162609893090788
2022-04-27,0.5156430157695313
2022-04-28,0.5170316535591847
2022-04-29,0.5172090521862487
2022-05-02,0.516854078481655
2022-05-03,0.516051518092745
2022-05-04,0.5176725255890419
2022-05-05,0.5180835074826668
2022-05-06,0.5184058962544488
2022-05-09,0.5165218571252299
2022-05-10,0.5172916508664611
2022-05-11,0.5176274862531727
2022-05-12,0.5177265931367407
2022-05-13,0.5176725255890419
2022-05-16,0.5179574322387898
2022-05-17,0.5189947359430882
2022-05-18,0.5187409440152194
2022-05-19,0.5187862077689482
2022-05-20,0.5187409440152194
2022-05-23,0.5187862077689482
2022-05-24,0.517973825863147
2022-05-25,0.5181989861073648
2022-05-26,0.5181989861073648
2022-05-27,0.5196788464030638
2022-05-31,0.5197690946509813
2022-06-01,0.5182788584181244
2022-06-02,0.5184750709894301
2022-06-03,0.5188373052925327
2022-06-06,0.5180382749745107
2022-06-07,0.5180687423882226
2022-06-08,0.5179834192874928
2022-06-09,0.5174516613310554
2022-06-10,0.5167533600400411
2022-06-13,0.5149232183384419
2022-06-14,0.5145241725302487
2022-06-15,0.5148359926004996
2022-06-16,0.5141212446485606
2022-06-17,0.5151500456686939
2022-06-21,0.5141223032201538
2022-06-22,0.5136288192025801
2022-06-23,0.514258576373318
2022-06-24,0.5143471829678892
2022-06-27,0.514974316534136
2022-06-28,0.5139884149347949
2022-06-29,0.5132199328228896
2022-06-30,0.5127204448004977
2022-07-01,0.5126709326703234
2022-07-05,0.5119825065157704
2022-07-06,0.5116686262685862
2022-07-07,0.5115333507550892
2022-07-08,0.5111216871299933
2022-07-11,0.5110177521447001
2022-07-12,0.5112798202042297
2022-07-13,0.5107236620659414
2022-07-14,0.5082204309906213
2022-07-15,0.5069494899222576
2022-07-18,0.5055965112705231
2022-07-19,0.5062588011886994
2022-07-20,0.5051972489717437
2022-07-21,0.505755347590267
2022-07-22,0.5064387233441222
2022-07-25,0.5063659703993467
2022-07-26,0.5046714856461021
2022-07-27,0.5055738693125372
2022-07-28,0.5047612620439118
2022-07-29,0.5041505683943341
2022-08-01,0.5044886404676182
2022-08-02,0.5039330981325812
2022-08-03,0.5015703643087172
2022-08-04,0.4999783458567304
2022-08-05,0.5000504212531508
2022-08-08,0.4990135702579113
2022-08-09,0.4979526752982863
2022-08-10,0.4990208715828436
2022-08-11,0.4986509757532184
2022-08-12,0.4977389838856474
2022-08-15,0.4974755580895909
2022-08-16,0.4977671447085893
2022-08-17,0.4979459444501486
2022-08-18,0.4970565458888663
2022-08-19,0.4976368217692769
2022-08-22,0.4993873022388694
2022-08-23,0.4998472255022691
2022-08-24,0.500374084817306
2022-08-25,0.5009250562810726
2022-08-26,0.5019761083224586
2022-08-29,0.5020988063822636
2022-08-30,0.5008255070310627
2022-08-31,0.5006711610374655
2022-09-01,0.5026202090937418
2022-09-02,0.5015624297594863
2022-09-06,0.500374084817306
2022-09-07,0.5005678096150239
2022-09-08,0.4997490146655969
2022-09-09,0.4981902662932623
2022-09-12,0.4992474185064842
2022-09-13,0.5003049500654795
2022-09-14,0.4991453761505912
2022-09-15,0.4996027761607634
2022-09-16,0.4991564354598969
2022-09-19,0.4990010672075793
2022-09-20,0.4985728619574093
2022-09-21,0.4989555956752218
2022-09-22,0.4974981465520854
2022-09-23,0.4968443429315593
2022-09-26,0.495442917973357
2022-09-27,0.4944206038355952
2022-09-28,0.4917290594241399
2022-09-29,0.4905902474981395
2022-09-30,0.4911091700969381
2022-10-03,0.490679206269753
2022-10-04,0.4918501713277031
2022-10-05,0.4920569550018305
2022-10-06,0.4920287394374765
2022-10-07,0.4922075692553436
2022-10-10,0.4912143302438756
2022-10-11,0.4912154761951872
2022-10-12,0.4901981026878224
2022-10-13,0.4901223419190909
2022-10-14,0.4878220357306102
2022-10-17,0.4872509297614988
2022-10-18,0.4847934202815468
2022-10-19,0.4838999327904386
2022-10-20,0.4813345124799972
2022-10-21,0.4797145116703882
2022-10-24,0.4792716744270354
2022-10-25,0.4771606785387931
2022-10-26,0.4759531069544286
2022-10-27,0.4759813222777838
2022-10-28,0.47629242667455
2022-10-31,0.4758792234927854
2022-11-01,0.473562169692628
2022-11-02,0.4722829527066422
2022-11-03,0.4719254829258707
2022-11-04,0.4713093494730404
2022-11-07,0.4697108348195786
2022-11-08,0.4711198219239
2022-11-09,0.4705698946639448
2022-11-10,0.4703996863273424
2022-11-11,0.4705539611744225
2022-11-14,0.4699760994179288
2022-11-15,0.4701898318876101
2022-11-16,0.4679108020433462
2022-11-17,0.4677219761015722
2022-11-18,0.4675090398183614
2022-11-21,0.467317810094167
2022-11-22,0.4681689689315589
2022-11-23,0.4687209657832401
2022-11-25,0.4681888201140346
2022-11-28,0.4669987119956522
2022-11-29,0.467211390750878
2022-11-30,0.4681888201140346
2022-12-01,0.4670195382105386
2022-12-02,0.4678055061082663
2022-12-05,0.4685926593612164
2022-12-06,0.4677850907200298
2022-12-07,0.4679555424521219
2022-12-08,0.4663372994467082
2022-12-09,0.46640245371946
2022-12-12,0.46625241524021
2022-12-13,0.4669987119956522
2022-12-14,0.4679353142897158
2022-12-15,0.4685734364781103
2022-12-16,0.4685777527158717
2022-12-19,0.4674460847601577
2022-12-20,0.467745628997354
2022-12-21,0.4672111782259385
2022-12-22,0.4671681123994177
2022-12-23,0.4668672442756321
2022-12-27,0.4676403801298253
2022-12-28,0.4685154056987102
2022-12-29,0.4682609869524778
2022-12-30,0.4684764138851691
2023-01-03,0.4688599156200712
2023-01-04,0.4670606959622672
2023-01-05,0.4683238221323385
2023-01-06,0.4688599156200712
2023-01-09,0.4681979776953228
2023-01-10,0.4690571366528261
2023-01-11,0.4686014350851832
2023-01-12,0.4694938659199439
2023-01-13,0.4688065841263755
2023-01-17,0.4689351329329896
2023-01-18,0.4688976421645662
2023-01-19,0.4696839113453693
2023-01-20,0.4697526721276952
2023-01-23,0.4692421739225054
2023-01-24,0.4695444988880778
2023-01-25,0.470255334685802
2023-01-26,0.4709281328307433
2023-01-27,0.4701853281216355
2023-01-30,0.4686781808401571
2023-01-31,0.4693216551739778
2023-02-01,0.4689406514880868
2023-02-02,0.4693148850022495
2023-02-03,0.4694435872918709
2023-02-06,0.4695116957257844
2023-02-07,0.4687257677414839
2023-02-08,0.4689649714106143
2023-02-09,0.4683238221323385
2023-02-10,0.4679623658677244
2023-02-13,0.4693239457837568
2023-02-14,0.4692987896577638
2023-02-15,0.4687114566228679
2023-02-16,0.4680714340370325
2023-02-17,0.4679850917209797
2023-02-21,0.4696823419796805
2023-02-22,0.4689139837871497
2023-02-23,0.4699612954928424
2023-02-24,0.4706697243672493
2023-02-27,0.4690503342928335
2023-02-28,0.4705381200963925
2023-03-01,0.4713163858790413
2023-03-02,0.4716835406803668
2023-03-03,0.4692184538686096
2023-03-06,0.4697245594803043
2023-03-07,0.4703565363460274
2023-03-08,0.4705381200963925
2023-03-09,0.4695132090485431
2023-03-10,0.4702346307027589
2023-03-13,0.4695571041731902
2023-03-14,0.4704111346867479
2023-03-15,0.4701120384896438
2023-03-16,0.4695208064875468
2023-03-17,0.4683653014022199
2023-03-20,0.4682136552520153
2023-03-21,0.4691063244487961
2023-03-22,0.4695466830893898
2023-03-23,0.4684569721342492
2023-03-24,0.4675170404202388
2023-03-27,0.4673635813460735
2023-03-28,0.4671647940857407
2023-03-29,0.4673194183539111
2023-03-30,0.4663050944497379
2023-03-31,0.4662173094671095
2023-04-03,0.4669892365145776
2023-04-04,0.4661935177418371
2023-04-05,0.4661495844727945
2023-04-06,0.4653737498361334
2023-04-10,0.4651913193279494
2023-04-11,0.4663426068365363
2023-04-12,0.4663868448224528
2023-04-13,0.466053373284578
2023-04-14,0.4659848728112495
2023-04-17,0.4670080083074331
2023-04-18,0.4650442093006852
2023-04-19,0.4650364312212122
2023-04-20,0.4654806453276578
2023-04-21,0.4666482964482927
2023-04-24,0.4658670064548969
2023-04-25,0.4653027484604689
2023-04-26,0.4658620874402505
2023-04-27,0.4655444054336125
2023-04-28,0.4658372872519499
2023-05-01,0.465971320486139
2023-05-02,0.46637438165849
2023-05-03,0.4661912663267665
2023-05-04,0.4654680192304076
2023-05-05,0.4640980895390975
2023-05-08,0.4632225055350939
2023-05-09,0.4624031991472962
2023-05-10,0.4626261949274642
2023-05-11,0.4632073575666139
2023-05-12,0.4627618987273874
2023-05-15,0.4621543272586713
2023-05-16,0.4627033047054926
2023-05-17,0.4613948484557851
2023-05-18,0.4603873167305157
2023-05-19,0.4596277242897501
2023-05-22,0.458414119232127
2023-05-23,0.4587226165041632
2023-05-24,0.4589507374756875
2023-05-25,0.4589507374756875
2023-05-26,0.4592534944783959
2023-05-30,0.4592613255264778
2023-05-31,0.4595475932594231
2023-06-01,0.4597249410055777
2023-06-02,0.4603825835912298
2023-06-05,0.4606502428807968
2023-06-06,0.4604574197830853
2023-06-07,0.4583566093022838
2023-06-08,0.4580630237586566
2023-06-09,0.4578012865842887
2023-06-12,0.4582858965086503
2023-06-13,0.4583751727007967
2023-06-14,0.4580686530702127
2023-06-15,0.4573211976933606
2023-06-16,0.4574992607763484
2023-06-20,0.4583814079059468
2023-06-21,0.4602627801524989
2023-06-22,0.4614361386925464
2023-06-23,0.4607609658135395
2023-06-26,0.4606264246513152
2023-06-27,0.4602880464682617
2023-06-28,0.4601983855924714
2023-06-29,0.4613671869525542
2023-06-30,0.4621976528330512
2023-07-03,0.4614779759383455
2023-07-05,0.4613553487324295
2023-07-06,0.4607289881524774
2023-07-07,0.4611875147558189
2023-07-10,0.4605816139927657
2023-07-11,0.4607950623273749
2023-07-12,0.46008989382599
2023-07-13,0.4597336515406435
2023-07-14,0.4600453005058071
2023-07-17,0.4593502264101626
2023-07-18,0.4600993277488774
2023-07-19,0.458965287027361
2023-07-20,0.4584072662451821
2023-07-21,0.4589799475138125
2023-07-24,0.4586233207318932
2023-07-25,0.4594028226791146
2023-07-26,0.4600007252193093
2023-07-27,0.4595559615887828
2023-07-28,0.4589507374756875
2023-07-31,0.4578641131292659
2023-08-01,0.4574325784157247
2023-08-02,0.4577024460779308
2023-08-03,0.4579685654526104
2023-08-04,0.457707368336412
2023-08-07,0.4579188373529347
2023-08-08,0.4588763664757975
2023-08-09,0.4588763664757975
2023-08-10,0.4585722547067875
2023-08-11,0.4576975425097327
2023-08-14,0.4571721425849558
2023-08-15,0.4571280666135493
2023-08-16,0.4579577552447545
2023-08-17,0.4577759165514681
2023-08-18,0.4578641131292659
2023-08-21,0.4584328411240486
2023-08-22,0.4584644385904199
2023-08-23,0.4578098235828812
2023-08-24,0.457029104715109
2023-08-25,0.4564252624197235
2023-08-28,0.4561668310281075
2023-08-29,0.4550758676267205
2023-08-30,0.4531498049863185
2023-08-31,0.4520908390200986
2023-09-01,0.4501656220807957
2023-09-05,0.4496642757054659
2023-09-06,0.448320610529712
2023-09-07,0.44721135774406
2023-09-08,0.4452838158479008
2023-09-11,0.4452648409248304
2023-09-12,0.4462956860362235
2023-09-13,0.4465842344696927
2023-09-14,0.4475670711410193
2023-09-15,0.4480934940982235
2023-09-18,0.4492770784062934
2023-09-19,0.4506554108434309
2023-09-20,0.4512780442545798
2023-09-21,0.450094072480069
2023-09-22,0.4504912585917877
2023-09-25,0.4498258582348594
2023-09-26,0.4506293702089669
2023-09-27,0.4501036806968851
2023-09-28,0.4501802402286244
2023-09-29,0.4509315950909664
2023-10-02,0.4502233502268645
2023-10-03,0.4498258582348594
2023-10-04,0.4496538268244806
2023-10-05,0.4494820729716115
2023-10-06,0.4503709992005129
2023-10-09,0.4508266207427752
2023-10-10,0.4495249017870457
2023-10-11,0.4485548638652696
2023-10-12,0.4479213037267593
2023-10-13,0.4482744793802941
2023-10-16,0.4478788680869386
2023-10-17,0.4482744793802941
2023-10-18,0.4478225371702883
2023-10-19,0.4479363493561072
2023-10-20,0.4478650340569525
2023-10-23,0.4485724125394366
2023-10-24,0.4491934949132645
2023-10-25,0.4498561268691495
2023-10-26,0.4485848899697203
2023-10-27,0.4487125958154476
2023-10-30,0.4487125958154476
2023-10-31,0.449931874966127
2023-11-01,0.4495142557107203
2023-11-02,0.4489375813748897
2023-11-03,0.4479213037267593
2023-11-06,0.4477660133175288
2023-11-07,0.4476097183728283
2023-11-08,0.4474244723725539
2023-11-09,0.4464143842987643
2023-11-10,0.4458956832485689
2023-11-13,0.4455141069165642
2023-11-14,0.4451339127563633
2023-11-15,0.4453449615842141
2023-11-16,0.444945858938812
2023-11-17,0.4454770082883377
2023-11-20,0.4453307644152598
2023-11-21,0.4443375726522479
2023-11-22,0.4453969970538357
2023-11-24,0.4452266705481352
2023-11-27,0.444549583065069
2023-11-28,0.4455249236488577
2023-11-29,0.4452266705481352
2023-11-30,0.4444853312756195
2023-12-01,0.4457321765862806
2023-12-04,0.445945291397489
2023-12-05,0.4446567034535993
2023-12-06,0.4434654538352782
2023-12-07,0.4434624726367228
2023-12-08,0.4429898526342485
2023-12-11,0.4422178331421659
2023-12-12,0.4433969415795705
2023-12-13,0.4432651868353005
2023-12-14,0.4426187116641474
2023-12-15,0.4427225008141227
2023-12-18,0.442175831630216
2023-12-19,0.4412242887210154
2023-12-20,0.440784261792143
2023-12-21,0.4405132023126049
2023-12-22,0.4404412589199224
2023-12-26,0.4411690356473341
2023-12-27,0.4395152897037366
2023-12-28,0.4390696548415253
2023-12-29,0.4383338987707845
2024-01-02,0.4379766368388723
2024-01-03,0.4352987224221322
2024-01-04,0.4351325127630465
2024-01-05,0.4336216112526052
2024-01-08,0.4324801532953937
2024-01-09,0.4327698713767487
2024-01-10,0.4310248598657165
2024-01-11,0.4305077836249094
2024-01-12,0.4291874841914184
2024-01-16,0.4297802246613216
2024-01-17,0.4300399927860898
2024-01-18,0.4303826064585556
2024-01-19,0.4301650270356104
2024-01-22,0.43051630675215
2024-01-23,0.4303409156885518
2024-01-24,0.4297802246613216
2024-01-25,0.4314435067715825
2024-01-26,0.4315755817343966
2024-01-29,0.4305247915964172
2024-01-30,0.4293647044246638
2024-01-31,0.428761020816669
2024-02-01,0.4288315298775039
2024-02-02,0.4284319771428015
2024-02-05,0.4283770058234245
2024-02-06,0.4291828315626376
2024-02-07,0.4284470009665639
2024-02-08,0.4278347489316127
2024-02-09,0.4267048820745391
2024-02-12,0.4255506166564504
2024-02-13,0.4248523231931114
2024-02-14,0.4246859004287162
2024-02-15,0.4254061478988749
2024-02-16,0.4251392516072648
2024-02-20,0.4239842515925585
2024-02-21,0.4237965623613336
2024-02-22,0.423583753329916
2024-02-23,0.4234105443958781
2024-02-26,0.4231224814782742
2024-02-27,0.4222488221850753
2024-02-28,0.4204994935925773
2024-02-29,0.4219057334968763
2024-03-01,0.4216309210242012
2024-03-04,0.4215899682843306
2024-03-05,0.4210285250540233
2024-03-06,0.4225907719647472
2024-03-07,0.4219180779999097
2024-03-08,0.4228793715061582
2024-03-11,0.4230707289351024
2024-03-12,0.4228234235307309
2024-03-13,0.4215081149467194
2024-03-14,0.419833155383242
2024-03-15,0.419718214896245
2024-03-18,0.4189180481703797
2024-03-19,0.4191966103768175
2024-03-20,0.41916147839661
2024-03-21,0.4194055302295565
2024-03-22,0.4202154268812768
2024-03-25,0.4198955092111106
2024-03-26,0.4199699209206116
2024-03-27,0.4217486805860738
2024-03-28,0.4219842624658432
2024-04-01,0.4220255870178512
2024-04-02,0.4205848675562587
2024-04-03,0.4216779206549743
2024-04-04,0.4216483312059463
2024-04-05,0.4224536454412633
2024-04-08,0.4230490747158544
2024-04-09,0.4236839904533642
2024-04-10,0.4232001285175907
2024-04-11,0.4232576463826153
2024-04-12,0.4245871945677452
2024-04-15,0.4249257038065872
2024-04-16,0.4251990427828717
2024-04-17,0.4255354356474315
2024-04-18,0.4257240881300412
2024-04-19,0.4259121864393345
2024-04-22,0.4256399240929702
2024-04-23,0.4258477141886137
2024-04-24,0.426581422720738
2024-04-25,0.4267255908594656
2024-04-26,0.4262259860070867
2024-04-29,0.42689422469726
2024-04-30,0.4267677221976326
2024-05-01,0.4265454073210844
2024-05-02,0.4268926810027939
2024-05-03,0.4262777895039656
2024-05-06,0.4256041293305107
2024-05-07,0.4253478107679845
2024-05-08,0.4256733272847383
2024-05-09,0.4247421744771996
2024-05-10,0.4236273647417548
2024-05-13,0.4241773063461869
2024-05-14,0.4260178608983461
2024-05-15,0.4256525334887234
2024-05-16,0.4272842426047422
2024-05-17,0.4281234170099595
2024-05-20,0.4275206111677393
2024-05-21,0.4276685225915233
2024-05-22,0.4280354630821582
2024-05-23,0.4279915154877224
2024-05-24,0.4278882828554308
2024-05-28,0.4280794302514545
2024-05-29,0.4255654664267492
2024-05-30,0.4261961528178924
2024-05-31,0.4261088212748249
2024-06-03,0.4256960960858307
2024-06-04,0.4255879952940927
2024-06-05,0.4263710495599743
2024-06-06,0.4265024270159812
2024-06-07,0.4266086892301531
2024-06-10,0.4272403015650152
2024-06-11,0.4266524582927636
2024-06-12,0.4270821229401408
2024-06-13,0.4270821229401408
2024-06-14,0.4265212095870494
2024-06-17,0.4279322937231681
2024-06-18,0.4286970340432962
2024-06-20,0.4304752695932258
2024-06-21,0.4311247671429974
2024-06-24,0.4306538686823982
2024-06-25,0.4313478802524615
2024-06-26,0.430983193686848
2024-06-27,0.4308494281419551
2024-06-28,0.4308048794711638
2024-07-01,0.4314441192195606
2024-07-02,0.4312730926519702
2024-07-03,0.4312802994472807
2024-07-05,0.4305469974529368
2024-07-08,0.4305117455685625
2024-07-09,0.4294336680038226
2024-07-10,0.4293019689489015
2024-07-11,0.4296207024509529
2024-07-12,0.4304141403442806
2024-07-15,0.4307329499299339
2024-07-16,0.4311333186455027
2024-07-17,0.4306874991496872
2024-07-18,0.4310380164789439
2024-07-19,0.4305563722752416
2024-07-22,0.4307666800819521
2024-07-23,0.4306703858544807
2024-07-24,0.4297847617127296
2024-07-25,0.4295004922685468
2024-07-26,0.4300808442934762
2024-07-29,0.4299828518712745
2024-07-30,0.4302910314437396
2024-07-31,0.4305127016455098
2024-08-01,0.4293693454014232
2024-08-02,0.4297194562496175
2024-08-05,0.4305127016455098
2024-08-06,0.4289131922071253
2024-08-07,0.4290012746914253
2024-08-08,0.4294986651183685
2024-08-09,0.4292218241365008
2024-08-12,0.4290769141242733
2024-08-13,0.429519936185619
2024-08-14,0.4286222490918049
2024-08-15,0.4291211273479479
2024-08-16,0.4290327206212829
2024-08-19,0.4295314199432452
2024-08-20,0.4289443927195135
2024-08-21,0.4280203743887619
2024-08-22,0.4284599931035225
2024-08-23,0.4281382288432707
2024-08-26,0.4280203743887619
2024-08-27,0.427961059559885
2024-08-28,0.4301089577582129
2024-08-29,0.4311542682064345
2024-08-30,0.4307072259616059
2024-09-03,0.4309752108072445
2024-09-04,0.4311542682064345
2024-09-05,0.4315200559076273
2024-09-06,0.4312139525680179
2024-09-09,0.4305380047873371
2024-09-10,0.4310724704737824
2024-09-11,0.4314372652444898
2024-09-12,0.4310724704737824
2024-09-13,0.4300644124103298
2024-09-16,0.4306002773280159
2024-09-17,0.4308692949264595
2024-09-18,0.4307795416957941
2024-09-19,0.4298312327993643
2024-09-20,0.4300541862952936
2024-09-23,0.4304474475883476
2024-09-24,0.4317835093274254
2024-09-25,0.4317446027048432
2024-09-26,0.4318345627749791
2024-09-27,0.4321049291731547
2024-09-30,0.4319188634709845
2024-10-01,0.4312741868051101
2024-10-02,0.4329659328876893
2024-10-03,0.4324665566315787
2024-10-04,0.4318286070350762
2024-10-07,0.4320996208479645
2024-10-08,0.4325571676814752
2024-10-09,0.4312741868051101
2024-10-10,0.4301782411548195
2024-10-11,0.4305823242922754
2024-10-14,0.4310862548730959
2024-10-15,0.4311765070067432
2024-10-16,0.4307710138027655
2024-10-17,0.4304923861962662
2024-10-18,0.4295182753032424
2024-10-21,0.4284944356577424
2024-10-22,0.4295066166914006
2024-10-23,0.4293838360762606
2024-10-24,0.4299439194765599
2024-10-25,0.4306091888814153
2024-10-28,0.4294639008718258
2024-10-29,0.4286834949877143
2024-10-30,0.4289055270402378
2024-10-31,0.4290961109916512
2024-11-01,0.4298204289558007
2024-11-04,0.4303860900159907
2024-11-05,0.4300644124103298
2024-11-06,0.4312658513109605
2024-11-07,0.4318911849615928
2024-11-08,0.4322053236787748
2024-11-11,0.4314887359429933
2024-11-12,0.4314372652444898
2024-11-13,0.4317059008871194
2024-11-14,0.4326636799229236
2024-11-15,0.4317689906630898
2024-11-18,0.4309990448010777
2024-11-19,0.4310879010789981
2024-11-20,0.4310879010789981
2024-11-21,0.4307603506980735
2024-11-22,0.4303954850789812
2024-11-25,0.4297197794033859
2024-11-26,0.4297531526808928
2024-11-27,0.4305645291093962
2024-11-29,0.4307964742338275
2024-12-02,0.4311171388384014
2024-12-03,0.4316162754438195
2024-12-04,0.4318911849615928
2024-12-05,0.4304935950941798
2024-12-06,0.4303065952208876
2024-12-09,0.4306713527865744
2024-12-10,0.4297640614123897
2024-12-11,0.4293543897394104
2024-12-12,0.4298864303459751
2024-12-13,0.4289314999371511
2024-12-16,0.4301290533670248
2024-12-17,0.4296424417957306
2024-12-18,0.4299285095256069
2024-12-19,0.4308298545510852
2024-12-20,0.4310955610883646
2024-12-23,0.4320365594240388
2024-12-24,0.4318135358059393
2024-12-26,0.4310069135832269
2024-12-27,0.4304141403442806
2024-12-30,0.4301390289791921
2024-12-31,0.4300063918047555
2025-01-02,0.4297749178591422
2025-01-03,0.4305913225699589
2025-01-06,0.4302372728943912
2025-01-07,0.4300505845400959
2025-01-08,0.4301048283258855
2025-01-10,0.4297964753948974
2025-01-13,0.4301588375398538
2025-01-14,0.4291142990180229
2025-01-15,0.427656569498566
2025-01-16,0.4289002582918507
2025-01-17,0.4269072732843783
2025-01-21,0.4263655793142942
2025-01-22,0.4266020328024819
2025-01-23,0.4261481108429074
2025-01-24,0.4258877838446281
2025-01-27,0.4264034962901946
2025-01-28,0.42745476754329
2025-01-29,0.4278622758088187
2025-01-30,0.4276882052617189
2025-01-31,0.428095098962602
2025-02-03,0.4283849454386317
2025-02-04,0.4288642315600539
2025-02-05,0.4291704445767214
2025-02-06,0.4286628990873045
2025-02-07,0.4291899306243791
2025-02-10,0.4286494139861385
2025-02-11,0.4281091870499899
2025-02-12,0.4280654237684509
2025-02-13,0.4277439691746104
2025-02-14,0.4266204461666356
2025-02-18,0.4265336086758736
2025-02-19,0.4253691970077822
2025-02-20,0.4252830325374457
2025-02-21,0.4243354935869239
2025-02-24,0.4248081127975877
2025-02-25,0.4248942901883645
2025-02-26,0.4262543444177415
2025-02-27,0.4263601637993393
2025-02-28,0.4256899334493252
2025-03-03,0.4259710305222429
2025-03-04,0.4253691970077822
2025-03-05,0.4247220114568218
2025-03-06,0.4238759558797776
2025-03-07,0.424029667142283
2025-03-10,0.4237723515147945
2025-03-11,0.4244169209178559
2025-03-12,0.4255864604383546
2025-03-13,0.4254554374848993
2025-03-14,0.4253910201148468
2025-03-17,0.4258241666067984
2025-03-18,0.4258675868656583
2025-03-19,0.4259110263823369
2025-03-20,0.4257807655917101
2025-03-21,0.4249374074370726
2025-03-24,0.4230784805001241
2025-03-25,0.423807795367932
2025-03-26,0.423807795367932
2025-03-27,0.4238939582299708
2025-03-28,0.4240665133023776
2025-03-31,0.4234808311582478
2025-04-01,0.4227974613873618
2025-04-02,0.4252189395365627
2025-04-03,0.4253471675969073
2025-04-04,0.4254964497345823
2025-04-07,0.4264967206566211
2025-04-08,0.4273270321469312
2025-04-09,0.4275339642665173
2025-04-10,0.4273915959870019
2025-04-11,0.428026714159347
2025-04-14,0.4277721757696928
2025-04-15,0.4280836386628242
2025-04-16,0.4270631483059106
2025-04-17,0.4283945935052617
2025-04-21,0.4275650909706732
2025-04-22,0.4277601434792951
2025-04-23,0.4276451524820978
2025-04-24,0.4271642960932368
2025-04-25,0.4263152700194806
2025-04-28,0.4268248487440498
2025-04-29,0.4270293812858747
2025-04-30,0.426466521078469
2025-05-01,0.4258532528668713
2025-05-02,0.4261693060631775
2025-05-05,0.4266793699347796
2025-05-06,0.426466521078469
2025-05-07,0.4271401211149767
2025-05-08,0.4273961034285463
2025-05-09,0.4273107020105801
2025-05-12,0.4270975220517833
2025-05-13,0.4269698354375995
2025-05-14,0.4271660419781335
2025-05-15,0.4274815789674799
2025-05-16,0.4282825278415451
2025-05-19,0.4283393951382657
2025-05-20,0.4264538797233849
2025-05-21,0.4264296324829293
2025-05-22,0.4267971316736009
2025-05-23,0.426607180299993
2025-05-27,0.4266501938973084
2025-05-28,0.4266320303027848
2025-05-29,0.4267183107305962
2025-05-30,0.4260965060051963
2025-06-02,0.4267362776415119
2025-06-03,0.426607180299993
2025-06-04,0.4256041293305107
2025-06-05,0.4242549475298952
2025-06-06,0.4229465820554627
2025-06-09,0.4226651300389888
2025-06-10,0.4225804807322667
2025-06-11,0.4220028824802823
2025-06-12,0.4213951341136855
2025-06-13,0.4212888008348127
2025-06-16,0.4200806355445974
2025-06-17,0.4205330244734807
2025-06-18,0.4209432015968883
2025-06-20,0.4203567312882475
2025-06-23,0.4208911466151716
2025-06-24,0.4205983685431896
2025-06-25,0.419697733008961
2025-06-26,0.4201562428640343
2025-06-27,0.4191281708981845
2025-06-30,0.4181832527618827
2025-07-01,0.419496426495139
2025-07-02,0.4214144315846265
2025-07-03,0.4209444749015614
2025-07-07,0.4209128890283962
2025-07-08,0.4214982765031559
2025-07-09,0.4212469603001948
2025-07-10,0.4216481201072385
2025-07-11,0.4220581136926164
2025-07-14,0.4220581136926164
2025-07-15,0.4211848186096058
2025-07-16,0.4216059096501411
2025-07-17,0.4217325964777074
2025-07-18,0.421037709645925
2025-07-21,0.4210798865251534
2025-07-22,0.4209112898150299
2025-07-23,0.4207009586546156
2025-07-24,0.4208691867626051
2025-07-25,0.4210798865251534
2025-07-28,0.4207948497198727
2025-07-29,0.4209955512433796
2025-07-30,0.4209852295516335
2025-07-31,0.4211008208468022
2025-08-01,0.4207976324966312
2025-08-04,0.4207976324966312
2025-08-05,0.4208911466151716
2025-08-06,0.4207237356875318
2025-08-07,0.4210484126874386
2025-08-08,0.4220191321442648
2025-08-11,0.4229696131025266
2025-08-12,0.4222860585009608
2025-08-13,0.4227182583588961
2025-08-14,0.4227601055468921
2025-08-15,0.4228738870256361
2025-08-18,0.4220481256940198
2025-08-19,0.4231111821654376
2025-08-20,0.4229008446822629
2025-08-21,0.4220769825528273
2025-08-22,0.4214109658836328
2025-08-25,0.4213085153952194
2025-08-26,0.4209962981935713
2025-08-27,0.4213085153952194
2025-08-28,0.4217433995430646
2025-08-29,0.4220769825528273
2025-09-02,0.4219517538194115
2025-09-03,0.4218143978257814
2025-09-04,0.4215054425169122
2025-09-05,0.4216601836317208
2025-09-08,0.4217433995430646
2025-09-09,0.4218266872885536
2025-09-10,0.4217850344301587
2025-09-11,0.4222308184934971
2025-09-12,0.4222308184934971
2025-09-15,0.4217380387798953
2025-09-16,0.4215169773183557
2025-09-17,0.4209128890283962
2025-09-18,0.4211836544118932
2025-09-19,0.4214867329113039
2025-09-22,0.4216961089695024
2025-09-23,0.4212360805129299
2025-09-24,0.4206215253444537
2025-09-25,0.4207879107413017
2025-09-26,0.422103079165208
2025-09-29,0.4223132663492088
2025-09-30,0.4233641908561995
2025-10-01,0.4227055714312238
2025-10-02,0.4228588319116723
2025-10-03,0.4225233842755052
2025-10-06,0.4230690781413014
2025-10-07,0.4221450800465202
2025-10-08,0.422103079165208
2025-10-09,0.4221870991924848
2025-10-10,0.4229809591911923
2025-10-13,0.4231637855092883
2025-10-14,0.4234412288870094
2025-10-15,0.4238928966464849
2025-10-16,0.4233830049705903
2025-10-17,0.4236173381821754
2025-10-20,0.4241022525945969
2025-10-21,0.4243120598941059
2025-10-22,0.4244004375997007
2025-10-23,0.4241861212625714
2025-10-24,0.4243961095513865
2025-10-27,0.4238685269250965
2025-10-28,0.4235922963694382
2025-10-29,0.4240363473499068
2025-10-30,0.424629225604567
2025-10-31,0.4244612100855836
2025-11-03,0.4244802317845056
2025-11-04,0.4247554275233677
2025-11-05,0.4241203662493285
2025-11-06,0.4239281032531846
2025-11-07,0.4225233842755052
2025-11-10,0.4217258909900999
2025-11-11,0.4221318868481908
2025-11-12,0.4224117214726426
2025-11-13,0.4224117214726426
2025-11-14,0.4216840720384676
2025-11-17,0.4221318868481908
2025-11-18,0.4220062723378711
2025-11-19,0.4226215232186777
2025-11-20,0.4224536454412633
2025-11-21,0.4231637855092883
2025-11-24,0.4226490409734208
2025-11-25,0.4215470791634165
2025-11-26,0.4211005036138457
2025-11-28,0.4198423276832858
2025-12-01,0.4204642732444944
2025-12-02,0.4207462873835877
2025-12-03,0.419973976343801
2025-12-04,0.4205891474713327
2025-12-05,0.4188744211630659
2025-12-08,0.4187963572810266
2025-12-09,0.4193301623007132
2025-12-10,0.4198225637462194
2025-12-11,0.4194070926688405
2025-12-12,0.4190451093642592
2025-12-15,0.4188888405097971
2025-12-16,0.4182692092408261
2025-12-17,0.4183488041948444
2025-12-18,0.4189671443532392
2025-12-19,0.418925567650741
2025-12-22,0.4190866311053592
2025-12-23,0.4194548333490605
2025-12-24,0.4196629800747082
2025-12-26,0.4207237356875318
2025-12-29,0.4200648338163423
2025-12-30,0.4195730647813678
2025-12-31,0.4197323211525243
2026-01-02,0.4197393251808538
2026-01-05,0.4201562428640343
2026-01-06,0.4196146028221251
2026-01-07,0.4201064791164377
2026-01-08,0.4199400063345628
2026-01-09,0.4201064791164377
2026-01-12,0.4208393838150777
2026-01-13,0.4213306595517423
2026-01-14,0.4221870991924848
2026-01-15,0.4223836067802162
2026-01-16,0.4216123039865296
2026-01-20,0.4216422712084016
2026-01-21,0.4216123039865296
2026-01-22,0.4224955875871876
2026-01-23,0.4225795264628922
2026-01-26,0.4219900009296405
2026-01-27,0.4220741346413937
2026-01-28,0.4229889507308434
2026-01-29,0.4237025649127879
2026-01-30,0.4231691446689381
2026-02-02,0.4236178608176947
2026-02-03,0.423211397825966
2026-02-04,0.422931257247605
2026-02-05,0.4231637855092883
2026-02-06,0.4235839577388137
2026-02-09,0.4226490409734208
2026-02-10,0.4227055714312238
2026-02-11,0.4229581546167789
2026-02-12,0.422912552978289
2026-02-13,0.4223560954637937
2026-02-17,0.4225652517162486
2026-02-18,0.4221890955565305
2026-02-19,0.4227329028177033
2026-02-20,0.4233057699301742
2026-02-23,0.4225652517162486
2026-02-24,0.4229008446822629
2026-02-25,0.422916011660794
2026-02-26,0.4215587238612575
2026-02-27,0.4215285717671532
2026-03-02,0.4221870991924848
2026-03-03,0.4220191321442648
2026-03-04,0.4216840720384676
2026-03-05,0.4215704287878971
2026-03-06,0.4216422712084016
2026-03-09,0.4207558992999066
2026-03-10,0.4203567312882475
2026-03-11,0.419496426495139
2026-03-12,0.419697733008961
2026-03-13,0.4198642101655831
2026-03-16,0.4197809354222935
2026-03-17,0.4198225637462194
2026-03-18,0.4202062878392295
2026-03-19,0.4207105483697194
2026-03-20,0.4205148812284494
2026-03-23,0.4199551476730338
2026-03-24,0.4202482085372733
2026-03-25,0.4196213145045747
2026-03-26,0.419579667059926
2026-03-27,0.4203321049121964
2026-03-30,0.4217258909900999
2026-03-31,0.4215285717671532
2026-04-01,0.419538037727773
2026-04-02,0.4196629800747082
2026-04-06,0.4211008208468022
2026-04-07,0.4204731647665498
2026-04-08,0.4207976324966312
2026-04-09,0.4212051379348819
2026-04-10,0.42060763755317
2026-04-13,0.4213530342632494
2026-04-14,0.4211008208468022
2026-04-15,0.4216361193161052
2026-04-16,0.4204821024831232
2026-04-17,0.4199892581260115
2026-04-20,0.4206495190542407
2026-04-21,0.4216481201072385
2026-04-22,0.4215637176607063
2026-04-23,0.4210904877242195
2026-04-24,0.4230894899302993
2026-04-27,0.4224536454412633
2026-04-28,0.4226082980931638
2026-04-29,0.4226781104722266
2026-04-30,0.4220741346413937
2026-05-01,0.4224959054001255
2026-05-04,0.4226781104722266
2026-05-05,0.4230737436814568
2026-05-06,0.4225239114606263
2026-05-07,0.4223269762341831
2026-05-08,0.4227498534269074
2026-05-11,0.4232274333637456
2026-05-12,0.4225381838260286
2026-05-13,0.4227074824661269
2026-05-14,0.4216541973760581
2026-05-15,0.4220741346413937
2026-05-18,0.4221162289929351
2026-05-19,0.4230846935410098
2026-05-20,0.4227202556779718
2026-05-21,0.423031337935059
2026-05-22,0.4234820203505132
2026-05-26,0.4229735127620415
2026-05-27,0.4233805947160665
2026-05-28,0.4232010723074165
2026-05-29,0.423031337935059
2026-06-01,0.4224536454412633
2026-06-02,0.4219900009296405
2026-06-03,0.4223269762341831
2026-06-04,0.420954584571674
2026-06-05,0.4207462873835877
2026-06-08,0.4214144315846265
2026-06-09,0.4213418178636553
2026-06-10,0.4211526744456291
2026-06-11,0.4212360805129299
2026-06-12,0.4214867329113039
2026-06-15,0.4216422712084016
2026-06-16,0.4211633337258809
2026-06-17,0.4215470791634165
2026-06-18,0.4208712115508335
2026-06-22,0.4222996272872735
2026-06-23,0.422425623890646
2026-06-24,0.421863937643288
2026-06-25,0.4211321515432755
2026-06-26,0.4209647466304846
2026-06-29,0.4210902730089761
2026-06-30,0.4206724872198187
2026-07-01,0.4214982765031559
2026-07-02,0.4221450800465202
2026-07-06,0.4210272758724049
2026-07-07,0.4212799402251201
2026-07-08,0.4212998480694295
2026-07-09,0.4219607310669469
2026-07-10,0.4223269762341831
2026-07-13,0.4225804807322667
2026-07-14,0.4239996118829186
2026-07-15,0.4240603453480603
2026-07-16,0.4241937587830457
2026-07-17,0.4236946872975251
2026-07-20,0.4234229400702691
2026-07-21,0.4216961089695024
2026-07-22,0.422242622188208
2026-07-23,0.4227350161448537
2026-07-24,0.4220872405364007
2026-07-27,0.4220872405364007
2026-07-28,0.4215519414671767
2026-07-29,0.4211848186096058
2026-07-30,0.4214793890316162
2026-07-31,0.4217625239989955
2026-08-03,0.4213221154791203
2026-08-04,0.4222139158930021
2026-08-05,0.4222561779376227
2026-08-06,0.4220581136926164
2026-08-07,0.4219735671124558
2026-08-10,0.4224110815528619
2026-08-11,0.4228497935704709
2026-08-12,0.4214294753025542
2026-08-13,0.4215874551275885
2026-08-14,0.4209316444272595
2026-08-17,0.4204004468359231
2026-08-18,0.4202735648236872
2026-08-19,0.4207298790022892
2026-08-20,0.4201468503478187
2026-08-21,0.4198097613794975
2026-08-24,0.4196906232020848
2026-08-25,0.4191501889146824
2026-08-26,0.4187356712232199
2026-08-27,0.418192298922121
2026-08-28,0.4187356712232199
2026-08-31,0.4186937632478822
2026-09-01,0.4186058707386308
2026-09-02,0.4184009218672929
2026-09-03,0.418278960869426
2026-09-04,0.4184009218672929
2026-09-08,0.4191921883136928
2026-09-09,0.419613199944866
2026-09-10,0.4196485138064784
2026-09-11,0.4197398654577609
2026-09-14,0.4204004468359231
2026-09-15,0.4204004468359231
2026-09-16,0.4197256740788897
2026-09-17,0.41894046838758187
2026-09-18,0.41906091992058586
